TOURNEY_ID,TOURNEY_NAME,TOURNEY_LEVEL,TOURNEY_DRAW_SIZE,TOURNEY_SURFACE,TOURNEY_IS_INDOOR,TOURNEY_START_DATE,REF_YEAR
1968-T101,Bombay,A,,Clay,,1967-01-28,1967
1968-T102,Calcutta,A,,,,1967-01-28,1967
1968-9296,WCT World Cup,A,8.0,Carpet,True,1968-01-01,1968
1968-9307,Bakersfield WCT,A,8.0,Carpet,True,1968-01-01,1968
1968-243,Perth,A,,,,1968-01-01,1968
1968-426,Johannesburg 1,A,64.0,Hard,,1968-01-01,1968
1968-6817,San Juan,A,32.0,Hard,,1968-01-01,1968
1968-9319,Cannes WCT,A,8.0,Hard,,1968-01-01,1968
1968-9346,Cape Town,A,,,,1968-01-01,1968
1968-T137,Montana Vermala,A,,,,1968-01-01,1968
1968-T142,Quebec City,A,,,,1968-01-01,1968
1968-T143,Bucharest,A,,,,1968-01-01,1968
1968-T150,Madrid Real,A,,,,1968-01-01,1968
1968-802,Richmond,A,8.0,Hard,,1968-01-02,1968
1968-9313,Wembley NTL 2,A,8.0,Hard,,1968-01-02,1968
1968-9321,Johannesburg WCT,A,16.0,Hard,,1968-01-02,1968
1968-9336,La Jolla,A,32.0,Hard,,1968-01-02,1968
1968-D022,Davis Cup,D,4.0,Clay,,1968-01-02,1968
1968-D028,Davis Cup,D,4.0,Clay,,1968-01-02,1968
1968-T103,Port Elizabeth,A,,,,1968-01-02,1968
1968-T110,Long Island Indoors,A,,Carpet,True,1968-01-02,1968
1968-T168,Narberth,A,,Hard,,1968-01-02,1968
1968-583,Manchester,A,,,,1968-01-03,1968
1968-D003,Davis Cup,D,4.0,,,1968-01-03,1968
1968-D004,Davis Cup,D,4.0,,,1968-01-03,1968
1968-D006,Davis Cup,D,4.0,Clay,,1968-01-03,1968
1968-D008,Davis Cup,D,4.0,,,1968-01-03,1968
1968-D010,Davis Cup,D,4.0,Hard,,1968-01-03,1968
1968-D018,Davis Cup,D,4.0,Clay,,1968-01-03,1968
1968-D021,Davis Cup,D,4.0,Clay,,1968-01-03,1968
1968-D025,Davis Cup,D,4.0,,,1968-01-03,1968
1968-D027,Davis Cup,D,4.0,,,1968-01-03,1968
1968-D034,Davis Cup,D,4.0,,,1968-01-03,1968
1968-D041,Davis Cup,D,4.0,Clay,,1968-01-03,1968
1968-D045,Davis Cup,D,4.0,,,1968-01-03,1968
1968-9314,Minneapolis WCT,A,8.0,Carpet,True,1968-01-04,1968
1968-3940,Barranquilla,A,32.0,Clay,,1968-01-04,1968
1968-6816,Corpus Christi NTL,A,8.0,Hard,,1968-01-04,1968
1968-D023,Davis Cup,D,4.0,,,1968-01-04,1968
1968-9308,Fresno WCT,A,8.0,Carpet,True,1968-01-05,1968
1968-9288,Southampton,A,64.0,Grass,,1968-01-05,1968
1968-D048,Davis Cup,D,4.0,Hard,,1968-01-05,1968
1968-416,Rome,M,128.0,Clay,,1968-01-06,1968
1968-9322,Durban WCT,A,16.0,Hard,,1968-01-06,1968
1968-T114,Los Angeles SoCal Chps,A,,,,1968-01-06,1968
1968-T131,Helsinki,A,,,,1968-01-06,1968
1968-9331,Nashville,A,6.0,Carpet,True,1968-01-07,1968
1968-D014,Davis Cup,D,4.0,Carpet,True,1968-01-07,1968
1968-422,Cincinnati,M,16.0,Clay,,1968-01-07,1968
1968-425,Barcelona,A,64.0,Clay,,1968-01-07,1968
1968-9317,Paris 2,A,32.0,Clay,,1968-01-07,1968
1968-9330,Vienna WCT,A,4.0,Hard,,1968-01-07,1968
1968-401,Philadelphia WCT,A,16.0,Carpet,True,1968-01-08,1968
1968-2029,Dublin,A,32.0,Grass,,1968-01-08,1968
1968-316,Bastad 1,A,32.0,Clay,,1968-01-08,1968
1968-661,Dusseldorf,A,64.0,Clay,,1968-01-08,1968
1968-6818,St. Petersburg,A,32.0,Clay,,1968-01-08,1968
1968-9297,Shreveport WCT,A,8.0,Hard,,1968-01-08,1968
1968-9333,Tampa,A,16.0,Clay,,1968-01-08,1968
1968-9335,Indianapolis,A,64.0,Clay,,1968-01-08,1968
1968-9338,Catania,A,32.0,Clay,,1968-01-08,1968
1968-9343,Bloemfontein,A,64.0,Hard,,1968-01-08,1968
1968-T104,San Juan,A,,,,1968-01-08,1968
1968-T144,Mamaia,A,,,,1968-01-08,1968
1968-T160,Kings Cup SF,A,,Carpet,True,1968-01-08,1968
1968-T161,Kings Cup Final,A,,Carpet,True,1968-01-08,1968
1968-681,Miami WCT,A,8.0,Carpet,True,1968-01-09,1968
1968-9287,Binghamton NTL,A,4.0,Hard,,1968-01-09,1968
1968-9323,East London WCT,A,16.0,Hard,,1968-01-09,1968
1968-9341,Brisbane,A,64.0,Grass,,1968-01-09,1968
1968-D033,Davis Cup,D,4.0,Hard,,1968-01-09,1968
1968-9315,Buffalo WCT,A,8.0,Carpet,True,1968-01-10,1968
1968-313,Bristol,A,,,,1968-01-10,1968
1968-7310,Beckenham,A,64.0,Grass,,1968-01-10,1968
1968-9309,Hollywood NTL,A,16.0,Clay,,1968-01-10,1968
1968-9324,Port Elizabeth WCT,A,16.0,Hard,,1968-01-10,1968
1968-9334,Lugano,A,64.0,Clay,,1968-01-10,1968
1968-D040,Davis Cup,D,4.0,,,1968-01-10,1968
1968-T107,Pittsburgh Indoors,A,,Carpet,True,1968-01-10,1968
1968-T132,Saltsjoebaden,A,,,,1968-01-10,1968
1968-T134,King's Cup 2R,A,,Carpet,True,1968-01-10,1968
1968-303,Buenos Aires,A,16.0,Clay,,1968-01-11,1968
1968-344,Caracas,A,64.0,Hard,,1968-01-11,1968
1968-9325,Cape Town WCT,A,16.0,Hard,,1968-01-11,1968
1968-9332,London 2,A,32.0,Hard,,1968-01-11,1968
1968-D009,Davis Cup,D,4.0,Clay,,1968-01-11,1968
1968-D015,Davis Cup,D,4.0,Hard,,1968-01-11,1968
1968-T111,Phoenix,A,,,,1968-01-11,1968
1968-T125,Barcelona Nationals,A,,Clay,,1968-01-11,1968
1968-T139,Senigallia,A,,,,1968-01-11,1968
1968-355,Salisbury,A,64.0,Hard,,1968-01-12,1968
1968-417,Boston 1,A,16.0,Grass,,1968-01-12,1968
1968-421,Toronto,M,64.0,Clay,,1968-01-12,1968
1968-9291,Newport WCT,A,8.0,Grass,,1968-01-12,1968
1968-T119,Viareggio,A,,Clay,,1968-01-12,1968
1968-9298,Houston WCT,A,8.0,Carpet,True,1968-01-13,1968
1968-414,Hamburg,A,64.0,Clay,,1968-01-13,1968
1968-D038,Davis Cup,D,4.0,Clay,,1968-01-13,1968
1968-T145,Las Vegas,A,,,,1968-01-13,1968
1968-260,Durban 1,A,64.0,Hard,,1968-01-14,1968
1968-423,Los Angeles,A,64.0,Hard,,1968-01-14,1968
1968-D016,Davis Cup,D,4.0,Clay,,1968-01-14,1968
1968-D026,Davis Cup,D,4.0,Clay,,1968-01-14,1968
1968-9282,New York NTL,A,8.0,Carpet,True,1968-01-15,1968
1968-325,Palermo,A,32.0,Clay,,1968-01-15,1968
1968-405,Houston 2,A,32.0,Clay,,1968-01-15,1968
1968-410,Monte Carlo,A,64.0,Clay,,1968-01-15,1968
1968-430,Wembley 3,A,16.0,Hard,,1968-01-15,1968
1968-436,Charlotte,A,16.0,Clay,,1968-01-15,1968
1968-653,Fort Worth NTL,A,8.0,Hard,,1968-01-15,1968
1968-717,Milwaukee,A,64.0,Clay,,1968-01-15,1968
1968-T113,Madrid,A,,Clay,,1968-01-15,1968
1968-T166,Cannes Chps,A,,,,1968-01-15,1968
1968-9299,New Orleans WCT,A,8.0,Carpet,True,1968-01-16,1968
1968-9310,Paris NTL,A,8.0,Hard,,1968-01-16,1968
1968-9326,Kimberley WCT,A,16.0,Clay,,1968-01-16,1968
1968-D020,Davis Cup,D,4.0,Hard,,1968-01-16,1968
1968-T146,Belgrade,A,,Clay,,1968-01-16,1968
1968-6811,Los Angeles NTL,A,16.0,Carpet,True,1968-01-17,1968
1968-311,London,A,64.0,Grass,,1968-01-17,1968
1968-3943,Boston 2,A,128.0,Grass,,1968-01-17,1968
1968-9311,Wembley NTL 1,A,4.0,Hard,,1968-01-17,1968
1968-D007,Davis Cup,D,4.0,,,1968-01-17,1968
1968-9277,Curacao,A,32.0,Hard,,1968-01-18,1968
1968-9302,Sao Paulo NTL 1,A,4.0,Clay,,1968-01-18,1968
1968-9348,Mexico City,A,,,,1968-01-18,1968
1968-T112,Cannes,A,,,,1968-01-18,1968
1968-T140,Scheveningen,A,,Clay,,1968-01-18,1968
1968-580,Australian Chps.,G,64.0,Grass,,1968-01-19,1968
1968-D017,Davis Cup,D,4.0,Clay,,1968-01-19,1968
1968-D024,Davis Cup,D,4.0,,,1968-01-19,1968
1968-T120,Ortisei,A,,Clay,,1968-01-19,1968
1968-9295,Sydney WCT,A,8.0,Carpet,True,1968-01-20,1968
1968-9300,Orlando WCT,A,8.0,Carpet,True,1968-01-20,1968
1968-9312,Evansville WCT,A,8.0,Carpet,True,1968-01-20,1968
1968-2066,Macon,A,32.0,Hard,,1968-01-20,1968
1968-319,Kitzbuehel,A,32.0,Clay,,1968-01-20,1968
1968-D042,Davis Cup,D,4.0,Clay,,1968-01-20,1968
1968-2016,London 3,A,8.0,Hard,,1968-01-21,1968
1968-314,Gstaad,A,32.0,Clay,,1968-01-21,1968
1968-9327,Sao Paulo NTL 2,A,4.0,Clay,,1968-01-21,1968
1968-D031,Davis Cup,D,4.0,,,1968-01-21,1968
1968-T130,Woodside,A,,,,1968-01-21,1968
1968-9303,San Diego WCT,A,8.0,Carpet,True,1968-01-22,1968
1968-2030,Haverford,A,64.0,Grass,,1968-01-22,1968
1968-317,Hilversum,A,64.0,Clay,,1968-01-22,1968
1968-347,Bournemouth,A,32.0,Clay,,1968-01-22,1968
1968-424,Berkeley,A,128.0,Hard,,1968-01-22,1968
1968-9339,Naples,A,64.0,Clay,,1968-01-22,1968
1968-T105,Bremen Indoors,A,,Carpet,True,1968-01-22,1968
1968-T115,Oakland,A,,,,1968-01-22,1968
1968-T133,San Antonio Collegiate,A,,,,1968-01-22,1968
1968-T167,Hanau,A,,,,1968-01-22,1968
1968-7308,Adelaide,A,64.0,Grass,,1968-01-23,1968
1968-9304,Buenos Aires NTL,A,4.0,Clay,,1968-01-23,1968
1968-D037,Davis Cup,D,4.0,Clay,,1968-01-23,1968
1968-D039,Davis Cup,D,4.0,,,1968-01-23,1968
1968-540,Wimbledon,G,128.0,Grass,,1968-01-24,1968
1968-D005,Davis Cup,D,4.0,Clay,,1968-01-24,1968
1968-D011,Davis Cup,D,4.0,Clay,,1968-01-24,1968
1968-D019,Davis Cup,D,4.0,Clay,,1968-01-24,1968
1968-D035,Davis Cup,D,4.0,,,1968-01-24,1968
1968-D043,Davis Cup,D,4.0,Hard,,1968-01-24,1968
1968-D044,Davis Cup,D,4.0,Clay,,1968-01-24,1968
1968-D047,Davis Cup,D,4.0,,,1968-01-24,1968
1968-2058,New York 1,A,32.0,Carpet,True,1968-01-25,1968
1968-9337,Parioli,A,64.0,Clay,,1968-01-25,1968
1968-T116,La Coruna,A,,Clay,,1968-01-25,1968
1968-9204,Kingston,A,32.0,Hard,,1968-01-26,1968
1968-9318,Bastad WCT,A,4.0,Clay,,1968-01-26,1968
1968-9320,Pretoria WCT,A,16.0,Clay,,1968-01-26,1968
1968-D002,Davis Cup,D,4.0,Grass,,1968-01-26,1968
1968-D029,Davis Cup,D,4.0,,,1968-01-26,1968
1968-D032,Davis Cup,D,4.0,,,1968-01-26,1968
1968-D036,Davis Cup,D,4.0,,,1968-01-26,1968
1968-T108,Concord Indoors,A,,Carpet,True,1968-01-26,1968
1968-9278,New Orleans 2,A,16.0,Carpet,True,1968-01-27,1968
1968-9301,Tulsa WCT,A,8.0,Carpet,True,1968-01-27,1968
1968-520,Roland Garros,G,128.0,Clay,,1968-01-27,1968
1968-6832,Midland NTL,A,8.0,Hard,,1968-01-27,1968
1968-9305,Bogota NTL,A,4.0,Clay,,1968-01-27,1968
1968-9328,La Paz NTL,A,4.0,Clay,,1968-01-27,1968
1968-D001,Davis Cup,D,4.0,,,1968-01-27,1968
1968-9206,New York 3,A,8.0,Carpet,True,1968-01-28,1968
1968-9306,Los Altos Hills WCT,A,8.0,Carpet,True,1968-01-28,1968
1968-D013,Davis Cup,D,4.0,Clay,,1968-01-28,1968
1968-T109,Munich Indoors,A,,Carpet,True,1968-01-28,1968
1968-T121,Aberavon,A,,Carpet,True,1968-01-28,1968
1968-560,US Open,G,96.0,Grass,,1968-01-29,1968
1968-654,Sacramento,A,64.0,Hard,,1968-01-29,1968
1968-707,South Orange,A,64.0,Grass,,1968-01-29,1968
1968-9240,Berlin,A,32.0,Clay,,1968-01-29,1968
1968-9347,Reggio Calabria,A,64.0,Clay,,1968-01-29,1968
1968-D012,Davis Cup,D,4.0,,,1968-01-29,1968
1968-713,Hobart,A,8.0,Grass,,1968-01-30,1968
1969-243,Perth,A,32.0,Grass,,1968-01-30,1968
1969-713,Hobart,A,32.0,Grass,,1968-01-30,1968
1968-9316,Baltimore WCT,A,8.0,Carpet,True,1968-01-31,1968
1968-301,Auckland,A,32.0,Grass,,1968-01-31,1968
1968-308,Munich,A,64.0,Clay,,1968-01-31,1968
1968-9329,Lima NTL,A,4.0,Clay,,1968-01-31,1968
1969-9281,Japanese Championships,A,10.0,Carpet,True,1969-01-01,1969
1968-T162,Valencia,A,,,,1969-01-01,1969
1969-9341,Brisbane,A,64.0,Grass,,1969-01-01,1969
1969-9830,Pittsburgh,A,8.0,Clay,,1969-01-01,1969
1969-D035,Davis Cup,D,4.0,,,1969-01-01,1969
1969-D036,Davis Cup,D,4.0,Clay,,1969-01-01,1969
1969-2047,Jacksonville,A,32.0,Clay,,1969-01-02,1969
1969-D001,Davis Cup,D,4.0,,,1969-01-02,1969
1969-6811,Los Angeles 1,A,16.0,Carpet,True,1969-01-03,1969
1969-317,Hilversum,A,32.0,Hard,,1969-01-03,1969
1969-3939,Caracas,A,8.0,Clay,,1969-01-03,1969
1969-6832,Midland,A,4.0,Hard,,1969-01-03,1969
1969-6833,Tucson,A,8.0,Hard,,1969-01-03,1969
1969-D013,Davis Cup,D,4.0,,,1969-01-03,1969
1969-D015,Davis Cup,D,4.0,,,1969-01-03,1969
1969-421,Toronto,M,64.0,Clay,,1969-01-04,1969
1969-426,Johannesburg,A,128.0,Hard,,1969-01-04,1969
1969-652,St. Louis,A,4.0,Hard,,1969-01-04,1969
1969-9288,Southampton,A,64.0,Grass,,1969-01-04,1969
1969-D021,Davis Cup,D,4.0,Clay,,1969-01-04,1969
1969-D046,Davis Cup,D,4.0,,,1969-01-04,1969
1969-401,Philadelphia WCT,A,32.0,Carpet,True,1969-01-05,1969
1969-3936,Melbourne,A,8.0,Grass,,1969-01-06,1969
1969-413,Las Vegas,A,32.0,Hard,,1969-01-06,1969
1969-7302,Paris,A,32.0,Carpet,True,1969-01-07,1969
1969-2029,Dublin,A,32.0,Grass,,1969-01-07,1969
1969-3944,Bastad,A,8.0,Clay,,1969-01-07,1969
1969-418,Washington,A,64.0,Clay,,1969-01-07,1969
1969-436,Charlotte,A,32.0,Clay,,1969-01-07,1969
1969-9294,Barcelona 2,A,4.0,Clay,,1969-01-07,1969
1969-818,Chicago,A,16.0,Carpet,True,1969-01-08,1969
1969-9287,Binghamton,A,4.0,Hard,,1969-01-08,1969
1969-9831,Buffalo,A,8.0,Hard,,1969-01-08,1969
1969-3943,Boston,A,8.0,Carpet,True,1969-01-09,1969
1969-3942,Bristol,A,8.0,Grass,,1969-01-09,1969
1969-7310,Beckenham,A,64.0,Grass,,1969-01-09,1969
1969-D004,Davis Cup,D,4.0,Clay,,1969-01-09,1969
1969-D005,Davis Cup,D,4.0,Clay,,1969-01-09,1969
1969-D010,Davis Cup,D,4.0,,,1969-01-09,1969
1969-D011,Davis Cup,D,4.0,Clay,,1969-01-09,1969
1969-D016,Davis Cup,D,4.0,Clay,,1969-01-09,1969
1969-D018,Davis Cup,D,4.0,Clay,,1969-01-09,1969
1969-D022,Davis Cup,D,4.0,Clay,,1969-01-09,1969
1969-D028,Davis Cup,D,4.0,Clay,,1969-01-09,1969
1969-D029,Davis Cup,D,4.0,,,1969-01-09,1969
1969-D031,Davis Cup,D,4.0,,,1969-01-09,1969
1969-D032,Davis Cup,D,4.0,,,1969-01-09,1969
1969-D039,Davis Cup,D,4.0,,,1969-01-09,1969
1969-D040,Davis Cup,D,4.0,Clay,,1969-01-09,1969
1969-355,Salisbury,A,64.0,Hard,,1969-01-10,1969
1969-3940,Barranquilla,A,8.0,Clay,,1969-01-10,1969
1969-D023,Davis Cup,D,4.0,,,1969-01-10,1969
1969-D034,Davis Cup,D,4.0,,,1969-01-10,1969
1969-2030,Haverford,A,64.0,Grass,,1969-01-11,1969
1969-303,Buenos Aires,A,32.0,Clay,,1969-01-11,1969
1969-319,Kitzbuhel,A,64.0,Clay,,1969-01-11,1969
1969-414,Hamburg,A,64.0,Clay,,1969-01-11,1969
1969-406,Brussels,A,32.0,Clay,,1969-01-12,1969
1969-412,Atlanta,A,8.0,Hard,,1969-01-12,1969
1969-425,Barcelona,A,64.0,Clay,,1969-01-12,1969
1969-D024,Davis Cup,D,4.0,Grass,,1969-01-12,1969
1969-2016,London-4,A,8.0,Carpet,True,1969-01-13,1969
1969-338,Sydney,A,32.0,Grass,,1969-01-13,1969
1969-653,Fort Worth,A,16.0,Hard,,1969-01-13,1969
1969-681,Hollywood,A,16.0,Clay,,1969-01-13,1969
1969-9330,Vienna,A,8.0,Hard,,1969-01-13,1969
1969-D019,Davis Cup,D,4.0,Clay,,1969-01-13,1969
1969-D043,Davis Cup,D,4.0,,,1969-01-13,1969
1969-260,Durban,A,64.0,Hard,,1969-01-14,1969
1969-342,Aix-en-Provence,A,64.0,Clay,,1969-01-14,1969
1969-405,Houston,A,32.0,Clay,,1969-01-14,1969
1969-422,Cincinnati,M,96.0,Clay,,1969-01-14,1969
1969-D006,Davis Cup,D,4.0,,,1969-01-14,1969
1969-D026,Davis Cup,D,4.0,Grass,,1969-01-14,1969
1969-9282,New York 2,A,8.0,Carpet,True,1969-01-15,1969
1969-410,Monte Carlo,A,64.0,Clay,,1969-01-15,1969
1969-311,London / Queen's Club,A,128.0,Grass,,1969-01-16,1969
1969-417,Boston,A,128.0,Grass,,1969-01-16,1969
1969-D007,Davis Cup,D,4.0,,,1969-01-16,1969
1969-D014,Davis Cup,D,4.0,Clay,,1969-01-16,1969
1969-2066,Macon,A,64.0,Carpet,True,1969-01-17,1969
1969-430,Wembley,A,32.0,Carpet,True,1969-01-17,1969
1969-389,Denver,A,6.0,Hard,,1969-01-17,1969
1969-6818,St. Petersburg,A,64.0,Clay,,1969-01-17,1969
1969-D027,Davis Cup,D,4.0,Grass,,1969-01-17,1969
1969-332,Cologne,A,8.0,Hard,,1969-01-18,1969
1969-9285,Milwaukee,A,8.0,Clay,,1969-01-18,1969
1969-D044,Davis Cup,D,4.0,,,1969-01-18,1969
1969-D049,Davis Cup,D,4.0,Clay,,1969-01-18,1969
1969-9240,Berlin,A,64.0,Clay,,1969-01-19,1969
1969-D009,Davis Cup,D,4.0,Clay,,1969-01-19,1969
1969-D050,Davis Cup,D,4.0,Hard,,1969-01-19,1969
1969-423,Los Angeles,A,64.0,Hard,,1969-01-20,1969
1969-580,Australian Open,G,64.0,Grass,,1969-01-20,1969
1969-9291,Newport,A,8.0,Grass,,1969-01-20,1969
1969-388,Dallas,A,32.0,Carpet,True,1969-01-21,1969
1969-308,Munich,A,64.0,Clay,,1969-01-21,1969
1969-416,Rome,M,128.0,Clay,,1969-01-21,1969
1969-717,Indianapolis,A,64.0,Clay,,1969-01-21,1969
1969-9284,London 2,A,4.0,Hard,,1969-01-21,1969
1969-9293,Baltimore,A,6.0,Grass,,1969-01-21,1969
1969-9283,Amsterdam,A,8.0,Clay,,1969-01-22,1969
1969-D025,Davis Cup,D,4.0,Grass,,1969-01-22,1969
1969-D041,Davis Cup,D,4.0,Clay,,1969-01-22,1969
1969-9280,Oakland,A,16.0,Carpet,True,1969-01-23,1969
1969-540,Wimbledon,G,128.0,Grass,,1969-01-23,1969
1969-D002,Davis Cup,D,4.0,Clay,,1969-01-23,1969
1969-D003,Davis Cup,D,4.0,Clay,,1969-01-23,1969
1969-D012,Davis Cup,D,4.0,Clay,,1969-01-23,1969
1969-D020,Davis Cup,D,4.0,Clay,,1969-01-23,1969
1969-D047,Davis Cup,D,4.0,Clay,,1969-01-23,1969
1969-2058,New York,A,32.0,Carpet,True,1969-01-24,1969
1969-429,Stockholm Open,A,32.0,Hard,,1969-01-24,1969
1969-9204,Kingston,A,32.0,Hard,,1969-01-24,1969
1969-9277,Curacao,A,16.0,Hard,,1969-01-24,1969
1969-D030,Davis Cup,D,4.0,Clay,,1969-01-24,1969
1969-D038,Davis Cup,D,4.0,,,1969-01-24,1969
1969-9292,Anaheim,A,8.0,Carpet,True,1969-01-25,1969
1969-D037,Davis Cup,D,4.0,Clay,,1969-01-25,1969
1969-9278,New Orleans,A,8.0,Carpet,True,1969-01-26,1969
1969-2036,Omaha,A,16.0,Hard,,1969-01-26,1969
1969-654,Sacramento,A,16.0,Hard,,1969-01-26,1969
1969-314,Gstaad,A,32.0,Clay,,1969-01-27,1969
1969-560,US Open,G,128.0,Grass,,1969-01-27,1969
1969-3938,Bournemouth,A,8.0,Clay,,1969-01-28,1969
1969-520,Roland Garros,G,128.0,Clay,,1969-01-28,1969
1969-707,South Orange,A,64.0,Grass,,1969-01-28,1969
1969-D017,Davis Cup,D,4.0,,,1969-01-28,1969
1969-D033,Davis Cup,D,4.0,,,1969-01-28,1969
1969-301,Auckland,A,32.0,Grass,,1969-01-29,1969
1969-424,Berkeley,A,64.0,Hard,,1969-01-29,1969
1969-9286,Portschach,A,8.0,Clay,,1969-01-30,1969
1969-802,Richmond,A,8.0,Carpet,True,1969-01-31,1969
1969-6817,San Juan,A,64.0,Hard,,1969-01-31,1969
1969-D008,Davis Cup,D,4.0,Grass,,1969-01-31,1969
1970-429,Stockholm Open,A,32.0,Hard,,1970-01-01,1970
1970-520,Roland Garros,G,128.0,Clay,,1970-01-01,1970
1970-707,South Orange,A,64.0,Hard,,1970-01-01,1970
1970-8025,Manchester,A,8.0,Grass,,1970-01-01,1970
1970-9238,Kansas City,A,8.0,Hard,,1970-01-01,1970
1970-D030,Davis Cup,D,4.0,,,1970-01-01,1970
1970-D041,Davis Cup,D,4.0,,,1970-01-01,1970
1970-D047,Davis Cup,D,4.0,Clay,,1970-01-01,1970
1970-401,Philadelphia WCT,A,64.0,Carpet,True,1970-01-02,1970
1970-657,Hampton,A,32.0,Carpet,True,1970-01-02,1970
1970-317,Hilversum,A,64.0,Hard,,1970-01-02,1970
1970-560,US Open,G,128.0,Grass,,1970-01-02,1970
1970-663,Louisville,A,16.0,Hard,,1970-01-02,1970
1970-D014,Davis Cup,D,4.0,,,1970-01-02,1970
1970-652,St. Louis WCT,A,32.0,Carpet,True,1970-01-03,1970
1970-308,Munich,A,32.0,Clay,,1970-01-03,1970
1970-425,Barcelona,A,64.0,Clay,,1970-01-03,1970
1970-D002,Davis Cup,D,4.0,,,1970-01-03,1970
1970-D005,Davis Cup,D,4.0,,,1970-01-03,1970
1970-6812,Wembley,A,16.0,Carpet,True,1970-01-04,1970
1970-9290,Australian Round Robin,A,5.0,Grass,,1970-01-04,1970
1970-D020,Davis Cup,D,4.0,Clay,,1970-01-04,1970
1970-2050,Newport,A,64.0,Grass,,1970-01-05,1970
1970-D012,Davis Cup,D,4.0,,,1970-01-05,1970
1970-2029,Dublin,A,32.0,Grass,,1970-01-06,1970
1970-260,Durban,A,64.0,Hard,,1970-01-06,1970
1970-412,Atlanta,A,16.0,Hard,,1970-01-06,1970
1970-661,Dusseldorf,A,32.0,Clay,,1970-01-06,1970
1970-6818,St. Petersburg,A,64.0,Clay,,1970-01-06,1970
1970-9204,Kingston,A,32.0,Hard,,1970-01-06,1970
1970-D018,Davis Cup,D,4.0,Clay,,1970-01-06,1970
1970-2063,Casablanca WCT,A,16.0,,,1970-01-07,1970
1970-389,Denver,A,8.0,Hard,,1970-01-07,1970
1970-654,Sacramento,A,16.0,Hard,,1970-01-07,1970
1970-D007,Davis Cup,D,4.0,Clay,,1970-01-07,1970
1970-D040,Davis Cup,D,4.0,,,1970-01-07,1970
1970-D043,Davis Cup,D,4.0,Clay,,1970-01-07,1970
1970-D049,Davis Cup,D,4.0,,,1970-01-07,1970
1970-303,Buenos Aires,A,32.0,Clay,,1970-01-08,1970
1970-313,Bristol,A,32.0,Grass,,1970-01-08,1970
1970-350,Nottingham,A,64.0,Grass,,1970-01-08,1970
1970-6832,Midland,A,8.0,Hard,,1970-01-08,1970
1970-7310,Beckenham,A,64.0,Grass,,1970-01-08,1970
1970-D017,Davis Cup,D,4.0,,,1970-01-08,1970
1970-D022,Davis Cup,D,4.0,Clay,,1970-01-08,1970
1970-D024,Davis Cup,D,4.0,Clay,,1970-01-08,1970
1970-D027,Davis Cup,D,4.0,Clay,,1970-01-08,1970
1970-D029,Davis Cup,D,4.0,,,1970-01-08,1970
1970-D033,Davis Cup,D,4.0,,,1970-01-08,1970
1970-D036,Davis Cup,D,4.0,,,1970-01-08,1970
1970-D046,Davis Cup,D,4.0,Clay,,1970-01-08,1970
1970-2058,New York,A,8.0,Carpet,True,1970-01-09,1970
1970-352,Paris Indoor,A,32.0,Carpet,True,1970-01-09,1970
1970-605,Masters,M,6.0,Carpet,True,1970-01-09,1970
1970-319,Kitzbuehel,A,64.0,Clay,,1970-01-09,1970
1970-344,Caracas,A,32.0,Hard,,1970-01-09,1970
1970-417,Boston,A,32.0,Hard,,1970-01-09,1970
1970-9205,Cambridge,A,5.0,Clay,,1970-01-09,1970
1970-9341,Brisbane,A,64.0,Grass,,1970-01-09,1970
1970-3936,Melbourne,A,64.0,Grass,,1970-01-10,1970
1970-D044,Davis Cup,D,4.0,,,1970-01-10,1970
1970-316,Bastad,A,32.0,Clay,,1970-01-11,1970
1970-9240,Berlin,A,64.0,Clay,,1970-01-11,1970
1970-D021,Davis Cup,D,4.0,,,1970-01-11,1970
1970-D051,Davis Cup,D,4.0,Clay,,1970-01-11,1970
1970-2016,London 3,A,8.0,Carpet,True,1970-01-12,1970
1970-406,Brussels,A,32.0,Clay,,1970-01-12,1970
1970-421,Montreal / Toronto,M,32.0,Clay,,1970-01-12,1970
1970-681,Miami,A,8.0,Clay,,1970-01-12,1970
1970-D009,Davis Cup,D,4.0,,,1970-01-12,1970
1970-D025,Davis Cup,D,4.0,Clay,,1970-01-12,1970
1970-D050,Davis Cup,D,4.0,Clay,,1970-01-12,1970
1970-802,Richmond,A,8.0,Carpet,True,1970-01-13,1970
1970-410,Monte Carlo,A,64.0,Clay,,1970-01-13,1970
1970-413,Las Vegas,A,16.0,Hard,,1970-01-13,1970
1970-6830,Hoylake,A,64.0,Grass,,1970-01-13,1970
1970-D019,Davis Cup,D,4.0,Clay,,1970-01-13,1970
1970-343,Columbus,A,8.0,Hard,,1970-01-14,1970
1970-D013,Davis Cup,D,4.0,,,1970-01-14,1970
1970-D026,Davis Cup,D,4.0,,,1970-01-14,1970
1970-D031,Davis Cup,D,4.0,,,1970-01-14,1970
1970-D035,Davis Cup,D,4.0,,,1970-01-14,1970
1970-D045,Davis Cup,D,4.0,,,1970-01-14,1970
1970-2049,Eastbourne,A,32.0,Grass,,1970-01-15,1970
1970-311,London / Queen's Club,A,64.0,Grass,,1970-01-15,1970
1970-355,Salisbury,A,64.0,Hard,,1970-01-15,1970
1970-436,Charlotte,A,32.0,Clay,,1970-01-15,1970
1970-6833,Tucson,A,16.0,Hard,,1970-01-15,1970
1970-430,Wembley,A,32.0,Carpet,True,1970-01-16,1970
1970-9289,Champions Classic,A,9.0,Carpet,True,1970-01-16,1970
1970-3940,Barranquilla,A,64.0,Clay,,1970-01-16,1970
1970-3941,Sydney,A,32.0,Grass,,1970-01-16,1970
1970-416,Rome,M,32.0,Clay,,1970-01-16,1970
1970-D028,Davis Cup,D,4.0,,,1970-01-16,1970
1970-2030,Merion,A,64.0,Grass,,1970-01-17,1970
1970-414,Hamburg,A,64.0,Clay,,1970-01-17,1970
1970-D003,Davis Cup,D,4.0,,,1970-01-17,1970
1970-D039,Davis Cup,D,4.0,,,1970-01-17,1970
1970-2067,Phoenix,A,32.0,Hard,,1970-01-18,1970
1970-314,Gstaad,A,32.0,Clay,,1970-01-18,1970
1970-418,Washington,A,64.0,Hard,,1970-01-18,1970
1970-D011,Davis Cup,D,4.0,Clay,,1970-01-18,1970
1970-423,Los Angeles,A,64.0,Hard,,1970-01-19,1970
1970-580,Australian Open,G,64.0,Grass,,1970-01-19,1970
1970-653,Fort Worth,A,16.0,Hard,,1970-01-19,1970
1970-6831,Leicester,A,16.0,Grass,,1970-01-19,1970
1970-7308,Adelaide,A,64.0,Grass,,1970-01-19,1970
1970-422,Cincinnati,M,64.0,Clay,,1970-01-20,1970
1970-6816,Corpus Christi,A,8.0,Hard,,1970-01-20,1970
1970-D001,Davis Cup,D,4.0,Clay,,1970-01-20,1970
1970-388,Dallas,A,32.0,Carpet,True,1970-01-21,1970
1970-405,Houston,A,32.0,Clay,,1970-01-21,1970
1970-540,Wimbledon,G,128.0,Grass,,1970-01-22,1970
1970-D006,Davis Cup,D,4.0,Clay,,1970-01-22,1970
1970-D008,Davis Cup,D,4.0,,,1970-01-22,1970
1970-D015,Davis Cup,D,4.0,,,1970-01-22,1970
1970-D016,Davis Cup,D,4.0,Clay,,1970-01-22,1970
1970-D023,Davis Cup,D,4.0,,,1970-01-22,1970
1970-D034,Davis Cup,D,4.0,Clay,,1970-01-22,1970
1970-D042,Davis Cup,D,4.0,,,1970-01-22,1970
1970-D048,Davis Cup,D,4.0,,,1970-01-22,1970
1970-9277,Curacao,A,32.0,Hard,,1970-01-23,1970
1970-426,Johannesburg,A,64.0,Hard,,1970-01-24,1970
1970-2066,Macon,A,32.0,Carpet,True,1970-01-25,1970
1970-6811,Los Angeles,A,8.0,Carpet,True,1970-01-25,1970
1970-2047,Jacksonville,A,32.0,Clay,,1970-01-25,1970
1970-9278,New Orleans,A,8.0,Carpet,True,1970-01-26,1970
1970-301,Auckland,A,32.0,Grass,,1970-01-26,1970
1970-347,Bournemouth,A,32.0,Clay,,1970-01-26,1970
1970-9291,Newport 2,A,8.0,Grass,,1970-01-26,1970
1970-419,Indianapolis,A,64.0,Clay,,1970-01-27,1970
1970-717,Indianapolis,A,64.0,Clay,,1970-01-27,1970
1970-2036,Omaha,A,16.0,Hard,,1970-01-28,1970
1970-424,Berkeley,A,64.0,Hard,,1970-01-28,1970
1970-D037,Davis Cup,D,4.0,,,1970-01-28,1970
1970-D038,Davis Cup,D,4.0,,,1970-01-28,1970
1970-2048,Vancouver,A,16.0,Carpet,True,1970-01-29,1970
1970-6817,San Juan,A,64.0,Hard,,1970-01-29,1970
1970-D032,Davis Cup,D,4.0,Hard,,1970-01-29,1970
1971-388,Dallas WCT,A,32.0,Carpet,True,1971-01-01,1971
1971-2010,Paris,A,32.0,Clay,,1971-01-01,1971
1971-2044,Quebec WCT,A,32.0,,,1971-01-01,1971
1971-2066,Macon,A,64.0,Hard,,1971-01-01,1971
1971-303,Buenos Aires,A,32.0,Clay,,1971-01-01,1971
1971-343,Columbus,A,32.0,Hard,,1971-01-01,1971
1971-429,Stockholm Open,A,64.0,Hard,,1971-01-01,1971
1971-430,Wembley,A,32.0,Hard,,1971-01-01,1971
1971-560,US Open,G,128.0,Grass,,1971-01-01,1971
1971-707,South Orange,A,64.0,Hard,,1971-01-01,1971
1971-D014,Davis Cup,D,4.0,Clay,,1971-01-01,1971
1971-D035,Davis Cup,D,4.0,,,1971-01-01,1971
1971-D047,Davis Cup,D,4.0,Clay,,1971-01-01,1971
1971-422,Cincinnati,M,64.0,Clay,,1971-01-02,1971
1971-6834,Senigallia,A,64.0,Clay,,1971-01-02,1971
1971-D036,Davis Cup,D,4.0,Clay,,1971-01-02,1971
1971-D040,Davis Cup,D,4.0,,,1971-01-02,1971
1971-2026,Madrid,A,64.0,Clay,,1971-01-03,1971
1971-317,Hilversum,A,64.0,Hard,,1971-01-03,1971
1971-416,Rome,M,64.0,Clay,,1971-01-03,1971
1971-D004,Davis Cup,D,4.0,,,1971-01-03,1971
1971-605,Masters,M,7.0,Carpet,True,1971-01-04,1971
1971-9211,Washington 1,A,16.0,Carpet,True,1971-01-04,1971
1971-681,Miami WCT,A,32.0,Hard,,1971-01-04,1971
1971-D009,Davis Cup,D,4.0,,,1971-01-04,1971
1971-D044,Davis Cup,D,4.0,Clay,,1971-01-04,1971
1971-2029,Dublin,A,32.0,Grass,,1971-01-05,1971
1971-308,Munich,A,32.0,Clay,,1971-01-05,1971
1971-410,Monte Carlo,A,32.0,Clay,,1971-01-05,1971
1971-426,Johannesburg,A,128.0,Hard,,1971-01-05,1971
1971-6818,St. Petersburg,A,64.0,Clay,,1971-01-05,1971
1971-9341,Brisbane,A,64.0,Grass,,1971-01-06,1971
1971-D037,Davis Cup,D,4.0,Hard,,1971-01-06,1971
1972-301,Auckland,A,32.0,Grass,,1971-01-06,1971
1971-2061,Des Moines,A,16.0,Carpet,True,1971-01-07,1971
1971-301,Auckland,A,32.0,Hard,,1971-01-07,1971
1971-313,Bristol,A,32.0,Grass,,1971-01-07,1971
1971-580,Australian Open,G,64.0,Grass,,1971-01-07,1971
1971-657,Hampton,A,32.0,Hard,,1971-01-07,1971
1971-7310,Beckenham,A,64.0,Grass,,1971-01-07,1971
1971-802,Richmond,A,16.0,Hard,,1971-01-07,1971
1971-D017,Davis Cup,D,4.0,,,1971-01-07,1971
1971-D019,Davis Cup,D,4.0,Clay,,1971-01-07,1971
1971-D026,Davis Cup,D,4.0,,,1971-01-07,1971
1971-D027,Davis Cup,D,4.0,Clay,,1971-01-07,1971
1971-352,Paris Indoor,A,32.0,Clay,True,1971-01-08,1971
1971-417,Boston WCT,A,32.0,Hard,,1971-01-08,1971
1971-D041,Davis Cup,D,4.0,Clay,,1971-01-08,1971
1971-D048,Davis Cup,D,4.0,Clay,,1971-01-08,1971
1971-401,Philadelphia WCT,A,32.0,Carpet,True,1971-01-09,1971
1971-717,Indianapolis,A,64.0,Clay,,1971-01-09,1971
1971-D001,Davis Cup,D,4.0,,,1971-01-09,1971
1971-2048,Vancouver WCT,A,32.0,,,1971-01-10,1971
1971-2050,Newport,A,32.0,Grass,,1971-01-10,1971
1971-314,Gstaad,A,32.0,Clay,,1971-01-10,1971
1971-316,Bastad,A,32.0,Clay,,1971-01-10,1971
1971-421,Montreal / Toronto,M,64.0,Clay,,1971-01-10,1971
1971-713,Hobart,A,32.0,Hard,,1971-01-10,1971
1971-D029,Davis Cup,D,4.0,,,1971-01-10,1971
1971-D022,Davis Cup,D,4.0,,,1971-01-11,1971
1971-D049,Davis Cup,D,4.0,Clay,,1971-01-11,1971
1971-D050,Davis Cup,D,4.0,Clay,,1971-01-11,1971
1971-9204,Kingston,A,16.0,Hard,,1971-01-13,1971
1971-D046,Davis Cup,D,4.0,Clay,,1971-01-13,1971
1971-312,Bologna WCT,A,64.0,Carpet,True,1971-01-14,1971
1971-2047,Jacksonville,A,32.0,Clay,,1971-01-14,1971
1971-2049,Eastbourne,A,32.0,Grass,,1971-01-14,1971
1971-2058,New York,A,32.0,,,1971-01-14,1971
1971-311,Queen's Club,A,64.0,Grass,,1971-01-14,1971
1971-D006,Davis Cup,D,4.0,,,1971-01-14,1971
1971-D008,Davis Cup,D,4.0,,,1971-01-14,1971
1971-D023,Davis Cup,D,4.0,,,1971-01-14,1971
1971-D025,Davis Cup,D,4.0,Clay,,1971-01-14,1971
1971-D031,Davis Cup,D,4.0,,,1971-01-14,1971
1971-D038,Davis Cup,D,4.0,Hard,,1971-01-14,1971
1971-D039,Davis Cup,D,4.0,,,1971-01-14,1971
1971-2011,Tehran WCT,A,32.0,Clay,,1971-01-15,1971
1971-D033,Davis Cup,D,4.0,,,1971-01-15,1971
1971-D011,Davis Cup,D,4.0,Clay,,1971-01-16,1971
1971-D024,Davis Cup,D,4.0,Clay,,1971-01-16,1971
1971-D030,Davis Cup,D,4.0,Clay,,1971-01-16,1971
1971-332,Cologne WCT,A,32.0,Carpet,True,1971-01-17,1971
1971-414,Hamburg,A,32.0,Clay,,1971-01-17,1971
1971-418,Washington WCT,A,64.0,Clay,,1971-01-17,1971
1971-D012,Davis Cup,D,4.0,Clay,,1971-01-17,1971
1971-2016,London 3,A,8.0,Carpet,True,1971-01-18,1971
1971-610,Dallas,A,8.0,Carpet,True,1971-01-18,1971
1971-325,Palermo,A,64.0,Clay,,1971-01-18,1971
1971-338,Sydney Outdoor,A,32.0,Hard,,1971-01-18,1971
1971-425,Barcelona WCT,A,64.0,Clay,,1971-01-18,1971
1971-436,Charlotte,A,32.0,Hard,,1971-01-18,1971
1971-9289,Champions Classic,A,9.0,Carpet,True,1971-01-19,1971
1971-319,Kitzbuhel,A,32.0,Clay,,1971-01-19,1971
1971-D018,Davis Cup,D,4.0,,,1971-01-19,1971
1971-405,Houston,A,32.0,Clay,,1971-01-20,1971
1971-423,Los Angeles,A,64.0,Hard,,1971-01-20,1971
1971-654,Sacramento,A,64.0,Hard,,1971-01-20,1971
1971-D002,Davis Cup,D,4.0,Clay,,1971-01-20,1971
1971-389,Denver,A,8.0,Carpet,True,1971-01-21,1971
1971-344,Caracas,A,32.0,Clay,,1971-01-21,1971
1971-355,Salisbury,A,64.0,Hard,,1971-01-21,1971
1971-520,Roland Garros,G,128.0,Clay,,1971-01-21,1971
1971-540,Wimbledon,G,128.0,Grass,,1971-01-21,1971
1971-D013,Davis Cup,D,4.0,,,1971-01-21,1971
1971-2030,Merion,A,64.0,Hard,,1971-01-22,1971
1971-262,London,A,32.0,Hard,,1971-01-22,1971
1971-347,Bournemouth,A,32.0,Clay,,1971-01-22,1971
1971-406,Brussels,A,32.0,Clay,,1971-01-22,1971
1971-653,Fort Worth WCT,A,32.0,Hard,,1971-01-22,1971
1971-D010,Davis Cup,D,4.0,,,1971-01-22,1971
1971-3936,Melbourne,A,64.0,Grass,,1971-01-23,1971
1971-D005,Davis Cup,D,4.0,,,1971-01-23,1971
1971-9205,Boston,A,6.0,Carpet,True,1971-01-24,1971
1971-2051,Tanglewood,A,64.0,Hard,,1971-01-24,1971
1971-663,Louisville WCT,A,32.0,Clay,,1971-01-24,1971
1971-6832,Midland,A,8.0,Hard,,1971-01-24,1971
1971-9237,Pensacola,A,32.0,Hard,,1971-01-24,1971
1971-9240,Berlin,A,32.0,Clay,,1971-01-24,1971
1971-2065,Catania,A,64.0,Clay,,1971-01-25,1971
1971-D020,Davis Cup,D,4.0,Hard,,1971-01-26,1971
1972-580,Australian Open,G,64.0,Grass,,1971-01-26,1971
1971-2036,Omaha,A,16.0,Carpet,True,1971-01-27,1971
1971-424,Berkeley,A,64.0,Hard,,1971-01-27,1971
1971-724,Hilton Head,A,4.0,Clay,,1971-01-27,1971
1971-D003,Davis Cup,D,4.0,,,1971-01-27,1971
1971-818,Chicago WCT,A,32.0,Carpet,True,1971-01-28,1971
1971-6817,San Juan,A,32.0,Hard,,1971-01-28,1971
1971-D016,Davis Cup,D,4.0,Clay,,1971-01-28,1971
1971-D028,Davis Cup,D,4.0,Clay,,1971-01-28,1971
1971-260,Durban,A,64.0,Hard,,1971-01-29,1971
1971-6120,Nice,A,64.0,Clay,,1971-01-30,1971
1971-9238,Kansas City,A,8.0,Hard,,1971-01-30,1971
1971-D007,Davis Cup,D,4.0,,,1971-01-30,1971
1971-D015,Davis Cup,D,4.0,Clay,,1971-01-30,1971
1971-D021,Davis Cup,D,4.0,Clay,,1971-01-30,1971
1971-D032,Davis Cup,D,4.0,,,1971-01-30,1971
1971-D042,Davis Cup,D,4.0,,,1971-01-30,1971
1971-D043,Davis Cup,D,4.0,,,1971-01-30,1971
1971-D045,Davis Cup,D,4.0,Clay,,1971-01-30,1971
1971-583,Manchester,A,128.0,Grass,,1971-01-31,1971
1972-652,St. Louis WCT,A,32.0,Carpet,True,1972-01-01,1972
1972-2036,Omaha,A,16.0,Hard,,1972-01-01,1972
1972-2053,Alamo WCT,A,32.0,,,1972-01-01,1972
1972-303,Buenos Aires,A,32.0,Clay,,1972-01-01,1972
1972-317,Hilversum,A,64.0,Hard,,1972-01-01,1972
1972-413,Las Vegas WCT,A,32.0,Hard,,1972-01-01,1972
1972-707,South Orange,A,32.0,Hard,,1972-01-01,1972
1972-D031,Davis Cup,D,4.0,,,1972-01-01,1972
1972-D039,Davis Cup,D,4.0,Clay,,1972-01-01,1972
1972-254,Johannesburg-2,A,16.0,Hard,,1972-01-02,1972
1972-326,Brisbane,A,64.0,Hard,,1972-01-03,1972
1972-338,Sydney,A,32.0,Grass,,1972-01-03,1972
1972-9206,New York,A,32.0,Carpet,True,1972-01-04,1972
1972-429,Stockholm,A,64.0,Hard,,1972-01-04,1972
1972-D005,Davis Cup,D,4.0,Clay,,1972-01-04,1972
1972-D023,Davis Cup,D,4.0,Clay,,1972-01-04,1972
1972-D049,Davis Cup,D,4.0,,,1972-01-04,1972
1972-508,Gothenberg WCT,A,32.0,Carpet,True,1972-01-05,1972
1972-414,Hamburg,A,32.0,Clay,,1972-01-05,1972
1972-583,Manchester,A,128.0,Grass,,1972-01-05,1972
1972-657,Hampton,A,32.0,Hard,,1972-01-05,1972
1972-681,Miami WCT,A,32.0,Hard,,1972-01-05,1972
1972-9037,Tokyo,A,8.0,Hard,,1972-01-05,1972
1972-9238,Kansas City,A,8.0,Hard,,1972-01-05,1972
1972-D006,Davis Cup,D,4.0,Clay,,1972-01-05,1972
1972-D007,Davis Cup,D,4.0,Clay,,1972-01-05,1972
1972-D010,Davis Cup,D,4.0,,,1972-01-05,1972
1972-D017,Davis Cup,D,4.0,Clay,,1972-01-05,1972
1972-D024,Davis Cup,D,4.0,Clay,,1972-01-05,1972
1972-D025,Davis Cup,D,4.0,,,1972-01-05,1972
1972-D029,Davis Cup,D,4.0,,,1972-01-05,1972
1972-D034,Davis Cup,D,4.0,,,1972-01-05,1972
1972-D046,Davis Cup,D,4.0,Clay,,1972-01-05,1972
1972-D047,Davis Cup,D,4.0,Clay,,1972-01-05,1972
1972-D052,Davis Cup,D,4.0,Clay,,1972-01-05,1972
1972-710,Washington,A,32.0,Carpet,True,1972-01-06,1972
1972-802,Richmond WCT,A,32.0,Carpet,True,1972-01-06,1972
1972-2061,Des Moines,A,16.0,,,1972-01-06,1972
1972-2062,Kansas City,A,16.0,,,1972-01-06,1972
1972-417,Boston WCT,A,32.0,Hard,,1972-01-06,1972
1972-6832,Midland,A,8.0,Hard,,1972-01-06,1972
1972-9215,Cleveland,A,32.0,Carpet,True,1972-01-07,1972
1972-419,Indianapolis,A,64.0,Clay,,1972-01-07,1972
1972-401,Philadelphia WCT,A,32.0,Carpet,True,1972-01-08,1972
1972-426,Johannesburg,A,32.0,Hard,,1972-01-08,1972
1972-D001,Davis Cup,D,4.0,Clay,,1972-01-08,1972
1972-D013,Davis Cup,D,4.0,,,1972-01-08,1972
1972-D037,Davis Cup,D,4.0,,,1972-01-08,1972
1972-9205,Hartford,A,6.0,Carpet,True,1972-01-09,1972
1972-405,Houston WCT,A,32.0,Clay,,1972-01-09,1972
1972-706,Bretton Woods,A,32.0,Hard,,1972-01-09,1972
1972-816,Baltimore,A,16.0,Hard,,1972-01-09,1972
1972-D048,Davis Cup,D,4.0,,,1972-01-09,1972
1972-610,Dallas WCT,A,8.0,Carpet,True,1972-01-10,1972
1972-2029,Dublin,A,32.0,Grass,,1972-01-10,1972
1972-D040,Davis Cup,D,4.0,,,1972-01-10,1972
1972-2013,Adelaide-2,A,64.0,Grass,,1972-01-11,1972
1972-D019,Davis Cup,D,4.0,,,1972-01-11,1972
1972-418,Washington WCT,A,32.0,Clay,,1972-01-12,1972
1972-7310,Beckenham,A,64.0,Grass,,1972-01-12,1972
1972-D011,Davis Cup,D,4.0,Clay,,1972-01-12,1972
1972-407,Rotterdam WCT,A,32.0,Carpet,True,1972-01-13,1972
1972-320,Cleveland WCT,A,32.0,Hard,,1972-01-13,1972
1972-347,Bournemouth,A,32.0,Clay,,1972-01-13,1972
1972-9204,Kingston,A,16.0,Hard,,1972-01-13,1972
1972-D053,Davis Cup,D,4.0,Clay,,1972-01-13,1972
1972-2057,Los Angeles,A,32.0,,,1972-01-14,1972
1972-406,Brussels,A,32.0,Clay,,1972-01-14,1972
1972-421,Montreal / Toronto,M,128.0,Clay,,1972-01-14,1972
1972-D004,Davis Cup,D,4.0,,,1972-01-14,1972
1972-D021,Davis Cup,D,4.0,,,1972-01-14,1972
1972-818,Chicago WCT,A,32.0,Carpet,True,1972-01-16,1972
1972-2026,Madrid,A,32.0,Clay,,1972-01-16,1972
1972-2044,Quebec WCT,A,32.0,,,1972-01-16,1972
1972-314,Gstaad,A,32.0,Clay,,1972-01-16,1972
1972-316,Bastad,A,32.0,Clay,,1972-01-16,1972
1972-713,Hobart,A,16.0,Grass,,1972-01-16,1972
1972-D002,Davis Cup,D,4.0,,,1972-01-16,1972
1972-D027,Davis Cup,D,4.0,Clay,,1972-01-16,1972
1972-D036,Davis Cup,D,4.0,Clay,,1972-01-16,1972
1972-D044,Davis Cup,D,4.0,Clay,,1972-01-16,1972
1972-2043,Seattle,A,32.0,,,1972-01-17,1972
1972-2052,Montreal WCT,A,32.0,,,1972-01-17,1972
1972-313,Bristol,A,32.0,Grass,,1972-01-17,1972
1972-344,Caracas,A,32.0,Hard,,1972-01-17,1972
1972-6120,Nice,A,64.0,Clay,,1972-01-17,1972
1972-654,Sacramento,A,32.0,,,1972-01-17,1972
1972-7308,Adelaide,A,64.0,Grass,,1972-01-17,1972
1972-2016,London,A,32.0,Carpet,True,1972-01-18,1972
1972-423,Los Angeles WCT,A,64.0,Hard,,1972-01-18,1972
1972-D033,Davis Cup,D,4.0,Clay,,1972-01-18,1972
1972-D018,Davis Cup,D,4.0,Clay,,1972-01-19,1972
1972-D020,Davis Cup,D,4.0,Clay,,1972-01-19,1972
1972-D042,Davis Cup,D,4.0,,,1972-01-19,1972
1972-D054,Davis Cup,D,4.0,Clay,,1972-01-19,1972
1972-302,Toronto WCT,A,32.0,Carpet,True,1972-01-20,1972
1972-D012,Davis Cup,D,4.0,Carpet,True,1972-01-20,1972
1972-355,Salisbury,A,64.0,Hard,,1972-01-20,1972
1972-653,Fort Worth WCT,A,32.0,Hard,,1972-01-20,1972
1972-D014,Davis Cup,D,4.0,,,1972-01-20,1972
1972-D016,Davis Cup,D,4.0,Clay,,1972-01-20,1972
1972-D026,Davis Cup,D,4.0,,,1972-01-20,1972
1972-D035,Davis Cup,D,4.0,Clay,,1972-01-20,1972
1972-D045,Davis Cup,D,4.0,Clay,,1972-01-20,1972
1972-2022,Roanoke,A,16.0,Carpet,True,1972-01-21,1972
1972-724,Hilton Head,A,16.0,Clay,,1972-01-21,1972
1972-D008,Davis Cup,D,4.0,,,1972-01-21,1972
1972-D015,Davis Cup,D,4.0,Clay,,1972-01-21,1972
1972-D022,Davis Cup,D,4.0,Clay,,1972-01-21,1972
1972-D032,Davis Cup,D,4.0,Hard,,1972-01-21,1972
1972-D051,Davis Cup,D,4.0,,,1972-01-21,1972
1972-2064,London Indoor,A,16.0,Hard,True,1972-01-22,1972
1972-2048,Vancouver WCT,A,32.0,,,1972-01-22,1972
1972-319,Kitzbuhel,A,32.0,Clay,,1972-01-22,1972
1972-520,Roland Garros,G,64.0,Clay,,1972-01-22,1972
1972-2049,Eastbourne,A,32.0,Grass,,1972-01-23,1972
1972-343,Columbus,A,32.0,Hard,,1972-01-23,1972
1972-425,Barcelona,A,32.0,Clay,,1972-01-23,1972
1972-436,Charlotte WCT,A,32.0,Clay,,1972-01-23,1972
1972-311,Queen's Club,A,64.0,Grass,,1972-01-24,1972
1972-416,Rome,M,64.0,Clay,,1972-01-24,1972
1972-D009,Davis Cup,D,4.0,,,1972-01-24,1972
1972-D028,Davis Cup,D,4.0,,,1972-01-24,1972
1972-D055,Davis Cup,D,4.0,,,1972-01-24,1972
1972-424,Albany,A,64.0,Carpet,True,1972-01-25,1972
1972-661,Dusseldorf,A,16.0,Clay,,1972-01-25,1972
1972-2056,Rome WCT,A,16.0,Carpet,True,1972-01-26,1972
1972-540,Wimbledon,G,128.0,Grass,,1972-01-26,1972
1973-580,Australian Open,G,64.0,Grass,,1972-01-26,1972
1972-2030,Merion,A,64.0,Hard,,1972-01-27,1972
1972-410,Monte Carlo,A,32.0,Clay,,1972-01-27,1972
1972-6817,San Juan,A,7.0,Hard,,1972-01-27,1972
1972-2066,Macon,A,32.0,Carpet,True,1972-01-28,1972
1972-605,Masters,M,8.0,Carpet,True,1972-01-28,1972
1972-2058,New York,A,64.0,,,1972-01-28,1972
1972-D003,Davis Cup,D,4.0,,,1972-01-28,1972
1972-D030,Davis Cup,D,4.0,,,1972-01-28,1972
1972-D041,Davis Cup,D,4.0,,,1972-01-28,1972
1972-2054,Essen WCT,A,32.0,Carpet,True,1972-01-29,1972
1972-663,Louisville WCT,A,32.0,Clay,,1972-01-29,1972
1972-9216,Hong Kong,A,32.0,Hard,,1972-01-29,1972
1972-389,Denver WCT,A,32.0,Carpet,True,1972-01-30,1972
1972-7302,Paris Indoor,A,32.0,Hard,True,1972-01-30,1972
1972-2051,Tanglewood,A,32.0,,,1972-01-30,1972
1972-560,US Open,G,128.0,Grass,,1972-01-30,1972
1972-422,Cincinnati,M,64.0,Clay,,1972-01-31,1972
1973-2048,Vancouver WCT,A,32.0,,,1973-01-01,1973
1973-338,Sydney,A,48.0,Grass,,1973-01-01,1973
1973-804,Munich WCT,A,32.0,Carpet,True,1973-01-02,1973
1973-278,Barcelona,A,64.0,Clay,,1973-01-02,1973
1973-405,Houston WCT,A,32.0,Clay,,1973-01-02,1973
1973-416,Rome,M,128.0,Clay,,1973-01-02,1973
1973-D059,Davis Cup,D,4.0,,,1973-01-02,1973
1973-657,Hampton,A,32.0,Hard,,1973-01-03,1973
1973-816,Baltimore,A,16.0,Hard,,1973-01-03,1973
1973-D019,Davis Cup,D,4.0,Hard,,1973-01-03,1973
1973-D042,Davis Cup,D,4.0,Hard,,1973-01-03,1973
1973-D043,Davis Cup,D,4.0,Clay,,1973-01-03,1973
1973-D057,Davis Cup,D,4.0,Clay,,1973-01-03,1973
1973-605,Masters,M,8.0,Carpet,True,1973-01-04,1973
1973-2046,Djkarta,A,32.0,,,1973-01-04,1973
1973-2061,Des Moines,A,32.0,Hard,,1973-01-04,1973
1973-277,Berlin,A,32.0,Hard,,1973-01-04,1973
1973-429,Stockholm,A,64.0,Hard,,1973-01-04,1973
1973-583,Manchester,A,64.0,Grass,,1973-01-04,1973
1973-9238,Kansas City,A,16.0,Hard,,1973-01-04,1973
1973-D002,Davis Cup,D,4.0,Clay,,1973-01-04,1973
1973-D005,Davis Cup,D,4.0,,,1973-01-04,1973
1973-D010,Davis Cup,D,4.0,,,1973-01-04,1973
1973-D011,Davis Cup,D,4.0,,,1973-01-04,1973
1973-D023,Davis Cup,D,4.0,Clay,,1973-01-04,1973
1973-D025,Davis Cup,D,4.0,,,1973-01-04,1973
1973-D036,Davis Cup,D,4.0,,,1973-01-04,1973
1973-D048,Davis Cup,D,4.0,Clay,,1973-01-04,1973
1973-343,Columbus,A,32.0,Hard,,1973-01-05,1973
1973-663,Louisville,A,64.0,Clay,,1973-01-05,1973
1973-6817,San Juan,A,10.0,Hard,,1973-01-05,1973
1973-D024,Davis Cup,D,4.0,Clay,,1973-01-05,1973
1973-D045,Davis Cup,D,4.0,Clay,,1973-01-05,1973
1973-401,Philadelphia WCT,A,32.0,Carpet,True,1973-01-06,1973
1973-347,Bournemouth,A,64.0,Clay,,1973-01-06,1973
1973-422,Cincinnati,M,32.0,Clay,,1973-01-06,1973
1973-D056,Davis Cup,D,4.0,Clay,,1973-01-06,1973
1973-2039,Salt Lake City,A,24.0,Hard,,1973-01-07,1973
1973-2044,Quebec,A,32.0,,,1973-01-07,1973
1973-498,Osaka,A,32.0,Hard,,1973-01-07,1973
1973-653,Fort Worth,A,32.0,Hard,,1973-01-07,1973
1973-D021,Davis Cup,D,4.0,,,1973-01-07,1973
1973-301,Auckland,A,32.0,Grass,,1973-01-08,1973
1973-329,Tokyo,A,64.0,Clay,,1973-01-08,1973
1973-425,Barcelona,A,64.0,Clay,,1973-01-08,1973
1973-320,Cleveland WCT,A,32.0,Carpet,True,1973-01-09,1973
1973-406,Brussels WCT,A,32.0,Carpet,True,1973-01-09,1973
1973-610,Dallas WCT,A,8.0,Carpet,True,1973-01-09,1973
1973-9205,Hartford,A,6.0,Carpet,True,1973-01-09,1973
1973-2029,Dublin,A,32.0,Hard,,1973-01-09,1973
1973-2037,Paramus,A,16.0,Hard,,1973-01-09,1973
1973-2050,Newport,A,64.0,Grass,,1973-01-09,1973
1973-314,Gstaad,A,32.0,Clay,,1973-01-09,1973
1973-316,Bastad,A,32.0,Clay,,1973-01-09,1973
1973-6120,Nice,A,64.0,Clay,,1973-01-09,1973
1973-661,Dusseldorf,A,16.0,Clay,,1973-01-09,1973
1973-D018,Davis Cup,D,4.0,,,1973-01-09,1973
1973-D051,Davis Cup,D,4.0,Clay,,1973-01-09,1973
1973-D055,Davis Cup,D,4.0,Grass,,1973-01-09,1973
1973-9340,World Invitational Classic,A,4.0,Carpet,True,1973-01-10,1973
1973-302,Toronto WCT,A,32.0,Carpet,True,1973-01-11,1973
1973-427,Sydney Indoor,A,32.0,Hard,True,1973-01-11,1973
1973-350,Nottingham,A,64.0,Grass,,1973-01-11,1973
1973-414,Hamburg,A,64.0,Clay,,1973-01-11,1973
1973-7310,Beckenham,A,64.0,Grass,,1973-01-11,1973
1973-D050,Davis Cup,D,4.0,Clay,,1973-01-11,1973
1973-481,Copenhagen WCT,A,32.0,Carpet,True,1973-01-12,1973
1973-6945,Charleston,A,16.0,Carpet,True,1973-01-12,1973
1973-2038,Calgary,A,32.0,,,1973-01-12,1973
1973-2051,Tanglewood,A,32.0,,,1973-01-12,1973
1973-344,Caracas,A,10.0,Hard,,1973-01-12,1973
1973-724,Hilton Head,A,16.0,Clay,,1973-01-12,1973
1973-9204,Kingston,A,16.0,Hard,,1973-01-12,1973
1973-419,Indianapolis,A,64.0,Clay,,1973-01-13,1973
1973-D004,Davis Cup,D,4.0,Clay,,1973-01-13,1973
1973-D030,Davis Cup,D,4.0,,,1973-01-13,1973
1973-D039,Davis Cup,D,4.0,,,1973-01-13,1973
1973-D041,Davis Cup,D,4.0,Hard,,1973-01-13,1973
1973-254,Johannesburg WCT,A,32.0,Hard,,1973-01-14,1973
1973-410,Monte Carlo,A,48.0,Clay,,1973-01-14,1973
1973-413,Las Vegas,A,32.0,Hard,,1973-01-14,1973
1973-D012,Davis Cup,D,4.0,Clay,,1973-01-14,1973
1973-305,Nice,A,32.0,Clay,,1973-01-15,1973
1973-681,Miami WCT,A,32.0,Hard,,1973-01-15,1973
1972-2047,Jacksonville,A,16.0,Hard,,1973-01-16,1973
1973-2042,Aptos,A,32.0,Hard,,1973-01-16,1973
1973-2043,Seattle,A,32.0,,,1973-01-16,1973
1973-317,Hilversum,A,32.0,Clay,,1973-01-16,1973
1973-319,Kitzbuhel,A,32.0,Clay,,1973-01-16,1973
1973-417,Boston,A,32.0,Clay,,1973-01-16,1973
1973-436,Charlotte WCT,A,32.0,Clay,,1973-01-16,1973
1973-D007,Davis Cup,D,4.0,Grass,,1973-01-16,1973
1973-2016,London,A,32.0,Carpet,True,1973-01-17,1973
1973-311,Queen's Club,A,64.0,Grass,,1973-01-17,1973
1973-423,Los Angeles,A,64.0,Hard,,1973-01-17,1973
1973-650,Birmingham,A,16.0,Hard,,1973-01-17,1973
1973-D047,Davis Cup,D,4.0,,,1973-01-17,1973
1973-D058,Davis Cup,D,4.0,Hard,,1973-01-17,1973
1973-2032,Christchurch,A,32.0,,,1973-01-18,1973
1973-262,London WCT,A,32.0,Hard,,1973-01-18,1973
1973-D014,Davis Cup,D,4.0,Clay,,1973-01-18,1973
1973-D026,Davis Cup,D,4.0,Clay,,1973-01-18,1973
1973-D029,Davis Cup,D,4.0,Clay,,1973-01-18,1973
1973-D031,Davis Cup,D,4.0,Clay,,1973-01-18,1973
1973-D033,Davis Cup,D,4.0,Clay,,1973-01-18,1973
1973-D038,Davis Cup,D,4.0,,,1973-01-18,1973
1973-D052,Davis Cup,D,4.0,Clay,,1973-01-18,1973
1973-D054,Davis Cup,D,4.0,,,1973-01-18,1973
1973-332,Cologne WCT,A,32.0,Carpet,True,1973-01-19,1973
1973-710,Washington WCT,A,32.0,Carpet,True,1973-01-19,1973
1973-9214,Columbia,A,16.0,Carpet,True,1973-01-19,1973
1973-2022,Roanoke,A,16.0,Hard,,1973-01-19,1973
1973-2030,Merion,A,64.0,Grass,,1973-01-19,1973
1973-355,Salisbury,A,64.0,Hard,,1973-01-19,1973
1973-412,Atlanta WCT,A,32.0,Clay,,1973-01-19,1973
1973-7308,Adelaide,A,64.0,Grass,,1973-01-19,1973
1973-D015,Davis Cup,D,4.0,Hard,,1973-01-19,1973
1973-2040,Washington 2,A,32.0,Carpet,True,1973-01-20,1973
1973-421,Toronto,M,64.0,Clay,,1973-01-20,1973
1973-707,South Orange,A,32.0,Grass,,1973-01-20,1973
1973-D006,Davis Cup,D,4.0,,,1973-01-20,1973
1973-D009,Davis Cup,D,4.0,,,1973-01-20,1973
1973-D013,Davis Cup,D,4.0,,,1973-01-20,1973
1973-D027,Davis Cup,D,4.0,,,1973-01-20,1973
1973-D028,Davis Cup,D,4.0,Clay,,1973-01-20,1973
1973-D032,Davis Cup,D,4.0,,,1973-01-20,1973
1973-D035,Davis Cup,D,4.0,Clay,,1973-01-20,1973
1973-D040,Davis Cup,D,4.0,Grass,,1973-01-20,1973
1973-D053,Davis Cup,D,4.0,Clay,,1973-01-20,1973
1973-2045,New Delhi,A,32.0,,,1973-01-21,1973
1973-309,Madrid,A,64.0,Clay,,1973-01-21,1973
1973-362,Manila,A,32.0,Hard,,1973-01-21,1973
1973-520,Roland Garros,G,128.0,Clay,,1973-01-21,1973
1973-656,Jackson,A,16.0,Hard,,1973-01-22,1973
1973-813,Lacosta WCT,A,32.0,Hard,,1973-01-22,1973
1973-389,Denver WCT,A,32.0,Carpet,True,1973-01-23,1973
1973-508,Gothenberg WCT,A,32.0,Carpet,True,1973-01-23,1973
1973-2026,Madrid,A,64.0,Clay,,1973-01-23,1973
1973-2049,Eastbourne,A,32.0,Grass,,1973-01-23,1973
1973-308,Munich,A,64.0,Clay,,1973-01-23,1973
1973-418,Washington,A,64.0,Clay,,1973-01-23,1973
1973-706,Bretton Woods,A,32.0,Clay,,1973-01-23,1973
1973-D001,Davis Cup,D,4.0,Clay,,1973-01-23,1973
1973-D003,Davis Cup,D,4.0,Clay,,1973-01-23,1973
1973-D016,Davis Cup,D,4.0,Clay,,1973-01-23,1973
1973-D017,Davis Cup,D,4.0,Clay,,1973-01-23,1973
1973-D020,Davis Cup,D,4.0,Clay,,1973-01-23,1973
1973-D022,Davis Cup,D,4.0,,,1973-01-23,1973
1973-D044,Davis Cup,D,4.0,,,1973-01-23,1973
1973-D049,Davis Cup,D,4.0,,,1973-01-23,1973
1973-D060,Davis Cup,D,4.0,Grass,,1973-01-23,1973
1973-424,San Francisco,A,32.0,Carpet,True,1973-01-24,1973
1973-2036,Omaha,A,32.0,Hard,,1973-01-24,1973
1973-303,Buenos Aires,A,32.0,Clay,,1973-01-25,1973
1973-540,Wimbledon,G,128.0,Grass,,1973-01-25,1973
1973-652,St. Louis WCT,A,32.0,Carpet,True,1973-01-26,1973
1973-818,Chicago WCT,A,32.0,Carpet,True,1973-01-26,1973
1973-659,Valencia,A,64.0,Clay,,1973-01-26,1973
1973-D037,Davis Cup,D,4.0,,,1973-01-26,1973
1974-580,Australian Open,G,64.0,Grass,,1973-01-26,1973
1973-426,Johannesburg,A,32.0,Hard,,1973-01-27,1973
1973-D034,Davis Cup,D,4.0,,,1973-01-27,1973
1973-2011,Tehran,A,64.0,Clay,,1973-01-28,1973
1973-379,Prague,A,32.0,Clay,,1973-01-28,1973
1973-D046,Davis Cup,D,4.0,,,1973-01-28,1973
1973-352,Paris Indoor,A,64.0,Hard,True,1973-01-29,1973
1973-408,Milan WCT,A,32.0,Carpet,True,1973-01-29,1973
1973-802,Richmond WCT,A,32.0,Carpet,True,1973-01-29,1973
1973-336,Hong Kong,A,32.0,Hard,,1973-01-29,1973
1973-560,US Open,G,128.0,Grass,,1973-01-29,1973
1973-411,Chicago,A,32.0,Carpet,True,1973-01-30,1973
1973-D008,Davis Cup,D,4.0,Carpet,True,1973-01-30,1973
1973-310,Florence,A,64.0,Clay,,1973-01-30,1973
1974-338,Sydney,A,48.0,Grass,,1973-01-31,1973
1974-9213,Acapulco,A,16.0,Carpet,True,1974-01-01,1974
1974-720,Surbiton,A,32.0,Grass,,1974-01-01,1974
1974-7308,Adelaide,A,32.0,Grass,,1974-01-02,1974
1974-D051,Davis Cup,D,4.0,Clay,,1974-01-02,1974
1974-267,Barcelona WCT,A,32.0,Carpet,True,1974-01-03,1974
1974-2037,Paramus,A,16.0,,,1974-01-03,1974
1974-494,Jakarta,A,32.0,Hard,,1974-01-03,1974
1974-520,Roland Garros,G,128.0,Clay,,1974-01-03,1974
1974-583,Manchester,A,16.0,Grass,,1974-01-03,1974
1974-681,Miami WCT,A,32.0,Hard,,1974-01-03,1974
1974-813,Lacosta WCT,A,32.0,Hard,,1974-01-03,1974
1974-D005,Davis Cup,D,4.0,,,1974-01-03,1974
1974-D007,Davis Cup,D,4.0,,,1974-01-03,1974
1974-D011,Davis Cup,D,4.0,,,1974-01-03,1974
1974-D020,Davis Cup,D,4.0,Clay,,1974-01-03,1974
1974-D025,Davis Cup,D,4.0,Clay,,1974-01-03,1974
1974-D029,Davis Cup,D,4.0,Clay,,1974-01-03,1974
1974-D041,Davis Cup,D,4.0,,,1974-01-03,1974
1974-D052,Davis Cup,D,4.0,,,1974-01-03,1974
1974-660,Little Rock,A,32.0,Carpet,True,1974-01-04,1974
1974-D015,Davis Cup,D,4.0,Carpet,True,1974-01-04,1974
1974-1603,St. Petersburg WCT,A,32.0,Hard,,1974-01-04,1974
1974-336,Hong Kong,A,32.0,Hard,,1974-01-04,1974
1974-344,Caracas,A,12.0,Hard,,1974-01-04,1974
1974-429,Stockholm,A,64.0,Hard,,1974-01-04,1974
1974-D023,Davis Cup,D,4.0,,,1974-01-04,1974
1974-D032,Davis Cup,D,4.0,Clay,,1974-01-04,1974
1974-419,Indianapolis,A,64.0,Clay,,1974-01-05,1974
1974-663,Louisville,A,64.0,Clay,,1974-01-05,1974
1974-706,Bretton Woods,A,32.0,Clay,,1974-01-05,1974
1974-D040,Davis Cup,D,4.0,,,1974-01-05,1974
1974-D044,Davis Cup,D,4.0,,,1974-01-05,1974
1974-D054,Davis Cup,D,4.0,,,1974-01-05,1974
1974-D061,Davis Cup,D,4.0,,,1974-01-05,1974
1974-324,Maui,A,32.0,Hard,,1974-01-06,1974
1974-D055,Davis Cup,D,4.0,,,1974-01-06,1974
1974-804,Munich WCT,A,32.0,Carpet,True,1974-01-07,1974
1974-9205,Hartford,A,6.0,Carpet,True,1974-01-07,1974
1974-2035,New Orleans WCT,A,32.0,,,1974-01-07,1974
1974-2040,Washington,A,16.0,,,1974-01-07,1974
1974-301,Auckland,A,32.0,Grass,,1974-01-07,1974
1974-610,Dallas WCT,A,8.0,Carpet,True,1974-01-08,1974
1974-316,Bastad,A,32.0,Clay,,1974-01-08,1974
1974-329,Tokyo WCT,A,32.0,,,1974-01-08,1974
1974-409,Orlando WCT,A,32.0,Hard,,1974-01-08,1974
1974-410,Monte Carlo WCT,A,32.0,Clay,,1974-01-08,1974
1974-D017,Davis Cup,D,4.0,Clay,,1974-01-08,1974
1974-661,Dusseldorf,A,16.0,Clay,,1974-01-09,1974
1974-657,Hampton,A,64.0,Carpet,True,1974-01-10,1974
1974-605,Masters,M,8.0,Grass,,1974-01-10,1974
1974-7310,Beckenham,A,128.0,Grass,,1974-01-10,1974
1974-D004,Davis Cup,D,4.0,,,1974-01-10,1974
1974-D006,Davis Cup,D,4.0,,,1974-01-10,1974
1974-D018,Davis Cup,D,4.0,,,1974-01-10,1974
1974-D027,Davis Cup,D,4.0,,,1974-01-10,1974
1974-D028,Davis Cup,D,4.0,,,1974-01-10,1974
1974-D030,Davis Cup,D,4.0,Clay,,1974-01-10,1974
1974-302,Toronto WCT,A,32.0,Carpet,True,1974-01-11,1974
1974-312,Bologna WCT,A,32.0,Carpet,True,1974-01-11,1974
1974-650,Birmingham,A,32.0,Carpet,True,1974-01-11,1974
1974-710,Washington WCT,A,32.0,Carpet,True,1974-01-11,1974
1974-D016,Davis Cup,D,4.0,Clay,,1974-01-11,1974
1974-D019,Davis Cup,D,4.0,,,1974-01-11,1974
1974-D026,Davis Cup,D,4.0,,,1974-01-11,1974
1974-310,Florence,A,32.0,Clay,,1974-01-12,1974
1974-421,Toronto,M,64.0,Clay,,1974-01-12,1974
1974-D036,Davis Cup,D,4.0,,,1974-01-12,1974
1974-D047,Davis Cup,D,4.0,Clay,,1974-01-12,1974
1974-D058,Davis Cup,D,4.0,Hard,,1974-01-12,1974
1974-309,Madrid,A,64.0,Clay,,1974-01-13,1974
1974-413,Las Vegas,A,32.0,Hard,,1974-01-13,1974
1974-428,Tokyo,A,64.0,,,1974-01-13,1974
1974-D010,Davis Cup,D,4.0,Hard,,1974-01-13,1974
1974-D012,Davis Cup,D,4.0,,,1974-01-13,1974
1974-2029,Dublin,A,32.0,,,1974-01-14,1974
1974-314,Gstaad,A,32.0,Clay,,1974-01-14,1974
1974-425,Barcelona,A,64.0,Clay,,1974-01-14,1974
1974-6836,Lakeway,A,16.0,Hard,,1974-01-14,1974
1974-2031,Cedar Grove,A,32.0,,,1974-01-15,1974
1974-308,Munich,A,32.0,Clay,,1974-01-15,1974
1974-426,Johannesburg WCT,A,32.0,Hard,,1974-01-15,1974
1974-436,Charlotte,A,32.0,Clay,,1974-01-15,1974
1974-820,Houston,A,32.0,Clay,,1974-01-15,1974
1974-D003,Davis Cup,D,4.0,,,1974-01-15,1974
1974-D039,Davis Cup,D,4.0,,,1974-01-15,1974
1974-2016,London,A,32.0,Carpet,True,1974-01-16,1974
1974-1729,Bombay,A,32.0,Clay,,1974-01-16,1974
1974-2033,Oslo,A,32.0,,,1974-01-16,1974
1974-362,Manila,A,32.0,Hard,,1974-01-16,1974
1974-9212,Sydney Outdoor,A,48.0,Grass,,1974-01-16,1974
1974-D060,Davis Cup,D,4.0,,,1974-01-16,1974
1974-237,Sao Paulo WCT,A,32.0,Carpet,True,1974-01-17,1974
1974-2022,Roanoke,A,16.0,,,1974-01-17,1974
1974-2038,Calgary,A,32.0,,,1974-01-17,1974
1974-350,Nottingham,A,64.0,Grass,,1974-01-17,1974
1974-423,Los Angeles,A,64.0,Hard,,1974-01-17,1974
1974-D070,Davis Cup,D,4.0,Clay,,1974-01-17,1974
1974-2018,Hempstead WCT,A,32.0,Hard,,1974-01-18,1974
1974-262,London WCT,A,32.0,Hard,,1974-01-18,1974
1974-343,Columbus,A,32.0,Hard,,1974-01-19,1974
1974-D009,Davis Cup,D,4.0,,,1974-01-19,1974
1974-D013,Davis Cup,D,4.0,,,1974-01-19,1974
1974-D022,Davis Cup,D,4.0,Clay,,1974-01-19,1974
1974-D031,Davis Cup,D,4.0,,,1974-01-19,1974
1974-D033,Davis Cup,D,4.0,Clay,,1974-01-19,1974
1974-D035,Davis Cup,D,4.0,Clay,,1974-01-19,1974
1974-D038,Davis Cup,D,4.0,,,1974-01-19,1974
1974-D046,Davis Cup,D,4.0,Hard,,1974-01-19,1974
1974-D053,Davis Cup,D,4.0,Clay,,1974-01-19,1974
1974-D057,Davis Cup,D,4.0,,,1974-01-19,1974
1974-D072,Davis Cup,D,4.0,,,1974-01-19,1974
1974-427,Sydney Indoor,A,32.0,Hard,True,1974-01-20,1974
1974-414,Hamburg,A,64.0,Clay,,1974-01-20,1974
1974-D001,Davis Cup,D,4.0,Clay,,1974-01-20,1974
1974-D043,Davis Cup,D,4.0,,,1974-01-20,1974
1974-D050,Davis Cup,D,4.0,Hard,,1974-01-20,1974
1974-D069,Davis Cup,D,4.0,Clay,,1974-01-20,1974
1974-401,Philadelphia WCT,A,128.0,Carpet,True,1974-01-21,1974
1974-317,Hilversum,A,32.0,Clay,,1974-01-21,1974
1974-319,Kitzbuhel,A,32.0,Clay,,1974-01-21,1974
1974-331,Melbourne,A,32.0,Clay,,1974-01-21,1974
1975-580,Australian Open,G,32.0,Grass,,1974-01-21,1974
1974-389,Denver WCT,A,32.0,Carpet,True,1974-01-22,1974
1974-411,Chicago,A,32.0,Carpet,True,1974-01-22,1974
1974-2036,Omaha,A,32.0,,,1974-01-22,1974
1974-652,St. Louis,A,32.0,Clay,,1974-01-22,1974
1974-D008,Davis Cup,D,4.0,,,1974-01-22,1974
1974-424,San Francisco,A,64.0,Carpet,True,1974-01-23,1974
1974-418,Washington,A,64.0,Clay,,1974-01-23,1974
1974-D045,Davis Cup,D,4.0,,,1974-01-23,1974
1974-D048,Davis Cup,D,4.0,,,1974-01-23,1974
1974-D049,Davis Cup,D,4.0,Hard,,1974-01-23,1974
1974-355,Salisbury,A,64.0,Carpet,True,1974-01-24,1974
1974-656,Jackson,A,32.0,Carpet,True,1974-01-24,1974
1974-2039,Salt Lake City,A,32.0,,,1974-01-24,1974
1974-254,Johannesburg,A,32.0,Hard,,1974-01-24,1974
1974-303,Buenos Aires,A,32.0,Clay,,1974-01-24,1974
1974-540,Wimbledon,G,128.0,Grass,,1974-01-24,1974
1974-D064,Davis Cup,D,4.0,Clay,,1974-01-24,1974
1974-407,Rotterdam,A,32.0,Carpet,True,1974-01-25,1974
1974-2030,Merion,A,64.0,Grass,,1974-01-25,1974
1974-707,South Orange,A,32.0,Hard,,1974-01-25,1974
1974-D034,Davis Cup,D,4.0,Carpet,True,1974-01-26,1974
1974-347,Bournemouth,A,64.0,Clay,,1974-01-26,1974
1974-416,Rome,M,64.0,Clay,,1974-01-26,1974
1974-417,Boston,A,64.0,Clay,,1974-01-26,1974
1974-D056,Davis Cup,D,4.0,Hard,,1974-01-26,1974
1974-D066,Davis Cup,D,4.0,,,1974-01-26,1974
1974-D071,Davis Cup,D,4.0,Clay,,1974-01-26,1974
1974-D021,Davis Cup,D,4.0,Carpet,True,1974-01-27,1974
1974-1537,Tempe,A,32.0,Hard,,1974-01-27,1974
1974-2011,Tehran,A,64.0,Clay,,1974-01-27,1974
1974-2032,Christchurch,A,32.0,,,1974-01-27,1974
1974-D014,Davis Cup,D,4.0,,,1974-01-27,1974
1974-D063,Davis Cup,D,4.0,,,1974-01-27,1974
1974-352,Paris Indoor,A,32.0,Hard,True,1974-01-28,1974
1974-337,Vienna,A,32.0,Hard,,1974-01-28,1974
1974-560,US Open,G,128.0,Grass,,1974-01-28,1974
1974-802,Richmond-WCT,A,32.0,Carpet,True,1974-01-29,1974
1974-816,Baltimore,A,32.0,Carpet,True,1974-01-29,1974
1974-9340,World Invitational Classic,A,4.0,Carpet,True,1974-01-29,1974
1974-D065,Davis Cup,D,4.0,Grass,,1974-01-29,1974
1974-D068,Davis Cup,D,4.0,Clay,,1974-01-29,1974
1974-716,Dayton,A,16.0,Carpet,True,1974-01-30,1974
1974-729,Tuscon,A,64.0,Hard,,1974-01-30,1974
1974-2034,Palm Desert WCT,A,32.0,Hard,,1974-01-31,1974
1974-412,Atlanta WCT,A,32.0,Clay,,1974-01-31,1974
1974-422,Cincinnati,M,32.0,Clay,,1974-01-31,1974
1974-D062,Davis Cup,D,4.0,,,1974-01-31,1974
1974-D067,Davis Cup,D,4.0,,,1974-01-31,1974
1975-D036,Davis Cup,D,4.0,,,1975-01-01,1975
1975-D038,Davis Cup,D,4.0,,,1975-01-01,1975
1975-D052,Davis Cup,D,4.0,Clay,,1975-01-01,1975
1975-D054,Davis Cup,D,4.0,Hard,,1975-01-01,1975
1975-329,Tokyo,A,64.0,Clay,,1975-01-02,1975
1975-D008,Davis Cup,D,4.0,Clay,,1975-01-02,1975
1975-D014,Davis Cup,D,4.0,,,1975-01-02,1975
1975-D021,Davis Cup,D,4.0,Clay,,1975-01-02,1975
1975-D024,Davis Cup,D,4.0,,,1975-01-02,1975
1975-D031,Davis Cup,D,4.0,,,1975-01-02,1975
1975-D034,Davis Cup,D,4.0,,,1975-01-02,1975
1975-D044,Davis Cup,D,4.0,,,1975-01-02,1975
1975-2040,Washington,A,16.0,Carpet,True,1975-01-03,1975
1975-660,Little Rock,A,32.0,Carpet,True,1975-01-03,1975
1975-1603,St. Petersburg WCT,A,32.0,Hard,,1975-01-03,1975
1975-206,Cairo,A,32.0,Clay,,1975-01-03,1975
1975-262,London WCT,A,16.0,Carpet,True,1975-01-04,1975
1975-2024,Shreveport,A,32.0,,,1975-01-04,1975
1975-419,Indianapolis,A,64.0,Clay,,1975-01-04,1975
1975-520,Roland Garros,G,128.0,Clay,,1975-01-04,1975
1975-705,North Conway,A,64.0,Clay,,1975-01-04,1975
1975-2028,Aviles,A,32.0,Clay,,1975-01-05,1975
1975-324,Maui,A,32.0,Hard,,1975-01-05,1975
1975-663,Louisville,A,64.0,Clay,,1975-01-05,1975
1975-D033,Davis Cup,D,4.0,Clay,,1975-01-05,1975
1975-312,Bologna WCT,A,32.0,Carpet,True,1975-01-06,1975
1975-331,Melbourne Indoor,A,32.0,Clay,True,1975-01-06,1975
1975-9205,Hartford,A,6.0,Carpet,True,1975-01-06,1975
1975-429,Stockholm,A,64.0,Hard,,1975-01-06,1975
1975-610,Dallas WCT,A,8.0,Carpet,True,1975-01-07,1975
1975-278,Barcelona,A,64.0,Clay,,1975-01-07,1975
1975-308,Munich,A,32.0,Clay,,1975-01-07,1975
1975-314,Gstaad,A,32.0,Clay,,1975-01-07,1975
1975-316,Bastad,A,32.0,Clay,,1975-01-07,1975
1975-652,St. Louis,A,32.0,Clay,,1975-01-07,1975
1975-D017,Davis Cup,D,4.0,Clay,,1975-01-07,1975
1975-328,Basel,A,32.0,Carpet,True,1975-01-09,1975
1975-D009,Davis Cup,D,4.0,Clay,,1975-01-09,1975
1975-D025,Davis Cup,D,4.0,Clay,,1975-01-09,1975
1975-237,Sao Paulo WCT,A,32.0,Carpet,True,1975-01-10,1975
1975-302,Toronto Indoor WCT,A,32.0,Carpet,True,1975-01-10,1975
1975-355,Salisbury,A,64.0,Carpet,True,1975-01-10,1975
1975-710,Washington Indoor WCT,A,32.0,Carpet,True,1975-01-10,1975
1975-804,Munich WCT,A,32.0,Carpet,True,1975-01-10,1975
1975-303,Buenos Aires,A,32.0,Clay,,1975-01-10,1975
1975-310,Florence,A,32.0,Clay,,1975-01-10,1975
1975-336,Hong Kong,A,32.0,Hard,,1975-01-10,1975
1975-661,Dusseldorf,A,32.0,Clay,,1975-01-10,1975
1975-D004,Davis Cup,D,4.0,Grass,,1975-01-10,1975
1975-D012,Davis Cup,D,4.0,,,1975-01-10,1975
1975-D043,Davis Cup,D,4.0,,,1975-01-10,1975
1975-657,Hampton,A,32.0,Carpet,True,1975-01-11,1975
1975-421,Toronto,M,64.0,Clay,,1975-01-11,1975
1975-426,Johannesburg - WCT,A,32.0,Hard,,1975-01-11,1975
1975-301,Auckland,A,32.0,Grass,,1975-01-12,1975
1975-309,Madrid,A,64.0,Clay,,1975-01-12,1975
1975-343,Columbus,A,32.0,Hard,,1975-01-12,1975
1975-347,Bournemouth,A,64.0,Clay,,1975-01-12,1975
1975-413,Las Vegas,A,32.0,Hard,,1975-01-12,1975
1975-D051,Davis Cup,D,4.0,Clay,,1975-01-12,1975
1975-2021,Freeport,A,32.0,,,1975-01-13,1975
1975-319,Kitzbuhel,A,32.0,Clay,,1975-01-13,1975
1975-425,Barcelona,A,64.0,Clay,,1975-01-13,1975
1975-9208,San Juan,A,16.0,Clay,,1975-01-13,1975
1975-389,Denver WCT,A,32.0,Carpet,True,1975-01-14,1975
1975-428,Tokyo Indoor,A,32.0,Carpet,True,1975-01-14,1975
1975-2016,London,A,64.0,Carpet,True,1975-01-15,1975
1975-423,Los Angeles,A,64.0,Hard,,1975-01-15,1975
1975-350,Nottingham,A,64.0,Grass,,1975-01-16,1975
1975-D023,Davis Cup,D,4.0,,,1975-01-16,1975
1975-D032,Davis Cup,D,4.0,Clay,,1975-01-16,1975
1975-267,Barcelona WCT,A,32.0,Carpet,True,1975-01-17,1975
1975-402,Memphis,A,32.0,Carpet,True,1975-01-17,1975
1975-D015,Davis Cup,D,4.0,Carpet,True,1975-01-17,1975
1975-2025,New York,A,32.0,,,1975-01-17,1975
1975-254,Johannesburg,A,64.0,Hard,,1975-01-17,1975
1975-344,Caracas WCT,A,32.0,Hard,,1975-01-17,1975
1975-653,Fort Worth WCT,A,32.0,Hard,,1975-01-17,1975
1975-680,Calcutta,A,32.0,Clay,,1975-01-17,1975
1975-718,Boca Raton,A,32.0,Hard,,1975-01-17,1975
1975-813,La Costa WCT,A,32.0,Hard,,1975-01-17,1975
1975-9207,Algiers,A,32.0,Clay,,1975-01-17,1975
1975-D039,Davis Cup,D,4.0,,,1975-01-17,1975
1975-D057,Davis Cup,D,4.0,Hard,,1975-01-17,1975
1975-816,Baltimore,A,16.0,Carpet,True,1975-01-18,1975
1975-417,Boston,A,64.0,Clay,,1975-01-18,1975
1975-707,South Orange,A,32.0,Clay,,1975-01-18,1975
1975-D018,Davis Cup,D,4.0,,,1975-01-18,1975
1975-D026,Davis Cup,D,4.0,Clay,,1975-01-18,1975
1975-D035,Davis Cup,D,4.0,Clay,,1975-01-18,1975
1975-D055,Davis Cup,D,4.0,Clay,,1975-01-18,1975
1975-427,Sydney Indoor,A,64.0,Hard,True,1975-01-19,1975
1975-D056,Davis Cup,D,4.0,Carpet,True,1975-01-19,1975
1975-414,Hamburg,A,64.0,Clay,,1975-01-19,1975
1975-D013,Davis Cup,D,4.0,,,1975-01-19,1975
1975-D019,Davis Cup,D,4.0,Clay,,1975-01-19,1975
1975-D040,Davis Cup,D,4.0,,,1975-01-19,1975
1975-D050,Davis Cup,D,4.0,Clay,,1975-01-19,1975
1975-401,Philadelphia WCT,A,128.0,Carpet,True,1975-01-20,1975
1975-411,Chicago,A,32.0,Carpet,True,1975-01-20,1975
1975-650,Birmingham,A,32.0,Carpet,True,1975-01-20,1975
1975-2027,Istanbul,A,32.0,,,1975-01-20,1975
1975-317,Hilversum,A,32.0,Clay,,1975-01-20,1975
1975-659,Valencia,A,64.0,Clay,,1975-01-20,1975
1975-9340,World Invitational Classic,A,4.0,Clay,,1975-01-20,1975
1975-D028,Davis Cup,D,4.0,Clay,,1975-01-20,1975
1975-666,Stockholm - WCT,A,32.0,Carpet,True,1975-01-21,1975
1975-2014,Bermuda,A,32.0,Clay,,1975-01-21,1975
1975-338,Sydney Outdoor,A,64.0,Grass,,1975-01-21,1975
1975-418,Washington,A,64.0,,,1975-01-21,1975
1975-436,Charlotte,A,32.0,Clay,,1975-01-21,1975
1975-820,Houston,A,32.0,Clay,,1975-01-21,1975
1975-D046,Davis Cup,D,4.0,Clay,,1975-01-22,1975
1975-1602,San Antonio WCT,A,32.0,Hard,,1975-01-23,1975
1975-410,Monte Carlo WCT,A,32.0,Clay,,1975-01-23,1975
1975-540,Wimbledon,G,128.0,Grass,,1975-01-23,1975
1975-D030,Davis Cup,D,4.0,Clay,,1975-01-23,1975
1975-2023,Fairfield,A,32.0,Carpet,True,1975-01-24,1975
1975-407,Rotterdam WCT,A,32.0,Carpet,True,1975-01-24,1975
1975-412,Atlanta WCT,A,32.0,Carpet,True,1975-01-24,1975
1975-409,Orlando WCT,A,32.0,Hard,,1975-01-24,1975
1975-416,Rome,M,64.0,Clay,,1975-01-25,1975
1975-D027,Davis Cup,D,4.0,Clay,,1975-01-25,1975
1975-D029,Davis Cup,D,4.0,Clay,,1975-01-25,1975
1975-424,San Francisco,A,64.0,Carpet,True,1975-01-26,1975
1975-656,Jackson,A,16.0,Carpet,True,1975-01-26,1975
1975-D022,Davis Cup,D,4.0,Carpet,True,1975-01-26,1975
1975-2011,Tehran,A,64.0,Clay,,1975-01-26,1975
1975-243,Perth,A,32.0,Hard,,1975-01-26,1975
1975-9209,Dusseldorf,A,32.0,Clay,,1975-01-26,1975
1975-D002,Davis Cup,D,4.0,Clay,,1975-01-26,1975
1975-D006,Davis Cup,D,4.0,Clay,,1975-01-26,1975
1975-D007,Davis Cup,D,4.0,,,1975-01-26,1975
1975-D010,Davis Cup,D,4.0,,,1975-01-26,1975
1975-D041,Davis Cup,D,4.0,,,1975-01-26,1975
1975-D047,Davis Cup,D,4.0,,,1975-01-26,1975
1975-D053,Davis Cup,D,4.0,,,1975-01-26,1975
1976-580,Australian Open,G,64.0,Grass,,1975-01-26,1975
1975-352,Paris Indoor,A,32.0,Hard,True,1975-01-27,1975
1975-802,Richmond-WCT,A,32.0,Carpet,True,1975-01-27,1975
1975-2026,Madrid,A,64.0,Clay,,1975-01-27,1975
1975-362,Manila,A,32.0,Hard,,1975-01-27,1975
1975-560,US Open,G,128.0,Clay,,1975-01-27,1975
1975-716,Dayton Indoor,A,16.0,Carpet,True,1975-01-28,1975
1975-305,Nice,A,64.0,Clay,,1975-01-28,1975
1975-D005,Davis Cup,D,4.0,Grass,,1975-01-28,1975
1975-D016,Davis Cup,D,4.0,Clay,,1975-01-28,1975
1975-D037,Davis Cup,D,4.0,,,1975-01-28,1975
1975-615,Kingston,A,16.0,Carpet,True,1975-01-29,1975
1975-2022,Roanoke,A,32.0,,,1975-01-29,1975
1975-422,Cincinnati,M,32.0,Clay,,1975-01-29,1975
1975-605,Masters,M,8.0,Hard,,1975-01-30,1975
1975-729,Tuscon,A,64.0,Hard,,1975-01-31,1975
1975-D003,Davis Cup,D,4.0,Clay,,1975-01-31,1975
1975-D049,Davis Cup,D,4.0,Hard,,1975-01-31,1975
1976-301,Auckland,A,32.0,Hard,,1975-01-31,1975
1976-2016,London,A,32.0,Carpet,True,1976-01-01,1976
1976-328,Basel,A,16.0,Carpet,True,1976-01-01,1976
1976-332,Cologne,A,32.0,Carpet,True,1976-01-01,1976
1976-660,Little Rock,A,32.0,Carpet,True,1976-01-01,1976
1976-329,Tokyo Outdoor,A,64.0,Clay,,1976-01-01,1976
1976-560,US Open,G,128.0,Clay,,1976-01-01,1976
1976-D025,Davis Cup,D,4.0,,,1976-01-01,1976
1976-D055,Davis Cup,D,4.0,,,1976-01-01,1976
1976-3933,Las Vegas,A,8.0,Carpet,True,1976-01-02,1976
1976-267,Barcelona WCT,A,16.0,Clay,,1976-01-02,1976
1976-663,Louisville,A,64.0,Clay,,1976-01-02,1976
1976-718,Boca Raton,A,32.0,Hard,,1976-01-02,1976
1976-D031,Davis Cup,D,4.0,Clay,,1976-01-02,1976
1976-D037,Davis Cup,D,4.0,,,1976-01-02,1976
1976-D016,Davis Cup,D,4.0,Carpet,True,1976-01-03,1976
1976-310,Florence,A,32.0,Clay,,1976-01-03,1976
1976-610,Dallas WCT,A,8.0,Carpet,True,1976-01-04,1976
1976-802,Richmond WCT,A,16.0,Carpet,True,1976-01-04,1976
1976-9205,Hartford,A,6.0,Carpet,True,1976-01-04,1976
1976-2011,Tehran,A,64.0,Clay,,1976-01-04,1976
1976-2028,Aviles,A,32.0,Clay,,1976-01-04,1976
1976-278,Barcelona,A,64.0,Clay,,1976-01-04,1976
1976-305,Nice,A,64.0,Clay,,1976-01-04,1976
1976-308,Munich,A,32.0,Clay,,1976-01-04,1976
1976-314,Gstaad,A,48.0,Clay,,1976-01-04,1976
1976-316,Bastad,A,64.0,Clay,,1976-01-04,1976
1976-324,Maui,A,64.0,Hard,,1976-01-04,1976
1976-361,Santiago,A,16.0,Clay,,1976-01-04,1976
1976-345,Monterrey WCT,A,16.0,Carpet,True,1976-01-05,1976
1976-605,Masters,M,8.0,Carpet,True,1976-01-05,1976
1976-254,Johannesburg WCT,A,16.0,Hard,,1976-01-05,1976
1976-D004,Davis Cup,D,4.0,Clay,,1976-01-05,1976
1976-D029,Davis Cup,D,4.0,Grass,,1976-01-05,1976
1976-405,Houston,A,16.0,Clay,,1976-01-06,1976
1976-662,Columbus WCT,A,16.0,Carpet,True,1976-01-07,1976
1976-336,Hong Kong,A,48.0,Hard,,1976-01-07,1976
1976-429,Stockholm,A,64.0,Hard,,1976-01-07,1976
1976-658,Nuremberg,A,32.0,Carpet,True,1976-01-08,1976
1976-716,Dayton,A,16.0,Carpet,True,1976-01-08,1976
1976-705,North Conway,A,64.0,Clay,,1976-01-08,1976
1976-D020,Davis Cup,D,4.0,,,1976-01-08,1976
1976-D028,Davis Cup,D,4.0,Grass,,1976-01-08,1976
1976-D049,Davis Cup,D,4.0,,,1976-01-08,1976
1976-402,Memphis WCT,A,16.0,Carpet,True,1976-01-09,1976
1976-295,Mexico City WCT,A,16.0,Clay,,1976-01-09,1976
1976-343,Columbus,A,64.0,Hard,,1976-01-09,1976
1976-419,Indianapolis,A,64.0,Clay,,1976-01-09,1976
1976-D006,Davis Cup,D,4.0,Grass,,1976-01-09,1976
1976-302,Toronto Indoor WCT,A,16.0,Carpet,True,1976-01-10,1976
1976-657,Hampton,A,16.0,Carpet,True,1976-01-10,1976
1976-1725,Pepsi Grand Slam,A,4.0,Clay,,1976-01-10,1976
1976-205,Lagos WCT,A,16.0,Clay,,1976-01-10,1976
1976-347,Bournemouth,A,64.0,Clay,,1976-01-10,1976
1976-413,Las Vegas,A,32.0,Hard,,1976-01-10,1976
1976-D036,Davis Cup,D,4.0,,,1976-01-10,1976
1976-2015,Madrid,A,64.0,Clay,,1976-01-11,1976
1976-326,Brisbane,A,32.0,Grass,,1976-01-11,1976
1976-664,Indianapolis WCT,A,16.0,Carpet,True,1976-01-12,1976
1976-422,Cincinnati,M,64.0,Clay,,1976-01-12,1976
1976-9340,World Invitational Classic,A,4.0,Clay,,1976-01-12,1976
1976-D005,Davis Cup,D,4.0,Clay,,1976-01-12,1976
1976-D013,Davis Cup,D,4.0,,,1976-01-12,1976
1976-D045,Davis Cup,D,4.0,,,1976-01-12,1976
1976-D058,Davis Cup,D,4.0,,,1976-01-12,1976
1976-2014,Bermuda,A,32.0,Clay,,1976-01-13,1976
1976-317,Hilversum,A,32.0,Clay,,1976-01-13,1976
1976-410,Monte Carlo WCT,A,16.0,Clay,,1976-01-13,1976
1976-D034,Davis Cup,D,4.0,,,1976-01-13,1976
1976-355,Salisbury,A,64.0,Carpet,True,1976-01-14,1976
1976-412,Atlanta WCT,A,16.0,Carpet,True,1976-01-14,1976
1976-277,Berlin,A,32.0,Hard,,1976-01-14,1976
1976-D024,Davis Cup,D,4.0,,,1976-01-14,1976
1976-D032,Davis Cup,D,4.0,,,1976-01-14,1976
1976-240,Sao Paulo,A,32.0,Carpet,True,1976-01-15,1976
1976-430,Wembley,A,32.0,Carpet,True,1976-01-15,1976
1976-710,Washington WCT,A,16.0,Carpet,True,1976-01-15,1976
1976-350,Nottingham,A,64.0,Grass,,1976-01-15,1976
1976-362,Manila,A,64.0,Hard,,1976-01-15,1976
1976-3935,WCT Challenge Cup,A,8.0,Hard,,1976-01-15,1976
1976-D046,Davis Cup,D,4.0,Hard,,1976-01-15,1976
1976-315,Newport,A,16.0,Grass,,1976-01-16,1976
1976-813,La Costa,A,16.0,Hard,,1976-01-16,1976
1976-D038,Davis Cup,D,4.0,Grass,,1976-01-16,1976
1976-D043,Davis Cup,D,4.0,Clay,,1976-01-16,1976
1976-652,St. Louis WCT,A,16.0,Carpet,True,1976-01-17,1976
1976-656,Jackson WCT,A,16.0,Carpet,True,1976-01-17,1976
1976-414,Hamburg,A,64.0,Clay,,1976-01-17,1976
1976-421,Toronto,M,64.0,Clay,,1976-01-17,1976
1976-665,Rome WCT,A,16.0,Clay,,1976-01-17,1976
1976-D003,Davis Cup,D,4.0,Clay,,1976-01-17,1976
1976-D011,Davis Cup,D,4.0,,,1976-01-17,1976
1976-D017,Davis Cup,D,4.0,Clay,,1976-01-17,1976
1976-D041,Davis Cup,D,4.0,Hard,,1976-01-17,1976
1976-D051,Davis Cup,D,4.0,Hard,,1976-01-17,1976
1976-427,Sydney Indoor,A,64.0,Hard,True,1976-01-18,1976
1976-436,Charlotte WCT,A,16.0,Carpet,True,1976-01-18,1976
1976-481,Copenhagen,A,16.0,Carpet,True,1976-01-18,1976
1976-319,Kitzbuhel,A,64.0,Clay,,1976-01-18,1976
1976-425,Barcelona,A,64.0,Clay,,1976-01-18,1976
1976-655,Palma,A,64.0,Clay,,1976-01-18,1976
1976-389,Denver WCT,A,16.0,Carpet,True,1976-01-20,1976
1976-423,Los Angeles,A,64.0,Carpet,True,1976-01-20,1976
1976-650,Birmingham,A,32.0,Carpet,True,1976-01-20,1976
1976-666,Stockholm - WCT,A,16.0,Carpet,True,1976-01-20,1976
1976-D030,Davis Cup,D,4.0,Grass,,1976-01-20,1976
1976-540,Wimbledon,G,128.0,Grass,,1976-01-21,1976
1976-D044,Davis Cup,D,4.0,Clay,,1976-01-21,1976
1976-654,Sacramento,A,16.0,Carpet,True,1976-01-22,1976
1976-2017,Bangalore,A,32.0,Clay,,1976-01-22,1976
1976-303,Buenos Aires,A,32.0,Clay,,1976-01-22,1976
1976-661,Dusseldorf,A,64.0,Clay,,1976-01-22,1976
1976-729,Palm Springs,A,64.0,Hard,,1976-01-22,1976
1976-D023,Davis Cup,D,4.0,Clay,,1976-01-22,1976
1976-407,Rotterdam WCT,A,16.0,Carpet,True,1976-01-23,1976
1976-417,Boston,A,64.0,Clay,,1976-01-23,1976
1976-426,Johannesburg - WCT,A,64.0,Hard,,1976-01-23,1976
1976-707,South Orange,A,32.0,Clay,,1976-01-23,1976
1976-D026,Davis Cup,D,4.0,,,1976-01-23,1976
1976-D035,Davis Cup,D,4.0,Clay,,1976-01-23,1976
1976-416,Rome,M,64.0,Clay,,1976-01-24,1976
1976-651,Khartoum,A,16.0,Hard,,1976-01-24,1976
1976-653,Fort Worth WCT,A,16.0,Hard,,1976-01-24,1976
1976-D007,Davis Cup,D,4.0,Clay,,1976-01-24,1976
1976-D009,Davis Cup,D,4.0,,,1976-01-24,1976
1976-D022,Davis Cup,D,4.0,Clay,,1976-01-24,1976
1976-D039,Davis Cup,D,4.0,,,1976-01-24,1976
1976-D040,Davis Cup,D,4.0,Clay,,1976-01-24,1976
1976-D052,Davis Cup,D,4.0,Clay,,1976-01-24,1976
1976-D054,Davis Cup,D,4.0,Clay,,1976-01-24,1976
1976-D057,Davis Cup,D,4.0,,,1976-01-24,1976
1976-352,Paris Indoor,A,32.0,Hard,True,1976-01-25,1976
1976-816,Baltimore,A,16.0,Carpet,True,1976-01-25,1976
1976-243,Perth,A,32.0,Hard,,1976-01-25,1976
1976-309,Madrid,A,64.0,Clay,,1976-01-25,1976
1976-337,Vienna,A,32.0,Hard,,1976-01-25,1976
1976-D001,Davis Cup,D,4.0,Clay,,1976-01-25,1976
1976-401,Philadelphia WCT,A,64.0,Carpet,True,1976-01-26,1976
1976-338,Sydney Outdoor,A,64.0,Grass,,1976-01-26,1976
1976-418,Washington,A,64.0,Clay,,1976-01-26,1976
1976-D018,Davis Cup,D,4.0,,,1976-01-26,1976
1976-424,San Francisco,A,64.0,Carpet,True,1976-01-27,1976
1976-D008,Davis Cup,D,4.0,Grass,,1976-01-27,1976
1976-659,Valencia,A,64.0,Clay,,1976-01-28,1976
1976-D027,Davis Cup,D,4.0,,,1976-01-28,1976
1976-320,Cleveland,A,32.0,Carpet,True,1976-01-29,1976
1976-D015,Davis Cup,D,4.0,Carpet,True,1976-01-29,1976
1976-237,Sao Paulo WCT,A,16.0,Carpet,True,1976-01-30,1976
1976-344,Caracas WCT,A,16.0,Clay,,1976-01-30,1976
1976-D010,Davis Cup,D,4.0,,,1976-01-30,1976
1976-D012,Davis Cup,D,4.0,,,1976-01-30,1976
1976-D014,Davis Cup,D,4.0,Clay,,1976-01-30,1976
1976-D021,Davis Cup,D,4.0,Clay,,1976-01-30,1976
1976-D033,Davis Cup,D,4.0,,,1976-01-30,1976
1976-D042,Davis Cup,D,4.0,Clay,,1976-01-30,1976
1976-D053,Davis Cup,D,4.0,,,1976-01-30,1976
1976-520,Roland Garros,G,128.0,Clay,,1976-01-31,1976
1977-580,Australian Open,G,64.0,Grass,,1977-01-01,1977
1977-D017,Davis Cup,D,4.0,Clay,,1977-01-01,1977
1977-D019,Davis Cup,D,4.0,,,1977-01-01,1977
1977-D039,Davis Cup,D,4.0,,,1977-01-01,1977
1977-D044,Davis Cup,D,4.0,,,1977-01-01,1977
1977-716,Dayton,A,32.0,Carpet,True,1977-01-02,1977
1977-D006,Davis Cup,D,4.0,Grass,,1977-01-02,1977
1977-2011,Tehran,A,64.0,Clay,,1977-01-03,1977
1977-314,Gstaad,A,32.0,Clay,,1977-01-03,1977
1977-316,Bastad,A,32.0,Clay,,1977-01-03,1977
1977-324,Maui,A,32.0,Hard,,1977-01-03,1977
1977-656,Jackson,A,16.0,Carpet,True,1977-01-04,1977
1977-315,Newport,A,32.0,Grass,,1977-01-04,1977
1977-410,Monte Carlo WCT,A,16.0,Clay,,1977-01-04,1977
1977-D013,Davis Cup,D,4.0,,,1977-01-04,1977
1977-2013,Adelaide,A,64.0,Grass,,1977-01-05,1977
1977-D009,Davis Cup,D,4.0,Carpet,True,1977-01-06,1977
1977-350,Nottingham,A,64.0,Grass,,1977-01-06,1977
1977-406,Brussels,A,64.0,Clay,,1977-01-06,1977
1977-429,Stockholm,A,64.0,Hard,,1977-01-06,1977
1977-D022,Davis Cup,D,4.0,,,1977-01-06,1977
1977-D025,Davis Cup,D,4.0,,,1977-01-06,1977
1977-D048,Davis Cup,D,4.0,Clay,,1977-01-06,1977
1977-682,Springfield,A,32.0,Carpet,True,1977-01-07,1977
1977-336,Hong Kong,A,32.0,Hard,,1977-01-07,1977
1977-359,Bogota,A,32.0,Clay,,1977-01-07,1977
1977-681,Miami,A,32.0,Clay,,1977-01-07,1977
1977-807,Mexico City WCT,A,16.0,Hard,,1977-01-07,1977
1977-D047,Davis Cup,D,4.0,,,1977-01-07,1977
1977-657,Hampton,A,32.0,Carpet,True,1977-01-08,1977
1977-254,Johannesburg,A,32.0,Hard,,1977-01-08,1977
1977-343,Columbus,A,64.0,Clay,,1977-01-08,1977
1977-419,Indianapolis,A,64.0,Clay,,1977-01-08,1977
1977-414,Hamburg,A,64.0,Clay,,1977-01-09,1977
1977-D012,Davis Cup,D,4.0,,,1977-01-09,1977
1977-D014,Davis Cup,D,4.0,,,1977-01-09,1977
1977-D029,Davis Cup,D,4.0,Clay,,1977-01-09,1977
1977-D032,Davis Cup,D,4.0,,,1977-01-09,1977
1977-D034,Davis Cup,D,4.0,,,1977-01-09,1977
1977-3933,Las Vegas,A,2.0,Carpet,True,1977-01-10,1977
1977-610,Dallas WCT,A,8.0,Carpet,True,1977-01-10,1977
1977-9205,Hartford,A,6.0,Carpet,True,1977-01-10,1977
1977-301,Auckland,A,32.0,Grass,,1977-01-10,1977
1977-309,Madrid,A,64.0,Clay,,1977-01-10,1977
1977-326,Brisbane,A,32.0,Grass,,1977-01-10,1977
1977-7308,Adelaide,A,64.0,Grass,,1977-01-10,1977
1977-D001,Davis Cup,D,4.0,Clay,,1977-01-10,1977
1977-1725,Pepsi Grand Slam,A,4.0,Clay,,1977-01-11,1977
1977-2009,Murcia,A,32.0,Clay,,1977-01-11,1977
1977-319,Kitzbuhel,A,32.0,Clay,,1977-01-11,1977
1977-405,Houston WCT,A,16.0,Hard,,1977-01-11,1977
1977-422,Cincinnati,M,64.0,Clay,,1977-01-11,1977
1977-D007,Davis Cup,D,4.0,Grass,,1977-01-11,1977
1977-1506,Birmingham WCT,A,16.0,Carpet,True,1977-01-12,1977
1977-317,Hilversum,A,32.0,Clay,,1977-01-12,1977
1977-338,Sydney Outdoor,A,64.0,Grass,,1977-01-12,1977
1977-277,Berlin,A,32.0,Clay,,1977-01-13,1977
1977-311,Queen's Club,A,64.0,Grass,,1977-01-13,1977
1977-2008,Helsinki,A,32.0,Carpet,True,1977-01-14,1977
1977-3934,WCT Challenge Cup,A,8.0,Carpet,True,1977-01-14,1977
1977-652,St. Louis WCT,A,16.0,Carpet,True,1977-01-14,1977
1977-710,Washington Indoor,A,32.0,Carpet,True,1977-01-14,1977
1977-2020,Laguna Niguel,A,32.0,Hard,,1977-01-14,1977
1977-356,San Jose,A,32.0,Hard,,1977-01-14,1977
1977-361,Santiago,A,32.0,Clay,,1977-01-14,1977
1977-362,Manila,A,32.0,Hard,,1977-01-14,1977
1977-430,Wembley,A,32.0,Hard,,1977-01-14,1977
1977-722,Buenos Aires,A,16.0,Clay,,1977-01-14,1977
1977-D002,Davis Cup,D,4.0,Clay,,1977-01-14,1977
1977-D024,Davis Cup,D,4.0,Clay,,1977-01-14,1977
1977-2019,Ocean City,A,16.0,Hard,,1977-01-15,1977
1977-D016,Davis Cup,D,4.0,,,1977-01-15,1977
1977-D037,Davis Cup,D,4.0,Clay,,1977-01-15,1977
1977-D045,Davis Cup,D,4.0,Hard,,1977-01-15,1977
1977-D049,Davis Cup,D,4.0,Hard,,1977-01-15,1977
1977-302,Toronto Indoor WCT,A,16.0,Carpet,True,1977-01-16,1977
1977-416,Rome,M,64.0,Clay,,1977-01-16,1977
1977-421,Toronto,M,64.0,Clay,,1977-01-16,1977
1977-661,Dusseldorf,A,32.0,Clay,,1977-01-16,1977
1977-D010,Davis Cup,D,4.0,Clay,,1977-01-16,1977
1977-D018,Davis Cup,D,4.0,,,1977-01-16,1977
1977-D023,Davis Cup,D,4.0,Hard,,1977-01-16,1977
1977-D031,Davis Cup,D,4.0,Clay,,1977-01-16,1977
1977-D035,Davis Cup,D,4.0,Grass,,1977-01-16,1977
1977-D041,Davis Cup,D,4.0,,,1977-01-16,1977
1977-D042,Davis Cup,D,4.0,Clay,,1977-01-16,1977
1977-427,Sydney Indoor,A,32.0,Hard,True,1977-01-17,1977
1977-816,Baltimore,A,32.0,Carpet,True,1977-01-17,1977
1977-2059,Tournament of Champions WCT,A,16.0,,,1977-01-17,1977
1977-425,Barcelona,A,64.0,Clay,,1977-01-17,1977
1977-389,Denver,A,32.0,Carpet,True,1977-01-18,1977
1977-310,Florence,A,32.0,Clay,,1977-01-18,1977
1977-418,Washington,A,64.0,Clay,,1977-01-18,1977
1977-D003,Davis Cup,D,4.0,Clay,,1977-01-18,1977
1977-D015,Davis Cup,D,4.0,,,1977-01-18,1977
1977-436,Charlotte WCT,A,16.0,Carpet,True,1977-01-19,1977
1977-2006,Los Angeles,A,64.0,Hard,,1977-01-19,1977
1977-2010,Paris,A,32.0,Clay,,1977-01-19,1977
1977-581,Australian Open-2,G,64.0,Grass,,1977-01-19,1977
1977-674,Virginia Beach,A,16.0,Clay,,1977-01-19,1977
1977-D028,Davis Cup,D,4.0,,,1977-01-19,1977
1977-540,Wimbledon,G,128.0,Grass,,1977-01-20,1977
1977-407,Rotterdam,A,16.0,Carpet,True,1977-01-21,1977
1977-2012,Oviedo,A,64.0,Hard,,1977-01-21,1977
1977-206,Cairo,A,16.0,Clay,,1977-01-21,1977
1977-303,Buenos Aires,A,32.0,Clay,,1977-01-21,1977
1977-333,Taipei,A,32.0,Hard,,1977-01-21,1977
1977-729,Palm Springs,A,64.0,Hard,,1977-01-21,1977
1977-813,La Costa,A,64.0,Hard,,1977-01-21,1977
1977-D005,Davis Cup,D,4.0,Grass,,1977-01-21,1977
1977-D033,Davis Cup,D,4.0,Grass,,1977-01-21,1977
1977-D038,Davis Cup,D,4.0,,,1977-01-21,1977
1977-D008,Davis Cup,D,4.0,,,1977-01-22,1977
1977-D030,Davis Cup,D,4.0,,,1977-01-22,1977
1977-D036,Davis Cup,D,4.0,Clay,,1977-01-22,1977
1977-D046,Davis Cup,D,4.0,Clay,,1977-01-22,1977
1977-417,Boston,A,64.0,Clay,,1977-01-23,1977
1977-520,Roland Garros,G,128.0,Clay,,1977-01-23,1977
1977-D020,Davis Cup,D,4.0,,,1977-01-23,1977
1977-D026,Davis Cup,D,4.0,Clay,,1977-01-23,1977
1977-401,Philadelphia WCT,A,64.0,Carpet,True,1977-01-24,1977
1977-243,Perth,A,32.0,Hard,,1977-01-24,1977
1977-337,Vienna,A,32.0,Hard,,1977-01-24,1977
1977-328,Basel,A,32.0,Carpet,True,1977-01-25,1977
1977-413,Las Vegas,A,32.0,Hard,,1977-01-25,1977
1977-663,Louisville,A,64.0,Clay,,1977-01-25,1977
1977-424,San Francisco,A,64.0,Carpet,True,1977-01-26,1977
1977-308,Munich,A,32.0,Clay,,1977-01-26,1977
1977-342,Aix en Provence,A,32.0,Clay,,1977-01-26,1977
1977-9340,World Invitational Classic,A,4.0,Clay,,1977-01-26,1977
1977-D043,Davis Cup,D,4.0,,,1977-01-27,1977
1977-345,Monterrey WCT,A,16.0,Carpet,True,1977-01-28,1977
1977-402,Memphis,A,64.0,Carpet,True,1977-01-28,1977
1977-423,Los Angeles PSW,A,64.0,Carpet,True,1977-01-28,1977
1977-1729,Bombay,A,32.0,Clay,,1977-01-28,1977
1977-262,London WCT,A,16.0,Hard,,1977-01-28,1977
1977-305,Nice,A,32.0,Clay,,1977-01-28,1977
1977-426,Johannesburg WCT,A,32.0,Hard,,1977-01-28,1977
1977-D004,Davis Cup,D,4.0,Clay,,1977-01-28,1977
1977-D011,Davis Cup,D,4.0,Clay,,1977-01-28,1977
1977-D040,Davis Cup,D,4.0,,,1977-01-28,1977
1977-810,Zurich,A,32.0,Hard,,1977-01-29,1977
1977-D021,Davis Cup,D,4.0,,,1977-01-29,1977
1977-332,Cologne,A,32.0,Carpet,True,1977-01-31,1977
1977-352,Paris Indoor,A,32.0,Hard,True,1977-01-31,1977
1977-660,Little Rock,A,32.0,Carpet,True,1977-01-31,1977
1977-802,Richmond WCT,A,16.0,Carpet,True,1977-01-31,1977
1977-329,Tokyo Outdoor,A,64.0,Clay,,1977-01-31,1977
1977-560,US Open,G,128.0,Clay,,1977-01-31,1977
1977-705,North Conway,A,64.0,Clay,,1977-01-31,1977
1977-707,South Orange,A,32.0,Clay,,1977-01-31,1977
1978-D012,Davis Cup,D,4.0,,,1978-01-01,1978
1978-D036,Davis Cup,D,4.0,,,1978-01-01,1978
1978-716,Dayton,A,32.0,Carpet,True,1978-01-02,1978
1978-324,Maui,A,32.0,Hard,,1978-01-02,1978
1978-D040,Davis Cup,D,4.0,,,1978-01-02,1978
1978-407,Rotterdam WCT,A,32.0,Carpet,True,1978-01-03,1978
1978-254,Johannesburg,A,32.0,Hard,,1978-01-03,1978
1978-D032,Davis Cup,D,4.0,,,1978-01-03,1978
1977-605,Masters,M,8.0,Carpet,True,1978-01-04,1978
1978-361,Santiago,A,32.0,Clay,,1978-01-04,1978
1978-426,Johannesburg,A,32.0,Hard,,1978-01-04,1978
1978-680,Calcutta,A,32.0,Clay,,1978-01-04,1978
1978-660,Little Rock,A,32.0,Carpet,True,1978-01-05,1978
1978-205,Lagos,A,32.0,Clay,,1978-01-05,1978
1978-D031,Davis Cup,D,4.0,,,1978-01-05,1978
1978-715,New Orleans,A,32.0,Carpet,True,1978-01-06,1978
1978-D004,Davis Cup,D,4.0,Carpet,True,1978-01-06,1978
1978-D050,Davis Cup,D,4.0,Carpet,True,1978-01-06,1978
1978-429,Stockholm,A,64.0,Hard,,1978-01-06,1978
1978-D011,Davis Cup,D,4.0,Clay,,1978-01-06,1978
1978-D014,Davis Cup,D,4.0,,,1978-01-06,1978
1978-343,Colombus,A,32.0,Clay,,1978-01-07,1978
1978-419,Indianapolis,A,64.0,Clay,,1978-01-07,1978
1978-309,Madrid,A,64.0,Clay,,1978-01-08,1978
1978-615,Nations Cup,A,16.0,Clay,,1978-01-08,1978
1978-D001,Davis Cup,D,4.0,Clay,,1978-01-08,1978
1978-D016,Davis Cup,D,4.0,Clay,,1978-01-08,1978
1978-D026,Davis Cup,D,4.0,Hard,,1978-01-08,1978
1978-D039,Davis Cup,D,4.0,,,1978-01-08,1978
1978-1506,Birmingham WCT,A,32.0,Carpet,True,1978-01-09,1978
1978-610,Dallas WCT,A,8.0,Carpet,True,1978-01-09,1978
1978-9205,Hartford,A,6.0,Carpet,True,1978-01-09,1978
1978-326,Brisbane,A,32.0,Grass,,1978-01-09,1978
1978-425,Barcelona,A,64.0,Clay,,1978-01-09,1978
1978-314,Gstaad,A,32.0,Clay,,1978-01-10,1978
1978-315,Newport,A,32.0,Grass,,1978-01-10,1978
1978-410,Monte Carlo WCT,A,32.0,Clay,,1978-01-10,1978
1978-415,Forest Hills WCT,A,16.0,Clay,,1978-01-10,1978
1978-422,Cincinnati,M,64.0,Clay,,1978-01-10,1978
1978-652,St. Louis WCT,A,32.0,Carpet,True,1978-01-12,1978
1978-682,Springfield,A,32.0,Carpet,True,1978-01-12,1978
1978-206,Cairo,A,16.0,Clay,,1978-01-12,1978
1978-3934,WCT Challenge Cup,A,8.0,Hard,,1978-01-12,1978
1978-406,Brussels,A,32.0,Clay,,1978-01-12,1978
1978-333,Taipei,A,32.0,Carpet,True,1978-01-13,1978
1978-710,Washington Indoor,A,32.0,Carpet,True,1978-01-13,1978
1978-336,Hong Kong,A,32.0,Hard,,1978-01-13,1978
1978-404,Palm Springs,A,64.0,Hard,,1978-01-13,1978
1978-D023,Davis Cup,D,4.0,Clay,,1978-01-13,1978
1978-D029,Davis Cup,D,4.0,,,1978-01-13,1978
1978-D048,Davis Cup,D,4.0,Clay,,1978-01-13,1978
1978-D051,Davis Cup,D,4.0,Clay,,1978-01-13,1978
1978-430,Wembley,A,32.0,Carpet,True,1978-01-14,1978
1978-349,Stowe,A,32.0,Hard,,1978-01-14,1978
1978-421,Montreal / Toronto,M,48.0,Clay,,1978-01-14,1978
1978-D021,Davis Cup,D,4.0,Clay,,1978-01-14,1978
1978-414,Hamburg,A,64.0,Clay,,1978-01-15,1978
1978-D010,Davis Cup,D,4.0,,,1978-01-15,1978
1978-D015,Davis Cup,D,4.0,,,1978-01-15,1978
1978-D018,Davis Cup,D,4.0,Clay,,1978-01-15,1978
1978-D020,Davis Cup,D,4.0,Clay,,1978-01-15,1978
1978-D022,Davis Cup,D,4.0,,,1978-01-15,1978
1978-D025,Davis Cup,D,4.0,Grass,,1978-01-15,1978
1978-D030,Davis Cup,D,4.0,Clay,,1978-01-15,1978
1978-D035,Davis Cup,D,4.0,,,1978-01-15,1978
1978-D043,Davis Cup,D,4.0,,,1978-01-15,1978
1978-D044,Davis Cup,D,4.0,Clay,,1978-01-15,1978
1978-280,Guadalajara,A,32.0,Clay,,1978-01-16,1978
1978-D007,Davis Cup,D,4.0,Grass,,1978-01-16,1978
1978-D027,Davis Cup,D,4.0,,,1978-01-16,1978
1978-D047,Davis Cup,D,4.0,Clay,,1978-01-16,1978
1978-356,San Jose,A,32.0,Carpet,True,1978-01-17,1978
1978-D049,Davis Cup,D,4.0,Carpet,True,1978-01-17,1978
1978-305,Nice,A,32.0,Clay,,1978-01-17,1978
1978-316,Bastad,A,32.0,Clay,,1978-01-17,1978
1978-321,Stuttgart Outdoor,A,32.0,Clay,,1978-01-17,1978
1978-405,Houston WCT,A,32.0,Clay,,1978-01-17,1978
1978-D002,Davis Cup,D,4.0,Clay,,1978-01-17,1978
1978-D008,Davis Cup,D,4.0,Hard,,1978-01-17,1978
1978-D009,Davis Cup,D,4.0,,,1978-01-17,1978
1978-D024,Davis Cup,D,4.0,Clay,,1978-01-17,1978
1978-D028,Davis Cup,D,4.0,,,1978-01-17,1978
1978-D034,Davis Cup,D,4.0,,,1978-01-17,1978
1978-D037,Davis Cup,D,4.0,Hard,,1978-01-17,1978
1978-D041,Davis Cup,D,4.0,,,1978-01-17,1978
1978-D045,Davis Cup,D,4.0,Clay,,1978-01-17,1978
1978-423,Los Angeles,A,64.0,Carpet,True,1978-01-18,1978
1978-819,Hartford,A,32.0,Carpet,True,1978-01-18,1978
1978-725,Birmingham,A,64.0,Grass,,1978-01-18,1978
1978-277,Berlin,A,32.0,Clay,,1978-01-19,1978
1978-311,Queen's Club,A,64.0,Grass,,1978-01-19,1978
1978-359,Bogota,A,32.0,Clay,,1978-01-19,1978
1978-D033,Davis Cup,D,4.0,,,1978-01-19,1978
1978-389,Denver,A,32.0,Carpet,True,1978-01-20,1978
1978-683,Las Vegas,A,16.0,Carpet,True,1978-01-20,1978
1978-1725,Pepsi Grand Slam,A,16.0,Clay,,1978-01-20,1978
1978-320,Cleveland,A,32.0,Hard,,1978-01-20,1978
1978-362,Manila,A,32.0,Clay,,1978-01-20,1978
1978-D005,Davis Cup,D,4.0,Clay,,1978-01-20,1978
1978-310,Florence,A,32.0,Clay,,1978-01-21,1978
1978-412,Atlanta,A,32.0,Hard,,1978-01-21,1978
1978-417,Boston,A,64.0,Clay,,1978-01-21,1978
1978-427,Sydney Indoor,A,32.0,Hard,True,1978-01-22,1978
1978-816,Baltimore,A,32.0,Carpet,True,1978-01-22,1978
1978-D019,Davis Cup,D,4.0,Carpet,True,1978-01-22,1978
1978-416,Rome,M,64.0,Clay,,1978-01-22,1978
1978-401,Philadelphia WCT,A,64.0,Carpet,True,1978-01-23,1978
1978-308,Munich,A,32.0,Clay,,1978-01-23,1978
1978-329,Osaka,A,64.0,Clay,,1978-01-23,1978
1978-418,Washington,A,64.0,Clay,,1978-01-23,1978
1978-317,Hilversum,A,32.0,Clay,,1978-01-24,1978
1978-319,Kitzbuhel,A,32.0,Clay,,1978-01-24,1978
1978-328,Basel,A,32.0,Hard,,1978-01-24,1978
1978-338,Sydney Outdoor,A,64.0,Grass,,1978-01-24,1978
1978-347,Bournemouth,A,32.0,Clay,,1978-01-24,1978
1978-413,Las Vegas,A,32.0,Hard,,1978-01-24,1978
1978-D006,Davis Cup,D,4.0,Grass,,1978-01-24,1978
1978-424,San Francisco,A,64.0,Carpet,True,1978-01-25,1978
1978-295,Mexico City,A,32.0,Clay,,1978-01-25,1978
1978-342,Aix en Provence,A,32.0,Clay,,1978-01-25,1978
1978-303,Buenos Aires,A,32.0,Clay,,1978-01-26,1978
1978-540,Wimbledon,G,128.0,Grass,,1978-01-26,1978
1978-580,Australian Open,G,64.0,Grass,,1978-01-26,1978
1978-402,Memphis,A,32.0,Carpet,True,1978-01-27,1978
1978-408,Milan WCT,A,32.0,Carpet,True,1978-01-27,1978
1978-681,Miami,A,32.0,Carpet,True,1978-01-27,1978
1978-D003,Davis Cup,D,4.0,Carpet,True,1978-01-27,1978
1978-D013,Davis Cup,D,4.0,Clay,,1978-01-27,1978
1978-D017,Davis Cup,D,4.0,,,1978-01-27,1978
1978-312,Bologna,A,32.0,Carpet,True,1978-01-28,1978
1978-709,Sarasota,A,32.0,Carpet,True,1978-01-29,1978
1978-337,Vienna,A,32.0,Hard,,1978-01-29,1978
1978-520,Roland Garros,G,128.0,Clay,,1978-01-29,1978
1978-560,US Open,G,128.0,Hard,,1978-01-29,1978
1978-352,Paris Indoor,A,32.0,Hard,True,1978-01-30,1978
1978-802,Richmond WCT,A,32.0,Carpet,True,1978-01-30,1978
1978-332,Cologne,A,32.0,Hard,,1978-01-30,1978
1978-663,Louisville,A,64.0,Clay,,1978-01-30,1978
1978-707,South Orange,A,32.0,Clay,,1978-01-30,1978
1978-711,Tulsa,A,32.0,Hard,,1978-01-30,1978
1978-807,Mexico City WCT,A,32.0,Hard,,1978-01-30,1978
1978-428,Tokyo Indoor,A,32.0,Carpet,True,1978-01-31,1978
1978-705,North Conway,A,64.0,Clay,,1978-01-31,1978
1979-610,Dallas WCT,A,8.0,Carpet,True,1979-01-01,1979
1979-323,Bordeaux,A,32.0,Clay,,1979-01-01,1979
1979-324,Maui,A,48.0,Hard,,1979-01-01,1979
1979-713,Hobart,A,32.0,Grass,,1979-01-01,1979
1979-D042,Davis Cup,D,4.0,,,1979-01-01,1979
1979-407,Rotterdam,A,32.0,Carpet,True,1979-01-02,1979
1979-301,Auckland,A,32.0,Hard,,1979-01-02,1979
1979-305,Nice,A,32.0,Clay,,1979-01-02,1979
1979-3934,WCT Challenge Cup,A,8.0,Carpet,True,1979-01-04,1979
1979-336,Hong Kong,A,32.0,Hard,,1979-01-05,1979
1979-353,Quito,A,32.0,Clay,,1979-01-05,1979
1979-429,Stockholm,A,64.0,Hard,,1979-01-05,1979
1979-D006,Davis Cup,D,4.0,Grass,,1979-01-05,1979
1979-D037,Davis Cup,D,4.0,Clay,,1979-01-05,1979
1979-343,Colombus,A,32.0,Clay,,1979-01-06,1979
1979-419,Indianapolis,A,64.0,Clay,,1979-01-06,1979
1979-D014,Davis Cup,D,4.0,Hard,,1979-01-06,1979
1979-D041,Davis Cup,D,4.0,,,1979-01-06,1979
1979-D045,Davis Cup,D,4.0,,,1979-01-06,1979
1979-615,Nations Cup,A,16.0,Clay,,1979-01-07,1979
1979-D034,Davis Cup,D,4.0,,,1979-01-07,1979
1979-D040,Davis Cup,D,4.0,Hard,,1979-01-07,1979
1979-D043,Davis Cup,D,4.0,Clay,,1979-01-07,1979
1979-9205,New Haven,A,4.0,Carpet,True,1979-01-08,1979
1979-330,Tel Aviv,A,32.0,Hard,,1979-01-08,1979
1979-425,Barcelona,A,64.0,Clay,,1979-01-08,1979
1979-206,Cairo,A,32.0,Clay,,1979-01-09,1979
1979-314,Gstaad,A,32.0,Clay,,1979-01-09,1979
1979-315,Newport,A,32.0,Grass,,1979-01-09,1979
1979-326,Brisbane,A,32.0,Grass,,1979-01-09,1979
1979-410,Monte Carlo,A,32.0,Clay,,1979-01-09,1979
1979-415,Forest Hills WCT,A,16.0,Clay,,1979-01-09,1979
1979-711,Tulsa,A,32.0,Hard,,1979-01-09,1979
1979-D004,Davis Cup,D,4.0,Clay,,1979-01-09,1979
1979-D033,Davis Cup,D,4.0,,,1979-01-09,1979
1979-D039,Davis Cup,D,4.0,Grass,,1979-01-09,1979
1978-605,Masters,M,8.0,Carpet,True,1979-01-10,1979
1979-1725,Pepsi Grand Slam,A,4.0,Clay,,1979-01-10,1979
1979-339,Adelaide,A,32.0,Grass,,1979-01-10,1979
1979-412,Atlanta,A,32.0,Hard,,1979-01-10,1979
1979-311,Queen's Club,A,64.0,Grass,,1979-01-11,1979
1979-406,Brussels,A,32.0,Clay,,1979-01-11,1979
1979-333,Taipei,A,32.0,Carpet,True,1979-01-12,1979
1979-709,Sarasota,A,32.0,Carpet,True,1979-01-12,1979
1979-710,Washington Indoor,A,32.0,Carpet,True,1979-01-12,1979
1979-359,Bogota,A,32.0,Clay,,1979-01-12,1979
1979-404,Rancho Mirage,A,64.0,Hard,,1979-01-12,1979
1979-430,Wembley,A,32.0,Carpet,True,1979-01-13,1979
1979-320,Cleveland,A,32.0,Hard,,1979-01-13,1979
1979-349,Stowe,A,32.0,Hard,,1979-01-13,1979
1979-421,Montreal / Toronto,M,64.0,Hard,,1979-01-13,1979
1979-D022,Davis Cup,D,4.0,Grass,,1979-01-13,1979
1979-D027,Davis Cup,D,4.0,Clay,,1979-01-13,1979
1979-D032,Davis Cup,D,4.0,Clay,,1979-01-13,1979
1979-D048,Davis Cup,D,4.0,Clay,,1979-01-13,1979
1979-D003,Davis Cup,D,4.0,Carpet,True,1979-01-14,1979
1979-D038,Davis Cup,D,4.0,Carpet,True,1979-01-14,1979
1979-310,Florence,A,32.0,Clay,,1979-01-14,1979
1979-414,Hamburg,A,64.0,Clay,,1979-01-14,1979
1979-418,Washington,A,64.0,Clay,,1979-01-14,1979
1979-D001,Davis Cup,D,4.0,Clay,,1979-01-14,1979
1979-D011,Davis Cup,D,4.0,,,1979-01-14,1979
1979-D013,Davis Cup,D,4.0,,,1979-01-14,1979
1979-D020,Davis Cup,D,4.0,Clay,,1979-01-14,1979
1979-D021,Davis Cup,D,4.0,,,1979-01-14,1979
1979-D028,Davis Cup,D,4.0,Clay,,1979-01-14,1979
1979-D031,Davis Cup,D,4.0,,,1979-01-14,1979
1979-D035,Davis Cup,D,4.0,Hard,,1979-01-14,1979
1979-D044,Davis Cup,D,4.0,Clay,,1979-01-14,1979
1979-D047,Davis Cup,D,4.0,Clay,,1979-01-14,1979
1979-D050,Davis Cup,D,4.0,Clay,,1979-01-14,1979
1979-427,Sydney Indoor,A,32.0,Hard,True,1979-01-15,1979
1979-712,Birmingham,A,32.0,Carpet,True,1979-01-15,1979
1979-816,Baltimore WCT,A,32.0,Carpet,True,1979-01-15,1979
1979-328,Basel,A,32.0,Hard,,1979-01-15,1979
1979-D008,Davis Cup,D,4.0,,,1979-01-15,1979
1979-D026,Davis Cup,D,4.0,Clay,,1979-01-15,1979
1979-D030,Davis Cup,D,4.0,Clay,,1979-01-15,1979
1979-D036,Davis Cup,D,4.0,,,1979-01-15,1979
1979-356,San Jose,A,32.0,Carpet,True,1979-01-16,1979
1979-D025,Davis Cup,D,4.0,Carpet,True,1979-01-16,1979
1979-254,Johannesburg,A,32.0,Hard,,1979-01-16,1979
1979-316,Bastad,A,32.0,Clay,,1979-01-16,1979
1979-321,Stuttgart Outdoor,A,32.0,Clay,,1979-01-16,1979
1979-405,Houston,A,32.0,Clay,,1979-01-16,1979
1979-D002,Davis Cup,D,4.0,Clay,,1979-01-16,1979
1979-D005,Davis Cup,D,4.0,Grass,,1979-01-16,1979
1979-D007,Davis Cup,D,4.0,,,1979-01-16,1979
1979-D010,Davis Cup,D,4.0,,,1979-01-16,1979
1979-D017,Davis Cup,D,4.0,Hard,,1979-01-16,1979
1979-D019,Davis Cup,D,4.0,Clay,,1979-01-16,1979
1979-D023,Davis Cup,D,4.0,,,1979-01-16,1979
1979-D024,Davis Cup,D,4.0,,,1979-01-16,1979
1979-D029,Davis Cup,D,4.0,,,1979-01-16,1979
1979-D049,Davis Cup,D,4.0,,,1979-01-16,1979
1979-423,Los Angeles,A,64.0,Carpet,True,1979-01-17,1979
1979-325,Palermo,A,32.0,Clay,,1979-01-17,1979
1979-338,Sydney Outdoor,A,64.0,Grass,,1979-01-17,1979
1979-277,Berlin,A,32.0,Clay,,1979-01-18,1979
1979-720,Surbiton,A,32.0,Grass,,1979-01-18,1979
1979-312,Bologna,A,32.0,Carpet,True,1979-01-19,1979
1979-389,Denver,A,32.0,Carpet,True,1979-01-19,1979
1979-715,New Orleans,A,32.0,Carpet,True,1979-01-19,1979
1979-1729,Bombay,A,32.0,Clay,,1979-01-19,1979
1979-303,Buenos Aires,A,32.0,Clay,,1979-01-19,1979
1979-304,Nancy,A,32.0,Hard,,1979-01-19,1979
1979-714,San Jose,A,32.0,Hard,,1979-01-19,1979
1979-417,Boston,A,64.0,Clay,,1979-01-20,1979
1979-422,Cincinnati,M,64.0,Hard,,1979-01-20,1979
1979-6880,Dorado Beach,A,6.0,Hard,,1979-01-20,1979
1979-416,Rome,M,64.0,Clay,,1979-01-21,1979
1979-401,Philadelphia,A,64.0,Carpet,True,1979-01-22,1979
1979-308,Munich,A,32.0,Clay,,1979-01-22,1979
1979-329,Tokyo Outdoor,A,64.0,Clay,,1979-01-22,1979
1979-337,Vienna,A,48.0,Hard,,1979-01-22,1979
1979-1727,Louisville,A,64.0,Hard,,1979-01-23,1979
1979-317,Hilversum,A,32.0,Clay,,1979-01-23,1979
1979-319,Kitzbuhel,A,32.0,Clay,,1979-01-23,1979
1979-413,Las Vegas,A,32.0,Hard,,1979-01-23,1979
1979-424,San Francisco,A,64.0,Carpet,True,1979-01-24,1979
1979-309,Madrid,A,64.0,Clay,,1979-01-24,1979
1979-580,Australian Open,G,64.0,Grass,,1979-01-24,1979
1979-540,Wimbledon,G,128.0,Grass,,1979-01-25,1979
1979-357,Stuttgart Indoor,A,32.0,Hard,True,1979-01-26,1979
1979-402,Memphis,A,64.0,Carpet,True,1979-01-26,1979
1979-408,Milan,A,32.0,Carpet,True,1979-01-26,1979
1979-716,Dayton,A,32.0,Carpet,True,1979-01-26,1979
1979-205,Lagos,A,32.0,Hard,,1979-01-26,1979
1979-361,Santiago,A,32.0,Clay,,1979-01-26,1979
1979-426,Johannesburg,A,32.0,Hard,,1979-01-27,1979
1979-D009,Davis Cup,D,4.0,,,1979-01-27,1979
1979-D012,Davis Cup,D,4.0,Clay,,1979-01-27,1979
1979-D015,Davis Cup,D,4.0,Hard,,1979-01-27,1979
1979-D016,Davis Cup,D,4.0,,,1979-01-27,1979
1979-D018,Davis Cup,D,4.0,,,1979-01-27,1979
1979-520,Roland Garros,G,128.0,Clay,,1979-01-28,1979
1979-560,US Open,G,128.0,Hard,,1979-01-28,1979
1979-352,Paris Indoor,A,32.0,Hard,True,1979-01-29,1979
1979-802,Richmond WCT,A,32.0,Carpet,True,1979-01-29,1979
1979-332,Cologne,A,32.0,Hard,,1979-01-29,1979
1979-660,Little Rock,A,32.0,Hard,,1979-01-29,1979
1979-705,North Conway,A,64.0,Clay,,1979-01-29,1979
1979-1728,Lafayette,A,32.0,Carpet,True,1979-01-30,1979
1979-428,Tokyo Indoor,A,32.0,Carpet,True,1979-01-30,1979
1979-707,South Orange,A,32.0,Clay,,1979-01-30,1979
1979-D051,Davis Cup,D,4.0,Hard,,1979-01-31,1979
1980-713,Hobart,A,32.0,Hard,,1979-01-31,1979
1980-301,Auckland,A,32.0,Hard,,1980-01-01,1980
1980-D001,Davis Cup,D,4.0,Clay,,1980-01-01,1980
1980-583,Manchester,A,64.0,Grass,,1980-01-02,1980
1980-710,Washington-2,A,32.0,Carpet,True,1980-01-03,1980
1980-206,Cairo,A,32.0,Clay,,1980-01-03,1980
1980-336,Hong Kong,A,32.0,Hard,,1980-01-03,1980
1980-353,Quito,A,32.0,Clay,,1980-01-03,1980
1980-429,Stockholm,A,32.0,Carpet,True,1980-01-04,1980
1980-343,Colombus,A,32.0,Hard,,1980-01-04,1980
1980-419,Indianapolis,A,64.0,Clay,,1980-01-04,1980
1980-D027,Davis Cup,D,4.0,Hard,,1980-01-04,1980
1980-D023,Davis Cup,D,4.0,Carpet,True,1980-01-05,1980
1980-415,Forest Hills WCT,A,32.0,Clay,,1980-01-05,1980
1980-615,Nations Cup,A,16.0,Clay,,1980-01-05,1980
1980-326,Brisbane,A,32.0,Grass,,1980-01-06,1980
1980-330,Tel Aviv,A,32.0,Hard,,1980-01-06,1980
1980-425,Barcelona,A,64.0,Clay,,1980-01-06,1980
1980-D012,Davis Cup,D,4.0,Carpet,True,1980-01-07,1980
1980-243,Perth,A,64.0,Grass,,1980-01-07,1980
1980-314,Gstaad,A,32.0,Clay,,1980-01-07,1980
1980-315,Newport,A,32.0,Grass,,1980-01-07,1980
1980-405,Houston,A,32.0,Clay,,1980-01-07,1980
1980-711,Tulsa,A,32.0,Hard,,1980-01-07,1980
1980-D003,Davis Cup,D,4.0,Clay,,1980-01-07,1980
1980-D006,Davis Cup,D,4.0,Grass,,1980-01-07,1980
1980-D008,Davis Cup,D,4.0,Hard,,1980-01-07,1980
1980-D010,Davis Cup,D,4.0,,,1980-01-07,1980
1980-D019,Davis Cup,D,4.0,,,1980-01-07,1980
1980-D005,Davis Cup,D,4.0,Carpet,True,1980-01-08,1980
1980-D014,Davis Cup,D,4.0,Carpet,True,1980-01-08,1980
1980-1725,Pepsi Grand Slam,A,4.0,Clay,,1980-01-08,1980
1980-254,Johannesburg,A,32.0,Hard,,1980-01-08,1980
1980-325,Palermo,A,32.0,Clay,,1980-01-08,1980
1980-347,Bournemouth,A,32.0,Clay,,1980-01-08,1980
1980-D007,Davis Cup,D,4.0,,,1980-01-08,1980
1980-D009,Davis Cup,D,4.0,,,1980-01-08,1980
1980-D011,Davis Cup,D,4.0,,,1980-01-08,1980
1980-D013,Davis Cup,D,4.0,,,1980-01-08,1980
1980-D017,Davis Cup,D,4.0,Clay,,1980-01-08,1980
1980-D020,Davis Cup,D,4.0,,,1980-01-08,1980
1980-D024,Davis Cup,D,4.0,Grass,,1980-01-08,1980
1979-605,Masters,M,8.0,Carpet,True,1980-01-09,1980
1980-3934,WCT Challenge Cup,A,8.0,Carpet,True,1980-01-09,1980
1980-311,Queen's Club,A,64.0,Grass,,1980-01-09,1980
1980-406,Brussels,A,32.0,Clay,,1980-01-09,1980
1980-333,Taipei,A,32.0,Carpet,True,1980-01-10,1980
1980-357,Stuttgart Indoor,A,32.0,Hard,True,1980-01-10,1980
1980-407,Rotterdam,A,32.0,Carpet,True,1980-01-10,1980
1980-430,Wembley,A,32.0,Carpet,True,1980-01-10,1980
1980-359,Bogota,A,32.0,Clay,,1980-01-10,1980
1980-714,San Jose,A,32.0,Hard,,1980-01-10,1980
1980-D018,Davis Cup,D,4.0,Clay,,1980-01-10,1980
1980-320,Cleveland,A,32.0,Hard,,1980-01-11,1980
1980-349,Stowe,A,32.0,Hard,,1980-01-11,1980
1980-404,Rancho Mirage,A,64.0,Hard,,1980-01-11,1980
1980-421,Montreal / Toronto,M,64.0,Hard,,1980-01-11,1980
1980-709,Sarasota,A,32.0,Clay,,1980-01-11,1980
1980-D022,Davis Cup,D,4.0,Clay,,1980-01-11,1980
1980-D026,Davis Cup,D,4.0,Clay,,1980-01-11,1980
1980-310,Florence,A,32.0,Clay,,1980-01-12,1980
1980-414,Hamburg,A,64.0,Clay,,1980-01-12,1980
1980-376,Republic Of China,A,32.0,Carpet,True,1980-01-13,1980
1980-427,Sydney Indoor,A,32.0,Hard,True,1980-01-13,1980
1980-328,Basel,A,32.0,Hard,,1980-01-13,1980
1980-D015,Davis Cup,D,4.0,Clay,,1980-01-13,1980
1980-D016,Davis Cup,D,4.0,Grass,,1980-01-13,1980
1980-D021,Davis Cup,D,4.0,Clay,,1980-01-13,1980
1980-712,Birmingham,A,32.0,Carpet,True,1980-01-14,1980
1980-816,Baltimore WCT,A,32.0,Carpet,True,1980-01-14,1980
1980-316,Bastad,A,32.0,Clay,,1980-01-14,1980
1980-321,Stuttgart Outdoor,A,32.0,Clay,,1980-01-14,1980
1980-417,Boston,A,64.0,Clay,,1980-01-14,1980
1980-423,Los Angeles,A,64.0,Hard,,1980-01-14,1980
1980-364,Sofia,A,32.0,Carpet,True,1980-01-15,1980
1980-338,Sydney Outdoor,A,64.0,Grass,,1980-01-15,1980
1980-720,Surbiton,A,32.0,Grass,,1980-01-16,1980
1980-312,Bologna,A,32.0,Carpet,True,1980-01-17,1980
1980-334,Bangkok,A,32.0,Carpet,True,1980-01-17,1980
1980-341,Metz,A,32.0,Carpet,True,1980-01-17,1980
1980-348,Frankfurt,A,32.0,Carpet,True,1980-01-17,1980
1980-303,Buenos Aires,A,32.0,Clay,,1980-01-17,1980
1980-389,Denver,A,32.0,Carpet,True,1980-01-18,1980
1980-208,Vienna,A,32.0,Clay,,1980-01-18,1980
1980-412,Atlanta,A,32.0,Hard,,1980-01-18,1980
1980-422,Cincinnati,M,64.0,Hard,,1980-01-18,1980
1980-355,WCT Invitational,A,8.0,Carpet,True,1980-01-19,1980
1980-416,Rome,M,64.0,Clay,,1980-01-19,1980
1980-D002,Davis Cup,D,4.0,Clay,,1980-01-19,1980
1980-D004,Davis Cup,D,4.0,Clay,,1980-01-19,1980
1980-331,Melbourne Indoor,A,32.0,Carpet,True,1980-01-20,1980
1980-308,Munich,A,32.0,Clay,,1980-01-20,1980
1980-329,Tokyo Outdoor,A,64.0,Clay,,1980-01-20,1980
1980-337,Vienna,A,64.0,Hard,,1980-01-20,1980
1980-401,Philadelphia,A,64.0,Carpet,True,1980-01-21,1980
1980-317,Hilversum,A,32.0,Clay,,1980-01-21,1980
1980-319,Kitzbuhel,A,32.0,Clay,,1980-01-21,1980
1980-418,Washington,A,64.0,Clay,,1980-01-21,1980
1980-424,San Francisco,A,64.0,Carpet,True,1980-01-22,1980
1980-322,Geneva,A,32.0,Clay,,1980-01-22,1980
1980-323,Bordeaux,A,32.0,Clay,,1980-01-22,1980
1980-413,Las Vegas,A,32.0,Hard,,1980-01-22,1980
1980-D025,Davis Cup,D,4.0,Clay,,1980-01-22,1980
1980-540,Wimbledon,G,128.0,Grass,,1980-01-23,1980
1980-408,Milan,A,32.0,Carpet,True,1980-01-24,1980
1980-716,Dayton,A,32.0,Carpet,True,1980-01-24,1980
1980-305,Nice,A,32.0,Clay,,1980-01-24,1980
1980-361,Santiago,A,32.0,Clay,,1980-01-24,1980
1980-402,Memphis,A,64.0,Carpet,True,1980-01-25,1980
1980-205,Lagos,A,32.0,Clay,,1980-01-25,1980
1980-426,Johannesburg,A,32.0,Hard,,1980-01-25,1980
1980-520,Roland Garros,G,128.0,Clay,,1980-01-26,1980
1980-560,US Open,G,128.0,Hard,,1980-01-26,1980
1980-580,Australian Open,G,64.0,Grass,,1980-01-26,1980
1980-352,Paris Indoor,A,32.0,Carpet,True,1980-01-27,1980
1980-428,Tokyo Indoor,A,32.0,Carpet,True,1980-01-27,1980
1980-332,Cologne,A,32.0,Hard,,1980-01-27,1980
1980-705,North Conway,A,64.0,Clay,,1980-01-27,1980
1980-275,Sao Paulo,A,32.0,Carpet,True,1980-01-28,1980
1980-610,Dallas WCT,A,8.0,Carpet,True,1980-01-28,1980
1980-802,Richmond WCT,A,32.0,Carpet,True,1980-01-28,1980
1980-358,San Juan,A,32.0,Hard,,1980-01-28,1980
1980-707,South Orange,A,32.0,Clay,,1980-01-28,1980
1980-309,Madrid,A,64.0,Clay,,1980-01-29,1980
1980-324,Maui,A,32.0,Hard,,1980-01-29,1980
1980-715,New Orleans,A,32.0,Carpet,True,1980-01-31,1980
1980-410,Monte Carlo,A,32.0,Clay,,1980-01-31,1980
1980-717,Palm Harbor,A,32.0,Hard,,1980-01-31,1980
1981-560,US Open,G,128.0,Hard,,1981-01-01,1981
1981-355,Salisbury WCT,A,8.0,Carpet,True,1981-01-02,1981
1981-389,Denver,A,32.0,Carpet,True,1981-01-02,1981
1981-802,Richmond WCT,A,32.0,Carpet,True,1981-01-02,1981
1981-D009,Davis Cup,D,4.0,Carpet,True,1981-01-02,1981
1981-336,Hong Kong,A,32.0,Hard,,1981-01-02,1981
1981-353,Quito,A,32.0,Clay,,1981-01-02,1981
1981-392,Mar Del Plata,A,32.0,Clay,,1981-01-02,1981
1981-429,Stockholm,A,64.0,Hard,,1981-01-02,1981
1981-D003,Davis Cup,D,4.0,Clay,,1981-01-02,1981
1981-D014,Davis Cup,D,4.0,Clay,,1981-01-02,1981
1981-D031,Davis Cup,D,4.0,Clay,,1981-01-02,1981
1981-D042,Davis Cup,D,4.0,Clay,,1981-01-02,1981
1981-D047,Davis Cup,D,4.0,Clay,,1981-01-02,1981
1981-343,Columbus,A,32.0,Hard,,1981-01-03,1981
1981-419,Indianapolis,A,64.0,Clay,,1981-01-03,1981
1981-415,Forest Hills WCT,A,64.0,Clay,,1981-01-04,1981
1981-615,Nations Cup,A,16.0,Clay,,1981-01-04,1981
1981-301,Auckland,A,32.0,Hard,,1981-01-05,1981
1981-326,Brisbane,A,32.0,Grass,,1981-01-05,1981
1981-330,Tel Aviv,A,32.0,Hard,,1981-01-05,1981
1981-339,Adelaide,A,32.0,Grass,,1981-01-05,1981
1981-425,Barcelona,A,64.0,Clay,,1981-01-05,1981
1981-D004,Davis Cup,D,4.0,Carpet,True,1981-01-06,1981
1981-D007,Davis Cup,D,4.0,Carpet,True,1981-01-06,1981
1981-D032,Davis Cup,D,4.0,Carpet,True,1981-01-06,1981
1981-D043,Davis Cup,D,4.0,Carpet,True,1981-01-06,1981
1981-254,Johannesburg,A,32.0,Hard,,1981-01-06,1981
1981-305,Nice,A,32.0,Clay,,1981-01-06,1981
1981-314,Gstaad,A,32.0,Clay,,1981-01-06,1981
1981-315,Newport,A,32.0,Grass,,1981-01-06,1981
1981-405,Houston,A,32.0,Clay,,1981-01-06,1981
1981-D015,Davis Cup,D,4.0,Hard,,1981-01-06,1981
1981-D020,Davis Cup,D,4.0,Clay,,1981-01-06,1981
1981-D035,Davis Cup,D,4.0,Clay,,1981-01-06,1981
1981-D044,Davis Cup,D,4.0,Clay,,1981-01-06,1981
1981-D048,Davis Cup,D,4.0,Hard,,1981-01-06,1981
1981-D051,Davis Cup,D,4.0,Hard,,1981-01-06,1981
1981-273,Brussels,A,32.0,Clay,,1981-01-08,1981
1981-311,Queen's Club,A,64.0,Grass,,1981-01-08,1981
1981-D017,Davis Cup,D,4.0,Clay,,1981-01-08,1981
1981-D024,Davis Cup,D,4.0,Clay,,1981-01-08,1981
1981-D026,Davis Cup,D,4.0,Clay,,1981-01-08,1981
1981-D040,Davis Cup,D,4.0,Clay,,1981-01-08,1981
1981-D045,Davis Cup,D,4.0,Clay,,1981-01-08,1981
1981-333,Taipei,A,32.0,Carpet,True,1981-01-09,1981
1981-406,Brussels,A,32.0,Carpet,True,1981-01-09,1981
1981-430,Wembley,A,32.0,Carpet,True,1981-01-09,1981
1981-206,Cairo,A,32.0,Clay,,1981-01-09,1981
1981-346,Tampa,A,32.0,Hard,,1981-01-09,1981
1981-D005,Davis Cup,D,4.0,Hard,,1981-01-09,1981
1981-D011,Davis Cup,D,4.0,Clay,,1981-01-09,1981
1981-D018,Davis Cup,D,4.0,Clay,,1981-01-09,1981
1981-D019,Davis Cup,D,4.0,Hard,,1981-01-09,1981
1981-D021,Davis Cup,D,4.0,Clay,,1981-01-09,1981
1981-D025,Davis Cup,D,4.0,Clay,,1981-01-09,1981
1981-D029,Davis Cup,D,4.0,Clay,,1981-01-09,1981
1981-D030,Davis Cup,D,4.0,Clay,,1981-01-09,1981
1981-D033,Davis Cup,D,4.0,Grass,,1981-01-09,1981
1981-D034,Davis Cup,D,4.0,Hard,,1981-01-09,1981
1981-D037,Davis Cup,D,4.0,Hard,,1981-01-09,1981
1981-D046,Davis Cup,D,4.0,Hard,,1981-01-09,1981
1981-D052,Davis Cup,D,4.0,Hard,,1981-01-09,1981
1981-320,Cleveland,A,32.0,Hard,,1981-01-10,1981
1981-349,Stowe,A,32.0,Hard,,1981-01-10,1981
1981-421,Montreal / Toronto,M,64.0,Hard,,1981-01-10,1981
1981-D001,Davis Cup,D,4.0,Clay,,1981-01-10,1981
1981-D008,Davis Cup,D,4.0,Clay,,1981-01-10,1981
1981-D006,Davis Cup,D,4.0,Carpet,True,1981-01-11,1981
1981-310,Florence,A,32.0,Clay,,1981-01-11,1981
1981-414,Hamburg,A,64.0,Clay,,1981-01-11,1981
1981-427,Sydney Indoor,A,32.0,Hard,True,1981-01-12,1981
1981-328,Basel,A,32.0,Hard,,1981-01-12,1981
1981-D010,Davis Cup,D,4.0,Clay,,1981-01-12,1981
1981-D012,Davis Cup,D,4.0,Clay,,1981-01-12,1981
1981-D016,Davis Cup,D,4.0,Clay,,1981-01-12,1981
1981-D027,Davis Cup,D,4.0,Clay,,1981-01-12,1981
1981-D039,Davis Cup,D,4.0,Clay,,1981-01-12,1981
1981-D041,Davis Cup,D,4.0,Clay,,1981-01-12,1981
1981-D049,Davis Cup,D,4.0,Clay,,1981-01-12,1981
1981-1725,Pepsi Grand Slam,A,4.0,Clay,,1981-01-13,1981
1981-313,Bristol,A,32.0,Grass,,1981-01-13,1981
1981-319,Kitzbuhel,A,64.0,Clay,,1981-01-13,1981
1981-321,Stuttgart Outdoor,A,32.0,Clay,,1981-01-13,1981
1981-410,Monte Carlo,A,32.0,Clay,,1981-01-13,1981
1981-417,Boston,A,64.0,Clay,,1981-01-13,1981
1981-423,Los Angeles,A,32.0,Hard,,1981-01-13,1981
1981-702,Venice,A,32.0,Clay,,1981-01-13,1981
1981-D022,Davis Cup,D,4.0,Clay,,1981-01-13,1981
1981-D023,Davis Cup,D,4.0,Clay,,1981-01-13,1981
1981-D036,Davis Cup,D,4.0,Clay,,1981-01-13,1981
1981-D038,Davis Cup,D,4.0,Hard,,1981-01-13,1981
1980-605,Masters,M,8.0,Carpet,True,1981-01-14,1981
1981-364,Sofia,A,32.0,Carpet,True,1981-01-14,1981
1981-325,Palermo,A,32.0,Clay,,1981-01-14,1981
1981-338,Sydney Outdoor,A,64.0,Grass,,1981-01-14,1981
1981-334,Bangkok,A,32.0,Carpet,True,1981-01-16,1981
1981-303,Buenos Aires,A,32.0,Clay,,1981-01-16,1981
1981-304,Nancy,A,32.0,Hard,,1981-01-16,1981
1981-407,Rotterdam,A,32.0,Hard,,1981-01-16,1981
1981-708,La Quinta,A,64.0,Hard,,1981-01-16,1981
1981-412,Atlanta,A,32.0,Hard,,1981-01-17,1981
1981-422,Cincinnati,M,64.0,Hard,,1981-01-17,1981
1981-308,Munich,A,32.0,Clay,,1981-01-18,1981
1981-416,Rome,M,64.0,Clay,,1981-01-18,1981
1981-331,Melbourne Indoor,A,32.0,Carpet,True,1981-01-19,1981
1981-345,Monterrey WCT,A,32.0,Carpet,True,1981-01-19,1981
1981-237,Guaruja,A,32.0,Hard,,1981-01-19,1981
1981-329,Tokyo Outdoor,A,64.0,Clay,,1981-01-19,1981
1981-337,Vienna,A,64.0,Hard,,1981-01-19,1981
1981-358,San Juan,A,32.0,Hard,,1981-01-19,1981
1981-316,Bastad,A,32.0,Clay,,1981-01-20,1981
1981-317,Hilversum,A,32.0,Clay,,1981-01-20,1981
1981-347,Bournemouth,A,32.0,Clay,,1981-01-20,1981
1981-413,Las Vegas,A,32.0,Hard,,1981-01-20,1981
1981-418,Washington,A,64.0,Clay,,1981-01-20,1981
1981-424,San Francisco,A,64.0,Carpet,True,1981-01-21,1981
1981-322,Geneva,A,32.0,Clay,,1981-01-21,1981
1981-323,Bordeaux,A,32.0,Clay,,1981-01-21,1981
1981-540,Wimbledon,G,128.0,Grass,,1981-01-22,1981
1981-312,Bologna,A,32.0,Carpet,True,1981-01-23,1981
1981-357,Stuttgart Indoor,A,32.0,Hard,True,1981-01-23,1981
1981-402,Memphis,A,64.0,Carpet,True,1981-01-23,1981
1981-408,Milan,A,32.0,Carpet,True,1981-01-23,1981
1981-294,Mexico City,A,32.0,Clay,,1981-01-23,1981
1981-356,Napa,A,32.0,Hard,,1981-01-23,1981
1981-361,Santiago,A,32.0,Clay,,1981-01-23,1981
1981-362,Manila,A,32.0,Clay,,1981-01-23,1981
1981-426,Johannesburg,A,32.0,Hard,,1981-01-23,1981
1981-580,Australian Open,G,64.0,Grass,,1981-01-24,1981
1981-520,Roland Garros,G,128.0,Clay,,1981-01-25,1981
1981-D028,Davis Cup,D,4.0,Clay,,1981-01-25,1981
1981-D050,Davis Cup,D,4.0,Clay,,1981-01-25,1981
1981-352,Paris Indoor,A,32.0,Hard,True,1981-01-26,1981
1981-401,Philadelphia,A,64.0,Carpet,True,1981-01-26,1981
1981-428,Tokyo Indoor,A,32.0,Carpet,True,1981-01-26,1981
1981-204,Vina del Mar,A,32.0,Clay,,1981-01-26,1981
1981-332,Cologne,A,32.0,Hard,,1981-01-26,1981
1981-610,Dallas WCT,A,8.0,Carpet,True,1981-01-28,1981
1981-705,North Conway,A,64.0,Clay,,1981-01-28,1981
1981-707,South Orange,A,32.0,Clay,,1981-01-28,1981
1981-309,Madrid,A,32.0,Clay,,1981-01-29,1981
1981-324,Maui,A,32.0,Hard,,1981-01-29,1981
1981-348,Frankfurt,A,32.0,Carpet,True,1981-01-30,1981
1981-351,Linz,A,32.0,Hard,,1981-01-30,1981
1982-389,Denver,A,32.0,Carpet,True,1982-01-01,1982
1982-816,Baltimore WCT,A,16.0,Carpet,True,1982-01-01,1982
1982-D006,Davis Cup,D,4.0,Carpet,True,1982-01-01,1982
1982-303,Buenos Aires,A,32.0,Clay,,1982-01-01,1982
1982-336,Hong Kong,A,32.0,Hard,,1982-01-01,1982
1982-353,Quito,A,32.0,Clay,,1982-01-01,1982
1982-429,Stockholm,A,64.0,Hard,,1982-01-01,1982
1982-D003,Davis Cup,D,4.0,Clay,,1982-01-01,1982
1982-D018,Davis Cup,D,4.0,Clay,,1982-01-01,1982
1982-D022,Davis Cup,D,4.0,Clay,,1982-01-01,1982
1982-D026,Davis Cup,D,4.0,Clay,,1982-01-01,1982
1982-D038,Davis Cup,D,4.0,Clay,,1982-01-01,1982
1982-D042,Davis Cup,D,4.0,Hard,,1982-01-01,1982
1982-D045,Davis Cup,D,4.0,Hard,,1982-01-01,1982
1982-D049,Davis Cup,D,4.0,Clay,,1982-01-01,1982
1982-415,Forest Hills WCT,A,64.0,Clay,,1982-01-02,1982
1982-580,Australian Open,G,96.0,Grass,,1982-01-02,1982
1982-343,Columbus,A,32.0,Hard,,1982-01-03,1982
1982-419,Indianapolis,A,64.0,Clay,,1982-01-03,1982
1982-615,Dusseldorf,A,16.0,Clay,,1982-01-03,1982
1982-331,Melbourne Indoor,A,32.0,Carpet,True,1982-01-04,1982
1982-393,Adelaide-2,A,32.0,Grass,,1982-01-04,1982
1982-425,Barcelona,A,64.0,Clay,,1982-01-04,1982
1982-D020,Davis Cup,D,4.0,Carpet,True,1982-01-05,1982
1982-D030,Davis Cup,D,4.0,Carpet,True,1982-01-05,1982
1982-D055,Davis Cup,D,4.0,Carpet,True,1982-01-05,1982
1982-314,Gstaad,A,32.0,Clay,,1982-01-05,1982
1982-315,Newport,A,32.0,Grass,,1982-01-05,1982
1982-410,Monte Carlo,A,32.0,Clay,,1982-01-05,1982
1982-D002,Davis Cup,D,4.0,Clay,,1982-01-05,1982
1982-D005,Davis Cup,D,4.0,Clay,,1982-01-05,1982
1982-D012,Davis Cup,D,4.0,Hard,,1982-01-05,1982
1982-D016,Davis Cup,D,4.0,Clay,,1982-01-05,1982
1982-D023,Davis Cup,D,4.0,Grass,,1982-01-05,1982
1982-D029,Davis Cup,D,4.0,Clay,,1982-01-05,1982
1982-D036,Davis Cup,D,4.0,Clay,,1982-01-05,1982
1982-D039,Davis Cup,D,4.0,Hard,,1982-01-05,1982
1982-D044,Davis Cup,D,4.0,Clay,,1982-01-05,1982
1982-327,Toulouse,A,32.0,Hard,,1982-01-06,1982
1982-D007,Davis Cup,D,4.0,Clay,,1982-01-06,1982
1982-311,Queen's Club,A,64.0,Grass,,1982-01-07,1982
1982-702,Venice,A,32.0,Clay,,1982-01-07,1982
1982-D011,Davis Cup,D,4.0,Clay,,1982-01-07,1982
1982-D013,Davis Cup,D,4.0,Hard,,1982-01-07,1982
1982-D031,Davis Cup,D,4.0,Clay,,1982-01-07,1982
1982-D035,Davis Cup,D,4.0,Clay,,1982-01-07,1982
1982-D040,Davis Cup,D,4.0,Hard,,1982-01-07,1982
1982-D047,Davis Cup,D,4.0,Clay,,1982-01-07,1982
1982-D050,Davis Cup,D,4.0,Clay,,1982-01-07,1982
1982-D054,Davis Cup,D,4.0,Clay,,1982-01-07,1982
1982-333,Taipei,A,32.0,Carpet,True,1982-01-08,1982
1982-402,Memphis,A,64.0,Carpet,True,1982-01-08,1982
1982-430,Wembley,A,32.0,Carpet,True,1982-01-08,1982
1982-802,Richmond WCT,A,16.0,Carpet,True,1982-01-08,1982
1982-804,Munich-2 WCT,A,32.0,Carpet,True,1982-01-08,1982
1982-344,Caracas,A,32.0,Hard,,1982-01-08,1982
1982-351,Linz,A,32.0,Clay,,1982-01-08,1982
1982-406,Brussels,A,32.0,Hard,,1982-01-08,1982
1982-D009,Davis Cup,D,4.0,Clay,,1982-01-08,1982
1982-D032,Davis Cup,D,4.0,Hard,,1982-01-08,1982
1982-D052,Davis Cup,D,4.0,Clay,,1982-01-08,1982
1982-D057,Davis Cup,D,4.0,Carpet,True,1982-01-09,1982
1982-320,Cleveland,A,32.0,Hard,,1982-01-09,1982
1982-421,Montreal / Toronto,M,64.0,Hard,,1982-01-09,1982
1982-D004,Davis Cup,D,4.0,Grass,,1982-01-09,1982
1982-D017,Davis Cup,D,4.0,Clay,,1982-01-09,1982
1982-D025,Davis Cup,D,4.0,Hard,,1982-01-09,1982
1982-D027,Davis Cup,D,4.0,Clay,,1982-01-09,1982
1982-D033,Davis Cup,D,4.0,Clay,,1982-01-09,1982
1982-D043,Davis Cup,D,4.0,Clay,,1982-01-09,1982
1982-310,Florence,A,32.0,Clay,,1982-01-10,1982
1982-414,Hamburg,A,64.0,Clay,,1982-01-10,1982
1982-813,La Costa WCT,A,16.0,Hard,,1982-01-10,1982
1982-427,Sydney Indoor,A,32.0,Hard,True,1982-01-11,1982
1982-301,Auckland,A,32.0,Hard,,1982-01-11,1982
1982-328,Basel,A,32.0,Hard,,1982-01-11,1982
1982-D001,Davis Cup,D,4.0,Clay,,1982-01-11,1982
1982-D008,Davis Cup,D,4.0,Clay,,1982-01-11,1982
1982-D019,Davis Cup,D,4.0,Clay,,1982-01-11,1982
1982-D021,Davis Cup,D,4.0,Clay,,1982-01-11,1982
1982-D024,Davis Cup,D,4.0,Clay,,1982-01-11,1982
1982-D034,Davis Cup,D,4.0,Clay,,1982-01-11,1982
1982-D041,Davis Cup,D,4.0,Hard,,1982-01-11,1982
1982-D048,Davis Cup,D,4.0,Clay,,1982-01-11,1982
1982-316,Bastad,A,32.0,Clay,,1982-01-12,1982
1982-321,Stuttgart Outdoor,A,32.0,Clay,,1982-01-12,1982
1982-405,Houston,A,32.0,Clay,,1982-01-12,1982
1982-417,Boston,A,64.0,Clay,,1982-01-12,1982
1982-423,Los Angeles,A,32.0,Hard,,1982-01-12,1982
1982-811,Zell Am See WCT,A,32.0,Clay,,1982-01-12,1982
1981-605,Masters,M,8.0,Carpet,True,1982-01-13,1982
1982-407,Rotterdam,A,32.0,Carpet,True,1982-01-13,1982
1982-325,Palermo,A,32.0,Clay,,1982-01-13,1982
1982-338,Sydney Outdoor,A,64.0,Grass,,1982-01-13,1982
1982-806,Naples Finals WCT,F,8.0,Carpet,True,1982-01-14,1982
1982-819,Hartford WCT,A,16.0,Carpet,True,1982-01-14,1982
1982-313,Bristol,A,32.0,Grass,,1982-01-14,1982
1982-334,Bangkok,A,32.0,Carpet,True,1982-01-15,1982
1982-704,Ancona,A,32.0,Carpet,True,1982-01-15,1982
1982-809,Strasbourg WCT,A,32.0,Carpet,True,1982-01-15,1982
1982-817,Dortmund WCT,A,32.0,Carpet,True,1982-01-15,1982
1982-237,Sao Paulo,A,32.0,Clay,,1982-01-15,1982
1982-341,Metz,A,32.0,Hard,,1982-01-15,1982
1982-404,La Quinta,A,64.0,Hard,,1982-01-15,1982
1982-D014,Davis Cup,D,4.0,Hard,,1982-01-15,1982
1982-349,Stowe,A,32.0,Hard,,1982-01-16,1982
1982-422,Cincinnati,M,64.0,Hard,,1982-01-16,1982
1982-308,Munich,A,32.0,Clay,,1982-01-17,1982
1982-416,Rome,M,64.0,Clay,,1982-01-17,1982
1982-815,Amsterdam WCT,A,16.0,Carpet,True,1982-01-18,1982
1982-201,Guaruja,A,32.0,Clay,,1982-01-18,1982
1982-329,Tokyo Outdoor,A,64.0,Clay,,1982-01-18,1982
1982-337,Vienna,A,32.0,Hard,,1982-01-18,1982
1982-807,Mexico City WCT,A,16.0,Carpet,True,1982-01-19,1982
1982-317,Hilversum,A,32.0,Clay,,1982-01-19,1982
1982-319,Kitzbuhel,A,64.0,Clay,,1982-01-19,1982
1982-347,Bournemouth,A,32.0,Clay,,1982-01-19,1982
1982-418,Washington,A,64.0,Clay,,1982-01-19,1982
1982-424,San Francisco,A,32.0,Carpet,True,1982-01-20,1982
1982-610,Dallas WCT,A,8.0,Carpet,True,1982-01-20,1982
1982-814,Los Angeles-2 WCT,A,32.0,Carpet,True,1982-01-20,1982
1982-322,Geneva,A,32.0,Clay,,1982-01-20,1982
1982-323,Bordeaux,A,32.0,Clay,,1982-01-20,1982
1982-339,Adelaide,A,32.0,Grass,,1982-01-20,1982
1982-540,Wimbledon,G,128.0,Grass,,1982-01-21,1982
1982-345,Monterrey,A,32.0,Carpet,True,1982-01-22,1982
1982-408,Milan,A,32.0,Carpet,True,1982-01-22,1982
1982-726,Bahia,A,32.0,Carpet,True,1982-01-22,1982
1982-808,Genova WCT,A,32.0,Carpet,True,1982-01-22,1982
1982-D037,Davis Cup,D,4.0,Carpet,True,1982-01-22,1982
1982-206,Cairo,A,32.0,Clay,,1982-01-22,1982
1982-426,Johannesburg,A,32.0,Hard,,1982-01-22,1982
1982-D010,Davis Cup,D,4.0,Clay,,1982-01-22,1982
1982-D015,Davis Cup,D,4.0,Clay,,1982-01-22,1982
1982-D046,Davis Cup,D,4.0,Clay,,1982-01-22,1982
1982-D053,Davis Cup,D,4.0,Clay,,1982-01-22,1982
1982-D056,Davis Cup,D,4.0,Clay,,1982-01-22,1982
1982-520,Roland Garros,G,128.0,Clay,,1982-01-24,1982
1982-352,Paris Indoor,A,32.0,Hard,True,1982-01-25,1982
1982-401,Philadelphia,A,32.0,Carpet,True,1982-01-25,1982
1982-428,Tokyo Indoor,A,32.0,Carpet,True,1982-01-25,1982
1982-204,Vina del Mar,A,32.0,Clay,,1982-01-25,1982
1982-332,Cologne,A,32.0,Hard,,1982-01-25,1982
1982-413,Las Vegas,A,32.0,Hard,,1982-01-25,1982
1982-803,Delray Beach WCT,A,16.0,Clay,,1982-01-25,1982
1982-309,Madrid,A,32.0,Clay,,1982-01-26,1982
1982-346,Tampa,A,32.0,Hard,,1982-01-26,1982
1982-705,North Conway,A,64.0,Clay,,1982-01-26,1982
1982-707,South Orange,A,32.0,Clay,,1982-01-26,1982
1982-812,Cap D'Adge WCT,A,32.0,Clay,,1982-01-26,1982
1982-D028,Davis Cup,D,4.0,Clay,,1982-01-26,1982
1982-324,Maui,A,32.0,Hard,,1982-01-27,1982
1982-724,Hilton Head WCT,A,32.0,Clay,,1982-01-27,1982
1982-810,Zurich WCT,A,32.0,Carpet,True,1982-01-28,1982
1982-340,Melbourne,A,32.0,Grass,,1982-01-28,1982
1982-348,Frankfurt,A,32.0,Carpet,True,1982-01-29,1982
1982-305,Nice,A,32.0,Clay,,1982-01-29,1982
1982-818,Chicago-2 WCT,A,16.0,Carpet,True,1982-01-30,1982
1982-560,US Open,G,128.0,Hard,,1982-01-31,1982
1983-343,Columbus,A,32.0,Hard,,1983-01-01,1983
1983-415,Forest Hills WCT,A,64.0,Clay,,1983-01-01,1983
1983-419,Indianapolis,A,56.0,Clay,,1983-01-01,1983
1983-615,Dusseldorf,A,16.0,Clay,,1983-01-02,1983
1983-326,Brisbane,A,32.0,Carpet,True,1983-01-03,1983
1983-425,Barcelona,A,64.0,Clay,,1983-01-03,1983
1983-D031,Davis Cup,D,4.0,Carpet,True,1983-01-04,1983
1983-D039,Davis Cup,D,4.0,Carpet,True,1983-01-04,1983
1983-D055,Davis Cup,D,4.0,Carpet,True,1983-01-04,1983
1983-314,Gstaad,A,32.0,Clay,,1983-01-04,1983
1983-315,Newport,A,32.0,Grass,,1983-01-04,1983
1983-405,Houston-WCT,A,32.0,Clay,,1983-01-04,1983
1983-723,Lisbon,A,32.0,Clay,,1983-01-04,1983
1983-D001,Davis Cup,D,4.0,Clay,,1983-01-04,1983
1983-D004,Davis Cup,D,4.0,Clay,,1983-01-04,1983
1983-D006,Davis Cup,D,4.0,Grass,,1983-01-04,1983
1983-D014,Davis Cup,D,4.0,Clay,,1983-01-04,1983
1983-D021,Davis Cup,D,4.0,Hard,,1983-01-04,1983
1983-D022,Davis Cup,D,4.0,Clay,,1983-01-04,1983
1983-D024,Davis Cup,D,4.0,Hard,,1983-01-04,1983
1983-D025,Davis Cup,D,4.0,Hard,,1983-01-04,1983
1983-D027,Davis Cup,D,4.0,Grass,,1983-01-04,1983
1983-D041,Davis Cup,D,4.0,Clay,,1983-01-04,1983
1983-D043,Davis Cup,D,4.0,Clay,,1983-01-04,1983
1983-D047,Davis Cup,D,4.0,Clay,,1983-01-04,1983
1983-D051,Davis Cup,D,4.0,Clay,,1983-01-04,1983
1983-D057,Davis Cup,D,4.0,Hard,,1983-01-04,1983
1983-311,Queen's Club,A,64.0,Grass,,1983-01-06,1983
1983-702,Venice,A,32.0,Clay,,1983-01-06,1983
1983-D010,Davis Cup,D,4.0,Hard,,1983-01-06,1983
1983-D013,Davis Cup,D,4.0,Clay,,1983-01-06,1983
1983-D017,Davis Cup,D,4.0,Clay,,1983-01-06,1983
1983-D020,Davis Cup,D,4.0,Clay,,1983-01-06,1983
1983-D042,Davis Cup,D,4.0,Grass,,1983-01-06,1983
1983-D046,Davis Cup,D,4.0,Hard,,1983-01-06,1983
1983-D049,Davis Cup,D,4.0,Clay,,1983-01-06,1983
1983-D052,Davis Cup,D,4.0,Clay,,1983-01-06,1983
1983-D058,Davis Cup,D,4.0,Clay,,1983-01-06,1983
1983-D059,Davis Cup,D,4.0,Clay,,1983-01-06,1983
1983-333,Taipei,A,32.0,Carpet,True,1983-01-07,1983
1983-406,Brussels,A,32.0,Carpet,True,1983-01-07,1983
1983-430,Wembley,A,32.0,Carpet,True,1983-01-07,1983
1983-802,Richmond WCT,A,32.0,Carpet,True,1983-01-07,1983
1983-304,Nancy,A,32.0,Hard,,1983-01-07,1983
1983-421,Montreal / Toronto,M,56.0,Hard,,1983-01-08,1983
1983-D002,Davis Cup,D,4.0,Clay,,1983-01-08,1983
1983-D007,Davis Cup,D,4.0,Grass,,1983-01-08,1983
1983-D009,Davis Cup,D,4.0,Clay,,1983-01-08,1983
1983-D019,Davis Cup,D,4.0,Clay,,1983-01-08,1983
1983-D030,Davis Cup,D,4.0,Clay,,1983-01-08,1983
1983-D032,Davis Cup,D,4.0,Hard,,1983-01-08,1983
1983-D053,Davis Cup,D,4.0,Clay,,1983-01-08,1983
1983-D054,Davis Cup,D,4.0,Grass,,1983-01-08,1983
1983-310,Florence,A,32.0,Clay,,1983-01-09,1983
1983-414,Hamburg,A,56.0,Clay,,1983-01-09,1983
1983-427,Sydney Indoor,A,32.0,Hard,True,1983-01-10,1983
1983-301,Auckland,A,32.0,Hard,,1983-01-10,1983
1983-328,Basel,A,32.0,Hard,,1983-01-10,1983
1983-330,Tel Aviv,A,32.0,Hard,,1983-01-10,1983
1983-D011,Davis Cup,D,4.0,Clay,,1983-01-10,1983
1983-D012,Davis Cup,D,4.0,Clay,,1983-01-10,1983
1983-D018,Davis Cup,D,4.0,Clay,,1983-01-10,1983
1983-D028,Davis Cup,D,4.0,Clay,,1983-01-10,1983
1983-D029,Davis Cup,D,4.0,Clay,,1983-01-10,1983
1983-D035,Davis Cup,D,4.0,Clay,,1983-01-10,1983
1983-D038,Davis Cup,D,4.0,Clay,,1983-01-10,1983
1983-D045,Davis Cup,D,4.0,Clay,,1983-01-10,1983
1983-316,Bastad,A,32.0,Clay,,1983-01-11,1983
1983-321,Stuttgart Outdoor,A,32.0,Clay,,1983-01-11,1983
1983-342,Aix en Provence,A,32.0,Clay,,1983-01-11,1983
1983-417,Boston,A,56.0,Clay,,1983-01-11,1983
1983-423,Los Angeles,A,64.0,Hard,,1983-01-11,1983
1983-325,Palermo,A,32.0,Clay,,1983-01-12,1983
1983-338,Sydney Outdoor,A,64.0,Grass,,1983-01-12,1983
1983-388,Dallas,A,32.0,Hard,,1983-01-12,1983
1983-724,Hilton Head WCT,A,8.0,Clay,,1983-01-12,1983
1983-313,Bristol,A,32.0,Grass,,1983-01-13,1983
1983-402,Memphis,A,64.0,Carpet,True,1983-01-14,1983
1983-703,Ferrara,A,32.0,Carpet,True,1983-01-14,1983
1983-804,Munich WCT,A,32.0,Carpet,True,1983-01-14,1983
1983-204,Vina del Mar,A,32.0,Clay,,1983-01-14,1983
1983-407,Rotterdam,A,32.0,Hard,,1983-01-14,1983
1983-D016,Davis Cup,D,4.0,Clay,,1983-01-14,1983
1983-D036,Davis Cup,D,4.0,Clay,,1983-01-14,1983
1983-D050,Davis Cup,D,4.0,Clay,,1983-01-14,1983
1983-349,Stowe,A,32.0,Hard,,1983-01-15,1983
1983-422,Cincinnati,M,64.0,Hard,,1983-01-15,1983
1983-308,Munich,A,32.0,Clay,,1983-01-16,1983
1983-416,Rome,M,64.0,Clay,,1983-01-16,1983
1983-329,Tokyo Outdoor,A,64.0,Hard,,1983-01-17,1983
1983-337,Vienna,A,32.0,Hard,,1983-01-17,1983
1982-605,Masters,M,12.0,Carpet,True,1983-01-18,1983
1983-317,Hilversum,A,32.0,Clay,,1983-01-18,1983
1983-319,Kitzbuhel,A,48.0,Clay,,1983-01-18,1983
1983-347,Bournemouth,A,32.0,Clay,,1983-01-18,1983
1983-418,Washington,A,56.0,Clay,,1983-01-18,1983
1983-424,San Francisco,A,32.0,Carpet,True,1983-01-19,1983
1983-322,Geneva,A,32.0,Clay,,1983-01-19,1983
1983-323,Bordeaux,A,32.0,Clay,,1983-01-19,1983
1983-339,Adelaide,A,32.0,Grass,,1983-01-19,1983
1983-540,Wimbledon,G,128.0,Grass,,1983-01-20,1983
1983-408,Milan,A,32.0,Carpet,True,1983-01-21,1983
1983-305,Nice,A,32.0,Clay,,1983-01-21,1983
1983-327,Toulouse,A,32.0,Hard,,1983-01-21,1983
1983-426,Johannesburg,A,32.0,Hard,,1983-01-21,1983
1983-708,La Quinta,A,64.0,Hard,,1983-01-21,1983
1983-726,Bahia,A,32.0,Hard,,1983-01-21,1983
1983-803,Delray Beach WCT,A,32.0,Clay,,1983-01-21,1983
1983-520,Roland Garros,G,128.0,Clay,,1983-01-23,1983
1983-332,Cologne,A,32.0,Carpet,True,1983-01-24,1983
1983-428,Tokyo Indoor,A,32.0,Carpet,True,1983-01-24,1983
1983-805,Detroit WCT,A,8.0,Carpet,True,1983-01-24,1983
1983-201,Guaruja,A,64.0,Hard,,1983-01-24,1983
1983-413,Las Vegas,A,32.0,Hard,,1983-01-24,1983
1983-346,Tampa,A,32.0,Carpet,True,1983-01-25,1983
1983-309,Madrid,A,32.0,Clay,,1983-01-25,1983
1983-324,Maui,A,32.0,Hard,,1983-01-25,1983
1983-705,North Conway,A,56.0,Clay,,1983-01-25,1983
1983-707,South Orange,A,32.0,Clay,,1983-01-25,1983
1983-610,Dallas WCT,A,16.0,Carpet,True,1983-01-26,1983
1983-D008,Davis Cup,D,4.0,Grass,,1983-01-26,1983
1983-345,Monterrey,A,32.0,Carpet,True,1983-01-28,1983
1983-410,Monte Carlo,A,32.0,Clay,,1983-01-28,1983
1983-580,Australian Open,G,96.0,Grass,,1983-01-29,1983
1983-D003,Davis Cup,D,4.0,Carpet,True,1983-01-30,1983
1983-D026,Davis Cup,D,4.0,Carpet,True,1983-01-30,1983
1983-D044,Davis Cup,D,4.0,Carpet,True,1983-01-30,1983
1983-560,US Open,G,128.0,Hard,,1983-01-30,1983
1983-D005,Davis Cup,D,4.0,Grass,,1983-01-30,1983
1983-D015,Davis Cup,D,4.0,Clay,,1983-01-30,1983
1983-D023,Davis Cup,D,4.0,Grass,,1983-01-30,1983
1983-D033,Davis Cup,D,4.0,Clay,,1983-01-30,1983
1983-D037,Davis Cup,D,4.0,Clay,,1983-01-30,1983
1983-D040,Davis Cup,D,4.0,Hard,,1983-01-30,1983
1983-D056,Davis Cup,D,4.0,Clay,,1983-01-30,1983
1983-401,Philadelphia,A,64.0,Carpet,True,1983-01-31,1983
1983-336,Hong Kong,A,32.0,Hard,,1983-01-31,1983
1983-344,Caracas,A,32.0,Hard,,1983-01-31,1983
1983-429,Stockholm,A,64.0,Hard,,1983-01-31,1983
1984-326,Brisbane,A,32.0,Carpet,True,1984-01-01,1984
1984-425,Barcelona,A,64.0,Clay,,1984-01-01,1984
1984-306,Bari,A,32.0,Clay,,1984-01-02,1984
1984-820,Houston WCT,A,16.0,Clay,,1984-01-02,1984
1984-D014,Davis Cup,D,4.0,Clay,,1984-01-02,1984
1984-D016,Davis Cup,D,4.0,Clay,,1984-01-02,1984
1984-D017,Davis Cup,D,4.0,Clay,,1984-01-02,1984
1984-D021,Davis Cup,D,4.0,Clay,,1984-01-02,1984
1984-D040,Davis Cup,D,4.0,Hard,,1984-01-02,1984
1984-D042,Davis Cup,D,4.0,Clay,,1984-01-02,1984
1984-D047,Davis Cup,D,4.0,Hard,,1984-01-02,1984
1984-D001,Davis Cup,D,4.0,Clay,,1984-01-04,1984
1984-D012,Davis Cup,D,4.0,Clay,,1984-01-04,1984
1984-D015,Davis Cup,D,4.0,Clay,,1984-01-04,1984
1984-D019,Davis Cup,D,4.0,Clay,,1984-01-04,1984
1984-D020,Davis Cup,D,4.0,Clay,,1984-01-04,1984
1984-D028,Davis Cup,D,4.0,Clay,,1984-01-04,1984
1984-D033,Davis Cup,D,4.0,Clay,,1984-01-04,1984
1984-D039,Davis Cup,D,4.0,Clay,,1984-01-04,1984
1984-D051,Davis Cup,D,4.0,Clay,,1984-01-04,1984
1984-D052,Davis Cup,D,4.0,Clay,,1984-01-04,1984
1984-D054,Davis Cup,D,4.0,Clay,,1984-01-04,1984
1984-D059,Davis Cup,D,4.0,Hard,,1984-01-04,1984
1984-406,Brussels,A,32.0,Carpet,True,1984-01-05,1984
1984-430,Wembley,A,32.0,Carpet,True,1984-01-05,1984
1984-402,Memphis,A,48.0,Carpet,True,1984-01-06,1984
1984-802,Richmond WCT,A,16.0,Carpet,True,1984-01-06,1984
1984-320,Cleveland,A,32.0,Hard,,1984-01-06,1984
1984-415,Forest Hills WCT,A,64.0,Clay,,1984-01-06,1984
1984-419,Indianapolis,A,56.0,Clay,,1984-01-06,1984
1984-310,Florence,A,32.0,Clay,,1984-01-07,1984
1984-414,Hamburg,A,56.0,Clay,,1984-01-07,1984
1984-427,Sydney Indoor,A,32.0,Hard,True,1984-01-08,1984
1984-328,Basel,A,32.0,Hard,,1984-01-08,1984
1984-329,Tokyo Outdoor,A,64.0,Hard,,1984-01-08,1984
1984-84,Los Angeles Olympics,O,32.0,Hard,,1984-01-08,1984
1984-431,Luxembourg,A,32.0,Carpet,True,1984-01-09,1984
1984-301,Auckland,A,32.0,Hard,,1984-01-09,1984
1984-305,Nice,A,32.0,Clay,,1984-01-09,1984
1984-314,Gstaad,A,32.0,Clay,,1984-01-09,1984
1984-315,Newport,A,32.0,Grass,,1984-01-09,1984
1983-605,Masters,M,12.0,Carpet,True,1984-01-10,1984
1984-325,Palermo,A,32.0,Clay,,1984-01-10,1984
1984-330,Tel Aviv,A,32.0,Hard,,1984-01-10,1984
1984-338,Sydney Outdoor,A,64.0,Grass,,1984-01-10,1984
1984-423,Los Angeles,A,48.0,Hard,,1984-01-10,1984
1984-311,Queen's Club,A,64.0,Grass,,1984-01-11,1984
1984-407,Rotterdam,A,32.0,Carpet,True,1984-01-12,1984
1984-335,Treviso,A,32.0,Clay,,1984-01-12,1984
1984-341,Metz,A,32.0,Hard,,1984-01-12,1984
1984-D003,Davis Cup,D,4.0,Carpet,True,1984-01-13,1984
1984-D035,Davis Cup,D,4.0,Carpet,True,1984-01-13,1984
1984-343,Columbus,A,32.0,Hard,,1984-01-13,1984
1984-416,Rome,M,64.0,Clay,,1984-01-13,1984
1984-421,Montreal / Toronto,M,56.0,Hard,,1984-01-13,1984
1984-708,La Quinta,A,56.0,Hard,,1984-01-13,1984
1984-D004,Davis Cup,D,4.0,Grass,,1984-01-13,1984
1984-D009,Davis Cup,D,4.0,Clay,,1984-01-13,1984
1984-D011,Davis Cup,D,4.0,Clay,,1984-01-13,1984
1984-D018,Davis Cup,D,4.0,Clay,,1984-01-13,1984
1984-D022,Davis Cup,D,4.0,Hard,,1984-01-13,1984
1984-D030,Davis Cup,D,4.0,Clay,,1984-01-13,1984
1984-D041,Davis Cup,D,4.0,Hard,,1984-01-13,1984
1984-D048,Davis Cup,D,4.0,Hard,,1984-01-13,1984
1984-D049,Davis Cup,D,4.0,Hard,,1984-01-13,1984
1984-D055,Davis Cup,D,4.0,Clay,,1984-01-13,1984
1984-D056,Davis Cup,D,4.0,Hard,,1984-01-13,1984
1984-308,Munich,A,32.0,Clay,,1984-01-14,1984
1984-331,Melbourne Indoor,A,32.0,Carpet,True,1984-01-15,1984
1984-428,Tokyo Indoor,A,32.0,Carpet,True,1984-01-15,1984
1984-D031,Davis Cup,D,4.0,Carpet,True,1984-01-15,1984
1984-332,Cologne,A,32.0,Hard,,1984-01-15,1984
1984-D008,Davis Cup,D,4.0,Clay,,1984-01-15,1984
1984-D010,Davis Cup,D,4.0,Clay,,1984-01-15,1984
1984-D027,Davis Cup,D,4.0,Clay,,1984-01-15,1984
1984-D032,Davis Cup,D,4.0,Clay,,1984-01-15,1984
1984-D043,Davis Cup,D,4.0,Hard,,1984-01-15,1984
1984-D050,Davis Cup,D,4.0,Clay,,1984-01-15,1984
1984-D058,Davis Cup,D,4.0,Clay,,1984-01-15,1984
1984-316,Bastad,A,32.0,Clay,,1984-01-16,1984
1984-321,Stuttgart Outdoor,A,32.0,Clay,,1984-01-16,1984
1984-410,Monte Carlo,A,32.0,Clay,,1984-01-16,1984
1984-417,Boston,A,64.0,Clay,,1984-01-16,1984
1984-D061,Davis Cup,D,4.0,Clay,,1984-01-16,1984
1984-424,San Francisco,A,32.0,Carpet,True,1984-01-17,1984
1984-322,Geneva,A,32.0,Clay,,1984-01-17,1984
1984-323,Bordeaux,A,32.0,Clay,,1984-01-17,1984
1984-339,Adelaide,A,32.0,Grass,,1984-01-17,1984
1984-313,Bristol,A,64.0,Grass,,1984-01-18,1984
1984-408,Milan,A,32.0,Carpet,True,1984-01-19,1984
1984-327,Toulouse,A,32.0,Hard,,1984-01-19,1984
1984-426,Johannesburg,A,32.0,Hard,,1984-01-19,1984
1984-D045,Davis Cup,D,4.0,Hard,,1984-01-19,1984
1984-422,Cincinnati,M,64.0,Hard,,1984-01-20,1984
1984-615,Dusseldorf,A,16.0,Clay,,1984-01-21,1984
1984-336,Hong Kong,A,32.0,Hard,,1984-01-22,1984
1984-337,Vienna,A,32.0,Hard,,1984-01-22,1984
1984-401,Philadelphia,A,48.0,Carpet,True,1984-01-23,1984
1984-317,Hilversum,A,32.0,Clay,,1984-01-23,1984
1984-319,Kitzbuhel,A,48.0,Clay,,1984-01-23,1984
1984-342,Aix en Provence,A,32.0,Clay,,1984-01-23,1984
1984-418,Washington,A,56.0,Clay,,1984-01-23,1984
1984-610,Dallas WCT,A,16.0,Carpet,True,1984-01-24,1984
1984-D002,Davis Cup,D,4.0,Carpet,True,1984-01-24,1984
1984-D024,Davis Cup,D,4.0,Carpet,True,1984-01-24,1984
1984-D026,Davis Cup,D,4.0,Carpet,True,1984-01-24,1984
1984-D036,Davis Cup,D,4.0,Carpet,True,1984-01-24,1984
1984-D057,Davis Cup,D,4.0,Carpet,True,1984-01-24,1984
1984-324,Honolulu,A,32.0,Hard,,1984-01-24,1984
1984-340,Melbourne,A,32.0,Grass,,1984-01-24,1984
1984-D006,Davis Cup,D,4.0,Grass,,1984-01-24,1984
1984-D034,Davis Cup,D,4.0,Grass,,1984-01-24,1984
1984-D053,Davis Cup,D,4.0,Grass,,1984-01-24,1984
1984-540,Wimbledon,G,128.0,Grass,,1984-01-25,1984
1984-580,Australian Open,G,96.0,Grass,,1984-01-26,1984
1984-718,Boca West,A,32.0,Hard,,1984-01-26,1984
1984-309,Madrid,A,32.0,Carpet,True,1984-01-27,1984
1984-D005,Davis Cup,D,4.0,Carpet,True,1984-01-28,1984
1984-520,Roland Garros,G,128.0,Clay,,1984-01-28,1984
1984-560,US Open,G,128.0,Hard,,1984-01-28,1984
1984-D013,Davis Cup,D,4.0,Clay,,1984-01-28,1984
1984-D023,Davis Cup,D,4.0,Clay,,1984-01-28,1984
1984-D025,Davis Cup,D,4.0,Clay,,1984-01-28,1984
1984-D029,Davis Cup,D,4.0,Clay,,1984-01-28,1984
1984-D037,Davis Cup,D,4.0,Grass,,1984-01-28,1984
1984-D038,Davis Cup,D,4.0,Clay,,1984-01-28,1984
1984-D044,Davis Cup,D,4.0,Clay,,1984-01-28,1984
1984-D046,Davis Cup,D,4.0,Clay,,1984-01-28,1984
1984-D060,Davis Cup,D,4.0,Clay,,1984-01-28,1984
1984-333,Taipei,A,32.0,Carpet,True,1984-01-29,1984
1984-429,Stockholm,A,48.0,Hard,,1984-01-29,1984
1984-318,Livingston,A,32.0,Hard,,1984-01-30,1984
1984-705,North Conway,A,64.0,Clay,,1984-01-30,1984
1985-411,Chicago,A,32.0,Carpet,True,1985-01-01,1985
1985-410,Monte Carlo,A,48.0,Clay,,1985-01-01,1985
1985-D004,Davis Cup,D,4.0,Grass,,1985-01-02,1985
1985-D008,Davis Cup,D,4.0,Clay,,1985-01-02,1985
1985-D011,Davis Cup,D,4.0,Clay,,1985-01-02,1985
1985-D015,Davis Cup,D,4.0,Clay,,1985-01-02,1985
1985-D022,Davis Cup,D,4.0,Clay,,1985-01-02,1985
1985-D024,Davis Cup,D,4.0,Clay,,1985-01-02,1985
1985-D026,Davis Cup,D,4.0,Clay,,1985-01-02,1985
1985-D034,Davis Cup,D,4.0,Grass,,1985-01-02,1985
1985-D037,Davis Cup,D,4.0,Clay,,1985-01-02,1985
1985-D043,Davis Cup,D,4.0,Grass,,1985-01-02,1985
1985-D036,Davis Cup,D,4.0,Carpet,True,1985-01-04,1985
1985-403,Delray Beach,M,128.0,Hard,,1985-01-04,1985
1985-429,Stockholm,A,32.0,Hard,,1985-01-04,1985
1985-D003,Davis Cup,D,4.0,Clay,,1985-01-04,1985
1985-D005,Davis Cup,D,4.0,Clay,,1985-01-04,1985
1985-D012,Davis Cup,D,4.0,Clay,,1985-01-04,1985
1985-D016,Davis Cup,D,4.0,Clay,,1985-01-04,1985
1985-D023,Davis Cup,D,4.0,Clay,,1985-01-04,1985
1985-D028,Davis Cup,D,4.0,Clay,,1985-01-04,1985
1985-D031,Davis Cup,D,4.0,Hard,,1985-01-04,1985
1985-D032,Davis Cup,D,4.0,Grass,,1985-01-04,1985
1985-D048,Davis Cup,D,4.0,Grass,,1985-01-04,1985
1985-319,Kitzbuhel,A,64.0,Clay,,1985-01-05,1985
1985-420,Stratton Mountain,A,64.0,Hard,,1985-01-05,1985
1985-308,Munich,A,32.0,Clay,,1985-01-06,1985
1985-415,Forest Hills,A,64.0,Clay,,1985-01-06,1985
1985-326,Brisbane,A,32.0,Carpet,True,1985-01-07,1985
1985-301,Auckland,A,32.0,Hard,,1985-01-07,1985
1985-327,Toulouse,A,32.0,Hard,,1985-01-07,1985
1985-426,Johannesburg,A,32.0,Hard,,1985-01-07,1985
1984-605,Masters,M,12.0,Carpet,True,1985-01-08,1985
1985-610,Dallas,A,16.0,Carpet,True,1985-01-08,1985
1985-D014,Davis Cup,D,4.0,Carpet,True,1985-01-08,1985
1985-D027,Davis Cup,D,4.0,Carpet,True,1985-01-08,1985
1985-D030,Davis Cup,D,4.0,Carpet,True,1985-01-08,1985
1985-D047,Davis Cup,D,4.0,Carpet,True,1985-01-08,1985
1985-D059,Davis Cup,D,4.0,Carpet,True,1985-01-08,1985
1985-305,Nice,A,32.0,Clay,,1985-01-08,1985
1985-314,Gstaad,A,32.0,Clay,,1985-01-08,1985
1985-315,Newport,A,32.0,Grass,,1985-01-08,1985
1985-417,Boston,A,56.0,Clay,,1985-01-08,1985
1985-D002,Davis Cup,D,4.0,Clay,,1985-01-08,1985
1985-D006,Davis Cup,D,4.0,Clay,,1985-01-08,1985
1985-D013,Davis Cup,D,4.0,Hard,,1985-01-08,1985
1985-D018,Davis Cup,D,4.0,Clay,,1985-01-08,1985
1985-D020,Davis Cup,D,4.0,Clay,,1985-01-08,1985
1985-D042,Davis Cup,D,4.0,Grass,,1985-01-08,1985
1985-D049,Davis Cup,D,4.0,Clay,,1985-01-08,1985
1985-D053,Davis Cup,D,4.0,Clay,,1985-01-08,1985
1985-D055,Davis Cup,D,4.0,Hard,,1985-01-08,1985
1985-D056,Davis Cup,D,4.0,Hard,,1985-01-08,1985
1985-321,Stuttgart Outdoor,A,32.0,Clay,,1985-01-09,1985
1985-325,Palermo,A,32.0,Clay,,1985-01-09,1985
1985-338,Sydney Outdoor,A,56.0,Grass,,1985-01-09,1985
1985-311,Queen's Club,A,64.0,Grass,,1985-01-10,1985
1985-312,Bologna,A,32.0,Clay,,1985-01-10,1985
1985-D001,Davis Cup,D,4.0,Clay,,1985-01-10,1985
1985-D009,Davis Cup,D,4.0,Clay,,1985-01-10,1985
1985-D019,Davis Cup,D,4.0,Hard,,1985-01-10,1985
1985-D021,Davis Cup,D,4.0,Clay,,1985-01-10,1985
1985-D029,Davis Cup,D,4.0,Clay,,1985-01-10,1985
1985-D038,Davis Cup,D,4.0,Clay,,1985-01-10,1985
1985-D040,Davis Cup,D,4.0,Clay,,1985-01-10,1985
1985-D050,Davis Cup,D,4.0,Hard,,1985-01-10,1985
1985-D051,Davis Cup,D,4.0,Clay,,1985-01-10,1985
1985-D054,Davis Cup,D,4.0,Hard,,1985-01-10,1985
1985-D057,Davis Cup,D,4.0,Clay,,1985-01-10,1985
1985-D061,Davis Cup,D,4.0,Clay,,1985-01-10,1985
1985-406,Brussels,A,32.0,Carpet,True,1985-01-11,1985
1985-430,Wembley,A,32.0,Carpet,True,1985-01-11,1985
1985-320,Cleveland,A,32.0,Hard,,1985-01-12,1985
1985-421,Montreal / Toronto,M,56.0,Hard,,1985-01-12,1985
1985-309,Madrid,A,32.0,Clay,,1985-01-13,1985
1985-416,Rome,M,64.0,Clay,,1985-01-13,1985
1985-427,Sydney Indoor,A,32.0,Hard,True,1985-01-14,1985
1985-328,Basel,A,32.0,Hard,,1985-01-14,1985
1985-329,Tokyo Outdoor,A,64.0,Hard,,1985-01-14,1985
1985-330,Tel Aviv,A,32.0,Hard,,1985-01-14,1985
1985-D007,Davis Cup,D,4.0,Clay,,1985-01-14,1985
1985-D010,Davis Cup,D,4.0,Clay,,1985-01-14,1985
1985-D025,Davis Cup,D,4.0,Clay,,1985-01-14,1985
1985-D033,Davis Cup,D,4.0,Grass,,1985-01-14,1985
1985-D045,Davis Cup,D,4.0,Clay,,1985-01-14,1985
1985-D046,Davis Cup,D,4.0,Hard,,1985-01-14,1985
1985-D058,Davis Cup,D,4.0,Clay,,1985-01-14,1985
1985-D062,Davis Cup,D,4.0,Clay,,1985-01-14,1985
1985-306,Bari,A,32.0,Clay,,1985-01-15,1985
1985-316,Bastad,A,32.0,Clay,,1985-01-15,1985
1985-418,Washington,A,56.0,Clay,,1985-01-15,1985
1985-322,Geneva,A,32.0,Clay,,1985-01-16,1985
1985-323,Bordeaux,A,32.0,Clay,,1985-01-16,1985
1985-339,Adelaide,A,32.0,Grass,,1985-01-16,1985
1985-423,Los Angeles,A,32.0,Hard,,1985-01-16,1985
1985-313,Bristol,A,48.0,Grass,,1985-01-17,1985
1985-302,Toronto Indoor,A,32.0,Carpet,True,1985-01-18,1985
1985-407,Rotterdam,A,32.0,Carpet,True,1985-01-18,1985
1985-D041,Davis Cup,D,4.0,Carpet,True,1985-01-18,1985
1985-304,Nancy,A,32.0,Hard,,1985-01-18,1985
1985-336,Hong Kong,A,32.0,Hard,,1985-01-18,1985
1985-337,Vienna,A,32.0,Hard,,1985-01-18,1985
1985-708,La Quinta,A,56.0,Hard,,1985-01-18,1985
1985-D039,Davis Cup,D,4.0,Grass,,1985-01-18,1985
1985-D052,Davis Cup,D,4.0,Grass,,1985-01-18,1985
1985-D060,Davis Cup,D,4.0,Hard,,1985-01-18,1985
1985-422,Cincinnati,M,64.0,Hard,,1985-01-19,1985
1985-D017,Davis Cup,D,4.0,Clay,,1985-01-19,1985
1985-D035,Davis Cup,D,4.0,Carpet,True,1985-01-20,1985
1985-310,Florence,A,32.0,Clay,,1985-01-20,1985
1985-615,Dusseldorf,A,32.0,Clay,,1985-01-20,1985
1985-331,Melbourne Indoor,A,32.0,Carpet,True,1985-01-21,1985
1985-401,Philadelphia,A,48.0,Carpet,True,1985-01-21,1985
1985-428,Tokyo Indoor,A,32.0,Carpet,True,1985-01-21,1985
1985-332,Cologne,A,32.0,Hard,,1985-01-21,1985
1985-412,Atlanta,A,32.0,Carpet,True,1985-01-22,1985
1985-307,Marbella,A,32.0,Clay,,1985-01-22,1985
1985-317,Hilversum,A,32.0,Clay,,1985-01-22,1985
1985-318,Livingston,A,32.0,Hard,,1985-01-22,1985
1985-419,Indianapolis,A,56.0,Clay,,1985-01-22,1985
1985-424,San Francisco,A,32.0,Carpet,True,1985-01-23,1985
1985-340,Melbourne,A,32.0,Grass,,1985-01-23,1985
1985-425,Barcelona,A,64.0,Clay,,1985-01-23,1985
1985-540,Wimbledon,G,128.0,Grass,,1985-01-24,1985
1985-405,Houston,A,32.0,Carpet,True,1985-01-25,1985
1985-408,Milan,A,32.0,Carpet,True,1985-01-25,1985
1985-303,Buenos Aires,A,32.0,Clay,,1985-01-25,1985
1985-580,Australian Open,G,96.0,Grass,,1985-01-25,1985
1985-727,Fort Myers,A,32.0,Hard,,1985-01-25,1985
1985-520,Roland Garros,G,128.0,Clay,,1985-01-27,1985
1985-560,US Open,G,128.0,Hard,,1985-01-27,1985
1985-402,Memphis,A,48.0,Carpet,True,1985-01-28,1985
1985-413,Las Vegas,A,32.0,Hard,,1985-01-29,1985
1985-414,Hamburg,A,56.0,Clay,,1985-01-29,1985
1986-605,Masters Dec,M,8.0,Carpet,True,1986-01-01,1986
1986-D010,Davis Cup,D,4.0,Carpet,True,1986-01-01,1986
1986-302,Toronto Indoor,A,32.0,Carpet,True,1986-01-03,1986
1986-402,Memphis,A,48.0,Carpet,True,1986-01-03,1986
1986-D027,Davis Cup,D,4.0,Carpet,True,1986-01-03,1986
1986-D046,Davis Cup,D,4.0,Carpet,True,1986-01-03,1986
1986-429,Stockholm,A,56.0,Hard,,1986-01-03,1986
1986-D002,Davis Cup,D,4.0,Clay,,1986-01-03,1986
1986-D003,Davis Cup,D,4.0,Clay,,1986-01-03,1986
1986-D009,Davis Cup,D,4.0,Grass,,1986-01-03,1986
1986-D025,Davis Cup,D,4.0,Clay,,1986-01-03,1986
1986-D031,Davis Cup,D,4.0,Clay,,1986-01-03,1986
1986-D043,Davis Cup,D,4.0,Grass,,1986-01-03,1986
1986-D068,Davis Cup,D,4.0,Clay,,1986-01-03,1986
1986-319,Kitzbuhel,A,64.0,Clay,,1986-01-04,1986
1986-420,Stratton Mountain,A,64.0,Hard,,1986-01-04,1986
1986-D057,Davis Cup,D,4.0,Hard,,1986-01-04,1986
1986-308,Munich,A,32.0,Clay,,1986-01-05,1986
1986-415,Forest Hills,A,64.0,Clay,,1986-01-05,1986
1986-301,Auckland,A,32.0,Hard,,1986-01-06,1986
1986-327,Toulouse,A,32.0,Hard,,1986-01-06,1986
1986-330,Tel Aviv,A,32.0,Hard,,1986-01-06,1986
1986-433,Scottsdale,A,32.0,Hard,,1986-01-06,1986
1986-D049,Davis Cup,D,4.0,Hard,,1986-01-06,1986
1986-610,Dallas,A,16.0,Carpet,True,1986-01-07,1986
1986-D026,Davis Cup,D,4.0,Carpet,True,1986-01-07,1986
1986-D030,Davis Cup,D,4.0,Carpet,True,1986-01-07,1986
1986-D037,Davis Cup,D,4.0,Carpet,True,1986-01-07,1986
1986-306,Bari,A,32.0,Clay,,1986-01-07,1986
1986-314,Gstaad,A,32.0,Clay,,1986-01-07,1986
1986-315,Newport,A,32.0,Grass,,1986-01-07,1986
1986-323,Bordeaux,A,32.0,Clay,,1986-01-07,1986
1986-D001,Davis Cup,D,4.0,Clay,,1986-01-07,1986
1986-D005,Davis Cup,D,4.0,Clay,,1986-01-07,1986
1986-D007,Davis Cup,D,4.0,Hard,,1986-01-07,1986
1986-D013,Davis Cup,D,4.0,Hard,,1986-01-07,1986
1986-D016,Davis Cup,D,4.0,Hard,,1986-01-07,1986
1986-D021,Davis Cup,D,4.0,Clay,,1986-01-07,1986
1986-D024,Davis Cup,D,4.0,Clay,,1986-01-07,1986
1986-D028,Davis Cup,D,4.0,Clay,,1986-01-07,1986
1986-D034,Davis Cup,D,4.0,Clay,,1986-01-07,1986
1986-D041,Davis Cup,D,4.0,Clay,,1986-01-07,1986
1986-D044,Davis Cup,D,4.0,Grass,,1986-01-07,1986
1986-D047,Davis Cup,D,4.0,Clay,,1986-01-07,1986
1986-D051,Davis Cup,D,4.0,Hard,,1986-01-07,1986
1986-D055,Davis Cup,D,4.0,Hard,,1986-01-07,1986
1986-D061,Davis Cup,D,4.0,Hard,,1986-01-07,1986
1986-D063,Davis Cup,D,4.0,Clay,,1986-01-07,1986
1986-D066,Davis Cup,D,4.0,Hard,,1986-01-07,1986
1986-D067,Davis Cup,D,4.0,Grass,,1986-01-07,1986
1986-321,Stuttgart Outdoor,A,48.0,Clay,,1986-01-08,1986
1986-322,Geneva,A,32.0,Clay,,1986-01-08,1986
1986-311,Queen's Club,A,64.0,Grass,,1986-01-09,1986
1986-312,Bologna,A,32.0,Clay,,1986-01-09,1986
1986-D014,Davis Cup,D,4.0,Hard,,1986-01-09,1986
1986-D018,Davis Cup,D,4.0,Clay,,1986-01-09,1986
1986-D022,Davis Cup,D,4.0,Hard,,1986-01-09,1986
1986-D029,Davis Cup,D,4.0,Clay,,1986-01-09,1986
1986-D036,Davis Cup,D,4.0,Clay,,1986-01-09,1986
1986-D042,Davis Cup,D,4.0,Hard,,1986-01-09,1986
1986-D050,Davis Cup,D,4.0,Hard,,1986-01-09,1986
1986-D052,Davis Cup,D,4.0,Clay,,1986-01-09,1986
1986-D056,Davis Cup,D,4.0,Clay,,1986-01-09,1986
1986-D060,Davis Cup,D,4.0,Clay,,1986-01-09,1986
1986-D065,Davis Cup,D,4.0,Clay,,1986-01-09,1986
1986-341,Metz,A,32.0,Carpet,True,1986-01-10,1986
1986-408,Milan,A,32.0,Carpet,True,1986-01-10,1986
1986-430,Wembley,A,32.0,Carpet,True,1986-01-10,1986
1986-303,Buenos Aires,A,32.0,Clay,,1986-01-10,1986
1986-403,Boca West,M,128.0,Hard,,1986-01-10,1986
1986-366,St. Vincent,A,32.0,Clay,,1986-01-11,1986
1986-421,Montreal / Toronto,M,56.0,Hard,,1986-01-11,1986
1986-416,Rome,M,64.0,Clay,,1986-01-12,1986
1986-427,Sydney Indoor,A,32.0,Hard,True,1986-01-13,1986
1986-328,Basel,A,32.0,Hard,,1986-01-13,1986
1986-329,Tokyo Outdoor,A,64.0,Hard,,1986-01-13,1986
1986-D011,Davis Cup,D,4.0,Clay,,1986-01-13,1986
1986-D015,Davis Cup,D,4.0,Hard,,1986-01-13,1986
1986-D019,Davis Cup,D,4.0,Clay,,1986-01-13,1986
1986-D033,Davis Cup,D,4.0,Clay,,1986-01-13,1986
1986-D035,Davis Cup,D,4.0,Clay,,1986-01-13,1986
1986-D039,Davis Cup,D,4.0,Clay,,1986-01-13,1986
1986-D059,Davis Cup,D,4.0,Clay,,1986-01-13,1986
1986-D064,Davis Cup,D,4.0,Clay,,1986-01-13,1986
1985-605,Masters,M,16.0,Carpet,True,1986-01-14,1986
1986-305,Nice,A,32.0,Clay,,1986-01-14,1986
1986-414,Hamburg,A,56.0,Clay,,1986-01-15,1986
1986-423,Los Angeles,A,32.0,Hard,,1986-01-15,1986
1986-313,Bristol,A,48.0,Grass,,1986-01-16,1986
1986-367,Athens,A,32.0,Clay,,1986-01-16,1986
1986-405,Houston,A,32.0,Carpet,True,1986-01-17,1986
1986-406,Brussels,A,32.0,Carpet,True,1986-01-17,1986
1986-426,Johannesburg,A,32.0,Hard,,1986-01-17,1986
1986-727,Fort Myers,A,32.0,Hard,,1986-01-17,1986
1986-D062,Davis Cup,D,4.0,Clay,,1986-01-17,1986
1986-D070,Davis Cup,D,4.0,Hard,,1986-01-17,1986
1986-D023,Davis Cup,D,4.0,Carpet,True,1986-01-18,1986
1986-422,Cincinnati,M,64.0,Hard,,1986-01-18,1986
1986-D004,Davis Cup,D,4.0,Clay,,1986-01-18,1986
1986-D006,Davis Cup,D,4.0,Grass,,1986-01-18,1986
1986-D012,Davis Cup,D,4.0,Clay,,1986-01-18,1986
1986-D017,Davis Cup,D,4.0,Clay,,1986-01-18,1986
1986-D020,Davis Cup,D,4.0,Hard,,1986-01-18,1986
1986-D040,Davis Cup,D,4.0,Clay,,1986-01-18,1986
1986-D045,Davis Cup,D,4.0,Clay,,1986-01-18,1986
1986-D048,Davis Cup,D,4.0,Clay,,1986-01-18,1986
1986-D053,Davis Cup,D,4.0,Clay,,1986-01-18,1986
1986-D058,Davis Cup,D,4.0,Clay,,1986-01-18,1986
1986-D069,Davis Cup,D,4.0,Hard,,1986-01-18,1986
1986-310,Florence,A,32.0,Clay,,1986-01-19,1986
1986-615,Dusseldorf,A,32.0,Clay,,1986-01-19,1986
1986-428,Tokyo Indoor,A,32.0,Carpet,True,1986-01-20,1986
1986-337,Vienna,A,32.0,Hard,,1986-01-20,1986
1986-316,Bastad,A,32.0,Clay,,1986-01-21,1986
1986-318,Livingston,A,32.0,Hard,,1986-01-21,1986
1986-410,Monte Carlo,A,48.0,Clay,,1986-01-21,1986
1986-417,Boston,A,56.0,Clay,,1986-01-21,1986
1986-424,San Francisco,A,32.0,Carpet,True,1986-01-22,1986
1986-425,Barcelona,A,64.0,Clay,,1986-01-22,1986
1986-540,Wimbledon,G,128.0,Grass,,1986-01-23,1986
1986-D032,Davis Cup,D,4.0,Clay,,1986-01-23,1986
1986-407,Rotterdam,A,32.0,Carpet,True,1986-01-24,1986
1986-411,Chicago,A,32.0,Carpet,True,1986-01-24,1986
1986-240,Itaparica,A,32.0,Hard,,1986-01-24,1986
1986-708,La Quinta,A,56.0,Hard,,1986-01-24,1986
1986-520,Roland Garros,G,128.0,Clay,,1986-01-26,1986
1986-560,US Open,G,128.0,Hard,,1986-01-26,1986
1986-D008,Davis Cup,D,4.0,Grass,,1986-01-26,1986
1986-352,Paris Indoor,A,32.0,Carpet,True,1986-01-27,1986
1986-401,Philadelphia,A,48.0,Carpet,True,1986-01-27,1986
1986-336,Hong Kong,A,32.0,Hard,,1986-01-27,1986
1986-309,Madrid,A,32.0,Clay,,1986-01-28,1986
1986-317,Hilversum,A,32.0,Clay,,1986-01-28,1986
1986-418,Washington,A,56.0,Clay,,1986-01-28,1986
1986-419,Indianapolis,A,56.0,Clay,,1986-01-28,1986
1986-325,Palermo,A,32.0,Clay,,1986-01-29,1986
1987-339,Adelaide,A,32.0,Grass,,1986-01-30,1986
1986-412,Atlanta,A,32.0,Carpet,True,1986-01-31,1986
1986-332,Cologne,A,32.0,Hard,,1986-01-31,1986
1987-560,US Open,G,128.0,Hard,,1987-01-01,1987
1987-352,Paris Indoor,A,32.0,Carpet,True,1987-01-02,1987
1987-375,Lyon,A,32.0,Carpet,True,1987-01-02,1987
1987-401,Philadelphia,A,48.0,Carpet,True,1987-01-02,1987
1987-605,Masters,M,8.0,Carpet,True,1987-01-02,1987
1987-D007,Davis Cup,D,4.0,Carpet,True,1987-01-02,1987
1987-429,Stockholm,A,56.0,Hard,,1987-01-02,1987
1987-D004,Davis Cup,D,4.0,Grass,,1987-01-02,1987
1987-D014,Davis Cup,D,4.0,Clay,,1987-01-02,1987
1987-D025,Davis Cup,D,4.0,Clay,,1987-01-02,1987
1987-D067,Davis Cup,D,4.0,Clay,,1987-01-02,1987
1987-319,Kitzbuhel,A,64.0,Clay,,1987-01-03,1987
1987-420,Stratton Mountain,A,64.0,Hard,,1987-01-03,1987
1987-D035,Davis Cup,D,4.0,Hard,,1987-01-03,1987
1987-D058,Davis Cup,D,4.0,Hard,,1987-01-03,1987
1987-308,Munich,A,32.0,Clay,,1987-01-04,1987
1987-415,Forest Hills,A,64.0,Clay,,1987-01-04,1987
1987-301,Auckland,A,32.0,Hard,,1987-01-05,1987
1987-326,Brisbane,A,32.0,Hard,,1987-01-05,1987
1987-328,Basel,A,32.0,Hard,,1987-01-05,1987
1987-433,Scottsdale,A,32.0,Hard,,1987-01-05,1987
1987-306,Bari,A,32.0,Clay,,1987-01-06,1987
1987-314,Gstaad,A,32.0,Clay,,1987-01-06,1987
1987-315,Newport,A,32.0,Grass,,1987-01-06,1987
1987-417,Boston,A,56.0,Clay,,1987-01-06,1987
1987-D049,Davis Cup,D,4.0,Hard,,1987-01-06,1987
1987-610,Dallas WCT,A,9.0,Carpet,True,1987-01-07,1987
1987-D030,Davis Cup,D,4.0,Carpet,True,1987-01-08,1987
1987-D044,Davis Cup,D,4.0,Carpet,True,1987-01-08,1987
1987-D059,Davis Cup,D,4.0,Carpet,True,1987-01-08,1987
1987-311,Queen's Club,A,64.0,Grass,,1987-01-08,1987
1987-312,Bologna,A,32.0,Clay,,1987-01-08,1987
1987-D026,Davis Cup,D,4.0,Clay,,1987-01-08,1987
1987-D043,Davis Cup,D,4.0,Clay,,1987-01-08,1987
1987-D056,Davis Cup,D,4.0,Clay,,1987-01-08,1987
1987-D061,Davis Cup,D,4.0,Hard,,1987-01-08,1987
1987-D062,Davis Cup,D,4.0,Hard,,1987-01-08,1987
1987-D066,Davis Cup,D,4.0,Hard,,1987-01-08,1987
1987-D070,Davis Cup,D,4.0,Hard,,1987-01-08,1987
1987-237,Sao Paulo,A,32.0,Hard,,1987-01-09,1987
1987-402,Memphis,A,48.0,Hard,,1987-01-09,1987
1987-348,Frankfurt,A,32.0,Carpet,True,1987-01-10,1987
1987-430,Wembley,A,32.0,Carpet,True,1987-01-10,1987
1987-366,St. Vincent,A,32.0,Clay,,1987-01-10,1987
1987-379,Prague,A,32.0,Clay,,1987-01-10,1987
1987-421,Montreal / Toronto,M,56.0,Hard,,1987-01-10,1987
1987-416,Rome,M,64.0,Clay,,1987-01-11,1987
1987-427,Sydney Indoor,A,32.0,Hard,True,1987-01-12,1987
1987-D031,Davis Cup,D,4.0,Carpet,True,1987-01-12,1987
1987-327,Toulouse,A,32.0,Hard,,1987-01-12,1987
1987-330,Tel Aviv,A,32.0,Hard,,1987-01-12,1987
1987-580,Australian Open,G,96.0,Grass,,1987-01-12,1987
1987-D008,Davis Cup,D,4.0,Clay,,1987-01-12,1987
1987-D011,Davis Cup,D,4.0,Clay,,1987-01-12,1987
1987-D016,Davis Cup,D,4.0,Clay,,1987-01-12,1987
1987-D046,Davis Cup,D,4.0,Clay,,1987-01-12,1987
1987-D050,Davis Cup,D,4.0,Hard,,1987-01-12,1987
1987-D065,Davis Cup,D,4.0,Clay,,1987-01-12,1987
1987-D068,Davis Cup,D,4.0,Clay,,1987-01-12,1987
1987-D027,Davis Cup,D,4.0,Carpet,True,1987-01-13,1987
1987-D038,Davis Cup,D,4.0,Carpet,True,1987-01-13,1987
1987-D051,Davis Cup,D,4.0,Carpet,True,1987-01-13,1987
1987-305,Nice,A,32.0,Clay,,1987-01-13,1987
1987-318,Livingston,A,32.0,Hard,,1987-01-13,1987
1987-321,Stuttgart Outdoor,A,48.0,Clay,,1987-01-13,1987
1987-323,Bordeaux,A,32.0,Clay,,1987-01-13,1987
1987-329,Tokyo Outdoor,A,56.0,Hard,,1987-01-13,1987
1987-419,Indianapolis,A,56.0,Clay,,1987-01-13,1987
1987-D002,Davis Cup,D,4.0,Grass,,1987-01-13,1987
1987-D006,Davis Cup,D,4.0,Grass,,1987-01-13,1987
1987-D010,Davis Cup,D,4.0,Hard,,1987-01-13,1987
1987-D012,Davis Cup,D,4.0,Clay,,1987-01-13,1987
1987-D015,Davis Cup,D,4.0,Clay,,1987-01-13,1987
1987-D019,Davis Cup,D,4.0,Clay,,1987-01-13,1987
1987-D021,Davis Cup,D,4.0,Hard,,1987-01-13,1987
1987-D023,Davis Cup,D,4.0,Clay,,1987-01-13,1987
1987-D036,Davis Cup,D,4.0,Clay,,1987-01-13,1987
1987-D040,Davis Cup,D,4.0,Clay,,1987-01-13,1987
1987-D045,Davis Cup,D,4.0,Hard,,1987-01-13,1987
1987-D053,Davis Cup,D,4.0,Clay,,1987-01-13,1987
1987-D054,Davis Cup,D,4.0,Clay,,1987-01-13,1987
1987-D063,Davis Cup,D,4.0,Clay,,1987-01-13,1987
1987-D064,Davis Cup,D,4.0,Clay,,1987-01-13,1987
1987-D069,Davis Cup,D,4.0,Hard,,1987-01-13,1987
1987-309,Madrid,A,32.0,Clay,,1987-01-14,1987
1987-322,Geneva,A,32.0,Clay,,1987-01-14,1987
1987-313,Bristol,A,48.0,Grass,,1987-01-15,1987
1987-367,Athens,A,32.0,Clay,,1987-01-15,1987
1987-407,Rotterdam,A,32.0,Carpet,True,1987-01-16,1987
1987-303,Buenos Aires,A,32.0,Clay,,1987-01-16,1987
1987-404,Indian Wells,M,56.0,Hard,,1987-01-16,1987
1987-409,Orlando,A,32.0,Hard,,1987-01-16,1987
1987-426,Johannesburg,A,32.0,Hard,,1987-01-16,1987
1987-422,Cincinnati,M,64.0,Hard,,1987-01-17,1987
1987-310,Florence,A,32.0,Clay,,1987-01-18,1987
1987-615,Dusseldorf,A,32.0,Clay,,1987-01-18,1987
1987-D048,Davis Cup,D,4.0,Clay,,1987-01-18,1987
1987-337,Vienna,A,32.0,Hard,,1987-01-19,1987
1987-428,Tokyo Indoor,A,32.0,Carpet,True,1987-01-20,1987
1987-224,Schenectady,A,32.0,Hard,,1987-01-20,1987
1987-410,Monte Carlo,A,48.0,Clay,,1987-01-20,1987
1987-434,Seoul,A,32.0,Hard,,1987-01-20,1987
1987-D001,Davis Cup,D,4.0,Hard,,1987-01-20,1987
1987-423,Los Angeles,A,32.0,Hard,,1987-01-21,1987
1987-425,Barcelona,A,56.0,Clay,,1987-01-21,1987
1987-540,Wimbledon,G,128.0,Grass,,1987-01-22,1987
1987-304,Nancy,A,32.0,Carpet,True,1987-01-23,1987
1987-406,Brussels,A,32.0,Carpet,True,1987-01-23,1987
1987-240,Itaparica,A,32.0,Hard,,1987-01-23,1987
1987-403,Key Biscayne,M,128.0,Hard,,1987-01-23,1987
1987-D024,Davis Cup,D,4.0,Carpet,True,1987-01-24,1987
1987-D042,Davis Cup,D,4.0,Carpet,True,1987-01-24,1987
1987-D057,Davis Cup,D,4.0,Carpet,True,1987-01-24,1987
1987-435,Rye Brook,A,32.0,Hard,,1987-01-24,1987
1987-D003,Davis Cup,D,4.0,Clay,,1987-01-24,1987
1987-D005,Davis Cup,D,4.0,Grass,,1987-01-24,1987
1987-D009,Davis Cup,D,4.0,Clay,,1987-01-24,1987
1987-D013,Davis Cup,D,4.0,Clay,,1987-01-24,1987
1987-D017,Davis Cup,D,4.0,Clay,,1987-01-24,1987
1987-D018,Davis Cup,D,4.0,Hard,,1987-01-24,1987
1987-D032,Davis Cup,D,4.0,Clay,,1987-01-24,1987
1987-D037,Davis Cup,D,4.0,Clay,,1987-01-24,1987
1987-D039,Davis Cup,D,4.0,Clay,,1987-01-24,1987
1987-D041,Davis Cup,D,4.0,Clay,,1987-01-24,1987
1987-D047,Davis Cup,D,4.0,Grass,,1987-01-24,1987
1987-D052,Davis Cup,D,4.0,Hard,,1987-01-24,1987
1987-D060,Davis Cup,D,4.0,Hard,,1987-01-24,1987
1987-520,Roland Garros,G,128.0,Clay,,1987-01-25,1987
1987-201,Guaruja,A,32.0,Hard,,1987-01-26,1987
1987-336,Hong Kong,A,32.0,Hard,,1987-01-26,1987
1987-338,Sydney Outdoor,A,32.0,Grass,,1987-01-26,1987
1987-316,Bastad,A,32.0,Clay,,1987-01-27,1987
1987-317,Hilversum,A,32.0,Clay,,1987-01-27,1987
1987-414,Hamburg,A,56.0,Clay,,1987-01-27,1987
1987-418,Washington,A,56.0,Hard,,1987-01-27,1987
1987-424,San Francisco,A,32.0,Carpet,True,1987-01-28,1987
1987-325,Palermo,A,32.0,Clay,,1987-01-28,1987
1988-339,Adelaide,A,32.0,Hard,,1987-01-28,1987
1988-354,Wellington,A,32.0,Hard,,1987-01-28,1987
1987-408,Milan,A,32.0,Carpet,True,1987-01-30,1987
1987-411,Chicago,A,32.0,Carpet,True,1987-01-30,1987
1987-D028,Davis Cup,D,4.0,Carpet,True,1987-01-30,1987
1987-D020,Davis Cup,D,4.0,Hard,,1987-01-30,1987
1987-D022,Davis Cup,D,4.0,Clay,,1987-01-30,1987
1987-D029,Davis Cup,D,4.0,Clay,,1987-01-30,1987
1987-D055,Davis Cup,D,4.0,Hard,,1987-01-30,1987
1988-319,Kitzbuhel,A,64.0,Clay,,1988-01-01,1988
1988-419,Indianapolis,A,56.0,Hard,,1988-01-01,1988
1988-308,Munich,A,48.0,Clay,,1988-01-02,1988
1988-415,Forest Hills,A,64.0,Clay,,1988-01-02,1988
1988-433,Scottsdale,A,32.0,Hard,,1988-01-03,1988
1988-301,Auckland,A,32.0,Hard,,1988-01-04,1988
1988-314,Gstaad,A,32.0,Clay,,1988-01-04,1988
1988-315,Newport,A,32.0,Grass,,1988-01-04,1988
1988-326,Brisbane,A,32.0,Hard,,1988-01-04,1988
1988-328,Basel,A,32.0,Hard,,1988-01-04,1988
1988-338,Sydney Outdoor,A,32.0,Grass,,1988-01-04,1988
1988-417,Boston,A,56.0,Clay,,1988-01-04,1988
1988-D018,Davis Cup,D,4.0,Clay,,1988-01-04,1988
1988-D013,Davis Cup,D,4.0,Carpet,True,1988-01-05,1988
1988-D025,Davis Cup,D,4.0,Carpet,True,1988-01-05,1988
1988-D030,Davis Cup,D,4.0,Carpet,True,1988-01-05,1988
1988-D034,Davis Cup,D,4.0,Carpet,True,1988-01-05,1988
1988-D064,Davis Cup,D,4.0,Carpet,True,1988-01-05,1988
1988-D067,Davis Cup,D,4.0,Carpet,True,1988-01-05,1988
1988-D005,Davis Cup,D,4.0,Clay,,1988-01-05,1988
1988-D011,Davis Cup,D,4.0,Hard,,1988-01-05,1988
1988-D017,Davis Cup,D,4.0,Clay,,1988-01-05,1988
1988-D022,Davis Cup,D,4.0,Hard,,1988-01-05,1988
1988-D038,Davis Cup,D,4.0,Hard,,1988-01-05,1988
1988-D044,Davis Cup,D,4.0,Clay,,1988-01-05,1988
1988-D046,Davis Cup,D,4.0,Grass,,1988-01-05,1988
1988-D048,Davis Cup,D,4.0,Clay,,1988-01-05,1988
1988-D051,Davis Cup,D,4.0,Clay,,1988-01-05,1988
1988-D057,Davis Cup,D,4.0,Hard,,1988-01-05,1988
1988-D024,Davis Cup,D,4.0,Carpet,True,1988-01-06,1988
1988-D041,Davis Cup,D,4.0,Carpet,True,1988-01-06,1988
1988-D060,Davis Cup,D,4.0,Carpet,True,1988-01-06,1988
1988-D066,Davis Cup,D,4.0,Carpet,True,1988-01-06,1988
1988-311,Queen's Club,A,64.0,Grass,,1988-01-06,1988
1988-312,Bologna,A,32.0,Clay,,1988-01-06,1988
1988-D009,Davis Cup,D,4.0,Clay,,1988-01-06,1988
1988-D015,Davis Cup,D,4.0,Hard,,1988-01-06,1988
1988-D020,Davis Cup,D,4.0,Hard,,1988-01-06,1988
1988-D028,Davis Cup,D,4.0,Clay,,1988-01-06,1988
1988-D037,Davis Cup,D,4.0,Clay,,1988-01-06,1988
1988-D042,Davis Cup,D,4.0,Hard,,1988-01-06,1988
1988-D055,Davis Cup,D,4.0,Clay,,1988-01-06,1988
1988-D069,Davis Cup,D,4.0,Clay,,1988-01-06,1988
1988-303,Buenos Aires,A,32.0,Clay,,1988-01-07,1988
1988-409,Orlando,A,32.0,Hard,,1988-01-07,1988
1988-375,Lyon,A,32.0,Carpet,True,1988-01-08,1988
1988-407,Rotterdam,A,32.0,Carpet,True,1988-01-08,1988
1988-430,Wembley,A,32.0,Carpet,True,1988-01-08,1988
1988-D016,Davis Cup,D,4.0,Carpet,True,1988-01-08,1988
1988-D026,Davis Cup,D,4.0,Carpet,True,1988-01-08,1988
1988-D049,Davis Cup,D,4.0,Carpet,True,1988-01-08,1988
1988-D058,Davis Cup,D,4.0,Carpet,True,1988-01-08,1988
1988-D072,Davis Cup,D,4.0,Carpet,True,1988-01-08,1988
1988-366,St. Vincent,A,32.0,Clay,,1988-01-08,1988
1988-379,Prague,A,32.0,Clay,,1988-01-08,1988
1988-421,Montreal / Toronto,M,56.0,Hard,,1988-01-08,1988
1988-D001,Davis Cup,D,4.0,Hard,,1988-01-08,1988
1988-D002,Davis Cup,D,4.0,Clay,,1988-01-08,1988
1988-D004,Davis Cup,D,4.0,Clay,,1988-01-08,1988
1988-D008,Davis Cup,D,4.0,Hard,,1988-01-08,1988
1988-D012,Davis Cup,D,4.0,Clay,,1988-01-08,1988
1988-D019,Davis Cup,D,4.0,Clay,,1988-01-08,1988
1988-D021,Davis Cup,D,4.0,Hard,,1988-01-08,1988
1988-D023,Davis Cup,D,4.0,Hard,,1988-01-08,1988
1988-D027,Davis Cup,D,4.0,Clay,,1988-01-08,1988
1988-D039,Davis Cup,D,4.0,Hard,,1988-01-08,1988
1988-D050,Davis Cup,D,4.0,Hard,,1988-01-08,1988
1988-D052,Davis Cup,D,4.0,Hard,,1988-01-08,1988
1988-D053,Davis Cup,D,4.0,Clay,,1988-01-08,1988
1988-D056,Davis Cup,D,4.0,Hard,,1988-01-08,1988
1988-D059,Davis Cup,D,4.0,Hard,,1988-01-08,1988
1988-D063,Davis Cup,D,4.0,Clay,,1988-01-08,1988
1988-D065,Davis Cup,D,4.0,Clay,,1988-01-08,1988
1988-D068,Davis Cup,D,4.0,Clay,,1988-01-08,1988
1988-D071,Davis Cup,D,4.0,Hard,,1988-01-08,1988
1988-416,Rome,M,64.0,Clay,,1988-01-09,1988
1988-427,Sydney Indoor,A,32.0,Hard,True,1988-01-10,1988
1988-327,Toulouse,A,32.0,Hard,,1988-01-10,1988
1988-330,Tel Aviv,A,32.0,Hard,,1988-01-10,1988
1988-D007,Davis Cup,D,4.0,Clay,,1988-01-10,1988
1988-D010,Davis Cup,D,4.0,Clay,,1988-01-10,1988
1988-D014,Davis Cup,D,4.0,Clay,,1988-01-10,1988
1988-D036,Davis Cup,D,4.0,Clay,,1988-01-10,1988
1988-D047,Davis Cup,D,4.0,Grass,,1988-01-10,1988
1988-D062,Davis Cup,D,4.0,Clay,,1988-01-10,1988
1988-D070,Davis Cup,D,4.0,Clay,,1988-01-10,1988
1988-305,Nice,A,32.0,Clay,,1988-01-11,1988
1988-309,Madrid,A,32.0,Clay,,1988-01-11,1988
1988-316,Bastad,A,48.0,Clay,,1988-01-11,1988
1988-321,Stuttgart Outdoor,A,48.0,Clay,,1988-01-11,1988
1988-329,Tokyo Outdoor,A,56.0,Hard,,1988-01-11,1988
1988-580,Australian Open,G,128.0,Hard,,1988-01-11,1988
1988-425,Barcelona,A,56.0,Clay,,1988-01-12,1988
1988-313,Bristol,A,48.0,Grass,,1988-01-13,1988
1988-367,Athens,A,32.0,Clay,,1988-01-13,1988
1988-437,Detroit,A,32.0,Carpet,True,1988-01-14,1988
1988-403,Key Biscayne,M,128.0,Hard,,1988-01-14,1988
1988-426,Johannesburg,A,32.0,Hard,,1988-01-14,1988
1988-408,Milan,A,32.0,Carpet,True,1988-01-15,1988
1988-318,Livingston,A,32.0,Hard,,1988-01-15,1988
1988-402,Memphis,A,48.0,Hard,,1988-01-15,1988
1988-422,Cincinnati,M,64.0,Hard,,1988-01-15,1988
1988-310,Florence,A,32.0,Clay,,1988-01-16,1988
1988-615,Dusseldorf,A,32.0,Clay,,1988-01-16,1988
1988-D032,Davis Cup,D,4.0,Clay,,1988-01-16,1988
1988-337,Vienna,A,32.0,Carpet,True,1988-01-17,1988
1988-348,Frankfurt,A,32.0,Carpet,True,1988-01-17,1988
1988-428,Tokyo Indoor,A,32.0,Carpet,True,1988-01-18,1988
1988-224,Schenectady,A,32.0,Hard,,1988-01-18,1988
1988-410,Monte Carlo,A,48.0,Clay,,1988-01-18,1988
1988-418,Washington,A,56.0,Hard,,1988-01-18,1988
1988-434,Seoul,A,32.0,Hard,,1988-01-18,1988
1988-306,Bari,A,32.0,Clay,,1988-01-19,1988
1988-322,Geneva,A,32.0,Clay,,1988-01-19,1988
1988-423,Los Angeles,A,32.0,Hard,,1988-01-19,1988
1988-540,Wimbledon,G,128.0,Grass,,1988-01-20,1988
1988-88,Seoul Olympics,O,64.0,Hard,,1988-01-20,1988
1988-406,Brussels,A,32.0,Carpet,True,1988-01-21,1988
1988-240,Itaparica,A,32.0,Hard,,1988-01-21,1988
1988-341,Metz,A,32.0,Carpet,True,1988-01-22,1988
1988-401,Philadelphia,A,48.0,Carpet,True,1988-01-22,1988
1988-D033,Davis Cup,D,4.0,Carpet,True,1988-01-22,1988
1988-435,Rye Brook,A,32.0,Hard,,1988-01-22,1988
1988-D003,Davis Cup,D,4.0,Clay,,1988-01-22,1988
1988-D006,Davis Cup,D,4.0,Clay,,1988-01-22,1988
1988-D029,Davis Cup,D,4.0,Hard,,1988-01-22,1988
1988-D031,Davis Cup,D,4.0,Clay,,1988-01-22,1988
1988-D035,Davis Cup,D,4.0,Grass,,1988-01-22,1988
1988-D040,Davis Cup,D,4.0,Hard,,1988-01-22,1988
1988-D043,Davis Cup,D,4.0,Clay,,1988-01-22,1988
1988-D061,Davis Cup,D,4.0,Clay,,1988-01-22,1988
1988-D073,Davis Cup,D,4.0,Clay,,1988-01-22,1988
1988-520,Roland Garros,G,128.0,Clay,,1988-01-23,1988
1988-352,Paris Indoor,A,32.0,Carpet,True,1988-01-24,1988
1988-201,Guaruja,A,32.0,Hard,,1988-01-25,1988
1988-317,Hilversum,A,32.0,Clay,,1988-01-25,1988
1988-323,Bordeaux,A,32.0,Clay,,1988-01-25,1988
1988-414,Hamburg,A,56.0,Clay,,1988-01-25,1988
1988-420,Stratton Mountain,A,64.0,Hard,,1988-01-25,1988
1988-436,Charleston,A,32.0,Clay,,1988-01-25,1988
1988-424,San Francisco,A,32.0,Carpet,True,1988-01-26,1988
1988-325,Palermo,A,48.0,Clay,,1988-01-26,1988
1988-610,Dallas WCT,A,9.0,Carpet,True,1988-01-28,1988
1988-404,Indian Wells,M,56.0,Hard,,1988-01-29,1988
1988-560,US Open,G,128.0,Hard,,1988-01-29,1988
1988-605,Masters,M,8.0,Carpet,True,1988-01-30,1988
1988-237,Sao Paulo,A,32.0,Hard,,1988-01-31,1988
1988-429,Stockholm,A,56.0,Hard,,1988-01-31,1988
1989-308,Munich,A,48.0,Clay,,1989-01-01,1989
1989-415,Forest Hills,A,56.0,Clay,,1989-01-01,1989
1989-326,Brisbane,A,32.0,Hard,,1989-01-02,1989
1989-339,Adelaide,A,32.0,Hard,,1989-01-02,1989
1989-354,Wellington,A,32.0,Hard,,1989-01-02,1989
1989-409,Orlando,A,32.0,Hard,,1989-01-02,1989
1989-D022,Davis Cup,D,4.0,Carpet,True,1989-01-03,1989
1989-D039,Davis Cup,D,4.0,Carpet,True,1989-01-03,1989
1989-D041,Davis Cup,D,4.0,Carpet,True,1989-01-03,1989
1989-D055,Davis Cup,D,4.0,Carpet,True,1989-01-03,1989
1989-D071,Davis Cup,D,4.0,Carpet,True,1989-01-03,1989
1989-328,Basel,A,32.0,Hard,,1989-01-03,1989
1989-D002,Davis Cup,D,4.0,Hard,,1989-01-03,1989
1989-D005,Davis Cup,D,4.0,Clay,,1989-01-03,1989
1989-D010,Davis Cup,D,4.0,Hard,,1989-01-03,1989
1989-D011,Davis Cup,D,4.0,Hard,,1989-01-03,1989
1989-D017,Davis Cup,D,4.0,Clay,,1989-01-03,1989
1989-D019,Davis Cup,D,4.0,Hard,,1989-01-03,1989
1989-D024,Davis Cup,D,4.0,Hard,,1989-01-03,1989
1989-D029,Davis Cup,D,4.0,Clay,,1989-01-03,1989
1989-D032,Davis Cup,D,4.0,Clay,,1989-01-03,1989
1989-D033,Davis Cup,D,4.0,Clay,,1989-01-03,1989
1989-D036,Davis Cup,D,4.0,Clay,,1989-01-03,1989
1989-D038,Davis Cup,D,4.0,Hard,,1989-01-03,1989
1989-D048,Davis Cup,D,4.0,Hard,,1989-01-03,1989
1989-D050,Davis Cup,D,4.0,Hard,,1989-01-03,1989
1989-D056,Davis Cup,D,4.0,Hard,,1989-01-03,1989
1989-D062,Davis Cup,D,4.0,Clay,,1989-01-03,1989
1989-D068,Davis Cup,D,4.0,Hard,,1989-01-03,1989
1989-D069,Davis Cup,D,4.0,Clay,,1989-01-03,1989
1989-D001,Davis Cup,D,4.0,Clay,,1989-01-04,1989
1989-D053,Davis Cup,D,4.0,Carpet,True,1989-01-05,1989
1989-D064,Davis Cup,D,4.0,Carpet,True,1989-01-05,1989
1989-D016,Davis Cup,D,4.0,Clay,,1989-01-05,1989
1989-D047,Davis Cup,D,4.0,Clay,,1989-01-05,1989
1989-D049,Davis Cup,D,4.0,Clay,,1989-01-05,1989
1989-D052,Davis Cup,D,4.0,Grass,,1989-01-05,1989
1989-D061,Davis Cup,D,4.0,Hard,,1989-01-05,1989
1989-D065,Davis Cup,D,4.0,Clay,,1989-01-05,1989
1989-D070,Davis Cup,D,4.0,Clay,,1989-01-05,1989
1989-237,Sao Paulo,A,32.0,Carpet,True,1989-01-06,1989
1989-407,Rotterdam,A,32.0,Carpet,True,1989-01-06,1989
1989-429,Stockholm,A,48.0,Carpet,True,1989-01-06,1989
1989-201,Guaruja,A,32.0,Hard,,1989-01-06,1989
1989-433,Scottsdale,A,32.0,Hard,,1989-01-06,1989
1989-430,Wembley,A,32.0,Carpet,True,1989-01-07,1989
1989-D037,Davis Cup,D,4.0,Carpet,True,1989-01-07,1989
1989-D040,Davis Cup,D,4.0,Carpet,True,1989-01-07,1989
1989-D043,Davis Cup,D,4.0,Carpet,True,1989-01-07,1989
1989-318,Livingston,A,32.0,Hard,,1989-01-07,1989
1989-379,Prague,A,32.0,Clay,,1989-01-07,1989
1989-419,Indianapolis,A,56.0,Hard,,1989-01-07,1989
1989-D003,Davis Cup,D,4.0,Clay,,1989-01-07,1989
1989-D007,Davis Cup,D,4.0,Clay,,1989-01-07,1989
1989-D009,Davis Cup,D,4.0,Hard,,1989-01-07,1989
1989-D013,Davis Cup,D,4.0,Hard,,1989-01-07,1989
1989-D018,Davis Cup,D,4.0,Clay,,1989-01-07,1989
1989-D020,Davis Cup,D,4.0,Hard,,1989-01-07,1989
1989-D023,Davis Cup,D,4.0,Hard,,1989-01-07,1989
1989-D025,Davis Cup,D,4.0,Hard,,1989-01-07,1989
1989-D028,Davis Cup,D,4.0,Hard,,1989-01-07,1989
1989-D030,Davis Cup,D,4.0,Clay,,1989-01-07,1989
1989-D034,Davis Cup,D,4.0,Clay,,1989-01-07,1989
1989-D035,Davis Cup,D,4.0,Hard,,1989-01-07,1989
1989-D057,Davis Cup,D,4.0,Hard,,1989-01-07,1989
1989-D059,Davis Cup,D,4.0,Hard,,1989-01-07,1989
1989-D060,Davis Cup,D,4.0,Hard,,1989-01-07,1989
1989-D073,Davis Cup,D,4.0,Clay,,1989-01-07,1989
1989-414,Hamburg,A,56.0,Clay,,1989-01-08,1989
1989-436,Charleston,A,32.0,Clay,,1989-01-08,1989
1989-D026,Davis Cup,D,4.0,Clay,,1989-01-08,1989
1989-427,Sydney Indoor,A,32.0,Hard,True,1989-01-09,1989
1989-301,Auckland,A,32.0,Hard,,1989-01-09,1989
1989-327,Toulouse,A,32.0,Hard,,1989-01-09,1989
1989-338,Sydney Outdoor,A,32.0,Hard,,1989-01-09,1989
1989-215,Rio de Janeiro,A,32.0,Carpet,True,1989-01-10,1989
1989-314,Gstaad,A,32.0,Clay,,1989-01-10,1989
1989-315,Newport,A,32.0,Grass,,1989-01-10,1989
1989-367,Athens,A,32.0,Clay,,1989-01-10,1989
1989-417,Boston,A,56.0,Clay,,1989-01-10,1989
1989-434,Seoul,A,32.0,Hard,,1989-01-10,1989
1989-309,Madrid,A,32.0,Clay,,1989-01-11,1989
1989-322,Geneva,A,32.0,Clay,,1989-01-11,1989
1989-311,Queen's Club,A,64.0,Grass,,1989-01-12,1989
1989-312,Bologna,A,32.0,Clay,,1989-01-12,1989
1989-D021,Davis Cup,D,4.0,Clay,,1989-01-12,1989
1989-408,Milan,A,32.0,Carpet,True,1989-01-13,1989
1989-402,Memphis,A,48.0,Hard,,1989-01-13,1989
1989-404,Indian Wells,M,56.0,Hard,,1989-01-13,1989
1989-426,Johannesburg,A,32.0,Hard,,1989-01-13,1989
1989-366,St. Vincent,A,32.0,Clay,,1989-01-14,1989
1989-421,Montreal / Toronto,M,56.0,Hard,,1989-01-14,1989
1989-422,Cincinnati,M,64.0,Hard,,1989-01-14,1989
1989-D042,Davis Cup,D,4.0,Carpet,True,1989-01-15,1989
1989-416,Rome,M,64.0,Clay,,1989-01-15,1989
1989-D046,Davis Cup,D,4.0,Clay,,1989-01-15,1989
1989-337,Vienna,A,32.0,Carpet,True,1989-01-16,1989
1989-330,Tel Aviv,A,32.0,Hard,,1989-01-16,1989
1989-580,Australian Open,G,128.0,Hard,,1989-01-16,1989
1989-D012,Davis Cup,D,4.0,Clay,,1989-01-16,1989
1989-D015,Davis Cup,D,4.0,Hard,,1989-01-16,1989
1989-D027,Davis Cup,D,4.0,Hard,,1989-01-16,1989
1989-D058,Davis Cup,D,4.0,Clay,,1989-01-16,1989
1989-D072,Davis Cup,D,4.0,Hard,,1989-01-16,1989
1989-428,Tokyo Indoor,A,32.0,Carpet,True,1989-01-17,1989
1989-224,Schenectady,A,32.0,Hard,,1989-01-17,1989
1989-305,Nice,A,32.0,Clay,,1989-01-17,1989
1989-329,Tokyo Outdoor,A,56.0,Hard,,1989-01-17,1989
1989-423,Los Angeles,A,32.0,Hard,,1989-01-18,1989
1989-425,Barcelona,A,56.0,Clay,,1989-01-18,1989
1989-306,Bari,A,32.0,Clay,,1989-01-19,1989
1989-313,Bristol,A,32.0,Grass,,1989-01-19,1989
1989-375,Lyon,A,32.0,Carpet,True,1989-01-20,1989
1989-401,Philadelphia,A,48.0,Carpet,True,1989-01-20,1989
1989-240,Itaparica,A,32.0,Hard,,1989-01-20,1989
1989-403,Key Biscayne,M,128.0,Hard,,1989-01-20,1989
1989-D004,Davis Cup,D,4.0,Grass,,1989-01-20,1989
1989-D031,Davis Cup,D,4.0,Carpet,True,1989-01-21,1989
1989-D044,Davis Cup,D,4.0,Carpet,True,1989-01-21,1989
1989-D051,Davis Cup,D,4.0,Carpet,True,1989-01-21,1989
1989-475,San Marino,A,32.0,Clay,,1989-01-21,1989
1989-D006,Davis Cup,D,4.0,Clay,,1989-01-21,1989
1989-D008,Davis Cup,D,4.0,Hard,,1989-01-21,1989
1989-D014,Davis Cup,D,4.0,Clay,,1989-01-21,1989
1989-D045,Davis Cup,D,4.0,Hard,,1989-01-21,1989
1989-D054,Davis Cup,D,4.0,Hard,,1989-01-21,1989
1989-D063,Davis Cup,D,4.0,Clay,,1989-01-21,1989
1989-D066,Davis Cup,D,4.0,Clay,,1989-01-21,1989
1989-D067,Davis Cup,D,4.0,Clay,,1989-01-21,1989
1989-D074,Davis Cup,D,4.0,Clay,,1989-01-21,1989
1989-310,Florence,A,32.0,Clay,,1989-01-22,1989
1989-615,Dusseldorf,A,24.0,Clay,,1989-01-22,1989
1989-348,Frankfurt,A,32.0,Carpet,True,1989-01-23,1989
1989-317,Hilversum,A,32.0,Clay,,1989-01-24,1989
1989-321,Stuttgart Outdoor,A,48.0,Clay,,1989-01-24,1989
1989-410,Monte Carlo,A,48.0,Clay,,1989-01-24,1989
1989-418,Washington,A,56.0,Hard,,1989-01-24,1989
1989-456,Singapore,A,32.0,Hard,,1989-01-24,1989
1989-424,San Francisco,A,32.0,Carpet,True,1989-01-25,1989
1989-323,Bordeaux,A,32.0,Clay,,1989-01-25,1989
1989-325,Palermo,A,32.0,Clay,,1989-01-25,1989
1989-540,Wimbledon,G,128.0,Grass,,1989-01-26,1989
1989-304,Nancy,A,32.0,Hard,,1989-01-27,1989
1989-605,Masters,M,8.0,Carpet,True,1989-01-28,1989
1989-610,Dallas WCT,A,8.0,Carpet,True,1989-01-28,1989
1989-560,US Open,G,128.0,Hard,,1989-01-28,1989
1989-520,Roland Garros,G,128.0,Clay,,1989-01-29,1989
1989-352,Paris Indoor,A,32.0,Carpet,True,1989-01-30,1989
1989-316,Bastad,A,32.0,Clay,,1989-01-31,1989
1989-319,Kitzbuhel,A,64.0,Clay,,1989-01-31,1989
1989-420,Stratton Mountain,A,64.0,Hard,,1989-01-31,1989
1990-427,Sydney Indoor,A,48.0,Hard,True,1990-01-01,1990
1990-327,Toulouse,A,32.0,Hard,,1990-01-01,1990
1990-339,Adelaide,A,32.0,Hard,,1990-01-01,1990
1990-354,Wellington,A,32.0,Hard,,1990-01-01,1990
1990-367,Athens,A,32.0,Clay,,1990-01-01,1990
1990-D001,Davis Cup,D,4.0,Clay,,1990-01-01,1990
1990-D073,Davis Cup,D,4.0,Grass,,1990-01-01,1990
1990-215,Rio de Janeiro,A,32.0,Carpet,True,1990-01-02,1990
1990-D017,Davis Cup,D,4.0,Carpet,True,1990-01-02,1990
1990-D048,Davis Cup,D,4.0,Carpet,True,1990-01-02,1990
1990-D057,Davis Cup,D,4.0,Carpet,True,1990-01-02,1990
1990-D079,Davis Cup,D,4.0,Carpet,True,1990-01-02,1990
1990-409,Orlando,A,32.0,Hard,,1990-01-02,1990
1990-468,Estoril,A,32.0,Clay,,1990-01-02,1990
1990-D004,Davis Cup,D,4.0,Clay,,1990-01-02,1990
1990-D005,Davis Cup,D,4.0,Grass,,1990-01-02,1990
1990-D008,Davis Cup,D,4.0,Clay,,1990-01-02,1990
1990-D013,Davis Cup,D,4.0,Clay,,1990-01-02,1990
1990-D019,Davis Cup,D,4.0,Hard,,1990-01-02,1990
1990-D026,Davis Cup,D,4.0,Clay,,1990-01-02,1990
1990-D029,Davis Cup,D,4.0,Hard,,1990-01-02,1990
1990-D032,Davis Cup,D,4.0,Hard,,1990-01-02,1990
1990-D036,Davis Cup,D,4.0,Clay,,1990-01-02,1990
1990-D037,Davis Cup,D,4.0,Clay,,1990-01-02,1990
1990-D044,Davis Cup,D,4.0,Hard,,1990-01-02,1990
1990-D050,Davis Cup,D,4.0,Hard,,1990-01-02,1990
1990-D051,Davis Cup,D,4.0,Hard,,1990-01-02,1990
1990-D058,Davis Cup,D,4.0,Clay,,1990-01-02,1990
1990-D059,Davis Cup,D,4.0,Clay,,1990-01-02,1990
1990-D060,Davis Cup,D,4.0,Hard,,1990-01-02,1990
1990-D061,Davis Cup,D,4.0,Hard,,1990-01-02,1990
1990-D068,Davis Cup,D,4.0,Hard,,1990-01-02,1990
1990-D077,Davis Cup,D,4.0,Grass,,1990-01-02,1990
1990-D040,Davis Cup,D,4.0,Carpet,True,1990-01-04,1990
1990-D015,Davis Cup,D,4.0,Clay,,1990-01-04,1990
1990-D022,Davis Cup,D,4.0,Clay,,1990-01-04,1990
1990-D027,Davis Cup,D,4.0,Hard,,1990-01-04,1990
1990-D047,Davis Cup,D,4.0,Clay,,1990-01-04,1990
1990-D064,Davis Cup,D,4.0,Hard,,1990-01-04,1990
1990-D069,Davis Cup,D,4.0,Clay,,1990-01-04,1990
1990-D070,Davis Cup,D,4.0,Clay,,1990-01-04,1990
1990-D075,Davis Cup,D,4.0,Clay,,1990-01-04,1990
1990-408,Milan,A,32.0,Carpet,True,1990-01-05,1990
1990-424,San Francisco,A,32.0,Carpet,True,1990-01-05,1990
1990-430,Wembley,A,32.0,Carpet,True,1990-01-05,1990
1990-438,Moscow,A,32.0,Carpet,True,1990-01-05,1990
1990-201,Guaruja,A,32.0,Hard,,1990-01-05,1990
1990-240,Itaparica,A,32.0,Hard,,1990-01-05,1990
1990-360,Casablanca,A,32.0,Clay,,1990-01-05,1990
1990-404,Indian Wells Masters,M,56.0,Hard,,1990-01-05,1990
1990-D049,Davis Cup,D,4.0,Hard,,1990-01-05,1990
1990-D056,Davis Cup,D,4.0,Clay,,1990-01-05,1990
1990-379,Prague,A,32.0,Clay,,1990-01-06,1990
1990-422,Cincinnati Masters,M,56.0,Hard,,1990-01-06,1990
1990-414,Hamburg Masters,M,56.0,Clay,,1990-01-07,1990
1990-436,Kiawah Island,A,32.0,Clay,,1990-01-07,1990
1990-348,Berlin,A,32.0,Carpet,True,1990-01-08,1990
1990-428,Tokyo Indoor,A,48.0,Carpet,True,1990-01-08,1990
1990-301,Auckland,A,32.0,Hard,,1990-01-08,1990
1990-330,Tel Aviv,A,32.0,Hard,,1990-01-08,1990
1990-338,Sydney Outdoor,A,32.0,Hard,,1990-01-08,1990
1990-314,Gstaad,A,32.0,Clay,,1990-01-09,1990
1990-315,Newport,A,32.0,Grass,,1990-01-09,1990
1990-316,Bastad,A,32.0,Clay,,1990-01-09,1990
1990-329,Tokyo Outdoor,A,56.0,Hard,,1990-01-09,1990
1990-425,Barcelona,A,56.0,Clay,,1990-01-09,1990
1990-322,Geneva,A,32.0,Clay,,1990-01-10,1990
1990-323,Bordeaux,A,32.0,Clay,,1990-01-10,1990
1990-604,Grand Slam Cup,A,16.0,Carpet,True,1990-01-11,1990
1990-310,Florence,A,32.0,Clay,,1990-01-11,1990
1990-311,Queen's Club,A,56.0,Grass,,1990-01-11,1990
1990-440,Rosmalen,A,32.0,Grass,,1990-01-11,1990
1990-302,Toronto Indoor,A,56.0,Carpet,True,1990-01-12,1990
1990-406,Brussels,A,32.0,Carpet,True,1990-01-12,1990
1990-605,Tour Finals,F,8.0,Carpet,True,1990-01-12,1990
1990-419,Indianapolis,A,56.0,Hard,,1990-01-13,1990
1990-420,New Haven,A,56.0,Hard,,1990-01-13,1990
1990-D028,Davis Cup,D,4.0,Hard,,1990-01-13,1990
1990-416,Rome Masters,M,64.0,Clay,,1990-01-14,1990
1990-439,Umag,A,32.0,Clay,,1990-01-14,1990
1990-337,Vienna,A,32.0,Carpet,True,1990-01-15,1990
1990-375,Lyon,A,32.0,Carpet,True,1990-01-15,1990
1990-580,Australian Open,G,128.0,Hard,,1990-01-15,1990
1990-D014,Davis Cup,D,4.0,Hard,,1990-01-15,1990
1990-D023,Davis Cup,D,4.0,Clay,,1990-01-15,1990
1990-D033,Davis Cup,D,4.0,Hard,,1990-01-15,1990
1990-D038,Davis Cup,D,4.0,Hard,,1990-01-15,1990
1990-D054,Davis Cup,D,4.0,Hard,,1990-01-15,1990
1990-D065,Davis Cup,D,4.0,Clay,,1990-01-15,1990
1990-D072,Davis Cup,D,4.0,Clay,,1990-01-15,1990
1990-D078,Davis Cup,D,4.0,Clay,,1990-01-15,1990
1990-305,Nice,A,32.0,Clay,,1990-01-16,1990
1990-321,Stuttgart Outdoor,A,48.0,Clay,,1990-01-16,1990
1990-403,Miami Masters,M,96.0,Hard,,1990-01-16,1990
1990-418,Washington,A,56.0,Hard,,1990-01-16,1990
1990-434,Seoul,A,32.0,Hard,,1990-01-16,1990
1990-306,Genova,A,32.0,Clay,,1990-01-18,1990
1990-741,Manchester,A,32.0,Grass,,1990-01-18,1990
1990-357,Stuttgart Indoor,A,32.0,Carpet,True,1990-01-19,1990
1990-401,Philadelphia,A,48.0,Carpet,True,1990-01-19,1990
1990-224,Schenectady,A,28.0,Hard,,1990-01-20,1990
1990-441,Long Island,A,28.0,Hard,,1990-01-20,1990
1990-475,San Marino,A,32.0,Clay,,1990-01-20,1990
1990-D034,Davis Cup,D,4.0,Hard,,1990-01-20,1990
1990-D053,Davis Cup,D,4.0,Hard,,1990-01-20,1990
1990-D066,Davis Cup,D,4.0,Clay,,1990-01-20,1990
1990-D071,Davis Cup,D,4.0,Clay,,1990-01-20,1990
1990-D043,Davis Cup,D,4.0,Carpet,True,1990-01-21,1990
1990-D045,Davis Cup,D,4.0,Carpet,True,1990-01-21,1990
1990-312,Bologna,A,32.0,Clay,,1990-01-21,1990
1990-615,Dusseldorf,A,24.0,Clay,,1990-01-21,1990
1990-D002,Davis Cup,D,4.0,Grass,,1990-01-21,1990
1990-D010,Davis Cup,D,4.0,Clay,,1990-01-21,1990
1990-D024,Davis Cup,D,4.0,Hard,,1990-01-21,1990
1990-D046,Davis Cup,D,4.0,Grass,,1990-01-21,1990
1990-D067,Davis Cup,D,4.0,Hard,,1990-01-21,1990
1990-D080,Davis Cup,D,4.0,Clay,,1990-01-21,1990
1990-237,Sao Paulo,A,32.0,Carpet,True,1990-01-22,1990
1990-429,Stockholm Masters,M,48.0,Carpet,True,1990-01-22,1990
1990-317,Hilversum,A,32.0,Clay,,1990-01-23,1990
1990-336,Hong Kong,A,32.0,Hard,,1990-01-23,1990
1990-410,Monte Carlo Masters,M,56.0,Clay,,1990-01-23,1990
1990-421,Canada Masters,M,56.0,Hard,,1990-01-23,1990
1990-D042,Davis Cup,D,4.0,Clay,,1990-01-23,1990
1990-325,Palermo,A,32.0,Clay,,1990-01-24,1990
1990-326,Brisbane,A,32.0,Hard,,1990-01-24,1990
1990-328,Basel,A,32.0,Hard,,1990-01-24,1990
1990-D016,Davis Cup,D,4.0,Clay,,1990-01-24,1990
1990-540,Wimbledon,G,128.0,Grass,,1990-01-25,1990
1990-407,Rotterdam,A,32.0,Carpet,True,1990-01-26,1990
1990-402,Memphis,A,48.0,Hard,,1990-01-26,1990
1990-560,US Open,G,128.0,Hard,,1990-01-27,1990
1990-520,Roland Garros,G,128.0,Clay,,1990-01-28,1990
1990-352,Paris Masters,M,48.0,Carpet,True,1990-01-29,1990
1990-D081,Davis Cup,D,4.0,Carpet,True,1990-01-30,1990
1990-308,Munich,A,32.0,Clay,,1990-01-30,1990
1990-309,Madrid,A,32.0,Clay,,1990-01-30,1990
1990-319,Kitzbuhel,A,48.0,Clay,,1990-01-30,1990
1990-366,San Remo,A,32.0,Clay,,1990-01-30,1990
1990-423,Los Angeles,A,32.0,Hard,,1990-01-30,1990
1990-456,Singapore,A,32.0,Hard,,1990-01-30,1990
1990-D003,Davis Cup,D,4.0,Clay,,1990-01-30,1990
1990-D006,Davis Cup,D,4.0,Grass,,1990-01-30,1990
1990-D007,Davis Cup,D,4.0,Clay,,1990-01-30,1990
1990-D009,Davis Cup,D,4.0,Clay,,1990-01-30,1990
1990-D011,Davis Cup,D,4.0,Clay,,1990-01-30,1990
1990-D012,Davis Cup,D,4.0,Hard,,1990-01-30,1990
1990-D018,Davis Cup,D,4.0,Hard,,1990-01-30,1990
1990-D020,Davis Cup,D,4.0,Clay,,1990-01-30,1990
1990-D021,Davis Cup,D,4.0,Clay,,1990-01-30,1990
1990-D025,Davis Cup,D,4.0,Clay,,1990-01-30,1990
1990-D030,Davis Cup,D,4.0,Clay,,1990-01-30,1990
1990-D031,Davis Cup,D,4.0,Hard,,1990-01-30,1990
1990-D035,Davis Cup,D,4.0,Clay,,1990-01-30,1990
1990-D039,Davis Cup,D,4.0,Hard,,1990-01-30,1990
1990-D041,Davis Cup,D,4.0,Clay,,1990-01-30,1990
1990-D052,Davis Cup,D,4.0,Hard,,1990-01-30,1990
1990-D055,Davis Cup,D,4.0,Grass,,1990-01-30,1990
1990-D062,Davis Cup,D,4.0,Hard,,1990-01-30,1990
1990-D074,Davis Cup,D,4.0,Clay,,1990-01-30,1990
1990-D076,Davis Cup,D,4.0,Hard,,1990-01-30,1990
1990-D082,Davis Cup,D,4.0,Hard,,1990-01-30,1990
1991-339,Adelaide,A,32.0,Hard,,1990-01-31,1990
1991-354,Wellington,A,32.0,Hard,,1990-01-31,1990
1991-D007,Davis Cup,D,4.0,Carpet,True,1991-01-01,1991
1991-D036,Davis Cup,D,4.0,Carpet,True,1991-01-01,1991
1991-D048,Davis Cup,D,4.0,Carpet,True,1991-01-01,1991
1991-D056,Davis Cup,D,4.0,Carpet,True,1991-01-01,1991
1991-D081,Davis Cup,D,4.0,Carpet,True,1991-01-01,1991
1991-336,Hong Kong,A,32.0,Hard,,1991-01-01,1991
1991-409,Orlando,A,32.0,Hard,,1991-01-01,1991
1991-468,Estoril,A,32.0,Clay,,1991-01-01,1991
1991-D003,Davis Cup,D,4.0,Grass,,1991-01-01,1991
1991-D004,Davis Cup,D,4.0,Grass,,1991-01-01,1991
1991-D010,Davis Cup,D,4.0,Hard,,1991-01-01,1991
1991-D013,Davis Cup,D,4.0,Clay,,1991-01-01,1991
1991-D016,Davis Cup,D,4.0,Hard,,1991-01-01,1991
1991-D020,Davis Cup,D,4.0,Clay,,1991-01-01,1991
1991-D021,Davis Cup,D,4.0,Clay,,1991-01-01,1991
1991-D029,Davis Cup,D,4.0,Clay,,1991-01-01,1991
1991-D031,Davis Cup,D,4.0,Hard,,1991-01-01,1991
1991-D037,Davis Cup,D,4.0,Clay,,1991-01-01,1991
1991-D038,Davis Cup,D,4.0,Hard,,1991-01-01,1991
1991-D039,Davis Cup,D,4.0,Hard,,1991-01-01,1991
1991-D051,Davis Cup,D,4.0,Clay,,1991-01-01,1991
1991-D060,Davis Cup,D,4.0,Clay,,1991-01-01,1991
1991-D084,Davis Cup,D,4.0,Clay,,1991-01-01,1991
1991-D018,Davis Cup,D,4.0,Carpet,True,1991-01-03,1991
1991-D082,Davis Cup,D,4.0,Carpet,True,1991-01-03,1991
1991-D005,Davis Cup,D,4.0,Clay,,1991-01-03,1991
1991-D011,Davis Cup,D,4.0,Hard,,1991-01-03,1991
1991-D025,Davis Cup,D,4.0,Hard,,1991-01-03,1991
1991-D033,Davis Cup,D,4.0,Clay,,1991-01-03,1991
1991-D034,Davis Cup,D,4.0,Hard,,1991-01-03,1991
1991-D042,Davis Cup,D,4.0,Clay,,1991-01-03,1991
1991-D047,Davis Cup,D,4.0,Clay,,1991-01-03,1991
1991-D055,Davis Cup,D,4.0,Clay,,1991-01-03,1991
1991-D058,Davis Cup,D,4.0,Grass,,1991-01-03,1991
1991-D061,Davis Cup,D,4.0,Clay,,1991-01-03,1991
1991-D068,Davis Cup,D,4.0,Hard,,1991-01-03,1991
1991-D069,Davis Cup,D,4.0,Hard,,1991-01-03,1991
1991-D075,Davis Cup,D,4.0,Hard,,1991-01-03,1991
1991-D076,Davis Cup,D,4.0,Clay,,1991-01-03,1991
1991-D083,Davis Cup,D,4.0,Clay,,1991-01-03,1991
1991-408,Milan,A,32.0,Carpet,True,1991-01-04,1991
1991-424,San Francisco,A,32.0,Carpet,True,1991-01-04,1991
1991-430,Birmingham,A,32.0,Carpet,True,1991-01-04,1991
1991-438,Moscow,A,32.0,Carpet,True,1991-01-04,1991
1991-481,Copenhagen,A,32.0,Carpet,True,1991-01-04,1991
1991-201,Guaruja,A,32.0,Hard,,1991-01-04,1991
1991-240,Sao Paulo,A,32.0,Hard,,1991-01-04,1991
1991-404,Indian Wells Masters,M,56.0,Hard,,1991-01-04,1991
1991-379,Prague,A,32.0,Clay,,1991-01-05,1991
1991-422,Cincinnati Masters,M,56.0,Hard,,1991-01-05,1991
1991-D030,Davis Cup,D,4.0,Hard,,1991-01-05,1991
1991-D066,Davis Cup,D,4.0,Hard,,1991-01-05,1991
1991-414,Hamburg Masters,M,56.0,Clay,,1991-01-06,1991
1991-436,Charlotte,A,32.0,Clay,,1991-01-06,1991
1991-348,Berlin,A,32.0,Carpet,True,1991-01-07,1991
1991-428,Tokyo Indoor,A,48.0,Carpet,True,1991-01-07,1991
1991-301,Auckland,A,32.0,Hard,,1991-01-07,1991
1991-330,Tel Aviv,A,32.0,Hard,,1991-01-07,1991
1991-338,Sydney Outdoor,A,32.0,Hard,,1991-01-07,1991
1991-314,Gstaad,A,32.0,Clay,,1991-01-08,1991
1991-315,Newport,A,32.0,Grass,,1991-01-08,1991
1991-316,Bastad,A,32.0,Clay,,1991-01-08,1991
1991-329,Tokyo Outdoor,A,56.0,Hard,,1991-01-08,1991
1991-425,Barcelona,A,56.0,Clay,,1991-01-08,1991
1991-D001,Davis Cup,D,4.0,Clay,,1991-01-08,1991
1991-D059,Davis Cup,D,4.0,Hard,,1991-01-08,1991
1991-463,Brasilia,A,48.0,Carpet,True,1991-01-09,1991
1991-322,Geneva,A,32.0,Clay,,1991-01-09,1991
1991-323,Bordeaux,A,32.0,Hard,,1991-01-09,1991
1991-604,Grand Slam Cup,A,16.0,Carpet,True,1991-01-10,1991
1991-310,Florence,A,32.0,Clay,,1991-01-10,1991
1991-311,Queen's Club,A,56.0,Grass,,1991-01-10,1991
1991-440,Rosmalen,A,32.0,Grass,,1991-01-10,1991
1991-D067,Davis Cup,D,4.0,Hard,,1991-01-10,1991
1991-401,Philadelphia,A,48.0,Carpet,True,1991-01-11,1991
1991-406,Brussels,A,32.0,Carpet,True,1991-01-11,1991
1991-605,Tour Finals,F,8.0,Carpet,True,1991-01-12,1991
1991-419,Indianapolis,A,56.0,Hard,,1991-01-12,1991
1991-420,New Haven,A,56.0,Hard,,1991-01-12,1991
1991-416,Rome Masters,M,64.0,Clay,,1991-01-13,1991
1991-439,Umag,A,32.0,Clay,,1991-01-13,1991
1991-D027,Davis Cup,D,4.0,Clay,,1991-01-13,1991
1991-D063,Davis Cup,D,4.0,Hard,,1991-01-13,1991
1991-337,Vienna,A,32.0,Carpet,True,1991-01-14,1991
1991-375,Lyon,A,32.0,Carpet,True,1991-01-14,1991
1991-D028,Davis Cup,D,4.0,Carpet,True,1991-01-14,1991
1991-580,Australian Open,G,128.0,Hard,,1991-01-14,1991
1991-D012,Davis Cup,D,4.0,Hard,,1991-01-14,1991
1991-D041,Davis Cup,D,4.0,Clay,,1991-01-14,1991
1991-D043,Davis Cup,D,4.0,Grass,,1991-01-14,1991
1991-D050,Davis Cup,D,4.0,Clay,,1991-01-14,1991
1991-D052,Davis Cup,D,4.0,Hard,,1991-01-14,1991
1991-D071,Davis Cup,D,4.0,Hard,,1991-01-14,1991
1991-D072,Davis Cup,D,4.0,Hard,,1991-01-14,1991
1991-305,Nice,A,32.0,Clay,,1991-01-15,1991
1991-321,Stuttgart Outdoor,A,48.0,Clay,,1991-01-15,1991
1991-403,Miami Masters,M,96.0,Hard,,1991-01-15,1991
1991-418,Washington,A,56.0,Hard,,1991-01-15,1991
1991-434,Seoul,A,32.0,Hard,,1991-01-15,1991
1991-306,Genova,A,32.0,Clay,,1991-01-17,1991
1991-741,Manchester,A,32.0,Grass,,1991-01-17,1991
1991-357,Stuttgart Indoor,A,32.0,Carpet,True,1991-01-18,1991
1991-402,Memphis,A,48.0,Hard,,1991-01-18,1991
1991-224,Schenectady,A,32.0,Hard,,1991-01-19,1991
1991-441,Long Island,A,32.0,Hard,,1991-01-19,1991
1991-D009,Davis Cup,D,4.0,Clay,,1991-01-19,1991
1991-D053,Davis Cup,D,4.0,Hard,,1991-01-19,1991
1991-D065,Davis Cup,D,4.0,Clay,,1991-01-19,1991
1991-D070,Davis Cup,D,4.0,Clay,,1991-01-19,1991
1991-D079,Davis Cup,D,4.0,Hard,,1991-01-19,1991
1991-D046,Davis Cup,D,4.0,Carpet,True,1991-01-20,1991
1991-D078,Davis Cup,D,4.0,Carpet,True,1991-01-20,1991
1991-D080,Davis Cup,D,4.0,Carpet,True,1991-01-20,1991
1991-312,Bologna,A,32.0,Clay,,1991-01-20,1991
1991-615,Dusseldorf,A,32.0,Clay,,1991-01-20,1991
1991-D006,Davis Cup,D,4.0,Grass,,1991-01-20,1991
1991-D014,Davis Cup,D,4.0,Clay,,1991-01-20,1991
1991-D015,Davis Cup,D,4.0,Clay,,1991-01-20,1991
1991-D019,Davis Cup,D,4.0,Hard,,1991-01-20,1991
1991-D022,Davis Cup,D,4.0,Clay,,1991-01-20,1991
1991-D035,Davis Cup,D,4.0,Clay,,1991-01-20,1991
1991-D049,Davis Cup,D,4.0,Clay,,1991-01-20,1991
1991-D054,Davis Cup,D,4.0,Hard,,1991-01-20,1991
1991-D073,Davis Cup,D,4.0,Clay,,1991-01-20,1991
1991-429,Stockholm Masters,M,48.0,Carpet,True,1991-01-21,1991
1991-237,Guaruja,A,32.0,Hard,,1991-01-21,1991
1991-317,Hilversum,A,32.0,Clay,,1991-01-22,1991
1991-410,Monte Carlo Masters,M,56.0,Clay,,1991-01-22,1991
1991-421,Canada Masters,M,56.0,Hard,,1991-01-22,1991
1991-456,Singapore,A,32.0,Hard,,1991-01-22,1991
1991-325,Palermo,A,32.0,Clay,,1991-01-23,1991
1991-326,Brisbane,A,32.0,Hard,,1991-01-23,1991
1991-328,Basel,A,32.0,Hard,,1991-01-23,1991
1991-540,Wimbledon,G,128.0,Grass,,1991-01-24,1991
1991-407,Rotterdam,A,32.0,Carpet,True,1991-01-25,1991
1991-411,Chicago,A,32.0,Carpet,True,1991-01-25,1991
1991-560,US Open,G,128.0,Hard,,1991-01-26,1991
1991-D024,Davis Cup,D,4.0,Clay,,1991-01-26,1991
1991-D026,Davis Cup,D,4.0,Hard,,1991-01-26,1991
1991-520,Roland Garros,G,128.0,Clay,,1991-01-27,1991
1991-352,Paris Masters,M,48.0,Carpet,True,1991-01-28,1991
1991-215,Buzios,A,32.0,Hard,,1991-01-28,1991
1991-D017,Davis Cup,D,4.0,Carpet,True,1991-01-29,1991
1991-D045,Davis Cup,D,4.0,Carpet,True,1991-01-29,1991
1991-D064,Davis Cup,D,4.0,Carpet,True,1991-01-29,1991
1991-D085,Davis Cup,D,4.0,Carpet,True,1991-01-29,1991
1991-308,Munich,A,32.0,Clay,,1991-01-29,1991
1991-309,Madrid,A,32.0,Clay,,1991-01-29,1991
1991-319,Kitzbuhel,A,48.0,Clay,,1991-01-29,1991
1991-423,Los Angeles,A,32.0,Hard,,1991-01-29,1991
1991-475,San Marino,A,32.0,Clay,,1991-01-29,1991
1991-717,Tampa,A,32.0,Clay,,1991-01-29,1991
1991-D008,Davis Cup,D,4.0,Hard,,1991-01-29,1991
1991-D023,Davis Cup,D,4.0,Clay,,1991-01-29,1991
1991-D032,Davis Cup,D,4.0,Hard,,1991-01-29,1991
1991-D040,Davis Cup,D,4.0,Hard,,1991-01-29,1991
1991-D044,Davis Cup,D,4.0,Clay,,1991-01-29,1991
1991-D057,Davis Cup,D,4.0,Grass,,1991-01-29,1991
1991-D074,Davis Cup,D,4.0,Hard,,1991-01-29,1991
1991-D077,Davis Cup,D,4.0,Clay,,1991-01-29,1991
1991-427,Sydney Indoor,A,48.0,Hard,True,1991-01-30,1991
1991-D002,Davis Cup,D,4.0,Carpet,True,1991-01-30,1991
1991-327,Toulouse,A,32.0,Hard,,1991-01-30,1991
1991-367,Athens,A,32.0,Clay,,1991-01-30,1991
1992-339,Adelaide,A,32.0,Hard,,1991-01-30,1991
1992-354,Wellington,A,32.0,Hard,,1991-01-30,1991
1992-D006,Davis Cup,D,4.0,Carpet,True,1992-01-01,1992
1992-D072,Davis Cup,D,4.0,Carpet,True,1992-01-01,1992
1992-D020,Davis Cup,D,4.0,Clay,,1992-01-01,1992
1992-D025,Davis Cup,D,4.0,Hard,,1992-01-01,1992
1992-D032,Davis Cup,D,4.0,Clay,,1992-01-01,1992
1992-D037,Davis Cup,D,4.0,Clay,,1992-01-01,1992
1992-D045,Davis Cup,D,4.0,Hard,,1992-01-01,1992
1992-D046,Davis Cup,D,4.0,Clay,,1992-01-01,1992
1992-D048,Davis Cup,D,4.0,Hard,,1992-01-01,1992
1992-D050,Davis Cup,D,4.0,Hard,,1992-01-01,1992
1992-D051,Davis Cup,D,4.0,Hard,,1992-01-01,1992
1992-D053,Davis Cup,D,4.0,Clay,,1992-01-01,1992
1992-D060,Davis Cup,D,4.0,Clay,,1992-01-01,1992
1992-D063,Davis Cup,D,4.0,Clay,,1992-01-01,1992
1992-D064,Davis Cup,D,4.0,Hard,,1992-01-01,1992
1992-D073,Davis Cup,D,4.0,Clay,,1992-01-01,1992
1992-352,Paris Masters,M,48.0,Carpet,True,1992-01-02,1992
1992-481,Copenhagen,A,32.0,Carpet,True,1992-01-02,1992
1992-215,Buzios,A,32.0,Hard,,1992-01-02,1992
1992-404,Indian Wells Masters,M,56.0,Hard,,1992-01-02,1992
1992-408,Milan,A,32.0,Carpet,True,1992-01-03,1992
1992-201,Maceio,A,32.0,Clay,,1992-01-03,1992
1992-423,Los Angeles,A,32.0,Hard,,1992-01-03,1992
1992-424,San Francisco,A,32.0,Hard,,1992-01-03,1992
1992-414,Hamburg Masters,M,56.0,Clay,,1992-01-04,1992
1992-436,Charlotte,A,32.0,Clay,,1992-01-04,1992
1992-D075,Davis Cup,D,4.0,Hard,,1992-01-04,1992
1992-427,Sydney Indoor,A,48.0,Hard,True,1992-01-05,1992
1992-327,Toulouse,A,32.0,Hard,,1992-01-05,1992
1992-367,Athens,A,32.0,Clay,,1992-01-05,1992
1992-301,Auckland,A,32.0,Hard,,1992-01-06,1992
1992-314,Gstaad,A,32.0,Clay,,1992-01-06,1992
1992-315,Newport,A,32.0,Grass,,1992-01-06,1992
1992-316,Bastad,A,32.0,Clay,,1992-01-06,1992
1992-329,Tokyo Outdoor,A,56.0,Hard,,1992-01-06,1992
1992-338,Sydney Outdoor,A,32.0,Hard,,1992-01-06,1992
1992-425,Barcelona,A,56.0,Clay,,1992-01-06,1992
1992-604,Grand Slam Cup,A,16.0,Carpet,True,1992-01-08,1992
1992-310,Florence,A,32.0,Clay,,1992-01-08,1992
1992-311,Queen's Club,A,56.0,Grass,,1992-01-08,1992
1992-440,Rosmalen,A,32.0,Grass,,1992-01-08,1992
1992-430,Antwerp,A,32.0,Carpet,True,1992-01-09,1992
1992-438,Moscow,A,32.0,Carpet,True,1992-01-09,1992
1992-240,Sao Paulo,A,32.0,Hard,,1992-01-09,1992
1992-406,Brussels,A,32.0,Carpet,True,1992-01-10,1992
1992-379,Prague,A,32.0,Clay,,1992-01-10,1992
1992-402,Memphis,A,48.0,Hard,,1992-01-10,1992
1992-422,Cincinnati Masters,M,56.0,Hard,,1992-01-10,1992
1992-416,Rome Masters,M,64.0,Clay,,1992-01-11,1992
1992-348,Bolzano,A,32.0,Carpet,True,1992-01-12,1992
1992-428,Tokyo Indoor,A,48.0,Carpet,True,1992-01-12,1992
1992-330,Tel Aviv,A,32.0,Hard,,1992-01-12,1992
1992-305,Nice,A,32.0,Clay,,1992-01-13,1992
1992-321,Stuttgart Outdoor,A,48.0,Clay,,1992-01-13,1992
1992-336,Hong Kong,A,32.0,Hard,,1992-01-13,1992
1992-403,Miami Masters,M,96.0,Hard,,1992-01-13,1992
1992-418,Washington,A,56.0,Hard,,1992-01-13,1992
1992-580,Australian Open,G,128.0,Hard,,1992-01-13,1992
1992-717,Tampa,A,32.0,Clay,,1992-01-13,1992
1992-322,Cologne,A,32.0,Clay,,1992-01-14,1992
1992-323,Bordeaux,A,32.0,Clay,,1992-01-14,1992
1992-306,Genova,A,32.0,Clay,,1992-01-15,1992
1992-741,Manchester,A,32.0,Grass,,1992-01-15,1992
1992-605,Tour Finals,F,8.0,Carpet,True,1992-01-16,1992
1992-360,Casablanca,A,32.0,Clay,,1992-01-16,1992
1992-357,Stuttgart Indoor,A,32.0,Carpet,True,1992-01-17,1992
1992-401,Philadelphia,A,48.0,Carpet,True,1992-01-17,1992
1992-D055,Davis Cup,D,4.0,Carpet,True,1992-01-17,1992
1992-419,Indianapolis,A,56.0,Hard,,1992-01-17,1992
1992-420,New Haven,A,56.0,Hard,,1992-01-17,1992
1992-D009,Davis Cup,D,4.0,Clay,,1992-01-17,1992
1992-D019,Davis Cup,D,4.0,Clay,,1992-01-17,1992
1992-D026,Davis Cup,D,4.0,Hard,,1992-01-17,1992
1992-D030,Davis Cup,D,4.0,Clay,,1992-01-17,1992
1992-D036,Davis Cup,D,4.0,Clay,,1992-01-17,1992
1992-D044,Davis Cup,D,4.0,Hard,,1992-01-17,1992
1992-D068,Davis Cup,D,4.0,Clay,,1992-01-17,1992
1992-312,Bologna,A,32.0,Clay,,1992-01-18,1992
1992-615,Dusseldorf,A,32.0,Clay,,1992-01-18,1992
1992-337,Vienna,A,32.0,Carpet,True,1992-01-19,1992
1992-375,Lyon,A,32.0,Carpet,True,1992-01-19,1992
1992-457,Taipei,A,32.0,Carpet,True,1992-01-19,1992
1992-317,Hilversum,A,32.0,Clay,,1992-01-20,1992
1992-319,Kitzbuhel,A,48.0,Clay,,1992-01-20,1992
1992-410,Monte Carlo Masters,M,56.0,Clay,,1992-01-20,1992
1992-421,Canada Masters,M,56.0,Hard,,1992-01-20,1992
1992-434,Seoul,A,32.0,Hard,,1992-01-20,1992
1992-540,Wimbledon,G,128.0,Grass,,1992-01-22,1992
1992-407,Rotterdam,A,32.0,Carpet,True,1992-01-24,1992
1992-224,Schenectady,A,32.0,Hard,,1992-01-24,1992
1992-433,Scottsdale,A,32.0,Hard,,1992-01-24,1992
1992-439,Umag,A,32.0,Clay,,1992-01-24,1992
1992-441,Long Island,A,32.0,Hard,,1992-01-24,1992
1992-D001,Davis Cup,D,4.0,Carpet,True,1992-01-25,1992
1992-D014,Davis Cup,D,4.0,Carpet,True,1992-01-25,1992
1992-D018,Davis Cup,D,4.0,Carpet,True,1992-01-25,1992
1992-D047,Davis Cup,D,4.0,Carpet,True,1992-01-25,1992
1992-D061,Davis Cup,D,4.0,Carpet,True,1992-01-25,1992
1992-D070,Davis Cup,D,4.0,Carpet,True,1992-01-25,1992
1992-520,Roland Garros,G,128.0,Clay,,1992-01-25,1992
1992-D005,Davis Cup,D,4.0,Grass,,1992-01-25,1992
1992-D038,Davis Cup,D,4.0,Clay,,1992-01-25,1992
1992-D043,Davis Cup,D,4.0,Grass,,1992-01-25,1992
1992-D065,Davis Cup,D,4.0,Hard,,1992-01-25,1992
1992-D076,Davis Cup,D,4.0,Clay,,1992-01-25,1992
1992-429,Stockholm Masters,M,48.0,Carpet,True,1992-01-26,1992
1992-237,Guaruja,A,32.0,Hard,,1992-01-26,1992
1992-D003,Davis Cup,D,4.0,Carpet,True,1992-01-27,1992
1992-308,Munich,A,32.0,Clay,,1992-01-27,1992
1992-309,Madrid,A,32.0,Clay,,1992-01-27,1992
1992-409,Atlanta,A,32.0,Clay,,1992-01-27,1992
1992-475,San Marino,A,32.0,Clay,,1992-01-27,1992
1992-92,Barcelona Olympics,O,64.0,Clay,,1992-01-27,1992
1992-D008,Davis Cup,D,4.0,Hard,,1992-01-27,1992
1992-D010,Davis Cup,D,4.0,Hard,,1992-01-27,1992
1992-D013,Davis Cup,D,4.0,Clay,,1992-01-27,1992
1992-D017,Davis Cup,D,4.0,Clay,,1992-01-27,1992
1992-D022,Davis Cup,D,4.0,Clay,,1992-01-27,1992
1992-D023,Davis Cup,D,4.0,Hard,,1992-01-27,1992
1992-D027,Davis Cup,D,4.0,Clay,,1992-01-27,1992
1992-D034,Davis Cup,D,4.0,Hard,,1992-01-27,1992
1992-D042,Davis Cup,D,4.0,Clay,,1992-01-27,1992
1992-D049,Davis Cup,D,4.0,Clay,,1992-01-27,1992
1992-D054,Davis Cup,D,4.0,Hard,,1992-01-27,1992
1992-D057,Davis Cup,D,4.0,Hard,,1992-01-27,1992
1992-D062,Davis Cup,D,4.0,Clay,,1992-01-27,1992
1992-D066,Davis Cup,D,4.0,Hard,,1992-01-27,1992
1992-D067,Davis Cup,D,4.0,Clay,,1992-01-27,1992
1992-D077,Davis Cup,D,4.0,Hard,,1992-01-27,1992
1992-325,Palermo,A,32.0,Clay,,1992-01-28,1992
1992-326,Brisbane,A,32.0,Hard,,1992-01-28,1992
1992-328,Basel,A,32.0,Hard,,1992-01-28,1992
1992-426,Johannesburg,A,32.0,Hard,,1992-01-30,1992
1992-456,Singapore,A,32.0,Hard,,1992-01-30,1992
1992-468,Estoril,A,32.0,Clay,,1992-01-30,1992
1992-D004,Davis Cup,D,4.0,Carpet,True,1992-01-31,1992
1992-D015,Davis Cup,D,4.0,Carpet,True,1992-01-31,1992
1992-D021,Davis Cup,D,4.0,Carpet,True,1992-01-31,1992
1992-D024,Davis Cup,D,4.0,Carpet,True,1992-01-31,1992
1992-D039,Davis Cup,D,4.0,Carpet,True,1992-01-31,1992
1992-D040,Davis Cup,D,4.0,Carpet,True,1992-01-31,1992
1992-D041,Davis Cup,D,4.0,Carpet,True,1992-01-31,1992
1992-D052,Davis Cup,D,4.0,Carpet,True,1992-01-31,1992
1992-D069,Davis Cup,D,4.0,Carpet,True,1992-01-31,1992
1992-560,US Open,G,128.0,Hard,,1992-01-31,1992
1992-D002,Davis Cup,D,4.0,Hard,,1992-01-31,1992
1992-D007,Davis Cup,D,4.0,Hard,,1992-01-31,1992
1992-D011,Davis Cup,D,4.0,Clay,,1992-01-31,1992
1992-D012,Davis Cup,D,4.0,Clay,,1992-01-31,1992
1992-D016,Davis Cup,D,4.0,Clay,,1992-01-31,1992
1992-D028,Davis Cup,D,4.0,Clay,,1992-01-31,1992
1992-D033,Davis Cup,D,4.0,Clay,,1992-01-31,1992
1992-D035,Davis Cup,D,4.0,Clay,,1992-01-31,1992
1992-D056,Davis Cup,D,4.0,Hard,,1992-01-31,1992
1992-D058,Davis Cup,D,4.0,Hard,,1992-01-31,1992
1992-D059,Davis Cup,D,4.0,Clay,,1992-01-31,1992
1992-D074,Davis Cup,D,4.0,Hard,,1992-01-31,1992
1993-352,Paris Masters,M,48.0,Carpet,True,1993-01-01,1993
1993-481,Copenhagen,A,32.0,Carpet,True,1993-01-01,1993
1993-496,Marseille,A,32.0,Carpet,True,1993-01-01,1993
1993-240,Sao Paulo,A,32.0,Clay,,1993-01-01,1993
1993-404,Indian Wells Masters,M,56.0,Hard,,1993-01-01,1993
1993-424,San Francisco,A,32.0,Hard,,1993-01-01,1993
1993-495,Dubai,A,32.0,Hard,,1993-01-01,1993
1993-319,Kitzbuhel,A,48.0,Clay,,1993-01-02,1993
1993-379,Prague,A,32.0,Clay,,1993-01-02,1993
1993-423,Los Angeles,A,32.0,Hard,,1993-01-02,1993
1993-414,Hamburg Masters,M,56.0,Clay,,1993-01-03,1993
1993-717,Tampa,A,32.0,Clay,,1993-01-03,1993
1993-D005,Davis Cup,D,4.0,Clay,,1993-01-03,1993
1993-427,Sydney Indoor,A,32.0,Hard,True,1993-01-04,1993
1993-327,Toulouse,A,32.0,Hard,,1993-01-04,1993
1993-339,Adelaide,A,32.0,Hard,,1993-01-04,1993
1993-367,Athens,A,32.0,Clay,,1993-01-04,1993
1993-450,Kuala Lumpur-1,A,32.0,Hard,,1993-01-04,1993
1993-451,Doha,A,32.0,Hard,,1993-01-04,1993
1993-314,Gstaad,A,32.0,Clay,,1993-01-05,1993
1993-315,Newport,A,32.0,Grass,,1993-01-05,1993
1993-316,Bastad,A,32.0,Clay,,1993-01-05,1993
1993-329,Tokyo Outdoor,A,56.0,Hard,,1993-01-05,1993
1993-425,Barcelona,A,56.0,Clay,,1993-01-05,1993
1993-D011,Davis Cup,D,4.0,Clay,,1993-01-05,1993
1993-D020,Davis Cup,D,4.0,Clay,,1993-01-05,1993
1993-D022,Davis Cup,D,4.0,Hard,,1993-01-05,1993
1993-D027,Davis Cup,D,4.0,Clay,,1993-01-05,1993
1993-D035,Davis Cup,D,4.0,Clay,,1993-01-05,1993
1993-D037,Davis Cup,D,4.0,Clay,,1993-01-05,1993
1993-D050,Davis Cup,D,4.0,Clay,,1993-01-05,1993
1993-D056,Davis Cup,D,4.0,Hard,,1993-01-05,1993
1993-D064,Davis Cup,D,4.0,Hard,,1993-01-05,1993
1993-D070,Davis Cup,D,4.0,Grass,,1993-01-05,1993
1993-D074,Davis Cup,D,4.0,Clay,,1993-01-05,1993
1993-604,Grand Slam Cup,A,16.0,Carpet,True,1993-01-07,1993
1993-310,Florence,A,32.0,Clay,,1993-01-07,1993
1993-311,Queen's Club,A,56.0,Grass,,1993-01-07,1993
1993-440,Rosmalen,A,32.0,Grass,,1993-01-07,1993
1993-408,Milan,A,32.0,Carpet,True,1993-01-08,1993
1993-430,Antwerp,A,32.0,Carpet,True,1993-01-08,1993
1993-438,Moscow,A,32.0,Carpet,True,1993-01-08,1993
1993-497,Zaragoza,A,32.0,Carpet,True,1993-01-08,1993
1993-402,Memphis,A,64.0,Hard,,1993-01-08,1993
1993-506,Buenos Aires,A,32.0,Clay,,1993-01-08,1993
1993-D002,Davis Cup,D,4.0,Hard,,1993-01-08,1993
1993-422,Cincinnati Masters,M,56.0,Hard,,1993-01-09,1993
1993-475,San Marino,A,32.0,Clay,,1993-01-09,1993
1993-416,Rome Masters,M,64.0,Clay,,1993-01-10,1993
1993-499,Coral Springs,A,32.0,Clay,,1993-01-10,1993
1993-348,Bolzano,A,32.0,Carpet,True,1993-01-11,1993
1993-428,Tokyo Indoor,A,48.0,Carpet,True,1993-01-11,1993
1993-301,Auckland,A,32.0,Hard,,1993-01-11,1993
1993-330,Tel Aviv,A,32.0,Hard,,1993-01-11,1993
1993-338,Sydney Outdoor,A,32.0,Hard,,1993-01-11,1993
1993-494,Jakarta,A,32.0,Hard,,1993-01-11,1993
1993-305,Nice,A,32.0,Clay,,1993-01-12,1993
1993-336,Hong Kong,A,32.0,Hard,,1993-01-12,1993
1993-403,Miami Masters,M,96.0,Hard,,1993-01-12,1993
1993-436,Charlotte,A,32.0,Clay,,1993-01-12,1993
1993-323,Bordeaux,A,32.0,Hard,,1993-01-13,1993
1993-773,Bucharest,A,32.0,Clay,,1993-01-13,1993
1993-306,Genova,A,32.0,Clay,,1993-01-14,1993
1993-500,Halle,A,32.0,Grass,,1993-01-14,1993
1993-741,Manchester,A,32.0,Grass,,1993-01-14,1993
1993-357,Stuttgart Indoor,A,32.0,Carpet,True,1993-01-15,1993
1993-401,Philadelphia,A,32.0,Carpet,True,1993-01-15,1993
1993-605,Tour Finals,F,8.0,Carpet,True,1993-01-15,1993
1993-360,Casablanca,A,32.0,Clay,,1993-01-15,1993
1993-419,Indianapolis,A,56.0,Hard,,1993-01-16,1993
1993-420,New Haven,A,56.0,Hard,,1993-01-16,1993
1993-D007,Davis Cup,D,4.0,Clay,,1993-01-16,1993
1993-D018,Davis Cup,D,4.0,Clay,,1993-01-16,1993
1993-D024,Davis Cup,D,4.0,Hard,,1993-01-16,1993
1993-D032,Davis Cup,D,4.0,Hard,,1993-01-16,1993
1993-D039,Davis Cup,D,4.0,Clay,,1993-01-16,1993
1993-D043,Davis Cup,D,4.0,Clay,,1993-01-16,1993
1993-D046,Davis Cup,D,4.0,Grass,,1993-01-16,1993
1993-D048,Davis Cup,D,4.0,Hard,,1993-01-16,1993
1993-D057,Davis Cup,D,4.0,Clay,,1993-01-16,1993
1993-D066,Davis Cup,D,4.0,Clay,,1993-01-16,1993
1993-D067,Davis Cup,D,4.0,Clay,,1993-01-16,1993
1993-D073,Davis Cup,D,4.0,Clay,,1993-01-16,1993
1993-312,Bologna,A,32.0,Clay,,1993-01-17,1993
1993-615,Dusseldorf,A,32.0,Clay,,1993-01-17,1993
1993-337,Vienna,A,32.0,Carpet,True,1993-01-18,1993
1993-375,Lyon,A,32.0,Carpet,True,1993-01-18,1993
1993-747,Beijing,A,32.0,Carpet,True,1993-01-18,1993
1993-580,Australian Open,G,128.0,Hard,,1993-01-18,1993
1993-321,Stuttgart Outdoor,A,56.0,Clay,,1993-01-19,1993
1993-410,Monte Carlo Masters,M,56.0,Clay,,1993-01-19,1993
1993-418,Washington,A,56.0,Hard,,1993-01-19,1993
1993-434,Seoul,A,32.0,Hard,,1993-01-19,1993
1993-540,Wimbledon,G,128.0,Grass,,1993-01-21,1993
1993-407,Rotterdam,A,32.0,Carpet,True,1993-01-22,1993
1993-433,Scottsdale,A,32.0,Hard,,1993-01-22,1993
1993-807,Mexico City,A,32.0,Clay,,1993-01-22,1993
1993-D059,Davis Cup,D,4.0,Hard,,1993-01-22,1993
1993-224,Schenectady,A,32.0,Hard,,1993-01-23,1993
1993-439,Umag,A,32.0,Clay,,1993-01-23,1993
1993-441,Long Island,A,32.0,Hard,,1993-01-23,1993
1993-D010,Davis Cup,D,4.0,Carpet,True,1993-01-24,1993
1993-D028,Davis Cup,D,4.0,Carpet,True,1993-01-24,1993
1993-D030,Davis Cup,D,4.0,Carpet,True,1993-01-24,1993
1993-520,Roland Garros,G,128.0,Clay,,1993-01-24,1993
1993-D003,Davis Cup,D,4.0,Clay,,1993-01-24,1993
1993-D006,Davis Cup,D,4.0,Grass,,1993-01-24,1993
1993-D013,Davis Cup,D,4.0,Hard,,1993-01-24,1993
1993-D014,Davis Cup,D,4.0,Clay,,1993-01-24,1993
1993-D040,Davis Cup,D,4.0,Hard,,1993-01-24,1993
1993-D045,Davis Cup,D,4.0,Clay,,1993-01-24,1993
1993-D065,Davis Cup,D,4.0,Clay,,1993-01-24,1993
1993-D075,Davis Cup,D,4.0,Hard,,1993-01-24,1993
1993-429,Stockholm Masters,M,48.0,Carpet,True,1993-01-25,1993
1993-505,Santiago,A,32.0,Clay,,1993-01-25,1993
1993-D016,Davis Cup,D,4.0,Carpet,True,1993-01-26,1993
1993-D031,Davis Cup,D,4.0,Carpet,True,1993-01-26,1993
1993-D034,Davis Cup,D,4.0,Carpet,True,1993-01-26,1993
1993-D044,Davis Cup,D,4.0,Carpet,True,1993-01-26,1993
1993-D062,Davis Cup,D,4.0,Carpet,True,1993-01-26,1993
1993-D069,Davis Cup,D,4.0,Carpet,True,1993-01-26,1993
1993-308,Munich,A,32.0,Clay,,1993-01-26,1993
1993-309,Madrid,A,32.0,Clay,,1993-01-26,1993
1993-317,Hilversum,A,32.0,Clay,,1993-01-26,1993
1993-409,Atlanta,A,32.0,Clay,,1993-01-26,1993
1993-421,Canada Masters,M,56.0,Hard,,1993-01-26,1993
1993-D004,Davis Cup,D,4.0,Clay,,1993-01-26,1993
1993-D008,Davis Cup,D,4.0,Grass,,1993-01-26,1993
1993-D009,Davis Cup,D,4.0,Clay,,1993-01-26,1993
1993-D012,Davis Cup,D,4.0,Hard,,1993-01-26,1993
1993-D019,Davis Cup,D,4.0,Clay,,1993-01-26,1993
1993-D021,Davis Cup,D,4.0,Clay,,1993-01-26,1993
1993-D026,Davis Cup,D,4.0,Clay,,1993-01-26,1993
1993-D036,Davis Cup,D,4.0,Clay,,1993-01-26,1993
1993-D041,Davis Cup,D,4.0,Clay,,1993-01-26,1993
1993-D051,Davis Cup,D,4.0,Clay,,1993-01-26,1993
1993-D052,Davis Cup,D,4.0,Hard,,1993-01-26,1993
1993-D054,Davis Cup,D,4.0,Clay,,1993-01-26,1993
1993-D055,Davis Cup,D,4.0,Grass,,1993-01-26,1993
1993-D060,Davis Cup,D,4.0,Hard,,1993-01-26,1993
1993-D063,Davis Cup,D,4.0,Hard,,1993-01-26,1993
1993-D071,Davis Cup,D,4.0,Hard,,1993-01-26,1993
1993-D072,Davis Cup,D,4.0,Clay,,1993-01-26,1993
1993-325,Palermo,A,32.0,Clay,,1993-01-27,1993
1993-326,Kuala Lumpur-2,A,32.0,Hard,,1993-01-27,1993
1993-328,Basel,A,32.0,Hard,,1993-01-27,1993
1993-426,Durban,A,32.0,Hard,,1993-01-29,1993
1993-468,Estoril,A,32.0,Clay,,1993-01-29,1993
1993-498,Osaka,A,32.0,Hard,,1993-01-29,1993
1993-D042,Davis Cup,D,4.0,Carpet,True,1993-01-30,1993
1993-D047,Davis Cup,D,4.0,Carpet,True,1993-01-30,1993
1993-D061,Davis Cup,D,4.0,Carpet,True,1993-01-30,1993
1993-560,US Open,G,128.0,Hard,,1993-01-30,1993
1993-D001,Davis Cup,D,4.0,Clay,,1993-01-30,1993
1993-D015,Davis Cup,D,4.0,Clay,,1993-01-30,1993
1993-D017,Davis Cup,D,4.0,Clay,,1993-01-30,1993
1993-D023,Davis Cup,D,4.0,Hard,,1993-01-30,1993
1993-D025,Davis Cup,D,4.0,Hard,,1993-01-30,1993
1993-D029,Davis Cup,D,4.0,Hard,,1993-01-30,1993
1993-D033,Davis Cup,D,4.0,Clay,,1993-01-30,1993
1993-D038,Davis Cup,D,4.0,Hard,,1993-01-30,1993
1993-D049,Davis Cup,D,4.0,Clay,,1993-01-30,1993
1993-D053,Davis Cup,D,4.0,Clay,,1993-01-30,1993
1993-D058,Davis Cup,D,4.0,Clay,,1993-01-30,1993
1993-D068,Davis Cup,D,4.0,Hard,,1993-01-30,1993
1994-319,Kitzbuhel,A,48.0,Clay,,1994-01-01,1994
1994-379,Prague,A,32.0,Clay,,1994-01-01,1994
1994-423,Los Angeles,A,32.0,Hard,,1994-01-01,1994
1994-D074,Davis Cup,D,4.0,Carpet,True,1994-01-02,1994
1994-414,Hamburg Masters,M,56.0,Clay,,1994-01-02,1994
1994-717,Pinehurst,A,32.0,Clay,,1994-01-02,1994
1994-427,Sydney Indoor,A,32.0,Hard,True,1994-01-03,1994
1994-327,Toulouse,A,32.0,Hard,,1994-01-03,1994
1994-339,Adelaide,A,32.0,Hard,,1994-01-03,1994
1994-367,Athens,A,32.0,Clay,,1994-01-03,1994
1994-451,Doha,A,32.0,Hard,,1994-01-03,1994
1994-517,Oahu,A,32.0,Hard,,1994-01-03,1994
1994-D016,Davis Cup,D,4.0,Carpet,True,1994-01-04,1994
1994-314,Gstaad,A,32.0,Clay,,1994-01-04,1994
1994-315,Newport,A,32.0,Grass,,1994-01-04,1994
1994-316,Bastad,A,32.0,Clay,,1994-01-04,1994
1994-329,Tokyo Outdoor,A,56.0,Hard,,1994-01-04,1994
1994-425,Barcelona,A,56.0,Clay,,1994-01-04,1994
1994-D013,Davis Cup,D,4.0,Hard,,1994-01-04,1994
1994-D017,Davis Cup,D,4.0,Hard,,1994-01-04,1994
1994-D021,Davis Cup,D,4.0,Clay,,1994-01-04,1994
1994-D026,Davis Cup,D,4.0,Hard,,1994-01-04,1994
1994-D050,Davis Cup,D,4.0,Hard,,1994-01-04,1994
1994-D061,Davis Cup,D,4.0,Hard,,1994-01-04,1994
1994-D064,Davis Cup,D,4.0,Clay,,1994-01-04,1994
1994-D065,Davis Cup,D,4.0,Clay,,1994-01-04,1994
1994-D069,Davis Cup,D,4.0,Hard,,1994-01-04,1994
1994-D072,Davis Cup,D,4.0,Clay,,1994-01-04,1994
1994-D075,Davis Cup,D,4.0,Hard,,1994-01-04,1994
1994-604,Grand Slam Cup,A,16.0,Carpet,True,1994-01-06,1994
1994-310,Florence,A,32.0,Clay,,1994-01-06,1994
1994-311,Queen's Club,A,56.0,Grass,,1994-01-06,1994
1994-440,Rosmalen,A,32.0,Grass,,1994-01-06,1994
1994-D046,Davis Cup,D,4.0,Clay,,1994-01-06,1994
1994-408,Milan,A,32.0,Carpet,True,1994-01-07,1994
1994-430,Antwerp,A,32.0,Carpet,True,1994-01-07,1994
1994-438,Moscow,A,32.0,Carpet,True,1994-01-07,1994
1994-497,Zaragoza,A,32.0,Carpet,True,1994-01-07,1994
1994-402,Memphis,A,48.0,Hard,,1994-01-07,1994
1994-403,Miami Masters,M,96.0,Hard,,1994-01-07,1994
1994-506,Buenos Aires,A,32.0,Clay,,1994-01-07,1994
1994-422,Cincinnati Masters,M,56.0,Hard,,1994-01-08,1994
1994-475,San Marino,A,32.0,Clay,,1994-01-08,1994
1994-D009,Davis Cup,D,4.0,Clay,,1994-01-08,1994
1994-416,Rome Masters,M,64.0,Clay,,1994-01-09,1994
1994-499,Coral Springs,A,32.0,Clay,,1994-01-09,1994
1994-348,Ostrava,A,32.0,Carpet,True,1994-01-10,1994
1994-428,Tokyo Indoor,A,48.0,Carpet,True,1994-01-10,1994
1994-301,Auckland,A,32.0,Hard,,1994-01-10,1994
1994-330,Tel Aviv,A,32.0,Hard,,1994-01-10,1994
1994-338,Sydney Outdoor,A,32.0,Hard,,1994-01-10,1994
1994-494,Jakarta,A,32.0,Hard,,1994-01-10,1994
1994-305,Nice,A,32.0,Clay,,1994-01-11,1994
1994-336,Hong Kong,A,32.0,Hard,,1994-01-11,1994
1994-436,Birmingham,A,32.0,Clay,,1994-01-11,1994
1994-323,Bordeaux,A,32.0,Hard,,1994-01-12,1994
1994-359,Bogota,A,32.0,Clay,,1994-01-12,1994
1994-773,Bucharest,A,32.0,Clay,,1994-01-12,1994
1994-306,St. Poelten,A,32.0,Clay,,1994-01-13,1994
1994-500,Halle,A,32.0,Grass,,1994-01-13,1994
1994-741,Manchester,A,32.0,Grass,,1994-01-13,1994
1994-357,Stuttgart Indoor,A,32.0,Carpet,True,1994-01-14,1994
1994-401,Philadelphia,A,32.0,Carpet,True,1994-01-14,1994
1994-360,Casablanca,A,32.0,Clay,,1994-01-14,1994
1994-605,Tour Finals,F,8.0,Carpet,True,1994-01-15,1994
1994-D023,Davis Cup,D,4.0,Carpet,True,1994-01-15,1994
1994-D053,Davis Cup,D,4.0,Carpet,True,1994-01-15,1994
1994-419,Indianapolis,A,56.0,Hard,,1994-01-15,1994
1994-420,New Haven,A,56.0,Hard,,1994-01-15,1994
1994-D001,Davis Cup,D,4.0,Clay,,1994-01-15,1994
1994-D010,Davis Cup,D,4.0,Clay,,1994-01-15,1994
1994-D014,Davis Cup,D,4.0,Hard,,1994-01-15,1994
1994-D029,Davis Cup,D,4.0,Grass,,1994-01-15,1994
1994-D032,Davis Cup,D,4.0,Clay,,1994-01-15,1994
1994-D033,Davis Cup,D,4.0,Clay,,1994-01-15,1994
1994-D035,Davis Cup,D,4.0,Hard,,1994-01-15,1994
1994-D037,Davis Cup,D,4.0,Grass,,1994-01-15,1994
1994-D040,Davis Cup,D,4.0,Hard,,1994-01-15,1994
1994-D060,Davis Cup,D,4.0,Clay,,1994-01-15,1994
1994-D062,Davis Cup,D,4.0,Clay,,1994-01-15,1994
1994-D066,Davis Cup,D,4.0,Clay,,1994-01-15,1994
1994-D067,Davis Cup,D,4.0,Hard,,1994-01-15,1994
1994-312,Bologna,A,32.0,Clay,,1994-01-16,1994
1994-615,Dusseldorf,A,32.0,Clay,,1994-01-16,1994
1994-337,Vienna,A,32.0,Carpet,True,1994-01-17,1994
1994-375,Lyon,A,32.0,Carpet,True,1994-01-17,1994
1994-747,Beijing,A,32.0,Carpet,True,1994-01-17,1994
1994-580,Australian Open,G,128.0,Hard,,1994-01-17,1994
1994-321,Stuttgart Outdoor,A,48.0,Clay,,1994-01-18,1994
1994-410,Monte Carlo Masters,M,64.0,Clay,,1994-01-18,1994
1994-418,Washington,A,56.0,Hard,,1994-01-18,1994
1994-434,Seoul,A,32.0,Hard,,1994-01-18,1994
1994-540,Wimbledon,G,128.0,Grass,,1994-01-20,1994
1994-407,Rotterdam,A,32.0,Carpet,True,1994-01-21,1994
1994-433,Scottsdale,A,32.0,Hard,,1994-01-21,1994
1994-807,Mexico City,A,32.0,Clay,,1994-01-21,1994
1994-224,Schenectady,A,32.0,Hard,,1994-01-22,1994
1994-439,Umag,A,32.0,Clay,,1994-01-22,1994
1994-441,Long Island,A,32.0,Hard,,1994-01-22,1994
1994-D002,Davis Cup,D,4.0,Carpet,True,1994-01-23,1994
1994-D024,Davis Cup,D,4.0,Carpet,True,1994-01-23,1994
1994-D077,Davis Cup,D,4.0,Carpet,True,1994-01-23,1994
1994-520,Roland Garros,G,128.0,Clay,,1994-01-23,1994
1994-D005,Davis Cup,D,4.0,Clay,,1994-01-23,1994
1994-D007,Davis Cup,D,4.0,Hard,,1994-01-23,1994
1994-D019,Davis Cup,D,4.0,Clay,,1994-01-23,1994
1994-D038,Davis Cup,D,4.0,Hard,,1994-01-23,1994
1994-D041,Davis Cup,D,4.0,Hard,,1994-01-23,1994
1994-D045,Davis Cup,D,4.0,Clay,,1994-01-23,1994
1994-D047,Davis Cup,D,4.0,Hard,,1994-01-23,1994
1994-D048,Davis Cup,D,4.0,Grass,,1994-01-23,1994
1994-D059,Davis Cup,D,4.0,Hard,,1994-01-23,1994
1994-429,Stockholm Masters,M,48.0,Carpet,True,1994-01-24,1994
1994-505,Santiago,A,32.0,Clay,,1994-01-24,1994
1994-D003,Davis Cup,D,4.0,Carpet,True,1994-01-25,1994
1994-D008,Davis Cup,D,4.0,Carpet,True,1994-01-25,1994
1994-D025,Davis Cup,D,4.0,Carpet,True,1994-01-25,1994
1994-D056,Davis Cup,D,4.0,Carpet,True,1994-01-25,1994
1994-308,Munich,A,32.0,Clay,,1994-01-25,1994
1994-309,Madrid,A,32.0,Clay,,1994-01-25,1994
1994-317,Hilversum,A,32.0,Clay,,1994-01-25,1994
1994-409,Atlanta,A,32.0,Clay,,1994-01-25,1994
1994-421,Canada Masters,M,56.0,Hard,,1994-01-25,1994
1994-D004,Davis Cup,D,4.0,Clay,,1994-01-25,1994
1994-D006,Davis Cup,D,4.0,Clay,,1994-01-25,1994
1994-D012,Davis Cup,D,4.0,Clay,,1994-01-25,1994
1994-D015,Davis Cup,D,4.0,Hard,,1994-01-25,1994
1994-D018,Davis Cup,D,4.0,Clay,,1994-01-25,1994
1994-D020,Davis Cup,D,4.0,Clay,,1994-01-25,1994
1994-D022,Davis Cup,D,4.0,Hard,,1994-01-25,1994
1994-D027,Davis Cup,D,4.0,Hard,,1994-01-25,1994
1994-D030,Davis Cup,D,4.0,Clay,,1994-01-25,1994
1994-D034,Davis Cup,D,4.0,Hard,,1994-01-25,1994
1994-D036,Davis Cup,D,4.0,Clay,,1994-01-25,1994
1994-D043,Davis Cup,D,4.0,Hard,,1994-01-25,1994
1994-D044,Davis Cup,D,4.0,Hard,,1994-01-25,1994
1994-D049,Davis Cup,D,4.0,Grass,,1994-01-25,1994
1994-D051,Davis Cup,D,4.0,Clay,,1994-01-25,1994
1994-D058,Davis Cup,D,4.0,Clay,,1994-01-25,1994
1994-D063,Davis Cup,D,4.0,Hard,,1994-01-25,1994
1994-D070,Davis Cup,D,4.0,Clay,,1994-01-25,1994
1994-D071,Davis Cup,D,4.0,Clay,,1994-01-25,1994
1994-D073,Davis Cup,D,4.0,Hard,,1994-01-25,1994
1994-D076,Davis Cup,D,4.0,Hard,,1994-01-25,1994
1994-326,Kuala Lumpur,A,32.0,Carpet,True,1994-01-26,1994
1994-325,Palermo,A,32.0,Clay,,1994-01-26,1994
1994-328,Basel,A,32.0,Hard,,1994-01-26,1994
1994-481,Copenhagen,A,32.0,Carpet,True,1994-01-28,1994
1994-404,Indian Wells Masters,M,56.0,Hard,,1994-01-28,1994
1994-426,Sun City,A,32.0,Hard,,1994-01-28,1994
1994-468,Estoril,A,32.0,Clay,,1994-01-28,1994
1994-498,Osaka,A,32.0,Hard,,1994-01-28,1994
1994-D011,Davis Cup,D,4.0,Carpet,True,1994-01-29,1994
1994-D031,Davis Cup,D,4.0,Carpet,True,1994-01-29,1994
1994-D054,Davis Cup,D,4.0,Carpet,True,1994-01-29,1994
1994-D055,Davis Cup,D,4.0,Carpet,True,1994-01-29,1994
1994-560,US Open,G,128.0,Hard,,1994-01-29,1994
1994-D028,Davis Cup,D,4.0,Clay,,1994-01-29,1994
1994-D039,Davis Cup,D,4.0,Hard,,1994-01-29,1994
1994-D042,Davis Cup,D,4.0,Clay,,1994-01-29,1994
1994-D052,Davis Cup,D,4.0,Hard,,1994-01-29,1994
1994-D057,Davis Cup,D,4.0,Clay,,1994-01-29,1994
1994-D068,Davis Cup,D,4.0,Hard,,1994-01-29,1994
1994-352,Paris Masters,M,48.0,Carpet,True,1994-01-31,1994
1994-496,Marseille,A,32.0,Carpet,True,1994-01-31,1994
1994-424,San Jose,A,32.0,Hard,,1994-01-31,1994
1994-495,Dubai,A,32.0,Hard,,1994-01-31,1994
1994-544,Montevideo,A,32.0,Clay,,1994-01-31,1994
1995-308,Munich,A,32.0,Clay,,1995-01-01,1995
1995-409,Atlanta,A,32.0,Clay,,1995-01-01,1995
1995-D079,Davis Cup,D,4.0,Clay,,1995-01-01,1995
1995-326,Kuala Lumpur,A,32.0,Carpet,True,1995-01-02,1995
1995-327,Toulouse,A,32.0,Hard,,1995-01-02,1995
1995-339,Adelaide,A,32.0,Hard,,1995-01-02,1995
1995-451,Doha,A,32.0,Hard,,1995-01-02,1995
1995-573,Valencia,A,32.0,Clay,,1995-01-02,1995
1995-D031,Davis Cup,D,4.0,Carpet,True,1995-01-03,1995
1995-D042,Davis Cup,D,4.0,Carpet,True,1995-01-03,1995
1995-D053,Davis Cup,D,4.0,Carpet,True,1995-01-03,1995
1995-426,Johannesburg,A,32.0,Hard,,1995-01-03,1995
1995-468,Estoril,A,32.0,Clay,,1995-01-03,1995
1995-D001,Davis Cup,D,4.0,Clay,,1995-01-03,1995
1995-D004,Davis Cup,D,4.0,Hard,,1995-01-03,1995
1995-D005,Davis Cup,D,4.0,Hard,,1995-01-03,1995
1995-D007,Davis Cup,D,4.0,Clay,,1995-01-03,1995
1995-D010,Davis Cup,D,4.0,Clay,,1995-01-03,1995
1995-D014,Davis Cup,D,4.0,Hard,,1995-01-03,1995
1995-D018,Davis Cup,D,4.0,Clay,,1995-01-03,1995
1995-D020,Davis Cup,D,4.0,Grass,,1995-01-03,1995
1995-D025,Davis Cup,D,4.0,Clay,,1995-01-03,1995
1995-D026,Davis Cup,D,4.0,Hard,,1995-01-03,1995
1995-D028,Davis Cup,D,4.0,Clay,,1995-01-03,1995
1995-D029,Davis Cup,D,4.0,Clay,,1995-01-03,1995
1995-D049,Davis Cup,D,4.0,Grass,,1995-01-03,1995
1995-D057,Davis Cup,D,4.0,Clay,,1995-01-03,1995
1995-D061,Davis Cup,D,4.0,Clay,,1995-01-03,1995
1995-D069,Davis Cup,D,4.0,Hard,,1995-01-03,1995
1995-D070,Davis Cup,D,4.0,Hard,,1995-01-03,1995
1995-D071,Davis Cup,D,4.0,Clay,,1995-01-03,1995
1995-D074,Davis Cup,D,4.0,Hard,,1995-01-03,1995
1995-D077,Davis Cup,D,4.0,Hard,,1995-01-03,1995
1995-D083,Davis Cup,D,4.0,Hard,,1995-01-03,1995
1995-604,Grand Slam Cup,A,16.0,Carpet,True,1995-01-05,1995
1995-438,Moscow,A,32.0,Carpet,True,1995-01-06,1995
1995-481,Copenhagen,A,32.0,Carpet,True,1995-01-06,1995
1995-496,Marseille,A,32.0,Carpet,True,1995-01-06,1995
1995-404,Indian Wells Masters,M,56.0,Hard,,1995-01-06,1995
1995-424,San Jose,A,32.0,Hard,,1995-01-06,1995
1995-429,Stockholm,A,32.0,Hard,,1995-01-06,1995
1995-495,Dubai,A,32.0,Hard,,1995-01-06,1995
1995-506,Buenos Aires,A,32.0,Clay,,1995-01-06,1995
1995-422,Cincinnati Masters,M,56.0,Hard,,1995-01-07,1995
1995-475,San Marino,A,32.0,Clay,,1995-01-07,1995
1995-414,Hamburg Masters,M,56.0,Clay,,1995-01-08,1995
1995-717,Pinehurst,A,32.0,Clay,,1995-01-08,1995
1995-348,Ostrava,A,32.0,Carpet,True,1995-01-09,1995
1995-428,Tokyo Indoor,A,48.0,Carpet,True,1995-01-09,1995
1995-301,Auckland,A,32.0,Hard,,1995-01-09,1995
1995-330,Tel Aviv,A,32.0,Hard,,1995-01-09,1995
1995-338,Sydney Outdoor,A,32.0,Hard,,1995-01-09,1995
1995-494,Jakarta,A,32.0,Hard,,1995-01-09,1995
1995-314,Gstaad,A,32.0,Clay,,1995-01-10,1995
1995-315,Newport,A,32.0,Grass,,1995-01-10,1995
1995-316,Bastad,A,32.0,Clay,,1995-01-10,1995
1995-329,Tokyo Outdoor,A,56.0,Hard,,1995-01-10,1995
1995-425,Barcelona,A,56.0,Clay,,1995-01-10,1995
1995-323,Bordeaux,A,32.0,Hard,,1995-01-11,1995
1995-359,Bogota,A,32.0,Clay,,1995-01-11,1995
1995-773,Bucharest,A,32.0,Clay,,1995-01-11,1995
1995-310,Oporto,A,32.0,Clay,,1995-01-12,1995
1995-311,Queen's Club,A,56.0,Grass,,1995-01-12,1995
1995-440,Rosmalen,A,32.0,Grass,,1995-01-12,1995
1995-408,Milan,A,32.0,Carpet,True,1995-01-13,1995
1995-568,St. Petersburg,A,32.0,Carpet,True,1995-01-13,1995
1995-402,Memphis,A,48.0,Hard,,1995-01-13,1995
1995-403,Miami Masters,M,96.0,Hard,,1995-01-13,1995
1995-605,Tour Finals,F,9.0,Carpet,True,1995-01-14,1995
1995-D011,Davis Cup,D,4.0,Carpet,True,1995-01-14,1995
1995-D066,Davis Cup,D,4.0,Carpet,True,1995-01-14,1995
1995-419,Indianapolis,A,56.0,Hard,,1995-01-14,1995
1995-420,New Haven,A,56.0,Hard,,1995-01-14,1995
1995-D024,Davis Cup,D,4.0,Hard,,1995-01-14,1995
1995-D035,Davis Cup,D,4.0,Clay,,1995-01-14,1995
1995-D039,Davis Cup,D,4.0,Clay,,1995-01-14,1995
1995-D043,Davis Cup,D,4.0,Grass,,1995-01-14,1995
1995-D063,Davis Cup,D,4.0,Clay,,1995-01-14,1995
1995-D065,Davis Cup,D,4.0,Clay,,1995-01-14,1995
1995-416,Rome Masters,M,64.0,Clay,,1995-01-15,1995
1995-499,Coral Springs,A,32.0,Clay,,1995-01-15,1995
1995-337,Vienna,A,32.0,Carpet,True,1995-01-16,1995
1995-375,Lyon,A,32.0,Carpet,True,1995-01-16,1995
1995-747,Beijing,A,32.0,Carpet,True,1995-01-16,1995
1995-580,Australian Open,G,128.0,Hard,,1995-01-16,1995
1995-305,Nice,A,32.0,Clay,,1995-01-17,1995
1995-321,Stuttgart Outdoor,A,48.0,Clay,,1995-01-17,1995
1995-336,Hong Kong,A,32.0,Hard,,1995-01-17,1995
1995-418,Washington,A,56.0,Hard,,1995-01-17,1995
1995-436,Bermuda,A,32.0,Clay,,1995-01-17,1995
1995-306,St. Poelten,A,32.0,Clay,,1995-01-19,1995
1995-500,Halle,A,32.0,Grass,,1995-01-19,1995
1995-741,Nottingham,A,32.0,Grass,,1995-01-19,1995
1995-357,Stuttgart Indoor,A,32.0,Carpet,True,1995-01-20,1995
1995-401,Philadelphia,A,32.0,Carpet,True,1995-01-20,1995
1995-360,Casablanca,A,32.0,Clay,,1995-01-20,1995
1995-439,Umag,A,32.0,Clay,,1995-01-21,1995
1995-441,Long Island,A,32.0,Hard,,1995-01-21,1995
1995-D059,Davis Cup,D,4.0,Hard,,1995-01-21,1995
1995-D017,Davis Cup,D,4.0,Carpet,True,1995-01-22,1995
1995-D040,Davis Cup,D,4.0,Carpet,True,1995-01-22,1995
1995-312,Bologna,A,32.0,Clay,,1995-01-22,1995
1995-615,Dusseldorf,A,32.0,Clay,,1995-01-22,1995
1995-D003,Davis Cup,D,4.0,Clay,,1995-01-22,1995
1995-D009,Davis Cup,D,4.0,Hard,,1995-01-22,1995
1995-D022,Davis Cup,D,4.0,Clay,,1995-01-22,1995
1995-D027,Davis Cup,D,4.0,Grass,,1995-01-22,1995
1995-D030,Davis Cup,D,4.0,Clay,,1995-01-22,1995
1995-D032,Davis Cup,D,4.0,Clay,,1995-01-22,1995
1995-D036,Davis Cup,D,4.0,Clay,,1995-01-22,1995
1995-D037,Davis Cup,D,4.0,Hard,,1995-01-22,1995
1995-D041,Davis Cup,D,4.0,Clay,,1995-01-22,1995
1995-D046,Davis Cup,D,4.0,Clay,,1995-01-22,1995
1995-D051,Davis Cup,D,4.0,Hard,,1995-01-22,1995
1995-D073,Davis Cup,D,4.0,Hard,,1995-01-22,1995
1995-D075,Davis Cup,D,4.0,Hard,,1995-01-22,1995
1995-D076,Davis Cup,D,4.0,Clay,,1995-01-22,1995
1995-D082,Davis Cup,D,4.0,Hard,,1995-01-22,1995
1995-430,Essen Masters,M,48.0,Carpet,True,1995-01-23,1995
1995-505,Santiago,A,32.0,Clay,,1995-01-23,1995
1995-317,Amsterdam,A,32.0,Clay,,1995-01-24,1995
1995-410,Monte Carlo Masters,M,56.0,Clay,,1995-01-24,1995
1995-421,Canada Masters,M,56.0,Hard,,1995-01-24,1995
1995-434,Seoul,A,32.0,Hard,,1995-01-24,1995
1995-325,Palermo,A,32.0,Clay,,1995-01-25,1995
1995-328,Basel,A,32.0,Hard,,1995-01-25,1995
1995-540,Wimbledon,G,128.0,Grass,,1995-01-26,1995
1995-407,Rotterdam,A,32.0,Carpet,True,1995-01-27,1995
1995-433,Scottsdale,A,32.0,Hard,,1995-01-27,1995
1995-807,Mexico City,A,32.0,Clay,,1995-01-27,1995
1995-D012,Davis Cup,D,4.0,Carpet,True,1995-01-28,1995
1995-D038,Davis Cup,D,4.0,Carpet,True,1995-01-28,1995
1995-D064,Davis Cup,D,4.0,Carpet,True,1995-01-28,1995
1995-560,US Open,G,128.0,Hard,,1995-01-28,1995
1995-D023,Davis Cup,D,4.0,Hard,,1995-01-28,1995
1995-D034,Davis Cup,D,4.0,Clay,,1995-01-28,1995
1995-D044,Davis Cup,D,4.0,Clay,,1995-01-28,1995
1995-D047,Davis Cup,D,4.0,Hard,,1995-01-28,1995
1995-D072,Davis Cup,D,4.0,Hard,,1995-01-28,1995
1995-520,Roland Garros,G,128.0,Clay,,1995-01-29,1995
1995-352,Paris Masters,M,48.0,Carpet,True,1995-01-30,1995
1995-544,Montevideo,A,32.0,Clay,,1995-01-30,1995
1995-D006,Davis Cup,D,4.0,Carpet,True,1995-01-31,1995
1995-D016,Davis Cup,D,4.0,Carpet,True,1995-01-31,1995
1995-D052,Davis Cup,D,4.0,Carpet,True,1995-01-31,1995
1995-D078,Davis Cup,D,4.0,Carpet,True,1995-01-31,1995
1995-319,Kitzbuhel,A,48.0,Clay,,1995-01-31,1995
1995-379,Prague,A,32.0,Clay,,1995-01-31,1995
1995-423,Los Angeles,A,32.0,Hard,,1995-01-31,1995
1995-D002,Davis Cup,D,4.0,Hard,,1995-01-31,1995
1995-D008,Davis Cup,D,4.0,Clay,,1995-01-31,1995
1995-D013,Davis Cup,D,4.0,Clay,,1995-01-31,1995
1995-D015,Davis Cup,D,4.0,Hard,,1995-01-31,1995
1995-D019,Davis Cup,D,4.0,Clay,,1995-01-31,1995
1995-D021,Davis Cup,D,4.0,Hard,,1995-01-31,1995
1995-D033,Davis Cup,D,4.0,Clay,,1995-01-31,1995
1995-D045,Davis Cup,D,4.0,Hard,,1995-01-31,1995
1995-D048,Davis Cup,D,4.0,Clay,,1995-01-31,1995
1995-D050,Davis Cup,D,4.0,Hard,,1995-01-31,1995
1995-D054,Davis Cup,D,4.0,Clay,,1995-01-31,1995
1995-D055,Davis Cup,D,4.0,Grass,,1995-01-31,1995
1995-D056,Davis Cup,D,4.0,Hard,,1995-01-31,1995
1995-D058,Davis Cup,D,4.0,Hard,,1995-01-31,1995
1995-D060,Davis Cup,D,4.0,Clay,,1995-01-31,1995
1995-D062,Davis Cup,D,4.0,Grass,,1995-01-31,1995
1995-D067,Davis Cup,D,4.0,Clay,,1995-01-31,1995
1995-D068,Davis Cup,D,4.0,Grass,,1995-01-31,1995
1995-D080,Davis Cup,D,4.0,Clay,,1995-01-31,1995
1995-D081,Davis Cup,D,4.0,Clay,,1995-01-31,1995
1996-339,Adelaide,A,32.0,Hard,,1996-01-01,1996
1996-451,Doha,A,32.0,Hard,,1996-01-01,1996
1996-D001,Davis Cup,D,4.0,Clay,,1996-01-01,1996
1996-604,Grand Slam Cup,A,16.0,Carpet,True,1996-01-03,1996
1996-D017,Davis Cup,D,4.0,Carpet,True,1996-01-03,1996
1996-D049,Davis Cup,D,4.0,Carpet,True,1996-01-03,1996
1996-D029,Davis Cup,D,4.0,Hard,,1996-01-03,1996
1996-D042,Davis Cup,D,4.0,Clay,,1996-01-03,1996
1996-D051,Davis Cup,D,4.0,Hard,,1996-01-03,1996
1996-D052,Davis Cup,D,4.0,Hard,,1996-01-03,1996
1996-D076,Davis Cup,D,4.0,Clay,,1996-01-03,1996
1996-D081,Davis Cup,D,4.0,Clay,,1996-01-03,1996
1996-407,Rotterdam,A,32.0,Carpet,True,1996-01-04,1996
1996-438,Moscow,A,32.0,Carpet,True,1996-01-04,1996
1996-429,Stockholm,A,32.0,Hard,,1996-01-04,1996
1996-433,Scottsdale,A,32.0,Hard,,1996-01-04,1996
1996-505,Santiago,A,32.0,Clay,,1996-01-04,1996
1996-807,Mexico City,A,32.0,Clay,,1996-01-04,1996
1996-D023,Davis Cup,D,4.0,Carpet,True,1996-01-05,1996
1996-D032,Davis Cup,D,4.0,Carpet,True,1996-01-05,1996
1996-D037,Davis Cup,D,4.0,Carpet,True,1996-01-05,1996
1996-D044,Davis Cup,D,4.0,Carpet,True,1996-01-05,1996
1996-422,Cincinnati Masters,M,56.0,Hard,,1996-01-05,1996
1996-475,San Marino,A,32.0,Clay,,1996-01-05,1996
1996-D003,Davis Cup,D,4.0,Clay,,1996-01-05,1996
1996-D008,Davis Cup,D,4.0,Hard,,1996-01-05,1996
1996-D014,Davis Cup,D,4.0,Clay,,1996-01-05,1996
1996-D020,Davis Cup,D,4.0,Clay,,1996-01-05,1996
1996-D021,Davis Cup,D,4.0,Hard,,1996-01-05,1996
1996-D026,Davis Cup,D,4.0,Clay,,1996-01-05,1996
1996-D031,Davis Cup,D,4.0,Clay,,1996-01-05,1996
1996-D033,Davis Cup,D,4.0,Hard,,1996-01-05,1996
1996-D043,Davis Cup,D,4.0,Hard,,1996-01-05,1996
1996-D045,Davis Cup,D,4.0,Clay,,1996-01-05,1996
1996-D055,Davis Cup,D,4.0,Hard,,1996-01-05,1996
1996-D059,Davis Cup,D,4.0,Grass,,1996-01-05,1996
1996-D060,Davis Cup,D,4.0,Clay,,1996-01-05,1996
1996-D063,Davis Cup,D,4.0,Clay,,1996-01-05,1996
1996-D067,Davis Cup,D,4.0,Clay,,1996-01-05,1996
1996-D072,Davis Cup,D,4.0,Clay,,1996-01-05,1996
1996-D077,Davis Cup,D,4.0,Grass,,1996-01-05,1996
1996-D078,Davis Cup,D,4.0,Clay,,1996-01-05,1996
1996-414,Hamburg Masters,M,56.0,Clay,,1996-01-06,1996
1996-717,Pinehurst,A,32.0,Clay,,1996-01-06,1996
1996-337,Vienna,A,32.0,Carpet,True,1996-01-07,1996
1996-747,Beijing,A,32.0,Carpet,True,1996-01-07,1996
1996-301,Auckland,A,32.0,Hard,,1996-01-08,1996
1996-314,Gstaad,A,32.0,Clay,,1996-01-08,1996
1996-315,Newport,A,32.0,Grass,,1996-01-08,1996
1996-316,Bastad,A,32.0,Clay,,1996-01-08,1996
1996-336,Hong Kong,A,32.0,Hard,,1996-01-08,1996
1996-338,Sydney Outdoor,A,32.0,Hard,,1996-01-08,1996
1996-468,Estoril,A,32.0,Clay,,1996-01-08,1996
1996-494,Jakarta,A,32.0,Hard,,1996-01-08,1996
1996-891,New Delhi,A,32.0,Hard,,1996-01-08,1996
1996-D016,Davis Cup,D,4.0,Carpet,True,1996-01-09,1996
1996-D035,Davis Cup,D,4.0,Carpet,True,1996-01-09,1996
1996-D065,Davis Cup,D,4.0,Carpet,True,1996-01-09,1996
1996-359,Bogota,A,32.0,Clay,,1996-01-09,1996
1996-620,Bournemouth,A,32.0,Clay,,1996-01-09,1996
1996-773,Bucharest,A,32.0,Clay,,1996-01-09,1996
1996-D009,Davis Cup,D,4.0,Hard,,1996-01-09,1996
1996-D011,Davis Cup,D,4.0,Grass,,1996-01-09,1996
1996-D012,Davis Cup,D,4.0,Hard,,1996-01-09,1996
1996-D013,Davis Cup,D,4.0,Clay,,1996-01-09,1996
1996-D019,Davis Cup,D,4.0,Clay,,1996-01-09,1996
1996-D024,Davis Cup,D,4.0,Hard,,1996-01-09,1996
1996-D027,Davis Cup,D,4.0,Grass,,1996-01-09,1996
1996-D030,Davis Cup,D,4.0,Clay,,1996-01-09,1996
1996-D034,Davis Cup,D,4.0,Hard,,1996-01-09,1996
1996-D039,Davis Cup,D,4.0,Hard,,1996-01-09,1996
1996-D050,Davis Cup,D,4.0,Clay,,1996-01-09,1996
1996-D053,Davis Cup,D,4.0,Clay,,1996-01-09,1996
1996-D054,Davis Cup,D,4.0,Hard,,1996-01-09,1996
1996-D058,Davis Cup,D,4.0,Grass,,1996-01-09,1996
1996-D061,Davis Cup,D,4.0,Hard,,1996-01-09,1996
1996-D062,Davis Cup,D,4.0,Hard,,1996-01-09,1996
1996-D064,Davis Cup,D,4.0,Clay,,1996-01-09,1996
1996-D066,Davis Cup,D,4.0,Clay,,1996-01-09,1996
1996-D073,Davis Cup,D,4.0,Hard,,1996-01-09,1996
1996-310,Oporto,A,32.0,Clay,,1996-01-10,1996
1996-311,Queen's Club,A,56.0,Grass,,1996-01-10,1996
1996-440,Rosmalen,A,32.0,Grass,,1996-01-10,1996
1996-481,Copenhagen,A,32.0,Carpet,True,1996-01-11,1996
1996-404,Indian Wells Masters,M,56.0,Hard,,1996-01-11,1996
1996-D002,Davis Cup,D,4.0,Carpet,True,1996-01-12,1996
1996-D080,Davis Cup,D,4.0,Carpet,True,1996-01-12,1996
1996-419,Indianapolis,A,56.0,Hard,,1996-01-12,1996
1996-420,New Haven,A,56.0,Hard,,1996-01-12,1996
1996-424,San Jose,A,32.0,Hard,,1996-01-12,1996
1996-439,Umag,A,32.0,Clay,,1996-01-12,1996
1996-495,Dubai,A,32.0,Hard,,1996-01-12,1996
1996-496,Marseille,A,32.0,Hard,,1996-01-12,1996
1996-D018,Davis Cup,D,4.0,Clay,,1996-01-12,1996
1996-D028,Davis Cup,D,4.0,Clay,,1996-01-12,1996
1996-D048,Davis Cup,D,4.0,Hard,,1996-01-12,1996
1996-D069,Davis Cup,D,4.0,Clay,,1996-01-12,1996
1996-D074,Davis Cup,D,4.0,Clay,,1996-01-12,1996
1996-416,Rome Masters,M,64.0,Clay,,1996-01-13,1996
1996-499,Coral Springs,A,32.0,Clay,,1996-01-13,1996
1996-348,Ostrava,A,32.0,Carpet,True,1996-01-14,1996
1996-327,Toulouse,A,32.0,Hard,,1996-01-14,1996
1996-330,Tel Aviv,A,32.0,Hard,,1996-01-14,1996
1996-321,Stuttgart Outdoor,A,48.0,Clay,,1996-01-15,1996
1996-329,Tokyo,A,56.0,Hard,,1996-01-15,1996
1996-418,Washington,A,56.0,Hard,,1996-01-15,1996
1996-425,Barcelona,A,56.0,Clay,,1996-01-15,1996
1996-436,Bermuda,A,32.0,Clay,,1996-01-15,1996
1996-580,Australian Open,G,128.0,Hard,,1996-01-15,1996
1996-312,Bologna,A,32.0,Clay,,1996-01-17,1996
1996-500,Halle,A,32.0,Grass,,1996-01-17,1996
1996-741,Nottingham,A,32.0,Grass,,1996-01-17,1996
1996-568,St. Petersburg,A,32.0,Carpet,True,1996-01-18,1996
1996-403,Miami Masters,M,96.0,Hard,,1996-01-18,1996
1996-430,Antwerp,A,32.0,Carpet,True,1996-01-19,1996
1996-605,Tour Finals,F,9.0,Carpet,True,1996-01-19,1996
1996-402,Memphis,A,48.0,Hard,,1996-01-19,1996
1996-421,Canada Masters,M,56.0,Hard,,1996-01-19,1996
1996-441,Long Island,A,32.0,Hard,,1996-01-19,1996
1996-D010,Davis Cup,D,4.0,Carpet,True,1996-01-20,1996
1996-D036,Davis Cup,D,4.0,Carpet,True,1996-01-20,1996
1996-D046,Davis Cup,D,4.0,Carpet,True,1996-01-20,1996
1996-D056,Davis Cup,D,4.0,Carpet,True,1996-01-20,1996
1996-D071,Davis Cup,D,4.0,Carpet,True,1996-01-20,1996
1996-D079,Davis Cup,D,4.0,Carpet,True,1996-01-20,1996
1996-306,St. Poelten,A,32.0,Clay,,1996-01-20,1996
1996-615,Dusseldorf,A,32.0,Clay,,1996-01-20,1996
1996-D004,Davis Cup,D,4.0,Hard,,1996-01-20,1996
1996-D005,Davis Cup,D,4.0,Clay,,1996-01-20,1996
1996-D006,Davis Cup,D,4.0,Hard,,1996-01-20,1996
1996-D007,Davis Cup,D,4.0,Clay,,1996-01-20,1996
1996-D015,Davis Cup,D,4.0,Clay,,1996-01-20,1996
1996-D025,Davis Cup,D,4.0,Clay,,1996-01-20,1996
1996-D038,Davis Cup,D,4.0,Clay,,1996-01-20,1996
1996-D040,Davis Cup,D,4.0,Clay,,1996-01-20,1996
1996-D041,Davis Cup,D,4.0,Grass,,1996-01-20,1996
1996-D057,Davis Cup,D,4.0,Hard,,1996-01-20,1996
1996-D075,Davis Cup,D,4.0,Hard,,1996-01-20,1996
1996-D082,Davis Cup,D,4.0,Clay,,1996-01-20,1996
1996-357,Stuttgart Masters,M,48.0,Carpet,True,1996-01-21,1996
1996-319,Kitzbuhel,A,48.0,Clay,,1996-01-22,1996
1996-410,Monte Carlo Masters,M,56.0,Clay,,1996-01-22,1996
1996-434,Seoul,A,32.0,Hard,,1996-01-22,1996
1996-96,Atlanta Olympics,O,64.0,Hard,,1996-01-22,1996
1996-325,Palermo,A,32.0,Clay,,1996-01-23,1996
1996-328,Basel,A,32.0,Hard,,1996-01-23,1996
1996-D022,Davis Cup,D,4.0,Hard,,1996-01-23,1996
1996-D068,Davis Cup,D,4.0,Clay,,1996-01-23,1996
1996-540,Wimbledon,G,128.0,Grass,,1996-01-24,1996
1996-360,Casablanca,A,32.0,Clay,,1996-01-25,1996
1996-401,Philadelphia,A,32.0,Carpet,True,1996-01-26,1996
1996-408,Milan,A,32.0,Carpet,True,1996-01-26,1996
1996-560,US Open,G,128.0,Hard,,1996-01-26,1996
1996-520,Roland Garros,G,128.0,Clay,,1996-01-27,1996
1996-352,Paris Masters,M,48.0,Carpet,True,1996-01-28,1996
1996-322,Zagreb,A,32.0,Carpet,True,1996-01-29,1996
1996-890,Shanghai,A,32.0,Carpet,True,1996-01-29,1996
1996-308,Munich,A,32.0,Clay,,1996-01-29,1996
1996-317,Amsterdam,A,32.0,Clay,,1996-01-29,1996
1996-379,Prague,A,32.0,Clay,,1996-01-29,1996
1996-409,Atlanta,A,32.0,Clay,,1996-01-29,1996
1996-423,Los Angeles,A,32.0,Hard,,1996-01-29,1996
1996-D047,Davis Cup,D,4.0,Hard,,1996-01-29,1996
1996-326,Singapore,A,32.0,Carpet,True,1996-01-30,1996
1996-375,Lyon,A,32.0,Carpet,True,1996-01-30,1996
1996-573,Marbella,A,32.0,Clay,,1996-01-30,1996
1997-339,Adelaide,A,32.0,Hard,,1996-01-30,1996
1997-451,Doha,A,32.0,Hard,,1996-01-30,1996
1997-D067,Davis Cup,D,4.0,Carpet,True,1997-01-02,1997
1997-D014,Davis Cup,D,4.0,Hard,,1997-01-02,1997
1997-D023,Davis Cup,D,4.0,Hard,,1997-01-02,1997
1997-D034,Davis Cup,D,4.0,Clay,,1997-01-02,1997
1997-D039,Davis Cup,D,4.0,Hard,,1997-01-02,1997
1997-D044,Davis Cup,D,4.0,Clay,,1997-01-02,1997
1997-D047,Davis Cup,D,4.0,Clay,,1997-01-02,1997
1997-D070,Davis Cup,D,4.0,Clay,,1997-01-02,1997
1997-407,Rotterdam,A,32.0,Carpet,True,1997-01-03,1997
1997-438,Moscow,A,32.0,Carpet,True,1997-01-03,1997
1997-429,Stockholm,A,32.0,Hard,,1997-01-03,1997
1997-433,Scottsdale,A,32.0,Hard,,1997-01-03,1997
1997-505,Santiago,A,32.0,Clay,,1997-01-03,1997
1997-D021,Davis Cup,D,4.0,Carpet,True,1997-01-04,1997
1997-D038,Davis Cup,D,4.0,Carpet,True,1997-01-04,1997
1997-D042,Davis Cup,D,4.0,Carpet,True,1997-01-04,1997
1997-D079,Davis Cup,D,4.0,Carpet,True,1997-01-04,1997
1997-422,Cincinnati Masters,M,56.0,Hard,,1997-01-04,1997
1997-475,San Marino,A,32.0,Clay,,1997-01-04,1997
1997-D001,Davis Cup,D,4.0,Clay,,1997-01-04,1997
1997-D004,Davis Cup,D,4.0,Grass,,1997-01-04,1997
1997-D007,Davis Cup,D,4.0,Clay,,1997-01-04,1997
1997-D011,Davis Cup,D,4.0,Clay,,1997-01-04,1997
1997-D018,Davis Cup,D,4.0,Hard,,1997-01-04,1997
1997-D022,Davis Cup,D,4.0,Hard,,1997-01-04,1997
1997-D025,Davis Cup,D,4.0,Clay,,1997-01-04,1997
1997-D030,Davis Cup,D,4.0,Hard,,1997-01-04,1997
1997-D035,Davis Cup,D,4.0,Clay,,1997-01-04,1997
1997-D050,Davis Cup,D,4.0,Hard,,1997-01-04,1997
1997-D053,Davis Cup,D,4.0,Clay,,1997-01-04,1997
1997-D057,Davis Cup,D,4.0,Clay,,1997-01-04,1997
1997-D059,Davis Cup,D,4.0,Clay,,1997-01-04,1997
1997-D066,Davis Cup,D,4.0,Hard,,1997-01-04,1997
1997-D069,Davis Cup,D,4.0,Hard,,1997-01-04,1997
1997-D073,Davis Cup,D,4.0,Clay,,1997-01-04,1997
1997-D074,Davis Cup,D,4.0,Clay,,1997-01-04,1997
1997-414,Hamburg Masters,M,56.0,Clay,,1997-01-05,1997
1997-499,Coral Springs,A,32.0,Clay,,1997-01-05,1997
1997-326,Singapore,A,32.0,Carpet,True,1997-01-06,1997
1997-337,Vienna,A,32.0,Carpet,True,1997-01-06,1997
1997-301,Auckland,A,32.0,Hard,,1997-01-06,1997
1997-338,Sydney Outdoor,A,32.0,Hard,,1997-01-06,1997
1997-D028,Davis Cup,D,4.0,Carpet,True,1997-01-07,1997
1997-D032,Davis Cup,D,4.0,Carpet,True,1997-01-07,1997
1997-D062,Davis Cup,D,4.0,Carpet,True,1997-01-07,1997
1997-314,Gstaad,A,32.0,Clay,,1997-01-07,1997
1997-315,Newport,A,32.0,Grass,,1997-01-07,1997
1997-316,Bastad,A,32.0,Clay,,1997-01-07,1997
1997-336,Hong Kong,A,32.0,Hard,,1997-01-07,1997
1997-468,Estoril,A,32.0,Clay,,1997-01-07,1997
1997-891,Chennai,A,32.0,Hard,,1997-01-07,1997
1997-D005,Davis Cup,D,4.0,Grass,,1997-01-07,1997
1997-D009,Davis Cup,D,4.0,Hard,,1997-01-07,1997
1997-D016,Davis Cup,D,4.0,Clay,,1997-01-07,1997
1997-D019,Davis Cup,D,4.0,Clay,,1997-01-07,1997
1997-D026,Davis Cup,D,4.0,Hard,,1997-01-07,1997
1997-D029,Davis Cup,D,4.0,Hard,,1997-01-07,1997
1997-D031,Davis Cup,D,4.0,Clay,,1997-01-07,1997
1997-D036,Davis Cup,D,4.0,Hard,,1997-01-07,1997
1997-D037,Davis Cup,D,4.0,Clay,,1997-01-07,1997
1997-D049,Davis Cup,D,4.0,Clay,,1997-01-07,1997
1997-D054,Davis Cup,D,4.0,Clay,,1997-01-07,1997
1997-D060,Davis Cup,D,4.0,Clay,,1997-01-07,1997
1997-D068,Davis Cup,D,4.0,Hard,,1997-01-07,1997
1997-D078,Davis Cup,D,4.0,Hard,,1997-01-07,1997
1997-D081,Davis Cup,D,4.0,Hard,,1997-01-07,1997
1997-D083,Davis Cup,D,4.0,Hard,,1997-01-07,1997
1997-573,Marbella,A,32.0,Clay,,1997-01-08,1997
1997-620,Bournemouth,A,32.0,Clay,,1997-01-08,1997
1997-73,Tashkent,A,32.0,Hard,,1997-01-08,1997
1997-311,Queen's Club,A,56.0,Grass,,1997-01-09,1997
1997-312,Bologna,A,32.0,Clay,,1997-01-09,1997
1997-500,Halle,A,32.0,Grass,,1997-01-09,1997
1997-481,Copenhagen,A,32.0,Carpet,True,1997-01-10,1997
1997-404,Indian Wells Masters,M,56.0,Hard,,1997-01-10,1997
1997-424,San Jose,A,32.0,Hard,,1997-01-10,1997
1997-495,Dubai,A,32.0,Hard,,1997-01-10,1997
1997-496,Marseille,A,32.0,Hard,,1997-01-10,1997
1997-605,Tour Finals,F,10.0,Hard,,1997-01-10,1997
1997-D048,Davis Cup,D,4.0,Carpet,True,1997-01-11,1997
1997-419,Indianapolis,A,56.0,Hard,,1997-01-11,1997
1997-420,New Haven,A,56.0,Hard,,1997-01-11,1997
1997-D002,Davis Cup,D,4.0,Clay,,1997-01-11,1997
1997-D010,Davis Cup,D,4.0,Hard,,1997-01-11,1997
1997-D013,Davis Cup,D,4.0,Clay,,1997-01-11,1997
1997-D024,Davis Cup,D,4.0,Clay,,1997-01-11,1997
1997-D033,Davis Cup,D,4.0,Clay,,1997-01-11,1997
1997-D041,Davis Cup,D,4.0,Clay,,1997-01-11,1997
1997-D043,Davis Cup,D,4.0,Clay,,1997-01-11,1997
1997-D046,Davis Cup,D,4.0,Clay,,1997-01-11,1997
1997-D063,Davis Cup,D,4.0,Clay,,1997-01-11,1997
1997-D072,Davis Cup,D,4.0,Clay,,1997-01-11,1997
1997-D076,Davis Cup,D,4.0,Clay,,1997-01-11,1997
1997-416,Rome Masters,M,64.0,Clay,,1997-01-12,1997
1997-348,Ostrava,A,32.0,Carpet,True,1997-01-13,1997
1997-375,Lyon,A,32.0,Carpet,True,1997-01-13,1997
1997-580,Australian Open,G,128.0,Hard,,1997-01-13,1997
1997-321,Stuttgart Outdoor,A,48.0,Clay,,1997-01-14,1997
1997-329,Tokyo,A,56.0,Hard,,1997-01-14,1997
1997-418,Washington,A,56.0,Hard,,1997-01-14,1997
1997-425,Barcelona,A,56.0,Clay,,1997-01-14,1997
1997-D051,Davis Cup,D,4.0,Hard,,1997-01-14,1997
1997-440,Rosmalen,A,32.0,Grass,,1997-01-16,1997
1997-741,Nottingham,A,32.0,Grass,,1997-01-16,1997
1997-568,St. Petersburg,A,32.0,Carpet,True,1997-01-17,1997
1997-402,Memphis,A,48.0,Hard,,1997-01-17,1997
1997-403,Miami Masters,M,96.0,Hard,,1997-01-17,1997
1997-430,Antwerp,A,32.0,Hard,,1997-01-17,1997
1997-441,Long Island,A,32.0,Hard,,1997-01-18,1997
1997-80,Boston,A,32.0,Hard,,1997-01-18,1997
1997-D065,Davis Cup,D,4.0,Hard,,1997-01-18,1997
1997-D017,Davis Cup,D,4.0,Carpet,True,1997-01-19,1997
1997-D045,Davis Cup,D,4.0,Carpet,True,1997-01-19,1997
1997-D061,Davis Cup,D,4.0,Carpet,True,1997-01-19,1997
1997-D064,Davis Cup,D,4.0,Carpet,True,1997-01-19,1997
1997-D077,Davis Cup,D,4.0,Carpet,True,1997-01-19,1997
1997-306,St. Poelten,A,32.0,Clay,,1997-01-19,1997
1997-615,Dusseldorf,A,32.0,Clay,,1997-01-19,1997
1997-D003,Davis Cup,D,4.0,Clay,,1997-01-19,1997
1997-D006,Davis Cup,D,4.0,Hard,,1997-01-19,1997
1997-D008,Davis Cup,D,4.0,Hard,,1997-01-19,1997
1997-D012,Davis Cup,D,4.0,Clay,,1997-01-19,1997
1997-D015,Davis Cup,D,4.0,Clay,,1997-01-19,1997
1997-D020,Davis Cup,D,4.0,Grass,,1997-01-19,1997
1997-D027,Davis Cup,D,4.0,Clay,,1997-01-19,1997
1997-D040,Davis Cup,D,4.0,Hard,,1997-01-19,1997
1997-D052,Davis Cup,D,4.0,Clay,,1997-01-19,1997
1997-D055,Davis Cup,D,4.0,Hard,,1997-01-19,1997
1997-D071,Davis Cup,D,4.0,Clay,,1997-01-19,1997
1997-D075,Davis Cup,D,4.0,Hard,,1997-01-19,1997
1997-357,Stuttgart Masters,M,48.0,Carpet,True,1997-01-20,1997
1997-807,Mexico City,A,32.0,Clay,,1997-01-20,1997
1997-319,Kitzbuhel,A,48.0,Clay,,1997-01-21,1997
1997-410,Monte Carlo Masters,M,56.0,Clay,,1997-01-21,1997
1997-423,Los Angeles,A,32.0,Hard,,1997-01-21,1997
1997-439,Umag,A,32.0,Clay,,1997-01-21,1997
1997-717,Orlando,A,32.0,Clay,,1997-01-21,1997
1997-D056,Davis Cup,D,4.0,Clay,,1997-01-21,1997
1997-D080,Davis Cup,D,4.0,Hard,,1997-01-21,1997
1997-327,Toulouse,A,32.0,Hard,,1997-01-22,1997
1997-773,Bucharest,A,32.0,Clay,,1997-01-22,1997
1997-604,Grand Slam Cup,A,16.0,Carpet,True,1997-01-23,1997
1997-540,Wimbledon,G,128.0,Grass,,1997-01-23,1997
1997-408,Milan,A,32.0,Carpet,True,1997-01-24,1997
1997-360,Casablanca,A,32.0,Clay,,1997-01-24,1997
1997-401,Philadelphia,A,32.0,Hard,,1997-01-24,1997
1997-560,US Open,G,128.0,Hard,,1997-01-25,1997
1997-520,Roland Garros,G,128.0,Clay,,1997-01-26,1997
1997-322,Zagreb,A,32.0,Carpet,True,1997-01-27,1997
1997-352,Paris Masters,M,48.0,Carpet,True,1997-01-27,1997
1997-890,Shanghai,A,32.0,Carpet,True,1997-01-27,1997
1997-359,Bogota,A,32.0,Clay,,1997-01-27,1997
1997-D082,Davis Cup,D,4.0,Carpet,True,1997-01-28,1997
1997-308,Munich,A,32.0,Clay,,1997-01-28,1997
1997-317,Amsterdam,A,32.0,Clay,,1997-01-28,1997
1997-379,Prague,A,32.0,Clay,,1997-01-28,1997
1997-409,Atlanta,A,32.0,Clay,,1997-01-28,1997
1997-421,Canada Masters,M,56.0,Hard,,1997-01-28,1997
1997-328,Basel,A,32.0,Carpet,True,1997-01-29,1997
1997-325,Palermo,A,32.0,Clay,,1997-01-29,1997
1997-747,Beijing,A,32.0,Hard,,1997-01-29,1997
1998-D013,Davis Cup,D,4.0,Carpet,True,1998-01-01,1998
1998-D068,Davis Cup,D,4.0,Carpet,True,1998-01-01,1998
1998-D018,Davis Cup,D,4.0,Clay,,1998-01-01,1998
1998-D025,Davis Cup,D,4.0,Hard,,1998-01-01,1998
1998-D044,Davis Cup,D,4.0,Clay,,1998-01-01,1998
1998-D051,Davis Cup,D,4.0,Clay,,1998-01-01,1998
1998-D070,Davis Cup,D,4.0,Clay,,1998-01-01,1998
1998-D078,Davis Cup,D,4.0,Hard,,1998-01-01,1998
1998-322,Split,A,32.0,Carpet,True,1998-01-02,1998
1998-352,Paris Masters,M,48.0,Carpet,True,1998-01-02,1998
1998-407,Rotterdam,A,32.0,Carpet,True,1998-01-02,1998
1998-359,Bogota,A,32.0,Clay,,1998-01-02,1998
1998-433,Scottsdale,A,32.0,Hard,,1998-01-02,1998
1998-496,Marseille,A,32.0,Hard,,1998-01-02,1998
1998-D033,Davis Cup,D,4.0,Carpet,True,1998-01-03,1998
1998-D039,Davis Cup,D,4.0,Carpet,True,1998-01-03,1998
1998-D042,Davis Cup,D,4.0,Carpet,True,1998-01-03,1998
1998-D045,Davis Cup,D,4.0,Carpet,True,1998-01-03,1998
1998-D050,Davis Cup,D,4.0,Carpet,True,1998-01-03,1998
1998-317,Amsterdam,A,32.0,Clay,,1998-01-03,1998
1998-421,Canada Masters,M,56.0,Hard,,1998-01-03,1998
1998-D001,Davis Cup,D,4.0,Clay,,1998-01-03,1998
1998-D005,Davis Cup,D,4.0,Grass,,1998-01-03,1998
1998-D007,Davis Cup,D,4.0,Hard,,1998-01-03,1998
1998-D010,Davis Cup,D,4.0,Clay,,1998-01-03,1998
1998-D015,Davis Cup,D,4.0,Clay,,1998-01-03,1998
1998-D019,Davis Cup,D,4.0,Clay,,1998-01-03,1998
1998-D031,Davis Cup,D,4.0,Hard,,1998-01-03,1998
1998-D047,Davis Cup,D,4.0,Hard,,1998-01-03,1998
1998-D056,Davis Cup,D,4.0,Clay,,1998-01-03,1998
1998-D064,Davis Cup,D,4.0,Clay,,1998-01-03,1998
1998-D065,Davis Cup,D,4.0,Clay,,1998-01-03,1998
1998-D067,Davis Cup,D,4.0,Clay,,1998-01-03,1998
1998-D071,Davis Cup,D,4.0,Hard,,1998-01-03,1998
1998-D072,Davis Cup,D,4.0,Clay,,1998-01-03,1998
1998-D074,Davis Cup,D,4.0,Clay,,1998-01-03,1998
1998-D076,Davis Cup,D,4.0,Clay,,1998-01-03,1998
1998-D081,Davis Cup,D,4.0,Clay,,1998-01-03,1998
1998-414,Hamburg Masters,M,56.0,Clay,,1998-01-04,1998
1998-499,Coral Springs,A,32.0,Clay,,1998-01-04,1998
1998-D060,Davis Cup,D,4.0,Clay,,1998-01-04,1998
1998-D080,Davis Cup,D,4.0,Hard,,1998-01-04,1998
1998-890,Shanghai,A,32.0,Carpet,True,1998-01-05,1998
1998-325,Palermo,A,32.0,Clay,,1998-01-05,1998
1998-328,Basel,A,32.0,Hard,,1998-01-05,1998
1998-339,Adelaide,A,32.0,Hard,,1998-01-05,1998
1998-451,Doha,A,32.0,Hard,,1998-01-05,1998
1998-314,Gstaad,A,32.0,Clay,,1998-01-06,1998
1998-315,Newport,A,32.0,Grass,,1998-01-06,1998
1998-316,Bastad,A,32.0,Clay,,1998-01-06,1998
1998-336,Hong Kong,A,32.0,Hard,,1998-01-06,1998
1998-468,Estoril,A,32.0,Clay,,1998-01-06,1998
1998-891,Chennai,A,32.0,Hard,,1998-01-06,1998
1998-311,Queen's Club,A,56.0,Grass,,1998-01-08,1998
1998-312,Bologna,A,32.0,Clay,,1998-01-08,1998
1998-500,Halle,A,32.0,Grass,,1998-01-08,1998
1998-438,Moscow,A,32.0,Carpet,True,1998-01-09,1998
1998-481,Copenhagen,A,32.0,Carpet,True,1998-01-09,1998
1998-568,St. Petersburg,A,32.0,Carpet,True,1998-01-09,1998
1998-404,Indian Wells Masters,M,56.0,Hard,,1998-01-09,1998
1998-424,San Jose,A,32.0,Hard,,1998-01-09,1998
1998-429,Stockholm,A,32.0,Hard,,1998-01-09,1998
1998-495,Dubai,A,32.0,Hard,,1998-01-09,1998
1998-505,Santiago,A,32.0,Clay,,1998-01-09,1998
1998-422,Cincinnati Masters,M,56.0,Hard,,1998-01-10,1998
1998-475,San Marino,A,32.0,Clay,,1998-01-10,1998
1998-416,Rome Masters,M,64.0,Clay,,1998-01-11,1998
1998-326,Singapore,A,32.0,Carpet,True,1998-01-12,1998
1998-337,Vienna,A,32.0,Carpet,True,1998-01-12,1998
1998-301,Auckland,A,32.0,Hard,,1998-01-12,1998
1998-338,Sydney Outdoor,A,32.0,Hard,,1998-01-12,1998
1998-D034,Davis Cup,D,4.0,Carpet,True,1998-01-13,1998
1998-D054,Davis Cup,D,4.0,Carpet,True,1998-01-13,1998
1998-329,Tokyo,A,56.0,Hard,,1998-01-13,1998
1998-425,Barcelona,A,56.0,Clay,,1998-01-13,1998
1998-D002,Davis Cup,D,4.0,Clay,,1998-01-13,1998
1998-D008,Davis Cup,D,4.0,Hard,,1998-01-13,1998
1998-D020,Davis Cup,D,4.0,Hard,,1998-01-13,1998
1998-D024,Davis Cup,D,4.0,Hard,,1998-01-13,1998
1998-D028,Davis Cup,D,4.0,Hard,,1998-01-13,1998
1998-D069,Davis Cup,D,4.0,Hard,,1998-01-13,1998
1998-620,Bournemouth,A,32.0,Clay,,1998-01-14,1998
1998-73,Tashkent,A,32.0,Hard,,1998-01-14,1998
1998-773,Bucharest,A,32.0,Clay,,1998-01-14,1998
1998-440,s Hertogenbosch,A,32.0,Grass,,1998-01-15,1998
1998-741,Nottingham,A,32.0,Grass,,1998-01-15,1998
1998-402,Memphis,A,48.0,Hard,,1998-01-16,1998
1998-403,Miami Masters,M,96.0,Hard,,1998-01-16,1998
1998-430,Antwerp,A,32.0,Hard,,1998-01-16,1998
1998-D021,Davis Cup,D,4.0,Carpet,True,1998-01-17,1998
1998-D059,Davis Cup,D,4.0,Carpet,True,1998-01-17,1998
1998-419,Indianapolis,A,56.0,Hard,,1998-01-17,1998
1998-420,New Haven,A,56.0,Hard,,1998-01-17,1998
1998-D009,Davis Cup,D,4.0,Clay,,1998-01-17,1998
1998-D011,Davis Cup,D,4.0,Hard,,1998-01-17,1998
1998-D014,Davis Cup,D,4.0,Clay,,1998-01-17,1998
1998-D017,Davis Cup,D,4.0,Clay,,1998-01-17,1998
1998-D023,Davis Cup,D,4.0,Hard,,1998-01-17,1998
1998-D026,Davis Cup,D,4.0,Hard,,1998-01-17,1998
1998-D030,Davis Cup,D,4.0,Hard,,1998-01-17,1998
1998-D036,Davis Cup,D,4.0,Clay,,1998-01-17,1998
1998-D037,Davis Cup,D,4.0,Clay,,1998-01-17,1998
1998-D043,Davis Cup,D,4.0,Clay,,1998-01-17,1998
1998-D046,Davis Cup,D,4.0,Hard,,1998-01-17,1998
1998-D048,Davis Cup,D,4.0,Clay,,1998-01-17,1998
1998-D049,Davis Cup,D,4.0,Hard,,1998-01-17,1998
1998-D053,Davis Cup,D,4.0,Clay,,1998-01-17,1998
1998-D055,Davis Cup,D,4.0,Hard,,1998-01-17,1998
1998-D057,Davis Cup,D,4.0,Clay,,1998-01-17,1998
1998-D058,Davis Cup,D,4.0,Clay,,1998-01-17,1998
1998-D062,Davis Cup,D,4.0,Clay,,1998-01-17,1998
1998-D063,Davis Cup,D,4.0,Clay,,1998-01-17,1998
1998-D075,Davis Cup,D,4.0,Clay,,1998-01-17,1998
1998-D077,Davis Cup,D,4.0,Hard,,1998-01-17,1998
1998-D079,Davis Cup,D,4.0,Clay,,1998-01-17,1998
1998-D082,Davis Cup,D,4.0,Hard,,1998-01-17,1998
1998-306,St. Poelten,A,32.0,Clay,,1998-01-18,1998
1998-615,Dusseldorf,A,32.0,Clay,,1998-01-18,1998
1998-348,Ostrava,A,32.0,Carpet,True,1998-01-19,1998
1998-375,Lyon,A,32.0,Carpet,True,1998-01-19,1998
1998-580,Australian Open,G,128.0,Hard,,1998-01-19,1998
1998-321,Stuttgart Outdoor,A,48.0,Clay,,1998-01-20,1998
1998-410,Monte Carlo Masters,M,56.0,Clay,,1998-01-20,1998
1998-418,Washington,A,56.0,Hard,,1998-01-20,1998
1998-717,Orlando,A,32.0,Clay,,1998-01-20,1998
1998-540,Wimbledon,G,128.0,Grass,,1998-01-22,1998
1998-408,London,A,32.0,Carpet,True,1998-01-23,1998
1998-360,Casablanca,A,32.0,Clay,,1998-01-23,1998
1998-401,Philadelphia,A,32.0,Hard,,1998-01-23,1998
1998-605,Tour Finals,F,64.0,Hard,,1998-01-23,1998
1998-441,Long Island,A,32.0,Hard,,1998-01-24,1998
1998-80,Boston,A,32.0,Hard,,1998-01-24,1998
1998-D035,Davis Cup,D,4.0,Carpet,True,1998-01-25,1998
1998-D038,Davis Cup,D,4.0,Carpet,True,1998-01-25,1998
1998-520,Roland Garros,G,128.0,Clay,,1998-01-25,1998
1998-D003,Davis Cup,D,4.0,Clay,,1998-01-25,1998
1998-D004,Davis Cup,D,4.0,Hard,,1998-01-25,1998
1998-D006,Davis Cup,D,4.0,Clay,,1998-01-25,1998
1998-D012,Davis Cup,D,4.0,Hard,,1998-01-25,1998
1998-D016,Davis Cup,D,4.0,Clay,,1998-01-25,1998
1998-D022,Davis Cup,D,4.0,Hard,,1998-01-25,1998
1998-D027,Davis Cup,D,4.0,Clay,,1998-01-25,1998
1998-D029,Davis Cup,D,4.0,Clay,,1998-01-25,1998
1998-D032,Davis Cup,D,4.0,Clay,,1998-01-25,1998
1998-D040,Davis Cup,D,4.0,Hard,,1998-01-25,1998
1998-D041,Davis Cup,D,4.0,Hard,,1998-01-25,1998
1998-D052,Davis Cup,D,4.0,Hard,,1998-01-25,1998
1998-D061,Davis Cup,D,4.0,Hard,,1998-01-25,1998
1998-D066,Davis Cup,D,4.0,Hard,,1998-01-25,1998
1998-D073,Davis Cup,D,4.0,Grass,,1998-01-25,1998
1998-D083,Davis Cup,D,4.0,Clay,,1998-01-25,1998
1998-357,Stuttgart Masters,M,48.0,Hard,,1998-01-26,1998
1998-807,Mexico City,A,32.0,Clay,,1998-01-26,1998
1998-308,Munich,A,32.0,Clay,,1998-01-27,1998
1998-319,Kitzbuhel,A,48.0,Clay,,1998-01-27,1998
1998-379,Prague,A,32.0,Clay,,1998-01-27,1998
1998-409,Atlanta,A,32.0,Clay,,1998-01-27,1998
1998-423,Los Angeles,A,32.0,Hard,,1998-01-27,1998
1998-439,Umag,A,32.0,Clay,,1998-01-27,1998
1998-327,Toulouse,A,32.0,Hard,,1998-01-28,1998
1998-573,Mallorca,A,32.0,Clay,,1998-01-28,1998
1998-604,Grand Slam Cup,A,16.0,Hard,,1998-01-28,1998
1998-560,US Open,G,128.0,Hard,,1998-01-31,1998
1999-352,Paris Masters,M,48.0,Carpet,True,1999-01-01,1999
1999-481,Copenhagen,A,32.0,Carpet,True,1999-01-01,1999
1999-433,Scottsdale,A,32.0,Hard,,1999-01-01,1999
1999-496,Marseille,A,32.0,Hard,,1999-01-01,1999
1999-D044,Davis Cup,D,4.0,Carpet,True,1999-01-02,1999
1999-D050,Davis Cup,D,4.0,Carpet,True,1999-01-02,1999
1999-D060,Davis Cup,D,4.0,Carpet,True,1999-01-02,1999
1999-D062,Davis Cup,D,4.0,Carpet,True,1999-01-02,1999
1999-D082,Davis Cup,D,4.0,Carpet,True,1999-01-02,1999
1999-317,Amsterdam,A,32.0,Clay,,1999-01-02,1999
1999-421,Canada Masters,M,56.0,Hard,,1999-01-02,1999
1999-D003,Davis Cup,D,4.0,Hard,,1999-01-02,1999
1999-D008,Davis Cup,D,4.0,Hard,,1999-01-02,1999
1999-D009,Davis Cup,D,4.0,Clay,,1999-01-02,1999
1999-D014,Davis Cup,D,4.0,Clay,,1999-01-02,1999
1999-D017,Davis Cup,D,4.0,Hard,,1999-01-02,1999
1999-D019,Davis Cup,D,4.0,Clay,,1999-01-02,1999
1999-D024,Davis Cup,D,4.0,Clay,,1999-01-02,1999
1999-D026,Davis Cup,D,4.0,Grass,,1999-01-02,1999
1999-D032,Davis Cup,D,4.0,Hard,,1999-01-02,1999
1999-D033,Davis Cup,D,4.0,Clay,,1999-01-02,1999
1999-D034,Davis Cup,D,4.0,Hard,,1999-01-02,1999
1999-D040,Davis Cup,D,4.0,Hard,,1999-01-02,1999
1999-D046,Davis Cup,D,4.0,Clay,,1999-01-02,1999
1999-D048,Davis Cup,D,4.0,Hard,,1999-01-02,1999
1999-D054,Davis Cup,D,4.0,Hard,,1999-01-02,1999
1999-D063,Davis Cup,D,4.0,Hard,,1999-01-02,1999
1999-D065,Davis Cup,D,4.0,Hard,,1999-01-02,1999
1999-D068,Davis Cup,D,4.0,Hard,,1999-01-02,1999
1999-D072,Davis Cup,D,4.0,Hard,,1999-01-02,1999
1999-D079,Davis Cup,D,4.0,Clay,,1999-01-02,1999
1999-414,Hamburg Masters,M,56.0,Clay,,1999-01-03,1999
1999-499,Delray Beach,A,32.0,Clay,,1999-01-03,1999
1999-D005,Davis Cup,D,4.0,Clay,,1999-01-03,1999
1999-328,Basel,A,32.0,Carpet,True,1999-01-04,1999
1999-325,Palermo,A,32.0,Clay,,1999-01-04,1999
1999-339,Adelaide,A,32.0,Hard,,1999-01-04,1999
1999-451,Doha,A,32.0,Hard,,1999-01-04,1999
1999-890,Shanghai,A,32.0,Hard,,1999-01-04,1999
1999-314,Gstaad,A,32.0,Clay,,1999-01-05,1999
1999-315,Newport,A,32.0,Grass,,1999-01-05,1999
1999-316,Bastad,A,32.0,Clay,,1999-01-05,1999
1999-336,Hong Kong,A,32.0,Hard,,1999-01-05,1999
1999-468,Estoril,A,32.0,Clay,,1999-01-05,1999
1999-891,Chennai,A,32.0,Hard,,1999-01-05,1999
1999-D027,Davis Cup,D,4.0,Hard,,1999-01-05,1999
1999-311,Queen's Club,A,56.0,Grass,,1999-01-07,1999
1999-473,Merano,A,32.0,Clay,,1999-01-07,1999
1999-500,Halle,A,32.0,Grass,,1999-01-07,1999
1999-438,Moscow,A,32.0,Carpet,True,1999-01-08,1999
1999-568,St. Petersburg,A,32.0,Carpet,True,1999-01-08,1999
1999-404,Indian Wells Masters,M,56.0,Hard,,1999-01-08,1999
1999-424,San Jose,A,32.0,Hard,,1999-01-08,1999
1999-429,Stockholm,A,32.0,Hard,,1999-01-08,1999
1999-495,Dubai,A,32.0,Hard,,1999-01-08,1999
1999-422,Cincinnati Masters,M,56.0,Hard,,1999-01-09,1999
1999-475,San Marino,A,32.0,Clay,,1999-01-09,1999
1999-416,Rome Masters,M,64.0,Clay,,1999-01-10,1999
1999-301,Auckland,A,32.0,Hard,,1999-01-11,1999
1999-326,Singapore,A,32.0,Hard,,1999-01-11,1999
1999-337,Vienna,A,32.0,Hard,,1999-01-11,1999
1999-338,Sydney,A,32.0,Hard,,1999-01-11,1999
1999-D018,Davis Cup,D,4.0,Carpet,True,1999-01-12,1999
1999-329,Tokyo,A,56.0,Hard,,1999-01-12,1999
1999-425,Barcelona,A,56.0,Clay,,1999-01-12,1999
1999-D012,Davis Cup,D,4.0,Hard,,1999-01-12,1999
1999-D023,Davis Cup,D,4.0,Clay,,1999-01-12,1999
1999-D042,Davis Cup,D,4.0,Clay,,1999-01-12,1999
1999-D055,Davis Cup,D,4.0,Hard,,1999-01-12,1999
1999-D057,Davis Cup,D,4.0,Clay,,1999-01-12,1999
1999-D061,Davis Cup,D,4.0,Hard,,1999-01-12,1999
1999-D064,Davis Cup,D,4.0,Hard,,1999-01-12,1999
1999-D075,Davis Cup,D,4.0,Hard,,1999-01-12,1999
1999-D078,Davis Cup,D,4.0,Hard,,1999-01-12,1999
1999-573,Mallorca,A,32.0,Clay,,1999-01-13,1999
1999-620,Bournemouth,A,32.0,Clay,,1999-01-13,1999
1999-73,Tashkent,A,32.0,Hard,,1999-01-13,1999
1999-440,s Hertogenbosch,A,32.0,Grass,,1999-01-14,1999
1999-741,Nottingham,A,32.0,Grass,,1999-01-14,1999
1999-407,Rotterdam,A,32.0,Carpet,True,1999-01-15,1999
1999-402,Memphis,A,48.0,Hard,,1999-01-15,1999
1999-403,Miami Masters,M,96.0,Hard,,1999-01-15,1999
1999-D020,Davis Cup,D,4.0,Carpet,True,1999-01-16,1999
1999-418,Washington,A,56.0,Hard,,1999-01-16,1999
1999-419,Indianapolis,A,56.0,Hard,,1999-01-16,1999
1999-615,Dusseldorf,A,64.0,Clay,,1999-01-16,1999
1999-D004,Davis Cup,D,4.0,Hard,,1999-01-16,1999
1999-D007,Davis Cup,D,4.0,Hard,,1999-01-16,1999
1999-D011,Davis Cup,D,4.0,Hard,,1999-01-16,1999
1999-D016,Davis Cup,D,4.0,Clay,,1999-01-16,1999
1999-D021,Davis Cup,D,4.0,Clay,,1999-01-16,1999
1999-D030,Davis Cup,D,4.0,Hard,,1999-01-16,1999
1999-D031,Davis Cup,D,4.0,Hard,,1999-01-16,1999
1999-D035,Davis Cup,D,4.0,Hard,,1999-01-16,1999
1999-D038,Davis Cup,D,4.0,Hard,,1999-01-16,1999
1999-D052,Davis Cup,D,4.0,Hard,,1999-01-16,1999
1999-D053,Davis Cup,D,4.0,Clay,,1999-01-16,1999
1999-D058,Davis Cup,D,4.0,Clay,,1999-01-16,1999
1999-D066,Davis Cup,D,4.0,Clay,,1999-01-16,1999
1999-D069,Davis Cup,D,4.0,Clay,,1999-01-16,1999
1999-D076,Davis Cup,D,4.0,Clay,,1999-01-16,1999
1999-D080,Davis Cup,D,4.0,Clay,,1999-01-16,1999
1999-D081,Davis Cup,D,4.0,Clay,,1999-01-16,1999
1999-D083,Davis Cup,D,4.0,Hard,,1999-01-16,1999
1999-306,St. Poelten,A,32.0,Clay,,1999-01-17,1999
1999-375,Lyon,A,48.0,Carpet,True,1999-01-18,1999
1999-580,Australian Open,G,128.0,Hard,,1999-01-18,1999
1999-321,Stuttgart Outdoor,A,48.0,Clay,,1999-01-19,1999
1999-410,Monte Carlo Masters,M,56.0,Clay,,1999-01-19,1999
1999-717,Orlando,A,32.0,Clay,,1999-01-19,1999
1999-D056,Davis Cup,D,4.0,Hard,,1999-01-19,1999
1999-540,Wimbledon,G,128.0,Grass,,1999-01-21,1999
1999-408,London,A,32.0,Carpet,True,1999-01-22,1999
1999-360,Casablanca,A,32.0,Clay,,1999-01-22,1999
1999-605,Tour Finals,F,8.0,Hard,,1999-01-22,1999
1999-441,Long Island,A,32.0,Hard,,1999-01-23,1999
1999-80,Boston,A,32.0,Hard,,1999-01-23,1999
1999-D001,Davis Cup,D,4.0,Carpet,True,1999-01-24,1999
1999-D015,Davis Cup,D,4.0,Carpet,True,1999-01-24,1999
1999-520,Roland Garros,G,128.0,Clay,,1999-01-24,1999
1999-D002,Davis Cup,D,4.0,Clay,,1999-01-24,1999
1999-D006,Davis Cup,D,4.0,Grass,,1999-01-24,1999
1999-D010,Davis Cup,D,4.0,Clay,,1999-01-24,1999
1999-D013,Davis Cup,D,4.0,Hard,,1999-01-24,1999
1999-D025,Davis Cup,D,4.0,Hard,,1999-01-24,1999
1999-D028,Davis Cup,D,4.0,Hard,,1999-01-24,1999
1999-D036,Davis Cup,D,4.0,Hard,,1999-01-24,1999
1999-D037,Davis Cup,D,4.0,Clay,,1999-01-24,1999
1999-D041,Davis Cup,D,4.0,Clay,,1999-01-24,1999
1999-D043,Davis Cup,D,4.0,Hard,,1999-01-24,1999
1999-D045,Davis Cup,D,4.0,Clay,,1999-01-24,1999
1999-D047,Davis Cup,D,4.0,Hard,,1999-01-24,1999
1999-D049,Davis Cup,D,4.0,Clay,,1999-01-24,1999
1999-D070,Davis Cup,D,4.0,Clay,,1999-01-24,1999
1999-D073,Davis Cup,D,4.0,Clay,,1999-01-24,1999
1999-D077,Davis Cup,D,4.0,Hard,,1999-01-24,1999
1999-357,Stuttgart Masters,M,48.0,Hard,,1999-01-25,1999
1999-308,Munich,A,32.0,Clay,,1999-01-26,1999
1999-319,Kitzbuhel,A,48.0,Clay,,1999-01-26,1999
1999-379,Prague,A,32.0,Clay,,1999-01-26,1999
1999-409,Atlanta,A,32.0,Clay,,1999-01-26,1999
1999-423,Los Angeles,A,32.0,Hard,,1999-01-26,1999
1999-439,Umag,A,32.0,Clay,,1999-01-26,1999
1999-327,Toulouse,A,32.0,Hard,,1999-01-27,1999
1999-604,Grand Slam Cup,A,12.0,Hard,,1999-01-27,1999
1999-773,Bucharest,A,32.0,Clay,,1999-01-27,1999
1999-D039,Davis Cup,D,4.0,Carpet,True,1999-01-30,1999
1999-D059,Davis Cup,D,4.0,Carpet,True,1999-01-30,1999
1999-D067,Davis Cup,D,4.0,Carpet,True,1999-01-30,1999
1999-D074,Davis Cup,D,4.0,Carpet,True,1999-01-30,1999
1999-560,US Open,G,128.0,Hard,,1999-01-30,1999
1999-D022,Davis Cup,D,4.0,Clay,,1999-01-30,1999
1999-D029,Davis Cup,D,4.0,Hard,,1999-01-30,1999
1999-D051,Davis Cup,D,4.0,Clay,,1999-01-30,1999
1999-D071,Davis Cup,D,4.0,Clay,,1999-01-30,1999
2000-308,Munich,A,32.0,Clay,,2000-01-01,2000
2000-573,Mallorca,A,32.0,Clay,,2000-01-01,2000
2000-717,Orlando,A,32.0,Clay,,2000-01-01,2000
2000-336,Hong Kong,A,32.0,Hard,,2000-01-02,2000
2000-339,Adelaide,A,32.0,Hard,,2000-01-03,2000
2000-451,Doha,A,32.0,Hard,,2000-01-03,2000
2000-891,Chennai,A,32.0,Hard,,2000-01-03,2000
2000-D060,Davis Cup,D,4.0,Carpet,True,2000-01-04,2000
2000-D063,Davis Cup,D,4.0,Carpet,True,2000-01-04,2000
2000-D073,Davis Cup,D,4.0,Carpet,True,2000-01-04,2000
2000-D078,Davis Cup,D,4.0,Carpet,True,2000-01-04,2000
2000-D081,Davis Cup,D,4.0,Carpet,True,2000-01-04,2000
2000-D061,Davis Cup,D,4.0,Hard,,2000-01-04,2000
2000-D062,Davis Cup,D,4.0,Clay,,2000-01-04,2000
2000-D064,Davis Cup,D,4.0,Clay,,2000-01-04,2000
2000-D065,Davis Cup,D,4.0,Clay,,2000-01-04,2000
2000-D067,Davis Cup,D,4.0,Clay,,2000-01-04,2000
2000-D068,Davis Cup,D,4.0,Hard,,2000-01-04,2000
2000-D069,Davis Cup,D,4.0,Hard,,2000-01-04,2000
2000-D070,Davis Cup,D,4.0,Clay,,2000-01-04,2000
2000-D071,Davis Cup,D,4.0,Clay,,2000-01-04,2000
2000-D072,Davis Cup,D,4.0,Clay,,2000-01-04,2000
2000-D075,Davis Cup,D,4.0,Hard,,2000-01-04,2000
2000-D076,Davis Cup,D,4.0,Grass,,2000-01-04,2000
2000-D077,Davis Cup,D,4.0,Hard,,2000-01-04,2000
2000-D079,Davis Cup,D,4.0,Hard,,2000-01-04,2000
2000-D080,Davis Cup,D,4.0,Hard,,2000-01-04,2000
2000-D082,Davis Cup,D,4.0,Hard,,2000-01-04,2000
2000-D083,Davis Cup,D,4.0,Hard,,2000-01-04,2000
2000-375,Lyon,A,32.0,Carpet,True,2000-01-06,2000
2000-D043,Davis Cup,D,4.0,Carpet,True,2000-01-06,2000
2000-D058,Davis Cup,D,4.0,Carpet,True,2000-01-06,2000
2000-359,Bogota,A,32.0,Clay,,2000-01-06,2000
2000-433,Scottsdale,A,32.0,Hard,,2000-01-06,2000
2000-568,St. Petersburg,A,32.0,Hard,,2000-01-06,2000
2000-D008,Davis Cup,D,4.0,Clay,,2000-01-06,2000
2000-D019,Davis Cup,D,4.0,Hard,,2000-01-06,2000
2000-D026,Davis Cup,D,4.0,Clay,,2000-01-06,2000
2000-D028,Davis Cup,D,4.0,Hard,,2000-01-06,2000
2000-D044,Davis Cup,D,4.0,Clay,,2000-01-06,2000
2000-D059,Davis Cup,D,4.0,Clay,,2000-01-06,2000
2000-D001,Davis Cup,D,4.0,Carpet,True,2000-01-07,2000
2000-D012,Davis Cup,D,4.0,Carpet,True,2000-01-07,2000
2000-D013,Davis Cup,D,4.0,Carpet,True,2000-01-07,2000
2000-D018,Davis Cup,D,4.0,Carpet,True,2000-01-07,2000
2000-422,Cincinnati Masters,M,64.0,Hard,,2000-01-07,2000
2000-424,San Jose,A,32.0,Hard,,2000-01-07,2000
2000-495,Dubai,A,32.0,Hard,,2000-01-07,2000
2000-496,Marseille,A,32.0,Hard,,2000-01-07,2000
2000-D002,Davis Cup,D,4.0,Clay,,2000-01-07,2000
2000-D003,Davis Cup,D,4.0,Clay,,2000-01-07,2000
2000-D004,Davis Cup,D,4.0,Grass,,2000-01-07,2000
2000-D005,Davis Cup,D,4.0,Hard,,2000-01-07,2000
2000-D006,Davis Cup,D,4.0,Hard,,2000-01-07,2000
2000-D007,Davis Cup,D,4.0,Hard,,2000-01-07,2000
2000-D009,Davis Cup,D,4.0,Hard,,2000-01-07,2000
2000-D010,Davis Cup,D,4.0,Grass,,2000-01-07,2000
2000-D011,Davis Cup,D,4.0,Hard,,2000-01-07,2000
2000-D014,Davis Cup,D,4.0,Clay,,2000-01-07,2000
2000-D017,Davis Cup,D,4.0,Hard,,2000-01-07,2000
2000-D020,Davis Cup,D,4.0,Clay,,2000-01-07,2000
2000-D021,Davis Cup,D,4.0,Hard,,2000-01-07,2000
2000-D022,Davis Cup,D,4.0,Clay,,2000-01-07,2000
2000-D023,Davis Cup,D,4.0,Hard,,2000-01-07,2000
2000-D029,Davis Cup,D,4.0,Hard,,2000-01-07,2000
2000-416,Rome Masters,M,64.0,Clay,,2000-01-08,2000
2000-D049,Davis Cup,D,4.0,Clay,,2000-01-08,2000
2000-329,Tokyo,A,56.0,Hard,,2000-01-09,2000
2000-337,Vienna,A,32.0,Hard,,2000-01-09,2000
2000-301,Auckland,A,32.0,Hard,,2000-01-10,2000
2000-314,Gstaad,A,32.0,Clay,,2000-01-10,2000
2000-315,Newport,A,32.0,Grass,,2000-01-10,2000
2000-316,Bastad,A,32.0,Clay,,2000-01-10,2000
2000-338,Sydney,A,32.0,Hard,,2000-01-10,2000
2000-360,Casablanca,A,32.0,Clay,,2000-01-10,2000
2000-409,Atlanta,A,32.0,Clay,,2000-01-10,2000
2000-468,Estoril,A,32.0,Clay,,2000-01-10,2000
2000-73,Tashkent,A,32.0,Hard,,2000-01-11,2000
2000-773,Bucharest,A,32.0,Clay,,2000-01-11,2000
2000-311,Queen's Club,A,56.0,Grass,,2000-01-12,2000
2000-500,Halle,A,32.0,Grass,,2000-01-12,2000
2000-352,Paris Masters,M,48.0,Carpet,True,2000-01-13,2000
2000-404,Indian Wells Masters,M,64.0,Hard,,2000-01-13,2000
2000-D039,Davis Cup,D,4.0,Carpet,True,2000-01-14,2000
2000-402,Memphis,A,48.0,Hard,,2000-01-14,2000
2000-407,Rotterdam,A,32.0,Hard,,2000-01-14,2000
2000-418,Washington,A,56.0,Hard,,2000-01-14,2000
2000-419,Indianapolis,A,56.0,Hard,,2000-01-14,2000
2000-D016,Davis Cup,D,4.0,Grass,,2000-01-14,2000
2000-D051,Davis Cup,D,4.0,Grass,,2000-01-14,2000
2000-D054,Davis Cup,D,4.0,Clay,,2000-01-14,2000
2000-D057,Davis Cup,D,4.0,Hard,,2000-01-14,2000
2000-414,Hamburg Masters,M,64.0,Clay,,2000-01-15,2000
2000-327,Toulouse,A,32.0,Hard,,2000-01-16,2000
2000-890,Shanghai,A,32.0,Hard,,2000-01-16,2000
2000-317,Amsterdam,A,32.0,Clay,,2000-01-17,2000
2000-321,Stuttgart Outdoor,A,32.0,Clay,,2000-01-17,2000
2000-410,Monte Carlo Masters,M,64.0,Clay,,2000-01-17,2000
2000-439,Umag,A,32.0,Clay,,2000-01-17,2000
2000-580,Australian Open,G,128.0,Hard,,2000-01-17,2000
2000-D030,Davis Cup,D,4.0,Clay,,2000-01-17,2000
2000-96,Sydney Olympics,O,64.0,Hard,,2000-01-18,2000
2000-440,s Hertogenbosch,A,32.0,Grass,,2000-01-19,2000
2000-741,Nottingham,A,32.0,Grass,,2000-01-19,2000
2000-403,Miami Masters,M,96.0,Hard,,2000-01-20,2000
2000-429,Stockholm,A,32.0,Hard,,2000-01-20,2000
2000-620,Brighton,A,32.0,Hard,,2000-01-20,2000
2000-D047,Davis Cup,D,4.0,Carpet,True,2000-01-21,2000
2000-D050,Davis Cup,D,4.0,Carpet,True,2000-01-21,2000
2000-D056,Davis Cup,D,4.0,Carpet,True,2000-01-21,2000
2000-408,London,A,32.0,Hard,,2000-01-21,2000
2000-441,Long Island,A,48.0,Hard,,2000-01-21,2000
2000-615,Dusseldorf,A,64.0,Clay,,2000-01-21,2000
2000-807,Mexico City,A,32.0,Clay,,2000-01-21,2000
2000-D015,Davis Cup,D,4.0,Clay,,2000-01-21,2000
2000-D024,Davis Cup,D,4.0,Hard,,2000-01-21,2000
2000-D025,Davis Cup,D,4.0,Hard,,2000-01-21,2000
2000-D027,Davis Cup,D,4.0,Hard,,2000-01-21,2000
2000-D040,Davis Cup,D,4.0,Clay,,2000-01-21,2000
2000-D041,Davis Cup,D,4.0,Clay,,2000-01-21,2000
2000-D042,Davis Cup,D,4.0,Clay,,2000-01-21,2000
2000-D045,Davis Cup,D,4.0,Clay,,2000-01-21,2000
2000-D046,Davis Cup,D,4.0,Hard,,2000-01-21,2000
2000-D048,Davis Cup,D,4.0,Clay,,2000-01-21,2000
2000-D052,Davis Cup,D,4.0,Clay,,2000-01-21,2000
2000-D055,Davis Cup,D,4.0,Clay,,2000-01-21,2000
2000-306,St. Poelten,A,32.0,Clay,,2000-01-22,2000
2000-328,Basel,A,32.0,Carpet,True,2000-01-23,2000
2000-438,Moscow,A,32.0,Carpet,True,2000-01-23,2000
2000-319,Kitzbuhel,A,48.0,Clay,,2000-01-24,2000
2000-423,Los Angeles,A,32.0,Hard,,2000-01-24,2000
2000-425,Barcelona,A,56.0,Clay,,2000-01-24,2000
2000-475,San Marino,A,32.0,Clay,,2000-01-24,2000
2000-325,Palermo,A,32.0,Clay,,2000-01-25,2000
2000-540,Wimbledon,G,128.0,Grass,,2000-01-26,2000
2000-605,Masters Cup,F,8.0,Hard,,2000-01-27,2000
2000-D031,Davis Cup,D,4.0,Carpet,True,2000-01-28,2000
2000-D034,Davis Cup,D,4.0,Carpet,True,2000-01-28,2000
2000-481,Copenhagen,A,32.0,Hard,,2000-01-28,2000
2000-499,Delray Beach,A,32.0,Hard,,2000-01-28,2000
2000-505,Santiago,A,32.0,Clay,,2000-01-28,2000
2000-560,US Open,G,128.0,Hard,,2000-01-28,2000
2000-D032,Davis Cup,D,4.0,Clay,,2000-01-28,2000
2000-D033,Davis Cup,D,4.0,Hard,,2000-01-28,2000
2000-D035,Davis Cup,D,4.0,Clay,,2000-01-28,2000
2000-D036,Davis Cup,D,4.0,Clay,,2000-01-28,2000
2000-D037,Davis Cup,D,4.0,Clay,,2000-01-28,2000
2000-D038,Davis Cup,D,4.0,Clay,,2000-01-28,2000
2000-D066,Davis Cup,D,4.0,Hard,,2000-01-28,2000
2000-D074,Davis Cup,D,4.0,Hard,,2000-01-28,2000
2000-520,Roland Garros,G,128.0,Clay,,2000-01-29,2000
2000-357,Stuttgart Masters,M,48.0,Hard,,2000-01-30,2000
2000-421,Canada Masters,M,64.0,Hard,,2000-01-31,2000
2001-438,Moscow,A,32.0,Carpet,True,2001-01-01,2001
2001-329,Tokyo,A,56.0,Hard,,2001-01-01,2001
2001-339,Adelaide,A,32.0,Hard,,2001-01-01,2001
2001-451,Doha,A,32.0,Hard,,2001-01-01,2001
2001-891,Chennai,A,32.0,Hard,,2001-01-01,2001
2001-433,Scottsdale,A,32.0,Hard,,2001-01-05,2001
2001-499,Delray Beach,A,32.0,Hard,,2001-01-05,2001
2001-D035,Davis Cup,D,4.0,Carpet,True,2001-01-06,2001
2001-D036,Davis Cup,D,4.0,Carpet,True,2001-01-06,2001
2001-D037,Davis Cup,D,4.0,Carpet,True,2001-01-06,2001
2001-D038,Davis Cup,D,4.0,Carpet,True,2001-01-06,2001
2001-D043,Davis Cup,D,4.0,Carpet,True,2001-01-06,2001
2001-D053,Davis Cup,D,4.0,Carpet,True,2001-01-06,2001
2001-D054,Davis Cup,D,4.0,Carpet,True,2001-01-06,2001
2001-422,Cincinnati Masters,M,64.0,Hard,,2001-01-06,2001
2001-D033,Davis Cup,D,4.0,Clay,,2001-01-06,2001
2001-D034,Davis Cup,D,4.0,Hard,,2001-01-06,2001
2001-D039,Davis Cup,D,4.0,Clay,,2001-01-06,2001
2001-D040,Davis Cup,D,4.0,Hard,,2001-01-06,2001
2001-D041,Davis Cup,D,4.0,Clay,,2001-01-06,2001
2001-D042,Davis Cup,D,4.0,Hard,,2001-01-06,2001
2001-D044,Davis Cup,D,4.0,Hard,,2001-01-06,2001
2001-D045,Davis Cup,D,4.0,Hard,,2001-01-06,2001
2001-D046,Davis Cup,D,4.0,Hard,,2001-01-06,2001
2001-D047,Davis Cup,D,4.0,Clay,,2001-01-06,2001
2001-D048,Davis Cup,D,4.0,Clay,,2001-01-06,2001
2001-D049,Davis Cup,D,4.0,Hard,,2001-01-06,2001
2001-D050,Davis Cup,D,4.0,Hard,,2001-01-06,2001
2001-D051,Davis Cup,D,4.0,Clay,,2001-01-06,2001
2001-D052,Davis Cup,D,4.0,Hard,,2001-01-06,2001
2001-416,Rome Masters,M,64.0,Clay,,2001-01-07,2001
2001-375,Lyon,A,32.0,Carpet,True,2001-01-08,2001
2001-301,Auckland,A,32.0,Hard,,2001-01-08,2001
2001-337,Vienna,A,32.0,Hard,,2001-01-08,2001
2001-338,Sydney,A,32.0,Hard,,2001-01-08,2001
2001-D003,Davis Cup,D,4.0,Carpet,True,2001-01-09,2001
2001-D007,Davis Cup,D,4.0,Carpet,True,2001-01-09,2001
2001-D008,Davis Cup,D,4.0,Carpet,True,2001-01-09,2001
2001-D010,Davis Cup,D,4.0,Carpet,True,2001-01-09,2001
2001-D014,Davis Cup,D,4.0,Carpet,True,2001-01-09,2001
2001-314,Gstaad,A,32.0,Clay,,2001-01-09,2001
2001-315,Newport,A,32.0,Grass,,2001-01-09,2001
2001-316,Bastad,A,32.0,Clay,,2001-01-09,2001
2001-360,Casablanca,A,32.0,Clay,,2001-01-09,2001
2001-468,Estoril,A,32.0,Clay,,2001-01-09,2001
2001-D001,Davis Cup,D,4.0,Grass,,2001-01-09,2001
2001-D002,Davis Cup,D,4.0,Clay,,2001-01-09,2001
2001-D004,Davis Cup,D,4.0,Hard,,2001-01-09,2001
2001-D005,Davis Cup,D,4.0,Clay,,2001-01-09,2001
2001-D006,Davis Cup,D,4.0,Hard,,2001-01-09,2001
2001-D009,Davis Cup,D,4.0,Clay,,2001-01-09,2001
2001-D011,Davis Cup,D,4.0,Clay,,2001-01-09,2001
2001-D012,Davis Cup,D,4.0,Hard,,2001-01-09,2001
2001-D013,Davis Cup,D,4.0,Hard,,2001-01-09,2001
2001-D015,Davis Cup,D,4.0,Hard,,2001-01-09,2001
2001-D016,Davis Cup,D,4.0,Hard,,2001-01-09,2001
2001-D025,Davis Cup,D,4.0,Clay,,2001-01-09,2001
2001-D026,Davis Cup,D,4.0,Hard,,2001-01-09,2001
2001-D027,Davis Cup,D,4.0,Hard,,2001-01-09,2001
2001-D028,Davis Cup,D,4.0,Clay,,2001-01-09,2001
2001-D029,Davis Cup,D,4.0,Hard,,2001-01-09,2001
2001-D030,Davis Cup,D,4.0,Hard,,2001-01-09,2001
2001-D031,Davis Cup,D,4.0,Hard,,2001-01-09,2001
2001-D032,Davis Cup,D,4.0,Clay,,2001-01-09,2001
2001-533,Costa Do Sauipe,A,32.0,Hard,,2001-01-10,2001
2001-73,Tashkent,A,32.0,Hard,,2001-01-10,2001
2001-773,Bucharest,A,32.0,Clay,,2001-01-10,2001
2001-311,Queen's Club,A,56.0,Grass,,2001-01-11,2001
2001-500,Halle,A,32.0,Grass,,2001-01-11,2001
2001-404,Indian Wells Masters,M,64.0,Hard,,2001-01-12,2001
2001-481,Copenhagen,A,32.0,Hard,,2001-01-12,2001
2001-496,Marseille,A,32.0,Hard,,2001-01-12,2001
2001-505,Vina del Mar,A,32.0,Clay,,2001-01-12,2001
2001-605,Masters Cup,F,8.0,Hard,,2001-01-12,2001
2001-418,Washington,A,56.0,Hard,,2001-01-13,2001
2001-419,Indianapolis,A,56.0,Hard,,2001-01-13,2001
2001-414,Hamburg Masters,M,64.0,Clay,,2001-01-14,2001
2001-357,Stuttgart Masters,M,48.0,Hard,,2001-01-15,2001
2001-580,Australian Open,G,128.0,Hard,,2001-01-15,2001
2001-317,Amsterdam,A,32.0,Clay,,2001-01-16,2001
2001-321,Stuttgart,A,48.0,Clay,,2001-01-16,2001
2001-410,Monte Carlo Masters,M,64.0,Clay,,2001-01-16,2001
2001-439,Umag,A,32.0,Clay,,2001-01-16,2001
2001-890,Shanghai,A,32.0,Hard,,2001-01-17,2001
2001-440,s Hertogenbosch,A,32.0,Grass,,2001-01-18,2001
2001-741,Nottingham,A,32.0,Grass,,2001-01-18,2001
2001-402,Memphis,A,48.0,Hard,,2001-01-19,2001
2001-403,Miami Masters,M,96.0,Hard,,2001-01-19,2001
2001-407,Rotterdam,A,32.0,Hard,,2001-01-19,2001
2001-506,Buenos Aires,A,32.0,Clay,,2001-01-19,2001
2001-441,Long Island,A,32.0,Hard,,2001-01-20,2001
2001-D055,Davis Cup,D,4.0,Hard,,2001-01-20,2001
2001-D056,Davis Cup,D,4.0,Clay,,2001-01-20,2001
2001-D057,Davis Cup,D,4.0,Clay,,2001-01-20,2001
2001-D058,Davis Cup,D,4.0,Hard,,2001-01-20,2001
2001-D059,Davis Cup,D,4.0,Clay,,2001-01-20,2001
2001-D060,Davis Cup,D,4.0,Clay,,2001-01-20,2001
2001-D061,Davis Cup,D,4.0,Hard,,2001-01-20,2001
2001-D062,Davis Cup,D,4.0,Clay,,2001-01-20,2001
2001-D063,Davis Cup,D,4.0,Clay,,2001-01-20,2001
2001-D064,Davis Cup,D,4.0,Clay,,2001-01-20,2001
2001-D065,Davis Cup,D,4.0,Carpet,True,2001-01-21,2001
2001-D069,Davis Cup,D,4.0,Carpet,True,2001-01-21,2001
2001-D071,Davis Cup,D,4.0,Carpet,True,2001-01-21,2001
2001-D072,Davis Cup,D,4.0,Carpet,True,2001-01-21,2001
2001-D075,Davis Cup,D,4.0,Carpet,True,2001-01-21,2001
2001-306,St. Poelten,A,32.0,Clay,,2001-01-21,2001
2001-615,Dusseldorf,A,64.0,Clay,,2001-01-21,2001
2001-D066,Davis Cup,D,4.0,Clay,,2001-01-21,2001
2001-D067,Davis Cup,D,4.0,Clay,,2001-01-21,2001
2001-D068,Davis Cup,D,4.0,Hard,,2001-01-21,2001
2001-D070,Davis Cup,D,4.0,Clay,,2001-01-21,2001
2001-D073,Davis Cup,D,4.0,Clay,,2001-01-21,2001
2001-D074,Davis Cup,D,4.0,Clay,,2001-01-21,2001
2001-D076,Davis Cup,D,4.0,Clay,,2001-01-21,2001
2001-D077,Davis Cup,D,4.0,Hard,,2001-01-21,2001
2001-D080,Davis Cup,D,4.0,Hard,,2001-01-21,2001
2001-D081,Davis Cup,D,4.0,Hard,,2001-01-21,2001
2001-328,Basel,A,32.0,Carpet,True,2001-01-22,2001
2001-429,Stockholm,A,32.0,Hard,,2001-01-22,2001
2001-568,St. Petersburg,A,32.0,Hard,,2001-01-22,2001
2001-319,Kitzbuhel,A,48.0,Clay,,2001-01-23,2001
2001-409,Atlanta,A,32.0,Clay,,2001-01-23,2001
2001-423,Los Angeles,A,32.0,Hard,,2001-01-23,2001
2001-425,Barcelona,A,56.0,Clay,,2001-01-23,2001
2001-475,Sopot,A,32.0,Clay,,2001-01-23,2001
2001-325,Palermo,A,32.0,Clay,,2001-01-24,2001
2001-336,Hong Kong,A,32.0,Hard,,2001-01-24,2001
2001-540,Wimbledon,G,128.0,Grass,,2001-01-25,2001
2001-424,San Jose,A,32.0,Hard,,2001-01-26,2001
2001-495,Dubai,A,32.0,Hard,,2001-01-26,2001
2001-807,Acapulco,A,32.0,Clay,,2001-01-26,2001
2001-D018,Davis Cup,D,4.0,Carpet,True,2001-01-27,2001
2001-D020,Davis Cup,D,4.0,Carpet,True,2001-01-27,2001
2001-D021,Davis Cup,D,4.0,Carpet,True,2001-01-27,2001
2001-D022,Davis Cup,D,4.0,Carpet,True,2001-01-27,2001
2001-560,US Open,G,128.0,Hard,,2001-01-27,2001
2001-D017,Davis Cup,D,4.0,Clay,,2001-01-27,2001
2001-D019,Davis Cup,D,4.0,Hard,,2001-01-27,2001
2001-D023,Davis Cup,D,4.0,Clay,,2001-01-27,2001
2001-D024,Davis Cup,D,4.0,Hard,,2001-01-27,2001
2001-359,Bogota,A,32.0,Clay,,2001-01-28,2001
2001-520,Roland Garros,G,128.0,Clay,,2001-01-28,2001
2001-352,Paris Masters,M,48.0,Carpet,True,2001-01-29,2001
2001-408,Milan,A,32.0,Carpet,True,2001-01-29,2001
2001-308,Munich,A,32.0,Clay,,2001-01-30,2001
2001-421,Canada Masters,M,64.0,Hard,,2001-01-30,2001
2001-573,Mallorca,A,32.0,Clay,,2001-01-30,2001
2001-717,Houston,A,32.0,Clay,,2001-01-30,2001
2001-D079,Davis Cup,D,4.0,Grass,,2001-01-30,2001
2002-339,Adelaide,A,32.0,Hard,,2001-01-31,2001
2002-451,Doha,A,32.0,Hard,,2001-01-31,2001
2002-891,Chennai,A,32.0,Hard,,2001-01-31,2001
2002-D011,Davis Cup,D,4.0,Clay,,2002-01-03,2002
2002-D012,Davis Cup,D,4.0,Clay,,2002-01-03,2002
2002-D013,Davis Cup,D,4.0,Clay,,2002-01-03,2002
2002-D014,Davis Cup,D,4.0,Clay,,2002-01-03,2002
2002-D015,Davis Cup,D,4.0,Clay,,2002-01-03,2002
2002-D016,Davis Cup,D,4.0,Hard,,2002-01-03,2002
2002-D017,Davis Cup,D,4.0,Clay,,2002-01-03,2002
2002-D018,Davis Cup,D,4.0,Clay,,2002-01-03,2002
2002-433,Scottsdale,A,32.0,Hard,,2002-01-04,2002
2002-499,Delray Beach,A,32.0,Hard,,2002-01-04,2002
2002-D039,Davis Cup,D,4.0,Carpet,True,2002-01-05,2002
2002-D040,Davis Cup,D,4.0,Carpet,True,2002-01-05,2002
2002-D041,Davis Cup,D,4.0,Carpet,True,2002-01-05,2002
2002-D046,Davis Cup,D,4.0,Carpet,True,2002-01-05,2002
2002-422,Cincinnati Masters,M,64.0,Hard,,2002-01-05,2002
2002-D033,Davis Cup,D,4.0,Hard,,2002-01-05,2002
2002-D034,Davis Cup,D,4.0,Grass,,2002-01-05,2002
2002-D035,Davis Cup,D,4.0,Hard,,2002-01-05,2002
2002-D036,Davis Cup,D,4.0,Hard,,2002-01-05,2002
2002-D037,Davis Cup,D,4.0,Clay,,2002-01-05,2002
2002-D038,Davis Cup,D,4.0,Hard,,2002-01-05,2002
2002-D042,Davis Cup,D,4.0,Grass,,2002-01-05,2002
2002-D043,Davis Cup,D,4.0,Clay,,2002-01-05,2002
2002-D044,Davis Cup,D,4.0,Clay,,2002-01-05,2002
2002-D045,Davis Cup,D,4.0,Hard,,2002-01-05,2002
2002-D047,Davis Cup,D,4.0,Clay,,2002-01-05,2002
2002-D048,Davis Cup,D,4.0,Clay,,2002-01-05,2002
2002-D049,Davis Cup,D,4.0,Hard,,2002-01-05,2002
2002-D050,Davis Cup,D,4.0,Hard,,2002-01-05,2002
2002-D051,Davis Cup,D,4.0,Clay,,2002-01-05,2002
2002-D052,Davis Cup,D,4.0,Hard,,2002-01-05,2002
2002-D053,Davis Cup,D,4.0,Hard,,2002-01-05,2002
2002-D054,Davis Cup,D,4.0,Hard,,2002-01-05,2002
2002-416,Rome Masters,M,64.0,Clay,,2002-01-06,2002
2002-375,Lyon,A,32.0,Carpet,True,2002-01-07,2002
2002-301,Auckland,A,32.0,Hard,,2002-01-07,2002
2002-337,Vienna,A,32.0,Hard,,2002-01-07,2002
2002-338,Sydney,A,32.0,Hard,,2002-01-07,2002
2002-D002,Davis Cup,D,4.0,Carpet,True,2002-01-08,2002
2002-D006,Davis Cup,D,4.0,Carpet,True,2002-01-08,2002
2002-D007,Davis Cup,D,4.0,Carpet,True,2002-01-08,2002
2002-D020,Davis Cup,D,4.0,Carpet,True,2002-01-08,2002
2002-D021,Davis Cup,D,4.0,Carpet,True,2002-01-08,2002
2002-D028,Davis Cup,D,4.0,Carpet,True,2002-01-08,2002
2002-314,Gstaad,A,32.0,Clay,,2002-01-08,2002
2002-315,Newport,A,32.0,Grass,,2002-01-08,2002
2002-316,Bastad,A,32.0,Clay,,2002-01-08,2002
2002-360,Casablanca,A,32.0,Clay,,2002-01-08,2002
2002-468,Estoril,A,32.0,Clay,,2002-01-08,2002
2002-D001,Davis Cup,D,4.0,Clay,,2002-01-08,2002
2002-D003,Davis Cup,D,4.0,Clay,,2002-01-08,2002
2002-D004,Davis Cup,D,4.0,Hard,,2002-01-08,2002
2002-D005,Davis Cup,D,4.0,Clay,,2002-01-08,2002
2002-D008,Davis Cup,D,4.0,Clay,,2002-01-08,2002
2002-D009,Davis Cup,D,4.0,Hard,,2002-01-08,2002
2002-D010,Davis Cup,D,4.0,Clay,,2002-01-08,2002
2002-D019,Davis Cup,D,4.0,Hard,,2002-01-08,2002
2002-D022,Davis Cup,D,4.0,Hard,,2002-01-08,2002
2002-D023,Davis Cup,D,4.0,Hard,,2002-01-08,2002
2002-D024,Davis Cup,D,4.0,Hard,,2002-01-08,2002
2002-D025,Davis Cup,D,4.0,Hard,,2002-01-08,2002
2002-D026,Davis Cup,D,4.0,Hard,,2002-01-08,2002
2002-D027,Davis Cup,D,4.0,Hard,,2002-01-08,2002
2002-D029,Davis Cup,D,4.0,Hard,,2002-01-08,2002
2002-D030,Davis Cup,D,4.0,Clay,,2002-01-08,2002
2002-D031,Davis Cup,D,4.0,Clay,,2002-01-08,2002
2002-D032,Davis Cup,D,4.0,Hard,,2002-01-08,2002
2002-533,Costa Do Sauipe,A,32.0,Hard,,2002-01-09,2002
2002-73,Tashkent,A,32.0,Hard,,2002-01-09,2002
2002-773,Bucharest,A,32.0,Clay,,2002-01-09,2002
2002-311,Queen's Club,A,56.0,Grass,,2002-01-10,2002
2002-500,Halle,A,32.0,Grass,,2002-01-10,2002
2002-404,Indian Wells Masters,M,64.0,Hard,,2002-01-11,2002
2002-481,Copenhagen,A,32.0,Hard,,2002-01-11,2002
2002-496,Marseille,A,32.0,Hard,,2002-01-11,2002
2002-505,Vina del Mar,A,32.0,Clay,,2002-01-11,2002
2002-605,Masters Cup,F,8.0,Hard,,2002-01-11,2002
2002-D072,Davis Cup,D,4.0,Carpet,True,2002-01-12,2002
2002-D074,Davis Cup,D,4.0,Carpet,True,2002-01-12,2002
2002-418,Washington,A,56.0,Hard,,2002-01-12,2002
2002-419,Indianapolis,A,56.0,Hard,,2002-01-12,2002
2002-D056,Davis Cup,D,4.0,Clay,,2002-01-12,2002
2002-D068,Davis Cup,D,4.0,Hard,,2002-01-12,2002
2002-D069,Davis Cup,D,4.0,Hard,,2002-01-12,2002
2002-D070,Davis Cup,D,4.0,Hard,,2002-01-12,2002
2002-D071,Davis Cup,D,4.0,Clay,,2002-01-12,2002
2002-D073,Davis Cup,D,4.0,Clay,,2002-01-12,2002
2002-D075,Davis Cup,D,4.0,Clay,,2002-01-12,2002
2002-D076,Davis Cup,D,4.0,Clay,,2002-01-12,2002
2002-D077,Davis Cup,D,4.0,Hard,,2002-01-12,2002
2002-D078,Davis Cup,D,4.0,Hard,,2002-01-12,2002
2002-414,Hamburg Masters,M,64.0,Clay,,2002-01-13,2002
2002-1536,Madrid Masters,M,48.0,Hard,,2002-01-14,2002
2002-580,Australian Open,G,128.0,Hard,,2002-01-14,2002
2002-317,Amersfoort,A,32.0,Clay,,2002-01-15,2002
2002-321,Stuttgart,A,32.0,Clay,,2002-01-15,2002
2002-410,Monte Carlo Masters,M,64.0,Clay,,2002-01-15,2002
2002-439,Umag,A,32.0,Clay,,2002-01-15,2002
2002-440,s Hertogenbosch,A,32.0,Grass,,2002-01-17,2002
2002-741,Nottingham,A,32.0,Grass,,2002-01-17,2002
2002-402,Memphis,A,32.0,Hard,,2002-01-18,2002
2002-403,Miami Masters,M,96.0,Hard,,2002-01-18,2002
2002-407,Rotterdam,A,32.0,Hard,,2002-01-18,2002
2002-506,Buenos Aires,A,32.0,Clay,,2002-01-18,2002
2002-441,Long Island,A,48.0,Hard,,2002-01-19,2002
2002-D058,Davis Cup,D,4.0,Carpet,True,2002-01-20,2002
2002-D064,Davis Cup,D,4.0,Carpet,True,2002-01-20,2002
2002-D065,Davis Cup,D,4.0,Carpet,True,2002-01-20,2002
2002-D066,Davis Cup,D,4.0,Carpet,True,2002-01-20,2002
2002-D082,Davis Cup,D,4.0,Carpet,True,2002-01-20,2002
2002-306,St. Poelten,A,32.0,Clay,,2002-01-20,2002
2002-615,Dusseldorf,A,64.0,Clay,,2002-01-20,2002
2002-D055,Davis Cup,D,4.0,Grass,,2002-01-20,2002
2002-D057,Davis Cup,D,4.0,Clay,,2002-01-20,2002
2002-D059,Davis Cup,D,4.0,Clay,,2002-01-20,2002
2002-D060,Davis Cup,D,4.0,Hard,,2002-01-20,2002
2002-D061,Davis Cup,D,4.0,Hard,,2002-01-20,2002
2002-D062,Davis Cup,D,4.0,Clay,,2002-01-20,2002
2002-D063,Davis Cup,D,4.0,Hard,,2002-01-20,2002
2002-D067,Davis Cup,D,4.0,Clay,,2002-01-20,2002
2002-D079,Davis Cup,D,4.0,Hard,,2002-01-20,2002
2002-D080,Davis Cup,D,4.0,Clay,,2002-01-20,2002
2002-D081,Davis Cup,D,4.0,Hard,,2002-01-20,2002
2002-D083,Davis Cup,D,4.0,Hard,,2002-01-20,2002
2002-328,Basel,A,32.0,Carpet,True,2002-01-21,2002
2002-429,Stockholm,A,32.0,Hard,,2002-01-21,2002
2002-568,St. Petersburg,A,32.0,Hard,,2002-01-21,2002
2002-319,Kitzbuhel,A,48.0,Clay,,2002-01-22,2002
2002-423,Los Angeles,A,32.0,Hard,,2002-01-22,2002
2002-425,Barcelona,A,56.0,Clay,,2002-01-22,2002
2002-475,Sopot,A,32.0,Clay,,2002-01-22,2002
2002-717,Houston,A,32.0,Clay,,2002-01-22,2002
2002-325,Palermo,A,32.0,Clay,,2002-01-23,2002
2002-336,Hong Kong,A,32.0,Hard,,2002-01-23,2002
2002-540,Wimbledon,G,128.0,Grass,,2002-01-24,2002
2002-424,San Jose,A,32.0,Hard,,2002-01-25,2002
2002-495,Dubai,A,32.0,Hard,,2002-01-25,2002
2002-807,Acapulco,A,32.0,Clay,,2002-01-25,2002
2002-560,US Open,G,128.0,Hard,,2002-01-26,2002
2002-520,Roland Garros,G,128.0,Clay,,2002-01-27,2002
2002-352,Paris Masters,M,48.0,Carpet,True,2002-01-28,2002
2002-408,Milan,A,32.0,Carpet,True,2002-01-28,2002
2002-308,Munich,A,32.0,Clay,,2002-01-29,2002
2002-421,Canada Masters,M,64.0,Hard,,2002-01-29,2002
2002-573,Mallorca,A,32.0,Clay,,2002-01-29,2002
2002-D084,Davis Cup,D,4.0,Clay,,2002-01-29,2002
2002-438,Moscow,A,32.0,Carpet,True,2002-01-30,2002
2002-329,Tokyo,A,56.0,Hard,,2002-01-30,2002
2003-339,Adelaide,A,32.0,Hard,,2002-01-30,2002
2003-451,Doha,A,32.0,Hard,,2002-01-30,2002
2003-891,Chennai,A,32.0,Hard,,2002-01-30,2002
2003-433,Scottsdale,A,32.0,Hard,,2003-01-03,2003
2003-499,Delray Beach,A,32.0,Hard,,2003-01-03,2003
2003-D029,Davis Cup,D,4.0,Carpet,True,2003-01-04,2003
2003-D030,Davis Cup,D,4.0,Carpet,True,2003-01-04,2003
2003-D032,Davis Cup,D,4.0,Carpet,True,2003-01-04,2003
2003-D041,Davis Cup,D,4.0,Carpet,True,2003-01-04,2003
2003-D045,Davis Cup,D,4.0,Carpet,True,2003-01-04,2003
2003-D046,Davis Cup,D,4.0,Carpet,True,2003-01-04,2003
2003-D066,Davis Cup,D,4.0,Carpet,True,2003-01-04,2003
2003-421,Canada Masters,M,64.0,Hard,,2003-01-04,2003
2003-D025,Davis Cup,D,4.0,Clay,,2003-01-04,2003
2003-D026,Davis Cup,D,4.0,Hard,,2003-01-04,2003
2003-D027,Davis Cup,D,4.0,Hard,,2003-01-04,2003
2003-D028,Davis Cup,D,4.0,Hard,,2003-01-04,2003
2003-D031,Davis Cup,D,4.0,Hard,,2003-01-04,2003
2003-D033,Davis Cup,D,4.0,Hard,,2003-01-04,2003
2003-D034,Davis Cup,D,4.0,Hard,,2003-01-04,2003
2003-D035,Davis Cup,D,4.0,Clay,,2003-01-04,2003
2003-D036,Davis Cup,D,4.0,Clay,,2003-01-04,2003
2003-D040,Davis Cup,D,4.0,Clay,,2003-01-04,2003
2003-D042,Davis Cup,D,4.0,Grass,,2003-01-04,2003
2003-D043,Davis Cup,D,4.0,Hard,,2003-01-04,2003
2003-D044,Davis Cup,D,4.0,Hard,,2003-01-04,2003
2003-D047,Davis Cup,D,4.0,Clay,,2003-01-04,2003
2003-D048,Davis Cup,D,4.0,Clay,,2003-01-04,2003
2003-D049,Davis Cup,D,4.0,Clay,,2003-01-04,2003
2003-D052,Davis Cup,D,4.0,Hard,,2003-01-04,2003
2003-D060,Davis Cup,D,4.0,Hard,,2003-01-04,2003
2003-D061,Davis Cup,D,4.0,Clay,,2003-01-04,2003
2003-D067,Davis Cup,D,4.0,Hard,,2003-01-04,2003
2003-D075,Davis Cup,D,4.0,Clay,,2003-01-04,2003
2003-D076,Davis Cup,D,4.0,Clay,,2003-01-04,2003
2003-416,Rome Masters,M,64.0,Clay,,2003-01-05,2003
2003-375,Lyon,A,32.0,Carpet,True,2003-01-06,2003
2003-301,Auckland,A,32.0,Hard,,2003-01-06,2003
2003-337,Vienna,A,32.0,Hard,,2003-01-06,2003
2003-338,Sydney,A,32.0,Hard,,2003-01-06,2003
2003-D001,Davis Cup,D,4.0,Carpet,True,2003-01-07,2003
2003-D002,Davis Cup,D,4.0,Carpet,True,2003-01-07,2003
2003-D004,Davis Cup,D,4.0,Carpet,True,2003-01-07,2003
2003-D005,Davis Cup,D,4.0,Carpet,True,2003-01-07,2003
2003-D014,Davis Cup,D,4.0,Carpet,True,2003-01-07,2003
2003-D016,Davis Cup,D,4.0,Carpet,True,2003-01-07,2003
2003-D017,Davis Cup,D,4.0,Carpet,True,2003-01-07,2003
2003-D023,Davis Cup,D,4.0,Carpet,True,2003-01-07,2003
2003-314,Gstaad,A,32.0,Clay,,2003-01-07,2003
2003-315,Newport,A,32.0,Grass,,2003-01-07,2003
2003-316,Bastad,A,32.0,Clay,,2003-01-07,2003
2003-360,Casablanca,A,32.0,Clay,,2003-01-07,2003
2003-468,Estoril,A,32.0,Clay,,2003-01-07,2003
2003-D003,Davis Cup,D,4.0,Clay,,2003-01-07,2003
2003-D006,Davis Cup,D,4.0,Clay,,2003-01-07,2003
2003-D007,Davis Cup,D,4.0,Clay,,2003-01-07,2003
2003-D008,Davis Cup,D,4.0,Clay,,2003-01-07,2003
2003-D009,Davis Cup,D,4.0,Clay,,2003-01-07,2003
2003-D010,Davis Cup,D,4.0,Clay,,2003-01-07,2003
2003-D011,Davis Cup,D,4.0,Grass,,2003-01-07,2003
2003-D012,Davis Cup,D,4.0,Hard,,2003-01-07,2003
2003-D013,Davis Cup,D,4.0,Hard,,2003-01-07,2003
2003-D015,Davis Cup,D,4.0,Hard,,2003-01-07,2003
2003-D018,Davis Cup,D,4.0,Clay,,2003-01-07,2003
2003-D019,Davis Cup,D,4.0,Hard,,2003-01-07,2003
2003-D020,Davis Cup,D,4.0,Clay,,2003-01-07,2003
2003-D021,Davis Cup,D,4.0,Clay,,2003-01-07,2003
2003-D022,Davis Cup,D,4.0,Hard,,2003-01-07,2003
2003-533,Costa Do Sauipe,A,32.0,Hard,,2003-01-08,2003
2003-773,Bucharest,A,32.0,Clay,,2003-01-08,2003
2003-311,Queen's Club,A,56.0,Grass,,2003-01-09,2003
2003-500,Halle,A,32.0,Grass,,2003-01-09,2003
2003-404,Indian Wells Masters,M,64.0,Hard,,2003-01-10,2003
2003-424,San Jose,A,32.0,Hard,,2003-01-10,2003
2003-496,Marseille,A,32.0,Hard,,2003-01-10,2003
2003-505,Vina del Mar,A,32.0,Clay,,2003-01-10,2003
2003-605,Masters Cup,F,8.0,Hard,,2003-01-10,2003
2003-D065,Davis Cup,D,4.0,Carpet,True,2003-01-11,2003
2003-422,Cincinnati Masters,M,64.0,Hard,,2003-01-11,2003
2003-D054,Davis Cup,D,4.0,Hard,,2003-01-11,2003
2003-D055,Davis Cup,D,4.0,Hard,,2003-01-11,2003
2003-D056,Davis Cup,D,4.0,Clay,,2003-01-11,2003
2003-D057,Davis Cup,D,4.0,Clay,,2003-01-11,2003
2003-D062,Davis Cup,D,4.0,Clay,,2003-01-11,2003
2003-D063,Davis Cup,D,4.0,Clay,,2003-01-11,2003
2003-D064,Davis Cup,D,4.0,Clay,,2003-01-11,2003
2003-D069,Davis Cup,D,4.0,Hard,,2003-01-11,2003
2003-D071,Davis Cup,D,4.0,Clay,,2003-01-11,2003
2003-D072,Davis Cup,D,4.0,Hard,,2003-01-11,2003
2003-414,Hamburg Masters,M,64.0,Clay,,2003-01-12,2003
2003-1536,Madrid Masters,M,48.0,Hard,,2003-01-13,2003
2003-580,Australian Open,G,128.0,Hard,,2003-01-13,2003
2003-317,Amersfoort,A,32.0,Clay,,2003-01-14,2003
2003-321,Stuttgart,A,48.0,Clay,,2003-01-14,2003
2003-410,Monte Carlo Masters,M,64.0,Clay,,2003-01-14,2003
2003-D024,Davis Cup,D,4.0,Hard,,2003-01-14,2003
2003-440,s Hertogenbosch,A,32.0,Grass,,2003-01-16,2003
2003-741,Nottingham,A,32.0,Grass,,2003-01-16,2003
2003-402,Memphis,A,32.0,Hard,,2003-01-17,2003
2003-403,Miami Masters,M,96.0,Hard,,2003-01-17,2003
2003-407,Rotterdam,A,32.0,Hard,,2003-01-17,2003
2003-506,Buenos Aires,A,32.0,Clay,,2003-01-17,2003
2003-441,Long Island,A,32.0,Hard,,2003-01-18,2003
2003-D058,Davis Cup,D,4.0,Carpet,True,2003-01-19,2003
2003-D078,Davis Cup,D,4.0,Carpet,True,2003-01-19,2003
2003-306,St. Poelten,A,32.0,Clay,,2003-01-19,2003
2003-615,Dusseldorf,A,64.0,Clay,,2003-01-19,2003
2003-D037,Davis Cup,D,4.0,Hard,,2003-01-19,2003
2003-D038,Davis Cup,D,4.0,Clay,,2003-01-19,2003
2003-D050,Davis Cup,D,4.0,Hard,,2003-01-19,2003
2003-D053,Davis Cup,D,4.0,Hard,,2003-01-19,2003
2003-D059,Davis Cup,D,4.0,Clay,,2003-01-19,2003
2003-D068,Davis Cup,D,4.0,Grass,,2003-01-19,2003
2003-D070,Davis Cup,D,4.0,Hard,,2003-01-19,2003
2003-D073,Davis Cup,D,4.0,Clay,,2003-01-19,2003
2003-D074,Davis Cup,D,4.0,Hard,,2003-01-19,2003
2003-D077,Davis Cup,D,4.0,Clay,,2003-01-19,2003
2003-D079,Davis Cup,D,4.0,Hard,,2003-01-19,2003
2003-D080,Davis Cup,D,4.0,Clay,,2003-01-19,2003
2003-D081,Davis Cup,D,4.0,Clay,,2003-01-19,2003
2003-D082,Davis Cup,D,4.0,Hard,,2003-01-19,2003
2003-D083,Davis Cup,D,4.0,Clay,,2003-01-19,2003
2003-D084,Davis Cup,D,4.0,Clay,,2003-01-19,2003
2003-328,Basel,A,32.0,Carpet,True,2003-01-20,2003
2003-429,Stockholm,A,32.0,Hard,,2003-01-20,2003
2003-568,St. Petersburg,A,32.0,Hard,,2003-01-20,2003
2003-D051,Davis Cup,D,4.0,Hard,,2003-01-20,2003
2003-319,Kitzbuhel,A,48.0,Clay,,2003-01-21,2003
2003-419,Indianapolis,A,48.0,Hard,,2003-01-21,2003
2003-425,Barcelona,A,56.0,Clay,,2003-01-21,2003
2003-439,Umag,A,32.0,Clay,,2003-01-21,2003
2003-717,Houston,A,32.0,Clay,,2003-01-21,2003
2003-1720,Bangkok,A,32.0,Hard,,2003-01-22,2003
2003-325,Palermo,A,32.0,Clay,,2003-01-22,2003
2003-890,Shanghai,A,32.0,Hard,,2003-01-22,2003
2003-540,Wimbledon,G,128.0,Grass,,2003-01-23,2003
2003-481,Copenhagen,A,32.0,Hard,,2003-01-24,2003
2003-495,Dubai,A,32.0,Hard,,2003-01-24,2003
2003-807,Acapulco,A,32.0,Clay,,2003-01-24,2003
2003-560,US Open,G,128.0,Hard,,2003-01-25,2003
2003-520,Roland Garros,G,128.0,Clay,,2003-01-26,2003
2003-352,Paris Masters,M,48.0,Carpet,True,2003-01-27,2003
2003-408,Milan,A,32.0,Carpet,True,2003-01-27,2003
2003-308,Munich,A,32.0,Clay,,2003-01-28,2003
2003-418,Washington,A,48.0,Hard,,2003-01-28,2003
2003-423,Los Angeles,A,32.0,Hard,,2003-01-28,2003
2003-475,Sopot,A,32.0,Clay,,2003-01-28,2003
2003-573,Valencia,A,32.0,Clay,,2003-01-28,2003
2003-D039,Davis Cup,D,4.0,Grass,,2003-01-28,2003
2003-438,Moscow,A,32.0,Carpet,True,2003-01-29,2003
2003-329,Tokyo,A,48.0,Hard,,2003-01-29,2003
2003-341,Metz,A,32.0,Hard,,2003-01-29,2003
2004-352,Paris Masters,M,48.0,Carpet,True,2004-01-01,2004
2004-433,Scottsdale,A,32.0,Hard,,2004-01-01,2004
2004-495,Dubai,A,32.0,Hard,,2004-01-01,2004
2004-807,Acapulco,A,32.0,Clay,,2004-01-01,2004
2004-422,Cincinnati Masters,M,64.0,Hard,,2004-01-02,2004
2004-416,Rome Masters,M,64.0,Clay,,2004-01-03,2004
2004-D015,Davis Cup,D,4.0,Clay,,2004-01-03,2004
2004-375,Lyon,A,32.0,Carpet,True,2004-01-04,2004
2004-329,Tokyo,A,48.0,Hard,,2004-01-04,2004
2004-314,Gstaad,A,32.0,Clay,,2004-01-05,2004
2004-315,Newport,A,32.0,Grass,,2004-01-05,2004
2004-316,Bastad,A,32.0,Clay,,2004-01-05,2004
2004-339,Adelaide,A,32.0,Hard,,2004-01-05,2004
2004-451,Doha,A,32.0,Hard,,2004-01-05,2004
2004-891,Chennai,A,32.0,Hard,,2004-01-05,2004
2004-D003,Davis Cup,D,4.0,Carpet,True,2004-01-06,2004
2004-D008,Davis Cup,D,4.0,Carpet,True,2004-01-06,2004
2004-D034,Davis Cup,D,4.0,Carpet,True,2004-01-06,2004
2004-D062,Davis Cup,D,4.0,Carpet,True,2004-01-06,2004
2004-D001,Davis Cup,D,4.0,Hard,,2004-01-06,2004
2004-D002,Davis Cup,D,4.0,Hard,,2004-01-06,2004
2004-D004,Davis Cup,D,4.0,Hard,,2004-01-06,2004
2004-D005,Davis Cup,D,4.0,Clay,,2004-01-06,2004
2004-D006,Davis Cup,D,4.0,Clay,,2004-01-06,2004
2004-D007,Davis Cup,D,4.0,Clay,,2004-01-06,2004
2004-D016,Davis Cup,D,4.0,Hard,,2004-01-06,2004
2004-D017,Davis Cup,D,4.0,Hard,,2004-01-06,2004
2004-D024,Davis Cup,D,4.0,Hard,,2004-01-06,2004
2004-D025,Davis Cup,D,4.0,Clay,,2004-01-06,2004
2004-D031,Davis Cup,D,4.0,Hard,,2004-01-06,2004
2004-D032,Davis Cup,D,4.0,Hard,,2004-01-06,2004
2004-D033,Davis Cup,D,4.0,Hard,,2004-01-06,2004
2004-D054,Davis Cup,D,4.0,Hard,,2004-01-06,2004
2004-D055,Davis Cup,D,4.0,Hard,,2004-01-06,2004
2004-D056,Davis Cup,D,4.0,Clay,,2004-01-06,2004
2004-D057,Davis Cup,D,4.0,Hard,,2004-01-06,2004
2004-D061,Davis Cup,D,4.0,Hard,,2004-01-06,2004
2004-D063,Davis Cup,D,4.0,Clay,,2004-01-06,2004
2004-D064,Davis Cup,D,4.0,Hard,,2004-01-06,2004
2004-311,Queen's Club,A,56.0,Grass,,2004-01-07,2004
2004-500,Halle,A,32.0,Grass,,2004-01-07,2004
2004-404,Indian Wells Masters,M,96.0,Hard,,2004-01-08,2004
2004-408,Milan,A,32.0,Carpet,True,2004-01-09,2004
2004-D010,Davis Cup,D,4.0,Carpet,True,2004-01-09,2004
2004-D041,Davis Cup,D,4.0,Carpet,True,2004-01-09,2004
2004-D045,Davis Cup,D,4.0,Carpet,True,2004-01-09,2004
2004-D046,Davis Cup,D,4.0,Carpet,True,2004-01-09,2004
2004-424,San Jose,A,32.0,Hard,,2004-01-09,2004
2004-475,Sopot,A,32.0,Clay,,2004-01-09,2004
2004-505,Vina del Mar,A,32.0,Clay,,2004-01-09,2004
2004-D009,Davis Cup,D,4.0,Hard,,2004-01-09,2004
2004-D011,Davis Cup,D,4.0,Hard,,2004-01-09,2004
2004-D012,Davis Cup,D,4.0,Clay,,2004-01-09,2004
2004-D018,Davis Cup,D,4.0,Hard,,2004-01-09,2004
2004-D019,Davis Cup,D,4.0,Hard,,2004-01-09,2004
2004-D020,Davis Cup,D,4.0,Clay,,2004-01-09,2004
2004-D021,Davis Cup,D,4.0,Grass,,2004-01-09,2004
2004-D026,Davis Cup,D,4.0,Clay,,2004-01-09,2004
2004-D027,Davis Cup,D,4.0,Clay,,2004-01-09,2004
2004-D035,Davis Cup,D,4.0,Hard,,2004-01-09,2004
2004-D036,Davis Cup,D,4.0,Hard,,2004-01-09,2004
2004-D037,Davis Cup,D,4.0,Hard,,2004-01-09,2004
2004-D038,Davis Cup,D,4.0,Hard,,2004-01-09,2004
2004-D040,Davis Cup,D,4.0,Clay,,2004-01-09,2004
2004-D043,Davis Cup,D,4.0,Clay,,2004-01-09,2004
2004-D044,Davis Cup,D,4.0,Hard,,2004-01-09,2004
2004-D047,Davis Cup,D,4.0,Hard,,2004-01-09,2004
2004-D058,Davis Cup,D,4.0,Clay,,2004-01-09,2004
2004-D059,Davis Cup,D,4.0,Hard,,2004-01-09,2004
2004-D065,Davis Cup,D,4.0,Hard,,2004-01-09,2004
2004-D066,Davis Cup,D,4.0,Hard,,2004-01-09,2004
2004-D072,Davis Cup,D,4.0,Hard,,2004-01-09,2004
2004-D073,Davis Cup,D,4.0,Hard,,2004-01-09,2004
2004-D074,Davis Cup,D,4.0,Clay,,2004-01-09,2004
2004-D075,Davis Cup,D,4.0,Clay,,2004-01-09,2004
2004-414,Hamburg Masters,M,64.0,Clay,,2004-01-10,2004
2004-438,Moscow,A,32.0,Carpet,True,2004-01-11,2004
2004-337,Vienna,A,32.0,Hard,,2004-01-11,2004
2004-341,Metz,A,32.0,Hard,,2004-01-11,2004
2004-301,Auckland,A,32.0,Hard,,2004-01-12,2004
2004-317,Amersfoort,A,32.0,Clay,,2004-01-12,2004
2004-321,Stuttgart,A,48.0,Clay,,2004-01-12,2004
2004-338,Sydney,A,32.0,Hard,,2004-01-12,2004
2004-423,Los Angeles,A,32.0,Hard,,2004-01-12,2004
2004-468,Estoril,A,32.0,Clay,,2004-01-12,2004
2004-573,Valencia,A,32.0,Clay,,2004-01-12,2004
2004-717,Houston,A,32.0,Clay,,2004-01-12,2004
2004-499,Delray Beach,A,32.0,Hard,,2004-01-13,2004
2004-747,Beijing,A,32.0,Hard,,2004-01-13,2004
2004-773,Bucharest,A,32.0,Clay,,2004-01-13,2004
2004-440,s Hertogenbosch,A,32.0,Grass,,2004-01-14,2004
2004-741,Nottingham,A,32.0,Grass,,2004-01-14,2004
2004-605,Masters Cup,F,8.0,Hard,,2004-01-15,2004
2004-402,Memphis,A,32.0,Hard,,2004-01-16,2004
2004-407,Rotterdam,A,32.0,Hard,,2004-01-16,2004
2004-418,Washington,A,32.0,Hard,,2004-01-16,2004
2004-506,Buenos Aires,A,32.0,Clay,,2004-01-16,2004
2004-96,Athens Olympics,O,64.0,Hard,,2004-01-16,2004
2004-D028,Davis Cup,D,4.0,Hard,,2004-01-16,2004
2004-D029,Davis Cup,D,4.0,Hard,,2004-01-16,2004
2004-D048,Davis Cup,D,4.0,Clay,,2004-01-16,2004
2004-D049,Davis Cup,D,4.0,Clay,,2004-01-16,2004
2004-D050,Davis Cup,D,4.0,Clay,,2004-01-16,2004
2004-D051,Davis Cup,D,4.0,Clay,,2004-01-16,2004
2004-D068,Davis Cup,D,4.0,Clay,,2004-01-16,2004
2004-D070,Davis Cup,D,4.0,Clay,,2004-01-16,2004
2004-D071,Davis Cup,D,4.0,Hard,,2004-01-16,2004
2004-306,St. Poelten,A,32.0,Clay,,2004-01-17,2004
2004-360,Casablanca,A,32.0,Clay,,2004-01-17,2004
2004-615,Dusseldorf,A,64.0,Clay,,2004-01-17,2004
2004-1536,Madrid Masters,M,48.0,Hard,,2004-01-18,2004
2004-319,Kitzbuhel,A,48.0,Clay,,2004-01-19,2004
2004-410,Monte Carlo Masters,M,64.0,Clay,,2004-01-19,2004
2004-419,Indianapolis,A,48.0,Hard,,2004-01-19,2004
2004-439,Umag,A,32.0,Clay,,2004-01-19,2004
2004-580,Australian Open,G,128.0,Hard,,2004-01-19,2004
2004-540,Wimbledon,G,128.0,Grass,,2004-01-21,2004
2004-403,Miami Masters,M,96.0,Hard,,2004-01-22,2004
2004-441,Long Island,A,32.0,Hard,,2004-01-23,2004
2004-496,Marseille,A,32.0,Hard,,2004-01-23,2004
2004-533,Costa Do Sauipe,A,32.0,Clay,,2004-01-23,2004
2004-D022,Davis Cup,D,4.0,Hard,,2004-01-23,2004
2004-D078,Davis Cup,D,4.0,Carpet,True,2004-01-24,2004
2004-520,Roland Garros,G,128.0,Clay,,2004-01-24,2004
2004-D013,Davis Cup,D,4.0,Hard,,2004-01-24,2004
2004-D014,Davis Cup,D,4.0,Clay,,2004-01-24,2004
2004-D023,Davis Cup,D,4.0,Hard,,2004-01-24,2004
2004-D030,Davis Cup,D,4.0,Clay,,2004-01-24,2004
2004-D039,Davis Cup,D,4.0,Clay,,2004-01-24,2004
2004-D052,Davis Cup,D,4.0,Clay,,2004-01-24,2004
2004-D053,Davis Cup,D,4.0,Clay,,2004-01-24,2004
2004-D060,Davis Cup,D,4.0,Clay,,2004-01-24,2004
2004-D067,Davis Cup,D,4.0,Hard,,2004-01-24,2004
2004-D076,Davis Cup,D,4.0,Grass,,2004-01-24,2004
2004-D077,Davis Cup,D,4.0,Clay,,2004-01-24,2004
2004-D079,Davis Cup,D,4.0,Clay,,2004-01-24,2004
2004-D080,Davis Cup,D,4.0,Hard,,2004-01-24,2004
2004-D081,Davis Cup,D,4.0,Clay,,2004-01-24,2004
2004-D082,Davis Cup,D,4.0,Clay,,2004-01-24,2004
2004-D083,Davis Cup,D,4.0,Clay,,2004-01-24,2004
2004-328,Basel,A,32.0,Carpet,True,2004-01-25,2004
2004-568,St. Petersburg,A,32.0,Carpet,True,2004-01-25,2004
2004-429,Stockholm,A,32.0,Hard,,2004-01-25,2004
2004-308,Munich,A,32.0,Clay,,2004-01-26,2004
2004-421,Canada Masters,M,64.0,Hard,,2004-01-26,2004
2004-425,Barcelona,A,56.0,Clay,,2004-01-26,2004
2004-1720,Bangkok,A,32.0,Hard,,2004-01-27,2004
2004-325,Palermo,A,32.0,Clay,,2004-01-27,2004
2004-890,Shanghai,A,32.0,Hard,,2004-01-27,2004
2004-560,US Open,G,128.0,Hard,,2004-01-30,2004
2005-418,Washington,A,48.0,Hard,,2005-01-01,2005
2005-475,Sopot,A,32.0,Clay,,2005-01-01,2005
2005-416,Rome Masters,M,64.0,Clay,,2005-01-02,2005
2005-D015,Davis Cup,D,4.0,Hard,,2005-01-02,2005
2005-329,Tokyo,A,48.0,Hard,,2005-01-03,2005
2005-339,Adelaide,A,32.0,Hard,,2005-01-03,2005
2005-341,Metz,A,32.0,Hard,,2005-01-03,2005
2005-451,Doha,A,32.0,Hard,,2005-01-03,2005
2005-891,Chennai,A,32.0,Hard,,2005-01-03,2005
2005-D005,Davis Cup,D,4.0,Carpet,True,2005-01-04,2005
2005-D049,Davis Cup,D,4.0,Carpet,True,2005-01-04,2005
2005-D051,Davis Cup,D,4.0,Carpet,True,2005-01-04,2005
2005-D052,Davis Cup,D,4.0,Carpet,True,2005-01-04,2005
2005-D055,Davis Cup,D,4.0,Carpet,True,2005-01-04,2005
2005-314,Gstaad,A,32.0,Clay,,2005-01-04,2005
2005-315,Newport,A,32.0,Grass,,2005-01-04,2005
2005-316,Bastad,A,32.0,Clay,,2005-01-04,2005
2005-360,Casablanca,A,32.0,Clay,,2005-01-04,2005
2005-573,Valencia,A,32.0,Clay,,2005-01-04,2005
2005-D001,Davis Cup,D,4.0,Hard,,2005-01-04,2005
2005-D002,Davis Cup,D,4.0,Hard,,2005-01-04,2005
2005-D003,Davis Cup,D,4.0,Grass,,2005-01-04,2005
2005-D004,Davis Cup,D,4.0,Clay,,2005-01-04,2005
2005-D006,Davis Cup,D,4.0,Clay,,2005-01-04,2005
2005-D007,Davis Cup,D,4.0,Clay,,2005-01-04,2005
2005-D008,Davis Cup,D,4.0,Hard,,2005-01-04,2005
2005-D024,Davis Cup,D,4.0,Hard,,2005-01-04,2005
2005-D025,Davis Cup,D,4.0,Hard,,2005-01-04,2005
2005-D030,Davis Cup,D,4.0,Clay,,2005-01-04,2005
2005-D031,Davis Cup,D,4.0,Hard,,2005-01-04,2005
2005-D032,Davis Cup,D,4.0,Hard,,2005-01-04,2005
2005-D035,Davis Cup,D,4.0,Hard,,2005-01-04,2005
2005-D039,Davis Cup,D,4.0,Grass,,2005-01-04,2005
2005-D040,Davis Cup,D,4.0,Hard,,2005-01-04,2005
2005-D041,Davis Cup,D,4.0,Hard,,2005-01-04,2005
2005-D042,Davis Cup,D,4.0,Grass,,2005-01-04,2005
2005-D048,Davis Cup,D,4.0,Hard,,2005-01-04,2005
2005-D050,Davis Cup,D,4.0,Hard,,2005-01-04,2005
2005-D053,Davis Cup,D,4.0,Clay,,2005-01-04,2005
2005-D054,Davis Cup,D,4.0,Hard,,2005-01-04,2005
2005-D066,Davis Cup,D,4.0,Clay,,2005-01-04,2005
2005-D067,Davis Cup,D,4.0,Hard,,2005-01-04,2005
2005-D068,Davis Cup,D,4.0,Hard,,2005-01-04,2005
2005-D069,Davis Cup,D,4.0,Hard,,2005-01-04,2005
2005-D074,Davis Cup,D,4.0,Hard,,2005-01-04,2005
2005-D075,Davis Cup,D,4.0,Clay,,2005-01-04,2005
2005-D076,Davis Cup,D,4.0,Hard,,2005-01-04,2005
2005-D077,Davis Cup,D,4.0,Clay,,2005-01-04,2005
2005-311,Queen's Club,A,56.0,Grass,,2005-01-06,2005
2005-500,Halle,A,32.0,Grass,,2005-01-06,2005
2005-404,Indian Wells Masters,M,96.0,Hard,,2005-01-07,2005
2005-424,San Jose,A,32.0,Hard,,2005-01-07,2005
2005-496,Marseille,A,32.0,Hard,,2005-01-07,2005
2005-506,Buenos Aires,A,32.0,Clay,,2005-01-07,2005
2005-421,Canada Masters,M,64.0,Hard,,2005-01-08,2005
2005-414,Hamburg Masters,M,64.0,Clay,,2005-01-09,2005
2005-438,Moscow,A,32.0,Carpet,True,2005-01-10,2005
2005-301,Auckland,A,32.0,Hard,,2005-01-10,2005
2005-337,Vienna,A,32.0,Hard,,2005-01-10,2005
2005-338,Sydney,A,32.0,Hard,,2005-01-10,2005
2005-429,Stockholm,A,32.0,Hard,,2005-01-10,2005
2005-410,Monte Carlo Masters,M,64.0,Clay,,2005-01-11,2005
2005-747,Beijing,A,32.0,Hard,,2005-01-12,2005
2005-773,Bucharest,A,32.0,Clay,,2005-01-12,2005
2005-440,s Hertogenbosch,A,32.0,Grass,,2005-01-13,2005
2005-741,Nottingham,A,32.0,Grass,,2005-01-13,2005
2005-605,Masters Cup,F,8.0,Carpet,True,2005-01-14,2005
2005-402,Memphis,A,32.0,Hard,,2005-01-14,2005
2005-407,Rotterdam,A,32.0,Hard,,2005-01-14,2005
2005-533,Costa Do Sauipe,A,32.0,Clay,,2005-01-14,2005
2005-D012,Davis Cup,D,4.0,Carpet,True,2005-01-15,2005
2005-D045,Davis Cup,D,4.0,Carpet,True,2005-01-15,2005
2005-422,Cincinnati Masters,M,64.0,Hard,,2005-01-15,2005
2005-D009,Davis Cup,D,4.0,Hard,,2005-01-15,2005
2005-D010,Davis Cup,D,4.0,Grass,,2005-01-15,2005
2005-D011,Davis Cup,D,4.0,Clay,,2005-01-15,2005
2005-D028,Davis Cup,D,4.0,Hard,,2005-01-15,2005
2005-D036,Davis Cup,D,4.0,Hard,,2005-01-15,2005
2005-D046,Davis Cup,D,4.0,Hard,,2005-01-15,2005
2005-D056,Davis Cup,D,4.0,Clay,,2005-01-15,2005
2005-D057,Davis Cup,D,4.0,Hard,,2005-01-15,2005
2005-D058,Davis Cup,D,4.0,Clay,,2005-01-15,2005
2005-D059,Davis Cup,D,4.0,Clay,,2005-01-15,2005
2005-D062,Davis Cup,D,4.0,Hard,,2005-01-15,2005
2005-D063,Davis Cup,D,4.0,Clay,,2005-01-15,2005
2005-D064,Davis Cup,D,4.0,Clay,,2005-01-15,2005
2005-D065,Davis Cup,D,4.0,Clay,,2005-01-15,2005
2005-D070,Davis Cup,D,4.0,Clay,,2005-01-15,2005
2005-D071,Davis Cup,D,4.0,Clay,,2005-01-15,2005
2005-D072,Davis Cup,D,4.0,Clay,,2005-01-15,2005
2005-D073,Davis Cup,D,4.0,Hard,,2005-01-15,2005
2005-D078,Davis Cup,D,4.0,Hard,,2005-01-15,2005
2005-D079,Davis Cup,D,4.0,Hard,,2005-01-15,2005
2005-D081,Davis Cup,D,4.0,Clay,,2005-01-15,2005
2005-D082,Davis Cup,D,4.0,Clay,,2005-01-15,2005
2005-306,St. Poelten,A,32.0,Clay,,2005-01-16,2005
2005-615,Dusseldorf,A,32.0,Clay,,2005-01-16,2005
2005-1536,Madrid Masters,M,48.0,Hard,,2005-01-17,2005
2005-580,Australian Open,G,128.0,Hard,,2005-01-17,2005
2005-317,Amersfoort,A,32.0,Clay,,2005-01-18,2005
2005-321,Stuttgart,A,48.0,Clay,,2005-01-18,2005
2005-419,Indianapolis,A,48.0,Hard,,2005-01-18,2005
2005-425,Barcelona,A,56.0,Clay,,2005-01-18,2005
2005-717,Houston,A,32.0,Clay,,2005-01-18,2005
2005-540,Wimbledon,G,128.0,Grass,,2005-01-20,2005
2005-403,Miami Masters,M,96.0,Hard,,2005-01-21,2005
2005-433,Scottsdale,A,32.0,Hard,,2005-01-21,2005
2005-495,Dubai,A,32.0,Hard,,2005-01-21,2005
2005-807,Acapulco,A,32.0,Clay,,2005-01-21,2005
2005-3348,New Haven,A,48.0,Hard,,2005-01-22,2005
2005-D014,Davis Cup,D,4.0,Carpet,True,2005-01-23,2005
2005-520,Roland Garros,G,128.0,Clay,,2005-01-23,2005
2005-D013,Davis Cup,D,4.0,Hard,,2005-01-23,2005
2005-D016,Davis Cup,D,4.0,Hard,,2005-01-23,2005
2005-D017,Davis Cup,D,4.0,Hard,,2005-01-23,2005
2005-D018,Davis Cup,D,4.0,Clay,,2005-01-23,2005
2005-D019,Davis Cup,D,4.0,Clay,,2005-01-23,2005
2005-D020,Davis Cup,D,4.0,Clay,,2005-01-23,2005
2005-D021,Davis Cup,D,4.0,Grass,,2005-01-23,2005
2005-D022,Davis Cup,D,4.0,Clay,,2005-01-23,2005
2005-D023,Davis Cup,D,4.0,Clay,,2005-01-23,2005
2005-D029,Davis Cup,D,4.0,Clay,,2005-01-23,2005
2005-D037,Davis Cup,D,4.0,Hard,,2005-01-23,2005
2005-D038,Davis Cup,D,4.0,Clay,,2005-01-23,2005
2005-D047,Davis Cup,D,4.0,Hard,,2005-01-23,2005
2005-D060,Davis Cup,D,4.0,Hard,,2005-01-23,2005
2005-D061,Davis Cup,D,4.0,Clay,,2005-01-23,2005
2005-D080,Davis Cup,D,4.0,Hard,,2005-01-23,2005
2005-D083,Davis Cup,D,4.0,Clay,,2005-01-23,2005
2005-328,Basel,A,32.0,Carpet,True,2005-01-24,2005
2005-375,Lyon,A,32.0,Carpet,True,2005-01-24,2005
2005-568,St. Petersburg,A,32.0,Carpet,True,2005-01-24,2005
2005-308,Munich,A,32.0,Clay,,2005-01-25,2005
2005-319,Kitzbuhel,A,48.0,Clay,,2005-01-25,2005
2005-423,Los Angeles,A,32.0,Hard,,2005-01-25,2005
2005-439,Umag,A,32.0,Clay,,2005-01-25,2005
2005-468,Estoril,A,32.0,Clay,,2005-01-25,2005
2005-890,Ho Chi Minh City,A,32.0,Carpet,True,2005-01-26,2005
2005-1720,Bangkok,A,32.0,Hard,,2005-01-26,2005
2005-325,Palermo,A,32.0,Clay,,2005-01-26,2005
2005-D034,Davis Cup,D,4.0,Clay,,2005-01-28,2005
2005-560,US Open,G,128.0,Hard,,2005-01-29,2005
2005-D026,Davis Cup,D,4.0,Clay,,2005-01-29,2005
2005-D027,Davis Cup,D,4.0,Clay,,2005-01-29,2005
2005-D033,Davis Cup,D,4.0,Clay,,2005-01-29,2005
2005-D043,Davis Cup,D,4.0,Grass,,2005-01-29,2005
2005-D044,Davis Cup,D,4.0,Grass,,2005-01-29,2005
2005-352,Paris Masters,M,48.0,Carpet,True,2005-01-31,2005
2005-408,Milan,A,32.0,Carpet,True,2005-01-31,2005
2005-499,Delray Beach,A,32.0,Hard,,2005-01-31,2005
2005-505,Vina del Mar,A,32.0,Clay,,2005-01-31,2005
2006-D015,Davis Cup,D,4.0,Carpet,True,2006-01-01,2006
2006-308,Munich,A,32.0,Clay,,2006-01-01,2006
2006-468,Estoril,A,32.0,Clay,,2006-01-01,2006
2006-329,Tokyo,A,48.0,Hard,,2006-01-02,2006
2006-339,Adelaide,A,32.0,Hard,,2006-01-02,2006
2006-341,Metz,A,32.0,Hard,,2006-01-02,2006
2006-451,Doha,A,32.0,Hard,,2006-01-02,2006
2006-891,Chennai,A,32.0,Hard,,2006-01-02,2006
2006-404,Indian Wells Masters,M,96.0,Hard,,2006-01-06,2006
2006-D009,Davis Cup,D,4.0,Carpet,True,2006-01-07,2006
2006-D011,Davis Cup,D,4.0,Carpet,True,2006-01-07,2006
2006-D044,Davis Cup,D,4.0,Carpet,True,2006-01-07,2006
2006-D045,Davis Cup,D,4.0,Carpet,True,2006-01-07,2006
2006-D073,Davis Cup,D,4.0,Carpet,True,2006-01-07,2006
2006-D074,Davis Cup,D,4.0,Carpet,True,2006-01-07,2006
2006-421,Canada Masters,M,64.0,Hard,,2006-01-07,2006
2006-D010,Davis Cup,D,4.0,Hard,,2006-01-07,2006
2006-D012,Davis Cup,D,4.0,Grass,,2006-01-07,2006
2006-D026,Davis Cup,D,4.0,Clay,,2006-01-07,2006
2006-D027,Davis Cup,D,4.0,Clay,,2006-01-07,2006
2006-D035,Davis Cup,D,4.0,Hard,,2006-01-07,2006
2006-D036,Davis Cup,D,4.0,Hard,,2006-01-07,2006
2006-D037,Davis Cup,D,4.0,Grass,,2006-01-07,2006
2006-D038,Davis Cup,D,4.0,Clay,,2006-01-07,2006
2006-D042,Davis Cup,D,4.0,Clay,,2006-01-07,2006
2006-D043,Davis Cup,D,4.0,Clay,,2006-01-07,2006
2006-D053,Davis Cup,D,4.0,Clay,,2006-01-07,2006
2006-D054,Davis Cup,D,4.0,Hard,,2006-01-07,2006
2006-D056,Davis Cup,D,4.0,Clay,,2006-01-07,2006
2006-D057,Davis Cup,D,4.0,Hard,,2006-01-07,2006
2006-D062,Davis Cup,D,4.0,Hard,,2006-01-07,2006
2006-D063,Davis Cup,D,4.0,Hard,,2006-01-07,2006
2006-D065,Davis Cup,D,4.0,Clay,,2006-01-07,2006
2006-D066,Davis Cup,D,4.0,Hard,,2006-01-07,2006
2006-D067,Davis Cup,D,4.0,Hard,,2006-01-07,2006
2006-D068,Davis Cup,D,4.0,Clay,,2006-01-07,2006
2006-D069,Davis Cup,D,4.0,Hard,,2006-01-07,2006
2006-D070,Davis Cup,D,4.0,Clay,,2006-01-07,2006
2006-D071,Davis Cup,D,4.0,Hard,,2006-01-07,2006
2006-D072,Davis Cup,D,4.0,Clay,,2006-01-07,2006
2006-416,Rome Masters,M,64.0,Clay,,2006-01-08,2006
2006-438,Moscow,A,32.0,Carpet,True,2006-01-09,2006
2006-301,Auckland,A,32.0,Hard,,2006-01-09,2006
2006-337,Vienna,A,32.0,Hard,,2006-01-09,2006
2006-338,Sydney,A,32.0,Hard,,2006-01-09,2006
2006-429,Stockholm,A,32.0,Hard,,2006-01-09,2006
2006-D003,Davis Cup,D,4.0,Carpet,True,2006-01-10,2006
2006-D006,Davis Cup,D,4.0,Carpet,True,2006-01-10,2006
2006-D033,Davis Cup,D,4.0,Carpet,True,2006-01-10,2006
2006-314,Gstaad,A,32.0,Clay,,2006-01-10,2006
2006-315,Newport,A,32.0,Grass,,2006-01-10,2006
2006-316,Bastad,A,32.0,Clay,,2006-01-10,2006
2006-573,Valencia,A,32.0,Clay,,2006-01-10,2006
2006-717,Houston,A,32.0,Clay,,2006-01-10,2006
2006-D001,Davis Cup,D,4.0,Clay,,2006-01-10,2006
2006-D002,Davis Cup,D,4.0,Clay,,2006-01-10,2006
2006-D004,Davis Cup,D,4.0,Clay,,2006-01-10,2006
2006-D005,Davis Cup,D,4.0,Hard,,2006-01-10,2006
2006-D007,Davis Cup,D,4.0,Hard,,2006-01-10,2006
2006-D008,Davis Cup,D,4.0,Clay,,2006-01-10,2006
2006-D024,Davis Cup,D,4.0,Clay,,2006-01-10,2006
2006-D025,Davis Cup,D,4.0,Hard,,2006-01-10,2006
2006-D031,Davis Cup,D,4.0,Hard,,2006-01-10,2006
2006-D032,Davis Cup,D,4.0,Hard,,2006-01-10,2006
2006-D034,Davis Cup,D,4.0,Hard,,2006-01-10,2006
2006-D040,Davis Cup,D,4.0,Hard,,2006-01-10,2006
2006-D041,Davis Cup,D,4.0,Hard,,2006-01-10,2006
2006-D049,Davis Cup,D,4.0,Clay,,2006-01-10,2006
2006-D050,Davis Cup,D,4.0,Clay,,2006-01-10,2006
2006-D051,Davis Cup,D,4.0,Hard,,2006-01-10,2006
2006-D052,Davis Cup,D,4.0,Clay,,2006-01-10,2006
2006-D058,Davis Cup,D,4.0,Hard,,2006-01-10,2006
2006-D059,Davis Cup,D,4.0,Hard,,2006-01-10,2006
2006-D060,Davis Cup,D,4.0,Hard,,2006-01-10,2006
2006-D061,Davis Cup,D,4.0,Hard,,2006-01-10,2006
2006-747,Beijing,A,32.0,Hard,,2006-01-11,2006
2006-773,Bucharest,A,32.0,Clay,,2006-01-11,2006
2006-311,Queen's Club,A,56.0,Grass,,2006-01-12,2006
2006-500,Halle,A,32.0,Grass,,2006-01-12,2006
2006-424,San Jose,A,32.0,Hard,,2006-01-13,2006
2006-496,Marseille,A,32.0,Hard,,2006-01-13,2006
2006-506,Buenos Aires,A,32.0,Clay,,2006-01-13,2006
2006-605,Masters Cup,F,8.0,Hard,,2006-01-13,2006
2006-422,Cincinnati Masters,M,64.0,Hard,,2006-01-14,2006
2006-414,Hamburg Masters,M,64.0,Clay,,2006-01-15,2006
2006-1536,Madrid Masters,M,48.0,Hard,,2006-01-16,2006
2006-580,Australian Open,G,128.0,Hard,,2006-01-16,2006
2006-317,Amersfoort,A,32.0,Clay,,2006-01-17,2006
2006-321,Stuttgart,A,48.0,Clay,,2006-01-17,2006
2006-410,Monte Carlo Masters,M,64.0,Clay,,2006-01-17,2006
2006-419,Indianapolis,A,48.0,Hard,,2006-01-17,2006
2006-440,s Hertogenbosch,A,32.0,Grass,,2006-01-19,2006
2006-741,Nottingham,A,32.0,Grass,,2006-01-19,2006
2006-402,Memphis,A,32.0,Hard,,2006-01-20,2006
2006-403,Miami Masters,M,96.0,Hard,,2006-01-20,2006
2006-407,Rotterdam,A,32.0,Hard,,2006-01-20,2006
2006-533,Costa Do Sauipe,A,32.0,Clay,,2006-01-20,2006
2006-3348,New Haven,A,48.0,Hard,,2006-01-21,2006
2006-D028,Davis Cup,D,4.0,Clay,,2006-01-21,2006
2006-D029,Davis Cup,D,4.0,Hard,,2006-01-21,2006
2006-D046,Davis Cup,D,4.0,Grass,,2006-01-21,2006
2006-D075,Davis Cup,D,4.0,Clay,,2006-01-21,2006
2006-D076,Davis Cup,D,4.0,Clay,,2006-01-21,2006
2006-D077,Davis Cup,D,4.0,Clay,,2006-01-21,2006
2006-D078,Davis Cup,D,4.0,Clay,,2006-01-21,2006
2006-D081,Davis Cup,D,4.0,Clay,,2006-01-21,2006
2006-D082,Davis Cup,D,4.0,Grass,,2006-01-21,2006
2006-D083,Davis Cup,D,4.0,Clay,,2006-01-21,2006
2006-D084,Davis Cup,D,4.0,Clay,,2006-01-21,2006
2006-D018,Davis Cup,D,4.0,Carpet,True,2006-01-22,2006
2006-306,Poertschach,A,32.0,Clay,,2006-01-22,2006
2006-615,Dusseldorf,A,32.0,Clay,,2006-01-22,2006
2006-D013,Davis Cup,D,4.0,Clay,,2006-01-22,2006
2006-D014,Davis Cup,D,4.0,Clay,,2006-01-22,2006
2006-D016,Davis Cup,D,4.0,Clay,,2006-01-22,2006
2006-D017,Davis Cup,D,4.0,Clay,,2006-01-22,2006
2006-D019,Davis Cup,D,4.0,Clay,,2006-01-22,2006
2006-D020,Davis Cup,D,4.0,Hard,,2006-01-22,2006
2006-D021,Davis Cup,D,4.0,Clay,,2006-01-22,2006
2006-D022,Davis Cup,D,4.0,Clay,,2006-01-22,2006
2006-D023,Davis Cup,D,4.0,Hard,,2006-01-22,2006
2006-D030,Davis Cup,D,4.0,Hard,,2006-01-22,2006
2006-D039,Davis Cup,D,4.0,Hard,,2006-01-22,2006
2006-D047,Davis Cup,D,4.0,Clay,,2006-01-22,2006
2006-D048,Davis Cup,D,4.0,Clay,,2006-01-22,2006
2006-D055,Davis Cup,D,4.0,Hard,,2006-01-22,2006
2006-D064,Davis Cup,D,4.0,Hard,,2006-01-22,2006
2006-D079,Davis Cup,D,4.0,Clay,,2006-01-22,2006
2006-D080,Davis Cup,D,4.0,Clay,,2006-01-22,2006
2006-328,Basel,A,32.0,Carpet,True,2006-01-23,2006
2006-375,Lyon,A,32.0,Carpet,True,2006-01-23,2006
2006-568,St. Petersburg,A,32.0,Carpet,True,2006-01-23,2006
2006-319,Kitzbuhel,A,48.0,Clay,,2006-01-24,2006
2006-360,Casablanca,A,32.0,Clay,,2006-01-24,2006
2006-423,Los Angeles,A,32.0,Hard,,2006-01-24,2006
2006-425,Barcelona,A,56.0,Clay,,2006-01-24,2006
2006-439,Umag,A,32.0,Clay,,2006-01-24,2006
2006-1720,Bangkok,A,32.0,Hard,,2006-01-25,2006
2006-325,Palermo,A,32.0,Clay,,2006-01-25,2006
2006-3465,Mumbai,A,32.0,Hard,,2006-01-25,2006
2006-540,Wimbledon,G,128.0,Grass,,2006-01-26,2006
2006-433,Las Vegas,A,32.0,Hard,,2006-01-27,2006
2006-495,Dubai,A,32.0,Hard,,2006-01-27,2006
2006-807,Acapulco,A,32.0,Clay,,2006-01-27,2006
2006-560,US Open,G,128.0,Hard,,2006-01-28,2006
2006-520,Roland Garros,G,128.0,Clay,,2006-01-29,2006
2006-2276,Zagreb,A,32.0,Carpet,True,2006-01-30,2006
2006-352,Paris Masters,M,48.0,Carpet,True,2006-01-30,2006
2006-499,Delray Beach,A,32.0,Hard,,2006-01-30,2006
2006-505,Vina del Mar,A,32.0,Clay,,2006-01-30,2006
2006-418,Washington,A,48.0,Hard,,2006-01-31,2006
2006-475,Sopot,A,32.0,Clay,,2006-01-31,2006
2007-329,Tokyo,A,48.0,Hard,,2007-01-01,2007
2007-339,Adelaide,A,32.0,Hard,,2007-01-01,2007
2007-341,Metz,A,32.0,Hard,,2007-01-01,2007
2007-451,Doha,A,32.0,Hard,,2007-01-01,2007
2007-891,Chennai,A,32.0,Hard,,2007-01-01,2007
2007-404,Indian Wells Masters,M,96.0,Hard,,2007-01-05,2007
2007-421,Canada Masters,M,56.0,Hard,,2007-01-05,2007
2007-D020,Davis Cup,D,4.0,Carpet,True,2007-01-06,2007
2007-D034,Davis Cup,D,4.0,Carpet,True,2007-01-06,2007
2007-D036,Davis Cup,D,4.0,Carpet,True,2007-01-06,2007
2007-D061,Davis Cup,D,4.0,Carpet,True,2007-01-06,2007
2007-D067,Davis Cup,D,4.0,Carpet,True,2007-01-06,2007
2007-D070,Davis Cup,D,4.0,Carpet,True,2007-01-06,2007
2007-D017,Davis Cup,D,4.0,Clay,,2007-01-06,2007
2007-D018,Davis Cup,D,4.0,Clay,,2007-01-06,2007
2007-D019,Davis Cup,D,4.0,Hard,,2007-01-06,2007
2007-D026,Davis Cup,D,4.0,Clay,,2007-01-06,2007
2007-D027,Davis Cup,D,4.0,Clay,,2007-01-06,2007
2007-D035,Davis Cup,D,4.0,Hard,,2007-01-06,2007
2007-D037,Davis Cup,D,4.0,Hard,,2007-01-06,2007
2007-D041,Davis Cup,D,4.0,Clay,,2007-01-06,2007
2007-D042,Davis Cup,D,4.0,Hard,,2007-01-06,2007
2007-D043,Davis Cup,D,4.0,Clay,,2007-01-06,2007
2007-D044,Davis Cup,D,4.0,Hard,,2007-01-06,2007
2007-D052,Davis Cup,D,4.0,Clay,,2007-01-06,2007
2007-D053,Davis Cup,D,4.0,Clay,,2007-01-06,2007
2007-D055,Davis Cup,D,4.0,Hard,,2007-01-06,2007
2007-D056,Davis Cup,D,4.0,Clay,,2007-01-06,2007
2007-D062,Davis Cup,D,4.0,Hard,,2007-01-06,2007
2007-D064,Davis Cup,D,4.0,Hard,,2007-01-06,2007
2007-D065,Davis Cup,D,4.0,Clay,,2007-01-06,2007
2007-D066,Davis Cup,D,4.0,Clay,,2007-01-06,2007
2007-D068,Davis Cup,D,4.0,Clay,,2007-01-06,2007
2007-D069,Davis Cup,D,4.0,Hard,,2007-01-06,2007
2007-D071,Davis Cup,D,4.0,Clay,,2007-01-06,2007
2007-D072,Davis Cup,D,4.0,Clay,,2007-01-06,2007
2007-D073,Davis Cup,D,4.0,Hard,,2007-01-06,2007
2007-337,Vienna,A,32.0,Hard,,2007-01-07,2007
2007-416,Rome Masters,M,56.0,Clay,,2007-01-07,2007
2007-429,Stockholm,A,32.0,Hard,,2007-01-07,2007
2007-301,Auckland,A,32.0,Hard,,2007-01-08,2007
2007-338,Sydney,A,32.0,Hard,,2007-01-08,2007
2007-438,Moscow,A,32.0,Hard,,2007-01-08,2007
2007-D006,Davis Cup,D,4.0,Carpet,True,2007-01-09,2007
2007-D008,Davis Cup,D,4.0,Carpet,True,2007-01-09,2007
2007-D025,Davis Cup,D,4.0,Carpet,True,2007-01-09,2007
2007-D030,Davis Cup,D,4.0,Carpet,True,2007-01-09,2007
2007-D033,Davis Cup,D,4.0,Carpet,True,2007-01-09,2007
2007-D040,Davis Cup,D,4.0,Carpet,True,2007-01-09,2007
2007-D058,Davis Cup,D,4.0,Carpet,True,2007-01-09,2007
2007-314,Gstaad,A,32.0,Clay,,2007-01-09,2007
2007-315,Newport,A,32.0,Grass,,2007-01-09,2007
2007-316,Bastad,A,32.0,Clay,,2007-01-09,2007
2007-573,Valencia,A,32.0,Clay,,2007-01-09,2007
2007-717,Houston,A,32.0,Clay,,2007-01-09,2007
2007-D001,Davis Cup,D,4.0,Clay,,2007-01-09,2007
2007-D002,Davis Cup,D,4.0,Hard,,2007-01-09,2007
2007-D003,Davis Cup,D,4.0,Hard,,2007-01-09,2007
2007-D004,Davis Cup,D,4.0,Clay,,2007-01-09,2007
2007-D005,Davis Cup,D,4.0,Clay,,2007-01-09,2007
2007-D007,Davis Cup,D,4.0,Hard,,2007-01-09,2007
2007-D024,Davis Cup,D,4.0,Clay,,2007-01-09,2007
2007-D031,Davis Cup,D,4.0,Hard,,2007-01-09,2007
2007-D032,Davis Cup,D,4.0,Clay,,2007-01-09,2007
2007-D039,Davis Cup,D,4.0,Hard,,2007-01-09,2007
2007-D048,Davis Cup,D,4.0,Clay,,2007-01-09,2007
2007-D049,Davis Cup,D,4.0,Clay,,2007-01-09,2007
2007-D050,Davis Cup,D,4.0,Hard,,2007-01-09,2007
2007-D051,Davis Cup,D,4.0,Clay,,2007-01-09,2007
2007-D057,Davis Cup,D,4.0,Hard,,2007-01-09,2007
2007-D059,Davis Cup,D,4.0,Hard,,2007-01-09,2007
2007-D060,Davis Cup,D,4.0,Hard,,2007-01-09,2007
2007-747,Beijing,A,32.0,Hard,,2007-01-10,2007
2007-773,Bucharest,A,32.0,Clay,,2007-01-10,2007
2007-311,Queen's Club,A,56.0,Grass,,2007-01-11,2007
2007-500,Halle,A,32.0,Grass,,2007-01-11,2007
2007-424,San Jose,A,32.0,Hard,,2007-01-12,2007
2007-496,Marseille,A,32.0,Hard,,2007-01-12,2007
2007-533,Costa Do Sauipe,A,32.0,Clay,,2007-01-12,2007
2007-605,Masters Cup,F,8.0,Hard,,2007-01-12,2007
2007-422,Cincinnati Masters,M,56.0,Hard,,2007-01-13,2007
2007-414,Hamburg Masters,M,56.0,Clay,,2007-01-14,2007
2007-1536,Madrid Masters,M,48.0,Hard,,2007-01-15,2007
2007-410,Monte Carlo Masters,M,56.0,Clay,,2007-01-15,2007
2007-580,Australian Open,G,128.0,Hard,,2007-01-15,2007
2007-317,Amersfoort,A,32.0,Clay,,2007-01-16,2007
2007-321,Stuttgart,A,32.0,Clay,,2007-01-16,2007
2007-423,Los Angeles,A,32.0,Hard,,2007-01-16,2007
2007-440,s Hertogenbosch,A,32.0,Grass,,2007-01-17,2007
2007-741,Nottingham,A,32.0,Grass,,2007-01-18,2007
2007-3348,New Haven,A,48.0,Hard,,2007-01-19,2007
2007-402,Memphis,A,32.0,Hard,,2007-01-19,2007
2007-403,Miami Masters,M,96.0,Hard,,2007-01-19,2007
2007-407,Rotterdam,A,32.0,Hard,,2007-01-19,2007
2007-506,Buenos Aires,A,32.0,Clay,,2007-01-19,2007
2007-306,Poertschach,A,32.0,Clay,,2007-01-20,2007
2007-615,Dusseldorf,A,32.0,Clay,,2007-01-20,2007
2007-D012,Davis Cup,D,4.0,Hard,,2007-01-20,2007
2007-D028,Davis Cup,D,4.0,Hard,,2007-01-20,2007
2007-D045,Davis Cup,D,4.0,Hard,,2007-01-20,2007
2007-D074,Davis Cup,D,4.0,Hard,,2007-01-20,2007
2007-D075,Davis Cup,D,4.0,Clay,,2007-01-20,2007
2007-D076,Davis Cup,D,4.0,Clay,,2007-01-20,2007
2007-D077,Davis Cup,D,4.0,Clay,,2007-01-20,2007
2007-D080,Davis Cup,D,4.0,Hard,,2007-01-20,2007
2007-D081,Davis Cup,D,4.0,Hard,,2007-01-20,2007
2007-D082,Davis Cup,D,4.0,Clay,,2007-01-20,2007
2007-D083,Davis Cup,D,4.0,Hard,,2007-01-20,2007
2007-D010,Davis Cup,D,4.0,Carpet,True,2007-01-21,2007
2007-D014,Davis Cup,D,4.0,Carpet,True,2007-01-21,2007
2007-D015,Davis Cup,D,4.0,Carpet,True,2007-01-21,2007
2007-D022,Davis Cup,D,4.0,Carpet,True,2007-01-21,2007
2007-D078,Davis Cup,D,4.0,Carpet,True,2007-01-21,2007
2007-D079,Davis Cup,D,4.0,Carpet,True,2007-01-21,2007
2007-D009,Davis Cup,D,4.0,Clay,,2007-01-21,2007
2007-D011,Davis Cup,D,4.0,Clay,,2007-01-21,2007
2007-D013,Davis Cup,D,4.0,Grass,,2007-01-21,2007
2007-D016,Davis Cup,D,4.0,Clay,,2007-01-21,2007
2007-D021,Davis Cup,D,4.0,Clay,,2007-01-21,2007
2007-D029,Davis Cup,D,4.0,Hard,,2007-01-21,2007
2007-D038,Davis Cup,D,4.0,Hard,,2007-01-21,2007
2007-D046,Davis Cup,D,4.0,Hard,,2007-01-21,2007
2007-D047,Davis Cup,D,4.0,Hard,,2007-01-21,2007
2007-D054,Davis Cup,D,4.0,Clay,,2007-01-21,2007
2007-D063,Davis Cup,D,4.0,Hard,,2007-01-21,2007
2007-375,Lyon,A,32.0,Carpet,True,2007-01-22,2007
2007-568,St. Petersburg,A,32.0,Carpet,True,2007-01-22,2007
2007-328,Basel,A,32.0,Hard,,2007-01-22,2007
2007-319,Kitzbuhel,A,48.0,Clay,,2007-01-23,2007
2007-360,Casablanca,A,32.0,Clay,,2007-01-23,2007
2007-419,Indianapolis,A,32.0,Hard,,2007-01-23,2007
2007-425,Barcelona,A,56.0,Clay,,2007-01-23,2007
2007-439,Umag,A,32.0,Clay,,2007-01-23,2007
2007-1720,Bangkok,A,32.0,Hard,,2007-01-24,2007
2007-3465,Mumbai,A,32.0,Hard,,2007-01-24,2007
2007-540,Wimbledon,G,128.0,Grass,,2007-01-25,2007
2007-433,Las Vegas,A,32.0,Hard,,2007-01-26,2007
2007-495,Dubai,A,32.0,Hard,,2007-01-26,2007
2007-807,Acapulco,A,32.0,Clay,,2007-01-26,2007
2007-560,US Open,G,128.0,Hard,,2007-01-27,2007
2007-352,Paris Masters,M,48.0,Hard,,2007-01-28,2007
2007-499,Delray Beach,A,32.0,Hard,,2007-01-28,2007
2007-520,Roland Garros,G,128.0,Clay,,2007-01-28,2007
2007-2276,Zagreb,A,32.0,Carpet,True,2007-01-29,2007
2007-418,Washington,A,48.0,Hard,,2007-01-29,2007
2007-468,Estoril,A,32.0,Clay,,2007-01-29,2007
2007-505,Vina del Mar,A,32.0,Clay,,2007-01-29,2007
2007-308,Munich,A,32.0,Clay,,2007-01-30,2007
2007-475,Sopot,A,32.0,Clay,,2007-01-30,2007
2007-D023,Davis Cup,D,4.0,Hard,,2007-01-30,2007
2008-339,Adelaide,A,32.0,Hard,,2007-01-31,2007
2008-451,Doha,A,32.0,Hard,,2007-01-31,2007
2008-891,Chennai,A,32.0,Hard,,2007-01-31,2007
2008-433,Las Vegas,A,32.0,Hard,,2008-01-03,2008
2008-495,Dubai,A,32.0,Hard,,2008-01-03,2008
2008-423,Los Angeles,A,28.0,Hard,,2008-01-04,2008
2008-416,Rome Masters,M,56.0,Clay,,2008-01-05,2008
2008-337,Vienna,A,32.0,Hard,,2008-01-06,2008
2008-429,Stockholm,A,32.0,Hard,,2008-01-06,2008
2008-438,Moscow,A,32.0,Hard,,2008-01-06,2008
2008-301,Auckland,A,32.0,Hard,,2008-01-07,2008
2008-314,Gstaad,A,28.0,Clay,,2008-01-07,2008
2008-315,Newport,A,28.0,Grass,,2008-01-07,2008
2008-316,Bastad,A,28.0,Clay,,2008-01-07,2008
2008-321,Stuttgart,A,28.0,Clay,,2008-01-07,2008
2008-338,Sydney,A,32.0,Hard,,2008-01-07,2008
2008-D005,Davis Cup,D,4.0,Carpet,True,2008-01-08,2008
2008-D026,Davis Cup,D,4.0,Carpet,True,2008-01-08,2008
2008-773,Bucharest,A,32.0,Clay,,2008-01-08,2008
2008-D001,Davis Cup,D,4.0,Hard,,2008-01-08,2008
2008-D002,Davis Cup,D,4.0,Hard,,2008-01-08,2008
2008-D003,Davis Cup,D,4.0,Grass,,2008-01-08,2008
2008-D004,Davis Cup,D,4.0,Hard,,2008-01-08,2008
2008-D006,Davis Cup,D,4.0,Clay,,2008-01-08,2008
2008-D007,Davis Cup,D,4.0,Clay,,2008-01-08,2008
2008-D008,Davis Cup,D,4.0,Hard,,2008-01-08,2008
2008-D009,Davis Cup,D,4.0,Hard,,2008-01-08,2008
2008-D010,Davis Cup,D,4.0,Hard,,2008-01-08,2008
2008-D011,Davis Cup,D,4.0,Hard,,2008-01-08,2008
2008-D012,Davis Cup,D,4.0,Hard,,2008-01-08,2008
2008-D013,Davis Cup,D,4.0,Hard,,2008-01-08,2008
2008-D014,Davis Cup,D,4.0,Clay,,2008-01-08,2008
2008-D015,Davis Cup,D,4.0,Hard,,2008-01-08,2008
2008-D016,Davis Cup,D,4.0,Clay,,2008-01-08,2008
2008-D025,Davis Cup,D,4.0,Hard,,2008-01-08,2008
2008-D027,Davis Cup,D,4.0,Clay,,2008-01-08,2008
2008-D028,Davis Cup,D,4.0,Hard,,2008-01-08,2008
2008-D029,Davis Cup,D,4.0,Clay,,2008-01-08,2008
2008-D030,Davis Cup,D,4.0,Clay,,2008-01-08,2008
2008-D031,Davis Cup,D,4.0,Hard,,2008-01-08,2008
2008-D032,Davis Cup,D,4.0,Clay,,2008-01-08,2008
2008-311,Queen's Club,A,56.0,Grass,,2008-01-09,2008
2008-475,Warsaw,A,32.0,Clay,,2008-01-09,2008
2008-500,Halle,A,32.0,Grass,,2008-01-09,2008
2008-605,Masters Cup,F,8.0,Hard,,2008-01-09,2008
2008-418,Washington,A,32.0,Hard,,2008-01-10,2008
2008-D022,Davis Cup,D,4.0,Carpet,True,2008-01-11,2008
2008-D035,Davis Cup,D,4.0,Carpet,True,2008-01-11,2008
2008-414,Hamburg Masters,M,56.0,Clay,,2008-01-11,2008
2008-496,Marseille,A,32.0,Hard,,2008-01-11,2008
2008-499,Delray Beach,A,32.0,Hard,,2008-01-11,2008
2008-533,Costa Do Sauipe,A,32.0,Clay,,2008-01-11,2008
2008-96,Beijing Olympics,O,64.0,Hard,,2008-01-11,2008
2008-D017,Davis Cup,D,4.0,Hard,,2008-01-11,2008
2008-D018,Davis Cup,D,4.0,Hard,,2008-01-11,2008
2008-D019,Davis Cup,D,4.0,Clay,,2008-01-11,2008
2008-D020,Davis Cup,D,4.0,Clay,,2008-01-11,2008
2008-D021,Davis Cup,D,4.0,Hard,,2008-01-11,2008
2008-D023,Davis Cup,D,4.0,Hard,,2008-01-11,2008
2008-D024,Davis Cup,D,4.0,Clay,,2008-01-11,2008
2008-D033,Davis Cup,D,4.0,Hard,,2008-01-11,2008
2008-D034,Davis Cup,D,4.0,Clay,,2008-01-11,2008
2008-D036,Davis Cup,D,4.0,Clay,,2008-01-11,2008
2008-D037,Davis Cup,D,4.0,Clay,,2008-01-11,2008
2008-D038,Davis Cup,D,4.0,Clay,,2008-01-11,2008
2008-D039,Davis Cup,D,4.0,Hard,,2008-01-11,2008
2008-D040,Davis Cup,D,4.0,Hard,,2008-01-11,2008
2008-D044,Davis Cup,D,4.0,Clay,,2008-01-11,2008
2008-D045,Davis Cup,D,4.0,Clay,,2008-01-11,2008
2008-D047,Davis Cup,D,4.0,Hard,,2008-01-11,2008
2008-D048,Davis Cup,D,4.0,Grass,,2008-01-11,2008
2008-D052,Davis Cup,D,4.0,Clay,,2008-01-11,2008
2008-D053,Davis Cup,D,4.0,Hard,,2008-01-11,2008
2008-D055,Davis Cup,D,4.0,Hard,,2008-01-11,2008
2008-D056,Davis Cup,D,4.0,Hard,,2008-01-11,2008
2008-D064,Davis Cup,D,4.0,Hard,,2008-01-11,2008
2008-D065,Davis Cup,D,4.0,Clay,,2008-01-11,2008
2008-D071,Davis Cup,D,4.0,Hard,,2008-01-11,2008
2008-D072,Davis Cup,D,4.0,Hard,,2008-01-11,2008
2008-D073,Davis Cup,D,4.0,Hard,,2008-01-11,2008
2008-D074,Davis Cup,D,4.0,Hard,,2008-01-11,2008
2008-1536,Madrid Masters,M,48.0,Hard,,2008-01-12,2008
2008-404,Indian Wells Masters,M,96.0,Hard,,2008-01-13,2008
2008-317,Amersfoort,A,28.0,Clay,,2008-01-14,2008
2008-319,Kitzbuhel,A,32.0,Clay,,2008-01-14,2008
2008-419,Indianapolis,A,32.0,Hard,,2008-01-14,2008
2008-439,Umag,A,28.0,Clay,,2008-01-14,2008
2008-468,Estoril,A,32.0,Clay,,2008-01-14,2008
2008-573,Valencia,A,32.0,Clay,,2008-01-14,2008
2008-580,Australian Open,G,128.0,Hard,,2008-01-14,2008
2008-717,Houston,A,32.0,Clay,,2008-01-14,2008
2008-440,s Hertogenbosch,A,32.0,Grass,,2008-01-15,2008
2008-741,Nottingham,A,32.0,Grass,,2008-01-16,2008
2008-3348,New Haven,A,48.0,Hard,,2008-01-17,2008
2008-306,Poertschach,A,32.0,Clay,,2008-01-18,2008
2008-360,Casablanca,A,32.0,Clay,,2008-01-18,2008
2008-407,Rotterdam,A,32.0,Hard,,2008-01-18,2008
2008-424,San Jose,A,32.0,Hard,,2008-01-18,2008
2008-506,Buenos Aires,A,32.0,Clay,,2008-01-18,2008
2008-615,Dusseldorf,A,32.0,Clay,,2008-01-18,2008
2008-D049,Davis Cup,D,4.0,Hard,,2008-01-18,2008
2008-D058,Davis Cup,D,4.0,Hard,,2008-01-18,2008
2008-D059,Davis Cup,D,4.0,Clay,,2008-01-18,2008
2008-D060,Davis Cup,D,4.0,Grass,,2008-01-18,2008
2008-D061,Davis Cup,D,4.0,Clay,,2008-01-18,2008
2008-D067,Davis Cup,D,4.0,Clay,,2008-01-18,2008
2008-D068,Davis Cup,D,4.0,Clay,,2008-01-18,2008
2008-D069,Davis Cup,D,4.0,Clay,,2008-01-18,2008
2008-D070,Davis Cup,D,4.0,Clay,,2008-01-18,2008
2008-D046,Davis Cup,D,4.0,Carpet,True,2008-01-19,2008
2008-D041,Davis Cup,D,4.0,Clay,,2008-01-19,2008
2008-D042,Davis Cup,D,4.0,Clay,,2008-01-19,2008
2008-D050,Davis Cup,D,4.0,Clay,,2008-01-19,2008
2008-D051,Davis Cup,D,4.0,Hard,,2008-01-19,2008
2008-D054,Davis Cup,D,4.0,Hard,,2008-01-19,2008
2008-D057,Davis Cup,D,4.0,Hard,,2008-01-19,2008
2008-D062,Davis Cup,D,4.0,Clay,,2008-01-19,2008
2008-D063,Davis Cup,D,4.0,Hard,,2008-01-19,2008
2008-D066,Davis Cup,D,4.0,Clay,,2008-01-19,2008
2008-D075,Davis Cup,D,4.0,Clay,,2008-01-19,2008
2008-D076,Davis Cup,D,4.0,Grass,,2008-01-19,2008
2008-D077,Davis Cup,D,4.0,Hard,,2008-01-19,2008
2008-D078,Davis Cup,D,4.0,Hard,,2008-01-19,2008
2008-D079,Davis Cup,D,4.0,Hard,,2008-01-19,2008
2008-D080,Davis Cup,D,4.0,Clay,,2008-01-19,2008
2008-D081,Davis Cup,D,4.0,Clay,,2008-01-19,2008
2008-D082,Davis Cup,D,4.0,Hard,,2008-01-19,2008
2008-375,Lyon,A,32.0,Carpet,True,2008-01-20,2008
2008-328,Basel,A,32.0,Hard,,2008-01-20,2008
2008-410,Monte Carlo Masters,M,56.0,Clay,,2008-01-20,2008
2008-568,St. Petersburg,A,32.0,Hard,,2008-01-20,2008
2008-421,Canada Masters,M,56.0,Hard,,2008-01-21,2008
2008-D043,Davis Cup,D,4.0,Hard,,2008-01-21,2008
2008-1720,Bangkok,A,28.0,Hard,,2008-01-22,2008
2008-747,Beijing,A,28.0,Hard,,2008-01-22,2008
2008-540,Wimbledon,G,128.0,Grass,,2008-01-23,2008
2008-2276,Zagreb,A,32.0,Hard,,2008-01-25,2008
2008-402,Memphis,A,32.0,Hard,,2008-01-25,2008
2008-520,Roland Garros,G,128.0,Clay,,2008-01-25,2008
2008-560,US Open,G,128.0,Hard,,2008-01-25,2008
2008-807,Acapulco,A,32.0,Clay,,2008-01-25,2008
2008-352,Paris Masters,M,48.0,Hard,,2008-01-26,2008
2008-403,Miami Masters,M,96.0,Hard,,2008-01-27,2008
2008-308,Munich,A,32.0,Clay,,2008-01-28,2008
2008-422,Cincinnati Masters,M,56.0,Hard,,2008-01-28,2008
2008-425,Barcelona,A,56.0,Clay,,2008-01-28,2008
2008-505,Vina del Mar,A,32.0,Clay,,2008-01-28,2008
2008-329,Tokyo,A,48.0,Hard,,2008-01-29,2008
2008-341,Metz,A,32.0,Hard,,2008-01-29,2008
2009-2276,Zagreb,A,32.0,Hard,,2009-01-02,2009
2009-328,Basel,A,32.0,Hard,,2009-01-02,2009
2009-418,Washington,A,48.0,Hard,,2009-01-02,2009
2009-5012,Johannesburg,A,32.0,Hard,,2009-01-02,2009
2009-505,Vina del Mar,A,28.0,Clay,,2009-01-02,2009
2009-573,Valencia,A,32.0,Hard,,2009-01-02,2009
2009-308,Munich,A,32.0,Clay,,2009-01-03,2009
2009-468,Estoril,A,32.0,Clay,,2009-01-03,2009
2009-339,Brisbane,A,32.0,Hard,,2009-01-04,2009
2009-5053,Belgrade,A,28.0,Clay,,2009-01-04,2009
2009-D015,Davis Cup,D,4.0,Clay,,2009-01-04,2009
2009-329,Tokyo,A,32.0,Hard,,2009-01-05,2009
2009-451,Doha,A,32.0,Hard,,2009-01-05,2009
2009-747,Beijing,A,32.0,Hard,,2009-01-05,2009
2009-891,Chennai,A,32.0,Hard,,2009-01-05,2009
2009-D002,Davis Cup,D,4.0,Carpet,True,2009-01-06,2009
2009-D005,Davis Cup,D,4.0,Carpet,True,2009-01-06,2009
2009-D006,Davis Cup,D,4.0,Carpet,True,2009-01-06,2009
2009-D022,Davis Cup,D,4.0,Carpet,True,2009-01-06,2009
2009-D049,Davis Cup,D,4.0,Carpet,True,2009-01-06,2009
2009-D050,Davis Cup,D,4.0,Carpet,True,2009-01-06,2009
2009-D051,Davis Cup,D,4.0,Carpet,True,2009-01-06,2009
2009-D062,Davis Cup,D,4.0,Carpet,True,2009-01-06,2009
2009-315,Newport,A,32.0,Grass,,2009-01-06,2009
2009-360,Casablanca,A,32.0,Clay,,2009-01-06,2009
2009-717,Houston,A,32.0,Clay,,2009-01-06,2009
2009-D001,Davis Cup,D,4.0,Clay,,2009-01-06,2009
2009-D003,Davis Cup,D,4.0,Hard,,2009-01-06,2009
2009-D004,Davis Cup,D,4.0,Hard,,2009-01-06,2009
2009-D007,Davis Cup,D,4.0,Hard,,2009-01-06,2009
2009-D008,Davis Cup,D,4.0,Clay,,2009-01-06,2009
2009-D016,Davis Cup,D,4.0,Clay,,2009-01-06,2009
2009-D017,Davis Cup,D,4.0,Hard,,2009-01-06,2009
2009-D023,Davis Cup,D,4.0,Hard,,2009-01-06,2009
2009-D024,Davis Cup,D,4.0,Hard,,2009-01-06,2009
2009-D026,Davis Cup,D,4.0,Hard,,2009-01-06,2009
2009-D027,Davis Cup,D,4.0,Clay,,2009-01-06,2009
2009-D029,Davis Cup,D,4.0,Hard,,2009-01-06,2009
2009-D030,Davis Cup,D,4.0,Clay,,2009-01-06,2009
2009-D034,Davis Cup,D,4.0,Clay,,2009-01-06,2009
2009-D035,Davis Cup,D,4.0,Hard,,2009-01-06,2009
2009-D036,Davis Cup,D,4.0,Clay,,2009-01-06,2009
2009-D037,Davis Cup,D,4.0,Clay,,2009-01-06,2009
2009-D041,Davis Cup,D,4.0,Hard,,2009-01-06,2009
2009-D042,Davis Cup,D,4.0,Hard,,2009-01-06,2009
2009-D043,Davis Cup,D,4.0,Hard,,2009-01-06,2009
2009-D044,Davis Cup,D,4.0,Hard,,2009-01-06,2009
2009-D048,Davis Cup,D,4.0,Hard,,2009-01-06,2009
2009-D052,Davis Cup,D,4.0,Hard,,2009-01-06,2009
2009-D053,Davis Cup,D,4.0,Clay,,2009-01-06,2009
2009-D054,Davis Cup,D,4.0,Clay,,2009-01-06,2009
2009-D055,Davis Cup,D,4.0,Hard,,2009-01-06,2009
2009-D063,Davis Cup,D,4.0,Clay,,2009-01-06,2009
2009-311,Queen's Club,A,56.0,Grass,,2009-01-08,2009
2009-352,Paris Masters,M,48.0,Hard,,2009-01-08,2009
2009-500,Halle,A,32.0,Grass,,2009-01-08,2009
2009-D018,Davis Cup,D,4.0,Clay,,2009-01-08,2009
2009-D019,Davis Cup,D,4.0,Clay,,2009-01-08,2009
2009-D028,Davis Cup,D,4.0,Hard,,2009-01-08,2009
2009-D075,Davis Cup,D,4.0,Clay,,2009-01-08,2009
2009-407,Rotterdam,A,32.0,Hard,,2009-01-09,2009
2009-424,San Jose,A,32.0,Hard,,2009-01-09,2009
2009-533,Costa Do Sauipe,A,32.0,Clay,,2009-01-09,2009
2009-D009,Davis Cup,D,4.0,Carpet,True,2009-01-10,2009
2009-1536,Madrid Masters,M,56.0,Clay,,2009-01-10,2009
2009-421,Canada Masters,M,56.0,Hard,,2009-01-10,2009
2009-D010,Davis Cup,D,4.0,Clay,,2009-01-10,2009
2009-D011,Davis Cup,D,4.0,Hard,,2009-01-10,2009
2009-D012,Davis Cup,D,4.0,Clay,,2009-01-10,2009
2009-D020,Davis Cup,D,4.0,Clay,,2009-01-10,2009
2009-D025,Davis Cup,D,4.0,Hard,,2009-01-10,2009
2009-D031,Davis Cup,D,4.0,Hard,,2009-01-10,2009
2009-D038,Davis Cup,D,4.0,Hard,,2009-01-10,2009
2009-D039,Davis Cup,D,4.0,Clay,,2009-01-10,2009
2009-D045,Davis Cup,D,4.0,Clay,,2009-01-10,2009
2009-D046,Davis Cup,D,4.0,Hard,,2009-01-10,2009
2009-D056,Davis Cup,D,4.0,Clay,,2009-01-10,2009
2009-D057,Davis Cup,D,4.0,Clay,,2009-01-10,2009
2009-D058,Davis Cup,D,4.0,Clay,,2009-01-10,2009
2009-D059,Davis Cup,D,4.0,Hard,,2009-01-10,2009
2009-D064,Davis Cup,D,4.0,Hard,,2009-01-10,2009
2009-D066,Davis Cup,D,4.0,Clay,,2009-01-10,2009
2009-D067,Davis Cup,D,4.0,Clay,,2009-01-10,2009
2009-D068,Davis Cup,D,4.0,Clay,,2009-01-10,2009
2009-D069,Davis Cup,D,4.0,Clay,,2009-01-10,2009
2009-D070,Davis Cup,D,4.0,Hard,,2009-01-10,2009
2009-D071,Davis Cup,D,4.0,Hard,,2009-01-10,2009
2009-D072,Davis Cup,D,4.0,Hard,,2009-01-10,2009
2009-D073,Davis Cup,D,4.0,Hard,,2009-01-10,2009
2009-5014,Shanghai Masters,M,56.0,Hard,,2009-01-11,2009
2009-301,Auckland,A,28.0,Hard,,2009-01-12,2009
2009-338,Sydney,A,28.0,Hard,,2009-01-12,2009
2009-404,Indian Wells Masters,M,96.0,Hard,,2009-01-12,2009
2009-410,Monte Carlo Masters,M,56.0,Clay,,2009-01-12,2009
2009-316,Bastad,A,28.0,Clay,,2009-01-13,2009
2009-321,Stuttgart,A,32.0,Clay,,2009-01-13,2009
2009-440,s Hertogenbosch,A,32.0,Grass,,2009-01-14,2009
2009-741,Eastbourne,A,32.0,Grass,,2009-01-14,2009
2009-402,Memphis,A,32.0,Hard,,2009-01-16,2009
2009-422,Cincinnati Masters,M,56.0,Hard,,2009-01-16,2009
2009-496,Marseille,A,32.0,Hard,,2009-01-16,2009
2009-506,Buenos Aires,A,32.0,Clay,,2009-01-16,2009
2009-306,Kitzbuhel,A,32.0,Clay,,2009-01-17,2009
2009-615,Dusseldorf,A,32.0,Clay,,2009-01-17,2009
2009-D060,Davis Cup,D,4.0,Carpet,True,2009-01-18,2009
2009-D061,Davis Cup,D,4.0,Carpet,True,2009-01-18,2009
2009-D013,Davis Cup,D,4.0,Clay,,2009-01-18,2009
2009-D014,Davis Cup,D,4.0,Clay,,2009-01-18,2009
2009-D021,Davis Cup,D,4.0,Clay,,2009-01-18,2009
2009-D032,Davis Cup,D,4.0,Hard,,2009-01-18,2009
2009-D033,Davis Cup,D,4.0,Hard,,2009-01-18,2009
2009-D040,Davis Cup,D,4.0,Clay,,2009-01-18,2009
2009-D047,Davis Cup,D,4.0,Clay,,2009-01-18,2009
2009-D065,Davis Cup,D,4.0,Hard,,2009-01-18,2009
2009-D076,Davis Cup,D,4.0,Clay,,2009-01-18,2009
2009-D077,Davis Cup,D,4.0,Clay,,2009-01-18,2009
2009-D078,Davis Cup,D,4.0,Clay,,2009-01-18,2009
2009-D079,Davis Cup,D,4.0,Clay,,2009-01-18,2009
2009-D080,Davis Cup,D,4.0,Hard,,2009-01-18,2009
2009-D081,Davis Cup,D,4.0,Hard,,2009-01-18,2009
2009-D082,Davis Cup,D,4.0,Hard,,2009-01-18,2009
2009-D083,Davis Cup,D,4.0,Clay,,2009-01-18,2009
2009-414,Hamburg,A,48.0,Clay,,2009-01-19,2009
2009-419,Indianapolis,A,32.0,Hard,,2009-01-19,2009
2009-429,Stockholm,A,32.0,Hard,,2009-01-19,2009
2009-438,Moscow,A,32.0,Hard,,2009-01-19,2009
2009-580,Australian Open,G,128.0,Hard,,2009-01-19,2009
2009-425,Barcelona,A,56.0,Clay,,2009-01-20,2009
2009-341,Metz,A,28.0,Hard,,2009-01-21,2009
2009-773,Bucharest,A,32.0,Clay,,2009-01-21,2009
2009-540,Wimbledon,G,128.0,Grass,,2009-01-22,2009
2009-605,Tour Finals,F,8.0,Hard,,2009-01-22,2009
2009-3348,New Haven,A,48.0,Hard,,2009-01-23,2009
2009-495,Dubai,A,32.0,Hard,,2009-01-23,2009
2009-499,Delray Beach,A,32.0,Hard,,2009-01-23,2009
2009-807,Acapulco,A,32.0,Clay,,2009-01-23,2009
2009-403,Miami Masters,M,96.0,Hard,,2009-01-25,2009
2009-520,Roland Garros,G,128.0,Clay,,2009-01-25,2009
2009-568,St. Petersburg,A,32.0,Hard,,2009-01-25,2009
2009-314,Gstaad,A,32.0,Clay,,2009-01-26,2009
2009-337,Vienna,A,32.0,Hard,,2009-01-26,2009
2009-375,Lyon,A,32.0,Hard,,2009-01-26,2009
2009-416,Rome Masters,M,56.0,Clay,,2009-01-27,2009
2009-423,Los Angeles,A,28.0,Hard,,2009-01-27,2009
2009-439,Umag,A,32.0,Clay,,2009-01-27,2009
2009-1720,Bangkok,A,28.0,Hard,,2009-01-28,2009
2009-6003,Kuala Lumpur,A,28.0,Hard,,2009-01-28,2009
2009-560,US Open,G,128.0,Hard,,2009-01-31,2009
2010-2276,Zagreb,A,32.0,Hard,,2010-01-01,2010
2010-328,Basel,A,32.0,Hard,,2010-01-01,2010
2010-418,Washington,A,48.0,Hard,,2010-01-01,2010
2010-5012,Johannesburg,A,32.0,Hard,,2010-01-01,2010
2010-505,Santiago,A,32.0,Clay,,2010-01-01,2010
2010-308,Munich,A,32.0,Clay,,2010-01-02,2010
2010-339,Brisbane,A,32.0,Hard,,2010-01-03,2010
2010-468,Estoril,A,28.0,Clay,,2010-01-03,2010
2010-5053,Belgrade,A,28.0,Clay,,2010-01-03,2010
2010-D045,Davis Cup,D,4.0,Hard,,2010-01-03,2010
2010-329,Tokyo,A,32.0,Hard,,2010-01-04,2010
2010-451,Doha,A,32.0,Hard,,2010-01-04,2010
2010-747,Beijing,A,32.0,Hard,,2010-01-04,2010
2010-891,Chennai,A,32.0,Hard,,2010-01-04,2010
2010-D002,Davis Cup,D,4.0,Carpet,True,2010-01-05,2010
2010-D018,Davis Cup,D,4.0,Carpet,True,2010-01-05,2010
2010-315,Newport,A,32.0,Grass,,2010-01-05,2010
2010-360,Casablanca,A,28.0,Clay,,2010-01-05,2010
2010-717,Houston,A,28.0,Clay,,2010-01-05,2010
2010-D001,Davis Cup,D,4.0,Hard,,2010-01-05,2010
2010-D003,Davis Cup,D,4.0,Hard,,2010-01-05,2010
2010-D004,Davis Cup,D,4.0,Hard,,2010-01-05,2010
2010-D005,Davis Cup,D,4.0,Clay,,2010-01-05,2010
2010-D006,Davis Cup,D,4.0,Hard,,2010-01-05,2010
2010-D007,Davis Cup,D,4.0,Hard,,2010-01-05,2010
2010-D008,Davis Cup,D,4.0,Clay,,2010-01-05,2010
2010-D009,Davis Cup,D,4.0,Clay,,2010-01-05,2010
2010-D010,Davis Cup,D,4.0,Hard,,2010-01-05,2010
2010-D011,Davis Cup,D,4.0,Hard,,2010-01-05,2010
2010-D012,Davis Cup,D,4.0,Hard,,2010-01-05,2010
2010-D013,Davis Cup,D,4.0,Hard,,2010-01-05,2010
2010-D014,Davis Cup,D,4.0,Clay,,2010-01-05,2010
2010-D016,Davis Cup,D,4.0,Clay,,2010-01-05,2010
2010-D017,Davis Cup,D,4.0,Hard,,2010-01-05,2010
2010-D019,Davis Cup,D,4.0,Hard,,2010-01-05,2010
2010-D020,Davis Cup,D,4.0,Clay,,2010-01-05,2010
2010-D021,Davis Cup,D,4.0,Clay,,2010-01-05,2010
2010-D022,Davis Cup,D,4.0,Hard,,2010-01-05,2010
2010-D023,Davis Cup,D,4.0,Hard,,2010-01-05,2010
2010-D024,Davis Cup,D,4.0,Hard,,2010-01-05,2010
2010-D028,Davis Cup,D,4.0,Clay,,2010-01-05,2010
2010-D029,Davis Cup,D,4.0,Clay,,2010-01-05,2010
2010-D030,Davis Cup,D,4.0,Clay,,2010-01-05,2010
2010-D031,Davis Cup,D,4.0,Clay,,2010-01-05,2010
2010-D032,Davis Cup,D,4.0,Hard,,2010-01-05,2010
2010-D034,Davis Cup,D,4.0,Clay,,2010-01-05,2010
2010-D035,Davis Cup,D,4.0,Hard,,2010-01-05,2010
2010-D036,Davis Cup,D,4.0,Hard,,2010-01-05,2010
2010-D037,Davis Cup,D,4.0,Hard,,2010-01-05,2010
2010-D038,Davis Cup,D,4.0,Clay,,2010-01-05,2010
2010-D015,Davis Cup,D,4.0,Clay,,2010-01-06,2010
2010-311,Queen's Club,A,56.0,Grass,,2010-01-07,2010
2010-352,Paris Masters,M,48.0,Hard,,2010-01-07,2010
2010-500,Halle,A,32.0,Grass,,2010-01-07,2010
2010-D025,Davis Cup,D,4.0,Hard,,2010-01-07,2010
2010-D026,Davis Cup,D,4.0,Hard,,2010-01-07,2010
2010-D027,Davis Cup,D,4.0,Clay,,2010-01-07,2010
2010-D033,Davis Cup,D,4.0,Clay,,2010-01-07,2010
2010-D051,Davis Cup,D,4.0,Clay,,2010-01-07,2010
2010-D052,Davis Cup,D,4.0,Hard,,2010-01-07,2010
2010-407,Rotterdam,A,32.0,Hard,,2010-01-08,2010
2010-424,San Jose,A,32.0,Hard,,2010-01-08,2010
2010-533,Costa Do Sauipe,A,32.0,Clay,,2010-01-08,2010
2010-D065,Davis Cup,D,4.0,Carpet,True,2010-01-09,2010
2010-1536,Madrid Masters,M,56.0,Clay,,2010-01-09,2010
2010-421,Canada Masters,M,56.0,Hard,,2010-01-09,2010
2010-D039,Davis Cup,D,4.0,Hard,,2010-01-09,2010
2010-D040,Davis Cup,D,4.0,Hard,,2010-01-09,2010
2010-D041,Davis Cup,D,4.0,Hard,,2010-01-09,2010
2010-D042,Davis Cup,D,4.0,Clay,,2010-01-09,2010
2010-D046,Davis Cup,D,4.0,Hard,,2010-01-09,2010
2010-D047,Davis Cup,D,4.0,Clay,,2010-01-09,2010
2010-D049,Davis Cup,D,4.0,Clay,,2010-01-09,2010
2010-D050,Davis Cup,D,4.0,Hard,,2010-01-09,2010
2010-D053,Davis Cup,D,4.0,Hard,,2010-01-09,2010
2010-D054,Davis Cup,D,4.0,Hard,,2010-01-09,2010
2010-D057,Davis Cup,D,4.0,Hard,,2010-01-09,2010
2010-D058,Davis Cup,D,4.0,Hard,,2010-01-09,2010
2010-D060,Davis Cup,D,4.0,Hard,,2010-01-09,2010
2010-D061,Davis Cup,D,4.0,Clay,,2010-01-09,2010
2010-D062,Davis Cup,D,4.0,Hard,,2010-01-09,2010
2010-D066,Davis Cup,D,4.0,Clay,,2010-01-09,2010
2010-D067,Davis Cup,D,4.0,Clay,,2010-01-09,2010
2010-D068,Davis Cup,D,4.0,Clay,,2010-01-09,2010
2010-D071,Davis Cup,D,4.0,Grass,,2010-01-09,2010
2010-D072,Davis Cup,D,4.0,Clay,,2010-01-09,2010
2010-D073,Davis Cup,D,4.0,Clay,,2010-01-09,2010
2010-D074,Davis Cup,D,4.0,Clay,,2010-01-09,2010
2010-5014,Shanghai Masters,M,56.0,Hard,,2010-01-10,2010
2010-301,Auckland,A,28.0,Hard,,2010-01-11,2010
2010-338,Sydney,A,28.0,Hard,,2010-01-11,2010
2010-404,Indian Wells Masters,M,96.0,Hard,,2010-01-11,2010
2010-410,Monte Carlo Masters,M,56.0,Clay,,2010-01-11,2010
2010-316,Bastad,A,28.0,Clay,,2010-01-12,2010
2010-321,Stuttgart,A,28.0,Clay,,2010-01-12,2010
2010-440,s Hertogenbosch,A,28.0,Grass,,2010-01-13,2010
2010-741,Eastbourne,A,32.0,Grass,,2010-01-13,2010
2010-402,Memphis,A,32.0,Hard,,2010-01-15,2010
2010-422,Cincinnati Masters,M,56.0,Hard,,2010-01-15,2010
2010-496,Marseille,A,28.0,Hard,,2010-01-15,2010
2010-506,Buenos Aires,A,32.0,Clay,,2010-01-15,2010
2010-6120,Nice,A,28.0,Clay,,2010-01-16,2010
2010-615,Dusseldorf,A,32.0,Clay,,2010-01-16,2010
2010-D076,Davis Cup,D,4.0,Hard,,2010-01-16,2010
2010-D064,Davis Cup,D,4.0,Carpet,True,2010-01-17,2010
2010-D043,Davis Cup,D,4.0,Hard,,2010-01-17,2010
2010-D044,Davis Cup,D,4.0,Hard,,2010-01-17,2010
2010-D048,Davis Cup,D,4.0,Clay,,2010-01-17,2010
2010-D055,Davis Cup,D,4.0,Hard,,2010-01-17,2010
2010-D056,Davis Cup,D,4.0,Hard,,2010-01-17,2010
2010-D059,Davis Cup,D,4.0,Hard,,2010-01-17,2010
2010-D063,Davis Cup,D,4.0,Hard,,2010-01-17,2010
2010-D069,Davis Cup,D,4.0,Hard,,2010-01-17,2010
2010-D070,Davis Cup,D,4.0,Clay,,2010-01-17,2010
2010-D075,Davis Cup,D,4.0,Clay,,2010-01-17,2010
2010-D077,Davis Cup,D,4.0,Clay,,2010-01-17,2010
2010-D078,Davis Cup,D,4.0,Hard,,2010-01-17,2010
2010-D079,Davis Cup,D,4.0,Hard,,2010-01-17,2010
2010-D080,Davis Cup,D,4.0,Hard,,2010-01-17,2010
2010-D081,Davis Cup,D,4.0,Hard,,2010-01-17,2010
2010-D082,Davis Cup,D,4.0,Clay,,2010-01-17,2010
2010-429,Stockholm,A,28.0,Hard,,2010-01-18,2010
2010-438,Moscow,A,28.0,Hard,,2010-01-18,2010
2010-580,Australian Open,G,128.0,Hard,,2010-01-18,2010
2010-414,Hamburg,A,48.0,Clay,,2010-01-19,2010
2010-425,Barcelona,A,56.0,Clay,,2010-01-19,2010
2010-6116,Atlanta,A,28.0,Hard,,2010-01-19,2010
2010-341,Metz,A,28.0,Hard,,2010-01-20,2010
2010-773,Bucharest,A,28.0,Clay,,2010-01-20,2010
2010-540,Wimbledon,G,128.0,Grass,,2010-01-21,2010
2010-605,Tour Finals,F,8.0,Hard,,2010-01-21,2010
2010-3348,New Haven,A,48.0,Hard,,2010-01-22,2010
2010-495,Dubai,A,32.0,Hard,,2010-01-22,2010
2010-499,Delray Beach,A,32.0,Hard,,2010-01-22,2010
2010-807,Acapulco,A,32.0,Clay,,2010-01-22,2010
2010-403,Miami Masters,M,96.0,Hard,,2010-01-24,2010
2010-520,Roland Garros,G,128.0,Clay,,2010-01-24,2010
2010-314,Gstaad,A,32.0,Clay,,2010-01-25,2010
2010-337,Vienna,A,28.0,Hard,,2010-01-25,2010
2010-375,Montpellier,A,28.0,Hard,,2010-01-25,2010
2010-416,Rome Masters,M,56.0,Clay,,2010-01-25,2010
2010-568,St. Petersburg,A,32.0,Hard,,2010-01-25,2010
2010-423,Los Angeles,A,28.0,Hard,,2010-01-26,2010
2010-439,Umag,A,28.0,Clay,,2010-01-26,2010
2010-1720,Bangkok,A,28.0,Hard,,2010-01-27,2010
2010-6003,Kuala Lumpur,A,28.0,Hard,,2010-01-27,2010
2010-560,US Open,G,128.0,Hard,,2010-01-30,2010
2010-573,Valencia,A,32.0,Hard,,2010-01-31,2010
2011-1536,Madrid Masters,M,56.0,Clay,,2011-01-01,2011
2011-339,Brisbane,A,32.0,Hard,,2011-01-02,2011
2011-D044,Davis Cup,D,4.0,Clay,,2011-01-02,2011
2011-329,Tokyo,A,32.0,Hard,,2011-01-03,2011
2011-451,Doha,A,32.0,Hard,,2011-01-03,2011
2011-747,Beijing,A,32.0,Hard,,2011-01-03,2011
2011-891,Chennai,A,32.0,Hard,,2011-01-03,2011
2011-D007,Davis Cup,D,4.0,Carpet,True,2011-01-04,2011
2011-315,Newport,A,32.0,Grass,,2011-01-04,2011
2011-360,Casablanca,A,28.0,Clay,,2011-01-04,2011
2011-717,Houston,A,28.0,Clay,,2011-01-04,2011
2011-D001,Davis Cup,D,4.0,Hard,,2011-01-04,2011
2011-D002,Davis Cup,D,4.0,Hard,,2011-01-04,2011
2011-D003,Davis Cup,D,4.0,Hard,,2011-01-04,2011
2011-D004,Davis Cup,D,4.0,Hard,,2011-01-04,2011
2011-D005,Davis Cup,D,4.0,Clay,,2011-01-04,2011
2011-D006,Davis Cup,D,4.0,Hard,,2011-01-04,2011
2011-D008,Davis Cup,D,4.0,Clay,,2011-01-04,2011
2011-D009,Davis Cup,D,4.0,Hard,,2011-01-04,2011
2011-D010,Davis Cup,D,4.0,Hard,,2011-01-04,2011
2011-D011,Davis Cup,D,4.0,Hard,,2011-01-04,2011
2011-D012,Davis Cup,D,4.0,Clay,,2011-01-04,2011
2011-D013,Davis Cup,D,4.0,Clay,,2011-01-04,2011
2011-D014,Davis Cup,D,4.0,Hard,,2011-01-04,2011
2011-D015,Davis Cup,D,4.0,Hard,,2011-01-04,2011
2011-D016,Davis Cup,D,4.0,Clay,,2011-01-04,2011
2011-D017,Davis Cup,D,4.0,Clay,,2011-01-04,2011
2011-D018,Davis Cup,D,4.0,Clay,,2011-01-04,2011
2011-D019,Davis Cup,D,4.0,Hard,,2011-01-04,2011
2011-D020,Davis Cup,D,4.0,Hard,,2011-01-04,2011
2011-D021,Davis Cup,D,4.0,Clay,,2011-01-04,2011
2011-D022,Davis Cup,D,4.0,Hard,,2011-01-04,2011
2011-D023,Davis Cup,D,4.0,Clay,,2011-01-04,2011
2011-D024,Davis Cup,D,4.0,Clay,,2011-01-04,2011
2011-D025,Davis Cup,D,4.0,Clay,,2011-01-04,2011
2011-D026,Davis Cup,D,4.0,Hard,,2011-01-04,2011
2011-D027,Davis Cup,D,4.0,Clay,,2011-01-04,2011
2011-D028,Davis Cup,D,4.0,Clay,,2011-01-04,2011
2011-D029,Davis Cup,D,4.0,Hard,,2011-01-04,2011
2011-D030,Davis Cup,D,4.0,Hard,,2011-01-04,2011
2011-D031,Davis Cup,D,4.0,Clay,,2011-01-04,2011
2011-D032,Davis Cup,D,4.0,Hard,,2011-01-04,2011
2011-D033,Davis Cup,D,4.0,Hard,,2011-01-04,2011
2011-311,Queen's Club,A,56.0,Grass,,2011-01-06,2011
2011-500,Halle,A,32.0,Grass,,2011-01-06,2011
2011-352,Paris Masters,M,48.0,Hard,,2011-01-07,2011
2011-407,Rotterdam,A,32.0,Hard,,2011-01-07,2011
2011-424,San Jose,A,32.0,Hard,,2011-01-07,2011
2011-533,Costa Do Sauipe,A,28.0,Clay,,2011-01-07,2011
2011-D039,Davis Cup,D,4.0,Clay,,2011-01-07,2011
2011-D074,Davis Cup,D,4.0,Carpet,True,2011-01-08,2011
2011-416,Rome Masters,M,56.0,Clay,,2011-01-08,2011
2011-421,Canada Masters,M,56.0,Hard,,2011-01-08,2011
2011-D034,Davis Cup,D,4.0,Clay,,2011-01-08,2011
2011-D035,Davis Cup,D,4.0,Hard,,2011-01-08,2011
2011-D036,Davis Cup,D,4.0,Hard,,2011-01-08,2011
2011-D038,Davis Cup,D,4.0,Hard,,2011-01-08,2011
2011-D040,Davis Cup,D,4.0,Hard,,2011-01-08,2011
2011-D041,Davis Cup,D,4.0,Clay,,2011-01-08,2011
2011-D053,Davis Cup,D,4.0,Clay,,2011-01-08,2011
2011-D054,Davis Cup,D,4.0,Clay,,2011-01-08,2011
2011-D055,Davis Cup,D,4.0,Hard,,2011-01-08,2011
2011-D056,Davis Cup,D,4.0,Hard,,2011-01-08,2011
2011-D057,Davis Cup,D,4.0,Hard,,2011-01-08,2011
2011-D061,Davis Cup,D,4.0,Clay,,2011-01-08,2011
2011-D062,Davis Cup,D,4.0,Clay,,2011-01-08,2011
2011-D063,Davis Cup,D,4.0,Clay,,2011-01-08,2011
2011-D064,Davis Cup,D,4.0,Hard,,2011-01-08,2011
2011-D065,Davis Cup,D,4.0,Hard,,2011-01-08,2011
2011-D066,Davis Cup,D,4.0,Hard,,2011-01-08,2011
2011-D067,Davis Cup,D,4.0,Hard,,2011-01-08,2011
2011-D068,Davis Cup,D,4.0,Hard,,2011-01-08,2011
2011-D069,Davis Cup,D,4.0,Hard,,2011-01-08,2011
2011-D070,Davis Cup,D,4.0,Clay,,2011-01-08,2011
2011-D071,Davis Cup,D,4.0,Hard,,2011-01-08,2011
2011-D072,Davis Cup,D,4.0,Clay,,2011-01-08,2011
2011-D073,Davis Cup,D,4.0,Hard,,2011-01-08,2011
2011-D075,Davis Cup,D,4.0,Clay,,2011-01-08,2011
2011-D076,Davis Cup,D,4.0,Clay,,2011-01-08,2011
2011-5014,Shanghai Masters,M,56.0,Hard,,2011-01-09,2011
2011-301,Auckland,A,28.0,Hard,,2011-01-10,2011
2011-338,Sydney,A,28.0,Hard,,2011-01-10,2011
2011-404,Indian Wells Masters,M,96.0,Hard,,2011-01-10,2011
2011-410,Monte Carlo Masters,M,56.0,Clay,,2011-01-10,2011
2011-316,Bastad,A,28.0,Clay,,2011-01-11,2011
2011-321,Stuttgart,A,32.0,Clay,,2011-01-11,2011
2011-440,s Hertogenbosch,A,32.0,Grass,,2011-01-12,2011
2011-741,Eastbourne,A,32.0,Grass,,2011-01-12,2011
2011-402,Memphis,A,32.0,Hard,,2011-01-14,2011
2011-422,Cincinnati Masters,M,56.0,Hard,,2011-01-14,2011
2011-496,Marseille,A,28.0,Hard,,2011-01-14,2011
2011-506,Buenos Aires,A,32.0,Clay,,2011-01-14,2011
2011-6120,Nice,A,28.0,Clay,,2011-01-15,2011
2011-615,Dusseldorf,A,32.0,Clay,,2011-01-15,2011
2011-D037,Davis Cup,D,4.0,Clay,,2011-01-16,2011
2011-D042,Davis Cup,D,4.0,Hard,,2011-01-16,2011
2011-D043,Davis Cup,D,4.0,Clay,,2011-01-16,2011
2011-D045,Davis Cup,D,4.0,Clay,,2011-01-16,2011
2011-D046,Davis Cup,D,4.0,Hard,,2011-01-16,2011
2011-D047,Davis Cup,D,4.0,Hard,,2011-01-16,2011
2011-D048,Davis Cup,D,4.0,Hard,,2011-01-16,2011
2011-D049,Davis Cup,D,4.0,Hard,,2011-01-16,2011
2011-D050,Davis Cup,D,4.0,Hard,,2011-01-16,2011
2011-D051,Davis Cup,D,4.0,Hard,,2011-01-16,2011
2011-D052,Davis Cup,D,4.0,Grass,,2011-01-16,2011
2011-D058,Davis Cup,D,4.0,Clay,,2011-01-16,2011
2011-D059,Davis Cup,D,4.0,Hard,,2011-01-16,2011
2011-D060,Davis Cup,D,4.0,Clay,,2011-01-16,2011
2011-D078,Davis Cup,D,4.0,Hard,,2011-01-16,2011
2011-D079,Davis Cup,D,4.0,Hard,,2011-01-16,2011
2011-D080,Davis Cup,D,4.0,Hard,,2011-01-16,2011
2011-D081,Davis Cup,D,4.0,Clay,,2011-01-16,2011
2011-429,Stockholm,A,28.0,Hard,,2011-01-17,2011
2011-438,Moscow,A,28.0,Hard,,2011-01-17,2011
2011-580,Australian Open,G,128.0,Hard,,2011-01-17,2011
2011-414,Hamburg,A,48.0,Clay,,2011-01-18,2011
2011-425,Barcelona,A,56.0,Clay,,2011-01-18,2011
2011-6116,Atlanta,A,28.0,Hard,,2011-01-18,2011
2011-341,Metz,A,28.0,Hard,,2011-01-19,2011
2011-773,Bucharest,A,28.0,Clay,,2011-01-19,2011
2011-540,Wimbledon,G,128.0,Grass,,2011-01-20,2011
2011-605,Tour Finals,F,16.0,Hard,,2011-01-20,2011
2011-495,Dubai,A,32.0,Hard,,2011-01-21,2011
2011-499,Delray Beach,A,32.0,Hard,,2011-01-21,2011
2011-6242,Winston-Salem,A,48.0,Hard,,2011-01-21,2011
2011-807,Acapulco,A,32.0,Clay,,2011-01-21,2011
2011-520,Roland Garros,G,128.0,Clay,,2011-01-22,2011
2011-403,Miami Masters,M,96.0,Hard,,2011-01-23,2011
2011-308,Munich,A,32.0,Clay,,2011-01-24,2011
2011-337,Vienna,A,28.0,Hard,,2011-01-24,2011
2011-568,St. Petersburg,A,32.0,Hard,,2011-01-24,2011
2011-314,Gstaad,A,28.0,Clay,,2011-01-25,2011
2011-423,Los Angeles,A,28.0,Hard,,2011-01-25,2011
2011-439,Umag,A,28.0,Clay,,2011-01-25,2011
2011-468,Estoril,A,28.0,Clay,,2011-01-25,2011
2011-5053,Belgrade,A,28.0,Clay,,2011-01-25,2011
2011-1720,Bangkok,A,28.0,Hard,,2011-01-26,2011
2011-6003,Kuala Lumpur,A,28.0,Hard,,2011-01-26,2011
2011-D077,Davis Cup,D,4.0,Clay,,2011-01-28,2011
2011-560,US Open,G,128.0,Hard,,2011-01-29,2011
2011-2276,Zagreb,A,28.0,Hard,,2011-01-31,2011
2011-319,Kitzbuhel,A,28.0,Clay,,2011-01-31,2011
2011-328,Basel,A,32.0,Hard,,2011-01-31,2011
2011-418,Washington,A,48.0,Hard,,2011-01-31,2011
2011-5012,Johannesburg,A,32.0,Hard,,2011-01-31,2011
2011-505,Santiago,A,32.0,Clay,,2011-01-31,2011
2011-573,Valencia,A,32.0,Hard,,2011-01-31,2011
2012-329,Tokyo,A,32.0,Hard,,2012-01-01,2012
2012-339,Brisbane,A,32.0,Hard,,2012-01-01,2012
2012-747,Beijing,A,32.0,Hard,,2012-01-01,2012
2012-451,Doha,A,32.0,Hard,,2012-01-02,2012
2012-891,Chennai,A,28.0,Hard,,2012-01-02,2012
2012-605,Tour Finals,F,8.0,Hard,,2012-01-05,2012
2012-D052,Davis Cup,D,4.0,Carpet,True,2012-01-06,2012
2012-D054,Davis Cup,D,4.0,Carpet,True,2012-01-06,2012
2012-1536,Madrid Masters,M,56.0,Clay,,2012-01-06,2012
2012-421,Canada Masters,M,48.0,Hard,,2012-01-06,2012
2012-D018,Davis Cup,D,4.0,Hard,,2012-01-06,2012
2012-D019,Davis Cup,D,4.0,Hard,,2012-01-06,2012
2012-D020,Davis Cup,D,4.0,Hard,,2012-01-06,2012
2012-D021,Davis Cup,D,4.0,Hard,,2012-01-06,2012
2012-D025,Davis Cup,D,4.0,Clay,,2012-01-06,2012
2012-D026,Davis Cup,D,4.0,Hard,,2012-01-06,2012
2012-D027,Davis Cup,D,4.0,Clay,,2012-01-06,2012
2012-D028,Davis Cup,D,4.0,Clay,,2012-01-06,2012
2012-D037,Davis Cup,D,4.0,Clay,,2012-01-06,2012
2012-D038,Davis Cup,D,4.0,Clay,,2012-01-06,2012
2012-D039,Davis Cup,D,4.0,Clay,,2012-01-06,2012
2012-D040,Davis Cup,D,4.0,Clay,,2012-01-06,2012
2012-D049,Davis Cup,D,4.0,Hard,,2012-01-06,2012
2012-D051,Davis Cup,D,4.0,Hard,,2012-01-06,2012
2012-D053,Davis Cup,D,4.0,Hard,,2012-01-06,2012
2012-D057,Davis Cup,D,4.0,Clay,,2012-01-06,2012
2012-D058,Davis Cup,D,4.0,Clay,,2012-01-06,2012
2012-D059,Davis Cup,D,4.0,Hard,,2012-01-06,2012
2012-D060,Davis Cup,D,4.0,Clay,,2012-01-06,2012
2012-D061,Davis Cup,D,4.0,Clay,,2012-01-06,2012
2012-D062,Davis Cup,D,4.0,Hard,,2012-01-06,2012
2012-D063,Davis Cup,D,4.0,Clay,,2012-01-06,2012
2012-D064,Davis Cup,D,4.0,Hard,,2012-01-06,2012
2012-D074,Davis Cup,D,4.0,Clay,,2012-01-06,2012
2012-D075,Davis Cup,D,4.0,Hard,,2012-01-06,2012
2012-D077,Davis Cup,D,4.0,Hard,,2012-01-06,2012
2012-D078,Davis Cup,D,4.0,Hard,,2012-01-06,2012
2012-5014,Shanghai Masters,M,56.0,Hard,,2012-01-07,2012
2012-404,Indian Wells Masters,M,96.0,Hard,,2012-01-08,2012
2012-301,Auckland,A,28.0,Hard,,2012-01-09,2012
2012-315,Newport,A,32.0,Grass,,2012-01-09,2012
2012-316,Bastad,A,28.0,Clay,,2012-01-09,2012
2012-321,Stuttgart,A,28.0,Clay,,2012-01-09,2012
2012-338,Sydney,A,28.0,Hard,,2012-01-09,2012
2012-360,Casablanca,A,28.0,Clay,,2012-01-09,2012
2012-439,Umag,A,28.0,Clay,,2012-01-09,2012
2012-717,Houston,A,28.0,Clay,,2012-01-09,2012
2012-D031,Davis Cup,D,4.0,Carpet,True,2012-01-10,2012
2012-D036,Davis Cup,D,4.0,Carpet,True,2012-01-10,2012
2012-D001,Davis Cup,D,4.0,Hard,,2012-01-10,2012
2012-D003,Davis Cup,D,4.0,Hard,,2012-01-10,2012
2012-D004,Davis Cup,D,4.0,Clay,,2012-01-10,2012
2012-D005,Davis Cup,D,4.0,Clay,,2012-01-10,2012
2012-D006,Davis Cup,D,4.0,Hard,,2012-01-10,2012
2012-D007,Davis Cup,D,4.0,Hard,,2012-01-10,2012
2012-D008,Davis Cup,D,4.0,Clay,,2012-01-10,2012
2012-D009,Davis Cup,D,4.0,Hard,,2012-01-10,2012
2012-D010,Davis Cup,D,4.0,Hard,,2012-01-10,2012
2012-D011,Davis Cup,D,4.0,Hard,,2012-01-10,2012
2012-D012,Davis Cup,D,4.0,Clay,,2012-01-10,2012
2012-D013,Davis Cup,D,4.0,Clay,,2012-01-10,2012
2012-D014,Davis Cup,D,4.0,Clay,,2012-01-10,2012
2012-D015,Davis Cup,D,4.0,Hard,,2012-01-10,2012
2012-D016,Davis Cup,D,4.0,Hard,,2012-01-10,2012
2012-D017,Davis Cup,D,4.0,Hard,,2012-01-10,2012
2012-D022,Davis Cup,D,4.0,Hard,,2012-01-10,2012
2012-D023,Davis Cup,D,4.0,Hard,,2012-01-10,2012
2012-D024,Davis Cup,D,4.0,Grass,,2012-01-10,2012
2012-D029,Davis Cup,D,4.0,Hard,,2012-01-10,2012
2012-D030,Davis Cup,D,4.0,Hard,,2012-01-10,2012
2012-D032,Davis Cup,D,4.0,Clay,,2012-01-10,2012
2012-D033,Davis Cup,D,4.0,Hard,,2012-01-10,2012
2012-D034,Davis Cup,D,4.0,Hard,,2012-01-10,2012
2012-D035,Davis Cup,D,4.0,Hard,,2012-01-10,2012
2012-D070,Davis Cup,D,4.0,Hard,,2012-01-10,2012
2012-D071,Davis Cup,D,4.0,Clay,,2012-01-10,2012
2012-D072,Davis Cup,D,4.0,Hard,,2012-01-10,2012
2012-D073,Davis Cup,D,4.0,Hard,,2012-01-10,2012
2012-311,Queen's Club,A,56.0,Grass,,2012-01-11,2012
2012-500,Halle,A,28.0,Grass,,2012-01-11,2012
2012-D002,Davis Cup,D,4.0,Clay,,2012-01-11,2012
2012-422,Cincinnati Masters,M,56.0,Hard,,2012-01-12,2012
2012-407,Rotterdam,A,32.0,Hard,,2012-01-13,2012
2012-416,Rome Masters,M,56.0,Clay,,2012-01-13,2012
2012-424,San Jose,A,28.0,Hard,,2012-01-13,2012
2012-533,Sao Paulo,A,28.0,Clay,,2012-01-13,2012
2012-D041,Davis Cup,D,4.0,Clay,,2012-01-14,2012
2012-D042,Davis Cup,D,4.0,Clay,,2012-01-14,2012
2012-D043,Davis Cup,D,4.0,Clay,,2012-01-14,2012
2012-D044,Davis Cup,D,4.0,Clay,,2012-01-14,2012
2012-D045,Davis Cup,D,4.0,Hard,,2012-01-14,2012
2012-D046,Davis Cup,D,4.0,Clay,,2012-01-14,2012
2012-D047,Davis Cup,D,4.0,Clay,,2012-01-14,2012
2012-D048,Davis Cup,D,4.0,Hard,,2012-01-14,2012
2012-D050,Davis Cup,D,4.0,Hard,,2012-01-14,2012
2012-D055,Davis Cup,D,4.0,Hard,,2012-01-14,2012
2012-D056,Davis Cup,D,4.0,Hard,,2012-01-14,2012
2012-D065,Davis Cup,D,4.0,Hard,,2012-01-14,2012
2012-D066,Davis Cup,D,4.0,Hard,,2012-01-14,2012
2012-D067,Davis Cup,D,4.0,Clay,,2012-01-14,2012
2012-D068,Davis Cup,D,4.0,Clay,,2012-01-14,2012
2012-D069,Davis Cup,D,4.0,Clay,,2012-01-14,2012
2012-D076,Davis Cup,D,4.0,Clay,,2012-01-14,2012
2012-D079,Davis Cup,D,4.0,Hard,,2012-01-14,2012
2012-337,Vienna,A,28.0,Hard,,2012-01-15,2012
2012-410,Monte Carlo Masters,M,56.0,Clay,,2012-01-15,2012
2012-429,Stockholm,A,28.0,Hard,,2012-01-15,2012
2012-438,Moscow,A,28.0,Hard,,2012-01-15,2012
2012-314,Gstaad,A,28.0,Clay,,2012-01-16,2012
2012-414,Hamburg,A,32.0,Clay,,2012-01-16,2012
2012-580,Australian Open,G,128.0,Hard,,2012-01-16,2012
2012-6116,Atlanta,A,28.0,Hard,,2012-01-16,2012
2012-M-DC-2012-WG-M-ESP-CZE-01,Davis Cup,D,4.0,Hard,,2012-01-16,2012
2012-341,Metz,A,28.0,Hard,,2012-01-17,2012
2012-440,s Hertogenbosch,A,32.0,Grass,,2012-01-17,2012
2012-568,St. Petersburg,A,32.0,Hard,,2012-01-17,2012
2012-741,Eastbourne,A,28.0,Grass,,2012-01-18,2012
2012-6242,Winston-Salem,A,48.0,Hard,,2012-01-19,2012
2012-402,Memphis,A,32.0,Hard,,2012-01-20,2012
2012-496,Marseille,A,28.0,Hard,,2012-01-20,2012
2012-506,Buenos Aires,A,32.0,Clay,,2012-01-20,2012
2012-6120,Nice,A,28.0,Clay,,2012-01-20,2012
2012-403,Miami Masters,M,96.0,Hard,,2012-01-21,2012
2012-573,Valencia,A,32.0,Hard,,2012-01-21,2012
2012-615,Dusseldorf,A,64.0,Clay,,2012-01-21,2012
2012-319,Kitzbuhel,A,28.0,Clay,,2012-01-22,2012
2012-328,Basel,A,32.0,Hard,,2012-01-22,2012
2012-423,Los Angeles,A,28.0,Hard,,2012-01-23,2012
2012-425,Barcelona,A,56.0,Clay,,2012-01-23,2012
2012-773,Bucharest,A,28.0,Clay,,2012-01-23,2012
2012-1720,Bangkok,A,28.0,Hard,,2012-01-24,2012
2012-6003,Kuala Lumpur,A,28.0,Hard,,2012-01-24,2012
2012-540,Wimbledon,G,128.0,Grass,,2012-01-25,2012
2012-96,London Olympics,O,64.0,Grass,,2012-01-25,2012
2012-495,Dubai,A,32.0,Hard,,2012-01-27,2012
2012-499,Delray Beach,A,32.0,Hard,,2012-01-27,2012
2012-520,Roland Garros,G,128.0,Clay,,2012-01-27,2012
2012-560,US Open,G,128.0,Hard,,2012-01-27,2012
2012-807,Acapulco,A,32.0,Clay,,2012-01-27,2012
2012-352,Paris Masters,M,48.0,Hard,,2012-01-29,2012
2012-2276,Zagreb,A,32.0,Hard,,2012-01-30,2012
2012-308,Munich,A,28.0,Clay,,2012-01-30,2012
2012-375,Montpellier,A,28.0,Hard,,2012-01-30,2012
2012-418,Washington,A,32.0,Hard,,2012-01-30,2012
2012-468,Estoril,A,28.0,Clay,,2012-01-30,2012
2012-505,Santiago,A,28.0,Clay,,2012-01-30,2012
2012-5053,Belgrade,A,28.0,Clay,,2012-01-30,2012
2013-339,Brisbane,A,28.0,Hard,,2012-01-30,2012
2013-451,Doha,A,32.0,Hard,,2012-01-31,2012
2013-891,Chennai,A,28.0,Hard,,2012-01-31,2012
2013-D001,Davis Cup,D,4.0,Hard,,2013-01-01,2013
2013-D002,Davis Cup,D,4.0,Clay,,2013-01-01,2013
2013-D003,Davis Cup,D,4.0,Clay,,2013-01-01,2013
2013-D004,Davis Cup,D,4.0,Hard,,2013-01-01,2013
2013-D005,Davis Cup,D,4.0,Hard,,2013-01-01,2013
2013-D006,Davis Cup,D,4.0,Clay,,2013-01-01,2013
2013-D007,Davis Cup,D,4.0,Clay,,2013-01-01,2013
2013-D008,Davis Cup,D,4.0,Hard,,2013-01-01,2013
2013-D016,Davis Cup,D,4.0,Clay,,2013-01-01,2013
2013-D019,Davis Cup,D,4.0,Hard,,2013-01-01,2013
2013-D020,Davis Cup,D,4.0,Clay,,2013-01-01,2013
2013-D021,Davis Cup,D,4.0,Hard,,2013-01-01,2013
2013-D022,Davis Cup,D,4.0,Clay,,2013-01-01,2013
2013-D023,Davis Cup,D,4.0,Hard,,2013-01-01,2013
2013-D024,Davis Cup,D,4.0,Hard,,2013-01-01,2013
2013-D025,Davis Cup,D,4.0,Hard,,2013-01-01,2013
2013-D030,Davis Cup,D,4.0,Hard,,2013-01-01,2013
2013-D031,Davis Cup,D,4.0,Clay,,2013-01-01,2013
2013-D032,Davis Cup,D,4.0,Hard,,2013-01-01,2013
2013-D033,Davis Cup,D,4.0,Clay,,2013-01-01,2013
2013-D047,Davis Cup,D,4.0,Hard,,2013-01-01,2013
2013-D048,Davis Cup,D,4.0,Hard,,2013-01-01,2013
2013-D049,Davis Cup,D,4.0,Hard,,2013-01-01,2013
2013-D050,Davis Cup,D,4.0,Clay,,2013-01-01,2013
2013-D051,Davis Cup,D,4.0,Hard,,2013-01-01,2013
2013-D052,Davis Cup,D,4.0,Hard,,2013-01-01,2013
2013-D053,Davis Cup,D,4.0,Hard,,2013-01-01,2013
2013-D054,Davis Cup,D,4.0,Clay,,2013-01-01,2013
2013-D065,Davis Cup,D,4.0,Hard,,2013-01-01,2013
2013-D066,Davis Cup,D,4.0,Clay,,2013-01-01,2013
2013-D067,Davis Cup,D,4.0,Hard,,2013-01-01,2013
2013-D068,Davis Cup,D,4.0,Hard,,2013-01-01,2013
2013-2276,Zagreb,A,28.0,Hard,,2013-01-04,2013
2013-375,Montpellier,A,28.0,Hard,,2013-01-04,2013
2013-505,Santiago,A,28.0,Clay,,2013-01-04,2013
2013-605,Tour Finals,F,8.0,Hard,,2013-01-04,2013
2013-1536,Madrid Masters,M,56.0,Clay,,2013-01-05,2013
2013-421,Canada Masters,M,56.0,Hard,,2013-01-05,2013
2013-D009,Davis Cup,D,4.0,Hard,,2013-01-05,2013
2013-D010,Davis Cup,D,4.0,Hard,,2013-01-05,2013
2013-D011,Davis Cup,D,4.0,Clay,,2013-01-05,2013
2013-D012,Davis Cup,D,4.0,Clay,,2013-01-05,2013
2013-D017,Davis Cup,D,4.0,Hard,,2013-01-05,2013
2013-D018,Davis Cup,D,4.0,Hard,,2013-01-05,2013
2013-D026,Davis Cup,D,4.0,Hard,,2013-01-05,2013
2013-D027,Davis Cup,D,4.0,Hard,,2013-01-05,2013
2013-D028,Davis Cup,D,4.0,Hard,,2013-01-05,2013
2013-D029,Davis Cup,D,4.0,Hard,,2013-01-05,2013
2013-D034,Davis Cup,D,4.0,Grass,,2013-01-05,2013
2013-D035,Davis Cup,D,4.0,Clay,,2013-01-05,2013
2013-D037,Davis Cup,D,4.0,Hard,,2013-01-05,2013
2013-D038,Davis Cup,D,4.0,Clay,,2013-01-05,2013
2013-D043,Davis Cup,D,4.0,Hard,,2013-01-05,2013
2013-D044,Davis Cup,D,4.0,Hard,,2013-01-05,2013
2013-D045,Davis Cup,D,4.0,Clay,,2013-01-05,2013
2013-D046,Davis Cup,D,4.0,Hard,,2013-01-05,2013
2013-D055,Davis Cup,D,4.0,Hard,,2013-01-05,2013
2013-D056,Davis Cup,D,4.0,Clay,,2013-01-05,2013
2013-D057,Davis Cup,D,4.0,Clay,,2013-01-05,2013
2013-D058,Davis Cup,D,4.0,Clay,,2013-01-05,2013
2013-D061,Davis Cup,D,4.0,Clay,,2013-01-05,2013
2013-D062,Davis Cup,D,4.0,Clay,,2013-01-05,2013
2013-D063,Davis Cup,D,4.0,Hard,,2013-01-05,2013
2013-D064,Davis Cup,D,4.0,Hard,,2013-01-05,2013
2013-D069,Davis Cup,D,4.0,Clay,,2013-01-05,2013
2013-D070,Davis Cup,D,4.0,Hard,,2013-01-05,2013
2013-D071,Davis Cup,D,4.0,Hard,,2013-01-05,2013
2013-D072,Davis Cup,D,4.0,Hard,,2013-01-05,2013
2013-301,Auckland,A,28.0,Hard,,2013-01-07,2013
2013-338,Sydney,A,28.0,Hard,,2013-01-07,2013
2013-404,Indian Wells Masters,M,96.0,Hard,,2013-01-07,2013
2013-5014,Shanghai Masters,M,56.0,Hard,,2013-01-07,2013
2013-315,Newport,A,32.0,Grass,,2013-01-08,2013
2013-316,Bastad,A,28.0,Clay,,2013-01-08,2013
2013-321,Stuttgart,A,28.0,Clay,,2013-01-08,2013
2013-360,Casablanca,A,28.0,Clay,,2013-01-08,2013
2013-717,Houston,A,28.0,Clay,,2013-01-08,2013
2013-311,Queen's Club,A,56.0,Grass,,2013-01-10,2013
2013-500,Halle,A,28.0,Grass,,2013-01-10,2013
2013-407,Rotterdam,A,32.0,Hard,,2013-01-11,2013
2013-422,Cincinnati Masters,M,56.0,Hard,,2013-01-11,2013
2013-424,San Jose,A,28.0,Hard,,2013-01-11,2013
2013-533,Sao Paulo,A,28.0,Clay,,2013-01-11,2013
2013-416,Rome Masters,M,56.0,Clay,,2013-01-12,2013
2013-D080,Davis Cup,D,4.0,Clay,,2013-01-12,2013
2013-D013,Davis Cup,D,4.0,Clay,,2013-01-13,2013
2013-D014,Davis Cup,D,4.0,Hard,,2013-01-13,2013
2013-D036,Davis Cup,D,4.0,Clay,,2013-01-13,2013
2013-D039,Davis Cup,D,4.0,Hard,,2013-01-13,2013
2013-D040,Davis Cup,D,4.0,Hard,,2013-01-13,2013
2013-D041,Davis Cup,D,4.0,Clay,,2013-01-13,2013
2013-D042,Davis Cup,D,4.0,Hard,,2013-01-13,2013
2013-D059,Davis Cup,D,4.0,Hard,,2013-01-13,2013
2013-D060,Davis Cup,D,4.0,Hard,,2013-01-13,2013
2013-D073,Davis Cup,D,4.0,Hard,,2013-01-13,2013
2013-D074,Davis Cup,D,4.0,Clay,,2013-01-13,2013
2013-D075,Davis Cup,D,4.0,Clay,,2013-01-13,2013
2013-D076,Davis Cup,D,4.0,Clay,,2013-01-13,2013
2013-D077,Davis Cup,D,4.0,Hard,,2013-01-13,2013
2013-D078,Davis Cup,D,4.0,Hard,,2013-01-13,2013
2013-D079,Davis Cup,D,4.0,Clay,,2013-01-13,2013
2013-D081,Davis Cup,D,4.0,Hard,,2013-01-13,2013
2013-337,Vienna,A,28.0,Hard,,2013-01-14,2013
2013-410,Monte Carlo Masters,M,56.0,Clay,,2013-01-14,2013
2013-429,Stockholm,A,28.0,Hard,,2013-01-14,2013
2013-438,Moscow,A,28.0,Hard,,2013-01-14,2013
2013-580,Australian Open,G,128.0,Hard,,2013-01-14,2013
2013-414,Hamburg,A,48.0,Clay,,2013-01-15,2013
2013-6718,Bogota,A,28.0,Hard,,2013-01-15,2013
2013-D015,Davis Cup,D,4.0,Hard,,2013-01-15,2013
2013-341,Metz,A,28.0,Hard,,2013-01-16,2013
2013-440,s Hertogenbosch,A,32.0,Grass,,2013-01-16,2013
2013-568,St. Petersburg,A,32.0,Hard,,2013-01-16,2013
2013-741,Eastbourne,A,28.0,Grass,,2013-01-17,2013
2013-402,Memphis,A,32.0,Hard,,2013-01-18,2013
2013-496,Marseille,A,28.0,Hard,,2013-01-18,2013
2013-506,Buenos Aires,A,32.0,Clay,,2013-01-18,2013
2013-6242,Winston-Salem,A,48.0,Hard,,2013-01-18,2013
2013-6120,Nice,A,28.0,Clay,,2013-01-19,2013
2013-6710,Dusseldorf,A,28.0,Clay,,2013-01-19,2013
2013-403,Miami Masters,M,96.0,Hard,,2013-01-20,2013
2013-328,Basel,A,32.0,Hard,,2013-01-21,2013
2013-573,Valencia,A,32.0,Hard,,2013-01-21,2013
2013-314,Gstaad,A,28.0,Clay,,2013-01-22,2013
2013-425,Barcelona,A,48.0,Clay,,2013-01-22,2013
2013-439,Umag,A,28.0,Clay,,2013-01-22,2013
2013-6116,Atlanta,A,28.0,Hard,,2013-01-22,2013
2013-773,Bucharest,A,28.0,Clay,,2013-01-22,2013
2013-1720,Bangkok,A,28.0,Hard,,2013-01-23,2013
2013-6003,Kuala Lumpur,A,28.0,Hard,,2013-01-23,2013
2013-540,Wimbledon,G,128.0,Grass,,2013-01-24,2013
2013-495,Dubai,A,32.0,Hard,,2013-01-25,2013
2013-499,Delray Beach,A,32.0,Hard,,2013-01-25,2013
2013-807,Acapulco,A,32.0,Clay,,2013-01-25,2013
2013-D082,Davis Cup,D,4.0,Hard,,2013-01-25,2013
2013-560,US Open,G,128.0,Hard,,2013-01-26,2013
2013-520,Roland Garros,G,128.0,Clay,,2013-01-27,2013
2013-319,Kitzbuhel,A,28.0,Clay,,2013-01-28,2013
2013-352,Paris Masters,M,48.0,Hard,,2013-01-28,2013
2013-308,Munich,A,28.0,Clay,,2013-01-29,2013
2013-418,Washington,A,48.0,Hard,,2013-01-29,2013
2013-468,Estoril,A,28.0,Clay,,2013-01-29,2013
2014-339,Brisbane,A,28.0,Hard,,2013-01-29,2013
2013-329,Tokyo,A,32.0,Hard,,2013-01-30,2013
2013-747,Beijing,A,32.0,Hard,,2013-01-30,2013
2014-451,Doha,A,32.0,Hard,,2013-01-30,2013
2014-891,Chennai,A,28.0,Hard,,2013-01-30,2013
2014-2276,Zagreb,A,28.0,Hard,,2014-01-03,2014
2014-375,Montpellier,A,28.0,Hard,,2014-01-03,2014
2014-505,Vina del Mar,A,28.0,Clay,,2014-01-03,2014
2014-1536,Madrid Masters,M,56.0,Clay,,2014-01-04,2014
2014-421,Canada Masters,M,56.0,Hard,,2014-01-04,2014
2014-D009,Davis Cup,D,4.0,Hard,,2014-01-04,2014
2014-D010,Davis Cup,D,4.0,Hard,,2014-01-04,2014
2014-D011,Davis Cup,D,4.0,Clay,,2014-01-04,2014
2014-D012,Davis Cup,D,4.0,Hard,,2014-01-04,2014
2014-D030,Davis Cup,D,4.0,Clay,,2014-01-04,2014
2014-D031,Davis Cup,D,4.0,Clay,,2014-01-04,2014
2014-D034,Davis Cup,D,4.0,Hard,,2014-01-04,2014
2014-D035,Davis Cup,D,4.0,Hard,,2014-01-04,2014
2014-D036,Davis Cup,D,4.0,Hard,,2014-01-04,2014
2014-D037,Davis Cup,D,4.0,Hard,,2014-01-04,2014
2014-D039,Davis Cup,D,4.0,Clay,,2014-01-04,2014
2014-D040,Davis Cup,D,4.0,Clay,,2014-01-04,2014
2014-D047,Davis Cup,D,4.0,Clay,,2014-01-04,2014
2014-D048,Davis Cup,D,4.0,Hard,,2014-01-04,2014
2014-D050,Davis Cup,D,4.0,Hard,,2014-01-04,2014
2014-D056,Davis Cup,D,4.0,Hard,,2014-01-04,2014
2014-D057,Davis Cup,D,4.0,Clay,,2014-01-04,2014
2014-D058,Davis Cup,D,4.0,Hard,,2014-01-04,2014
2014-D070,Davis Cup,D,4.0,Hard,,2014-01-04,2014
2014-D071,Davis Cup,D,4.0,Hard,,2014-01-04,2014
2014-D072,Davis Cup,D,4.0,Clay,,2014-01-04,2014
2014-D073,Davis Cup,D,4.0,Hard,,2014-01-04,2014
2014-D076,Davis Cup,D,4.0,Hard,,2014-01-04,2014
2014-D077,Davis Cup,D,4.0,Clay,,2014-01-04,2014
2014-D078,Davis Cup,D,4.0,Hard,,2014-01-04,2014
2014-D079,Davis Cup,D,4.0,Clay,,2014-01-04,2014
2014-5014,Shanghai Masters,M,56.0,Hard,,2014-01-05,2014
2014-301,Auckland,A,28.0,Hard,,2014-01-06,2014
2014-338,Sydney,A,28.0,Hard,,2014-01-06,2014
2014-404,Indian Wells Masters,M,96.0,Hard,,2014-01-06,2014
2014-315,Newport,A,32.0,Grass,,2014-01-07,2014
2014-316,Bastad,A,28.0,Clay,,2014-01-07,2014
2014-321,Stuttgart,A,28.0,Clay,,2014-01-07,2014
2014-360,Casablanca,A,28.0,Clay,,2014-01-07,2014
2014-717,Houston,A,28.0,Clay,,2014-01-07,2014
2014-311,Queen's Club,A,56.0,Grass,,2014-01-09,2014
2014-500,Halle,A,28.0,Grass,,2014-01-09,2014
2014-605,Tour Finals,F,8.0,Hard,,2014-01-09,2014
2014-402,Memphis,A,28.0,Hard,,2014-01-10,2014
2014-407,Rotterdam,A,32.0,Hard,,2014-01-10,2014
2014-422,Cincinnati Masters,M,56.0,Hard,,2014-01-10,2014
2014-506,Buenos Aires,A,32.0,Clay,,2014-01-10,2014
2014-416,Rome Masters,M,56.0,Clay,,2014-01-11,2014
2014-D075,Davis Cup,D,4.0,Carpet,True,2014-01-12,2014
2014-D013,Davis Cup,D,4.0,Clay,,2014-01-12,2014
2014-D014,Davis Cup,D,4.0,Hard,,2014-01-12,2014
2014-D016,Davis Cup,D,4.0,Hard,,2014-01-12,2014
2014-D017,Davis Cup,D,4.0,Clay,,2014-01-12,2014
2014-D018,Davis Cup,D,4.0,Hard,,2014-01-12,2014
2014-D019,Davis Cup,D,4.0,Hard,,2014-01-12,2014
2014-D020,Davis Cup,D,4.0,Hard,,2014-01-12,2014
2014-D021,Davis Cup,D,4.0,Grass,,2014-01-12,2014
2014-D022,Davis Cup,D,4.0,Clay,,2014-01-12,2014
2014-D023,Davis Cup,D,4.0,Hard,,2014-01-12,2014
2014-D038,Davis Cup,D,4.0,Hard,,2014-01-12,2014
2014-D041,Davis Cup,D,4.0,Hard,,2014-01-12,2014
2014-D042,Davis Cup,D,4.0,Hard,,2014-01-12,2014
2014-D049,Davis Cup,D,4.0,Hard,,2014-01-12,2014
2014-D059,Davis Cup,D,4.0,Clay,,2014-01-12,2014
2014-D060,Davis Cup,D,4.0,Hard,,2014-01-12,2014
2014-D061,Davis Cup,D,4.0,Hard,,2014-01-12,2014
2014-D074,Davis Cup,D,4.0,Hard,,2014-01-12,2014
2014-337,Vienna,A,28.0,Hard,,2014-01-13,2014
2014-410,Monte Carlo Masters,M,56.0,Clay,,2014-01-13,2014
2014-429,Stockholm,A,28.0,Hard,,2014-01-13,2014
2014-438,Moscow,A,28.0,Hard,,2014-01-13,2014
2014-580,Australian Open,G,128.0,Hard,,2014-01-13,2014
2014-414,Hamburg,A,48.0,Clay,,2014-01-14,2014
2014-6718,Bogota,A,28.0,Hard,,2014-01-14,2014
2014-D044,Davis Cup,D,4.0,Hard,,2014-01-14,2014
2014-D045,Davis Cup,D,4.0,Hard,,2014-01-14,2014
2014-341,Metz,A,28.0,Hard,,2014-01-15,2014
2014-440,s Hertogenbosch,A,32.0,Grass,,2014-01-15,2014
2014-741,Eastbourne,A,28.0,Grass,,2014-01-16,2014
2014-496,Marseille,A,28.0,Hard,,2014-01-17,2014
2014-499,Delray Beach,A,32.0,Hard,,2014-01-17,2014
2014-6242,Winston-Salem,A,48.0,Hard,,2014-01-17,2014
2014-6932,Rio de Janeiro,A,32.0,Clay,,2014-01-17,2014
2014-6120,Nice,A,28.0,Clay,,2014-01-18,2014
2014-6710,Dusseldorf,A,28.0,Clay,,2014-01-18,2014
2014-403,Miami Masters,M,96.0,Hard,,2014-01-19,2014
2014-328,Basel,A,32.0,Hard,,2014-01-20,2014
2014-573,Valencia,A,32.0,Hard,,2014-01-20,2014
2014-314,Gstaad,A,28.0,Clay,,2014-01-21,2014
2014-425,Barcelona,A,48.0,Clay,,2014-01-21,2014
2014-439,Umag,A,28.0,Clay,,2014-01-21,2014
2014-6116,Atlanta,A,28.0,Hard,,2014-01-21,2014
2014-773,Bucharest,A,28.0,Clay,,2014-01-21,2014
2014-D015,Davis Cup,D,4.0,Clay,,2014-01-21,2014
2014-6003,Kuala Lumpur,A,28.0,Hard,,2014-01-22,2014
2014-6967,Shenzhen,A,28.0,Hard,,2014-01-22,2014
2014-540,Wimbledon,G,128.0,Grass,,2014-01-23,2014
2014-495,Dubai,A,32.0,Hard,,2014-01-24,2014
2014-533,Sao Paulo,A,28.0,Clay,,2014-01-24,2014
2014-807,Acapulco,A,32.0,Hard,,2014-01-24,2014
2014-560,US Open,G,128.0,Hard,,2014-01-25,2014
2014-D051,Davis Cup,D,4.0,Hard,,2014-01-25,2014
2014-520,Roland Garros,G,128.0,Clay,,2014-01-26,2014
2014-319,Kitzbuhel,A,28.0,Clay,,2014-01-27,2014
2014-352,Paris Masters,M,48.0,Hard,,2014-01-27,2014
2014-D032,Davis Cup,D,4.0,Hard,,2014-01-27,2014
2014-308,Munich,A,28.0,Clay,,2014-01-28,2014
2014-418,Washington,A,48.0,Hard,,2014-01-28,2014
2014-468,Estoril,A,28.0,Clay,,2014-01-28,2014
2014-329,Tokyo,A,32.0,Hard,,2014-01-29,2014
2014-747,Beijing,A,32.0,Hard,,2014-01-29,2014
2014-D065,Davis Cup,D,4.0,Carpet,True,2014-01-31,2014
2014-D001,Davis Cup,D,4.0,Hard,,2014-01-31,2014
2014-D002,Davis Cup,D,4.0,Hard,,2014-01-31,2014
2014-D003,Davis Cup,D,4.0,Hard,,2014-01-31,2014
2014-D004,Davis Cup,D,4.0,Clay,,2014-01-31,2014
2014-D005,Davis Cup,D,4.0,Clay,,2014-01-31,2014
2014-D006,Davis Cup,D,4.0,Clay,,2014-01-31,2014
2014-D007,Davis Cup,D,4.0,Hard,,2014-01-31,2014
2014-D008,Davis Cup,D,4.0,Hard,,2014-01-31,2014
2014-D024,Davis Cup,D,4.0,Hard,,2014-01-31,2014
2014-D025,Davis Cup,D,4.0,Clay,,2014-01-31,2014
2014-D026,Davis Cup,D,4.0,Clay,,2014-01-31,2014
2014-D027,Davis Cup,D,4.0,Hard,,2014-01-31,2014
2014-D028,Davis Cup,D,4.0,Clay,,2014-01-31,2014
2014-D029,Davis Cup,D,4.0,Hard,,2014-01-31,2014
2014-D033,Davis Cup,D,4.0,Hard,,2014-01-31,2014
2014-D043,Davis Cup,D,4.0,Hard,,2014-01-31,2014
2014-D046,Davis Cup,D,4.0,Hard,,2014-01-31,2014
2014-D052,Davis Cup,D,4.0,Hard,,2014-01-31,2014
2014-D053,Davis Cup,D,4.0,Hard,,2014-01-31,2014
2014-D054,Davis Cup,D,4.0,Hard,,2014-01-31,2014
2014-D055,Davis Cup,D,4.0,Hard,,2014-01-31,2014
2014-D062,Davis Cup,D,4.0,Hard,,2014-01-31,2014
2014-D063,Davis Cup,D,4.0,Hard,,2014-01-31,2014
2014-D064,Davis Cup,D,4.0,Hard,,2014-01-31,2014
2014-D066,Davis Cup,D,4.0,Hard,,2014-01-31,2014
2014-D067,Davis Cup,D,4.0,Hard,,2014-01-31,2014
2014-D068,Davis Cup,D,4.0,Clay,,2014-01-31,2014
2014-D069,Davis Cup,D,4.0,Clay,,2014-01-31,2014
2015-2276,Zagreb,A,28.0,Hard,,2015-01-02,2015
2015-352,Paris Masters,M,48.0,Hard,,2015-01-02,2015
2015-375,Montpellier,A,28.0,Hard,,2015-01-02,2015
2015-7161,Quito,A,28.0,Clay,,2015-01-02,2015
2015-1536,Madrid Masters,M,56.0,Clay,,2015-01-03,2015
2015-319,Kitzbuhel,A,28.0,Clay,,2015-01-03,2015
2015-418,Washington,A,48.0,Hard,,2015-01-03,2015
2015-339,Brisbane,A,28.0,Hard,,2015-01-04,2015
2015-329,Tokyo,A,32.0,Hard,,2015-01-05,2015
2015-451,Doha,A,32.0,Hard,,2015-01-05,2015
2015-747,Beijing,A,32.0,Hard,,2015-01-05,2015
2015-891,Chennai,A,28.0,Hard,,2015-01-05,2015
2015-360,Casablanca,A,28.0,Clay,,2015-01-06,2015
2015-717,Houston,A,28.0,Clay,,2015-01-06,2015
2015-D001,Davis Cup,D,4.0,Hard,,2015-01-06,2015
2015-D002,Davis Cup,D,4.0,Hard,,2015-01-06,2015
2015-D003,Davis Cup,D,4.0,Hard,,2015-01-06,2015
2015-D004,Davis Cup,D,4.0,Hard,,2015-01-06,2015
2015-D005,Davis Cup,D,4.0,Clay,,2015-01-06,2015
2015-D006,Davis Cup,D,4.0,Hard,,2015-01-06,2015
2015-D007,Davis Cup,D,4.0,Hard,,2015-01-06,2015
2015-D008,Davis Cup,D,4.0,Hard,,2015-01-06,2015
2015-D016,Davis Cup,D,4.0,Hard,,2015-01-06,2015
2015-D017,Davis Cup,D,4.0,Clay,,2015-01-06,2015
2015-D020,Davis Cup,D,4.0,Hard,,2015-01-06,2015
2015-D021,Davis Cup,D,4.0,Hard,,2015-01-06,2015
2015-D024,Davis Cup,D,4.0,Hard,,2015-01-06,2015
2015-D025,Davis Cup,D,4.0,Hard,,2015-01-06,2015
2015-D026,Davis Cup,D,4.0,Hard,,2015-01-06,2015
2015-D027,Davis Cup,D,4.0,Hard,,2015-01-06,2015
2015-D028,Davis Cup,D,4.0,Hard,,2015-01-06,2015
2015-D036,Davis Cup,D,4.0,Hard,,2015-01-06,2015
2015-D037,Davis Cup,D,4.0,Hard,,2015-01-06,2015
2015-D038,Davis Cup,D,4.0,Hard,,2015-01-06,2015
2015-D039,Davis Cup,D,4.0,Clay,,2015-01-06,2015
2015-D043,Davis Cup,D,4.0,Hard,,2015-01-06,2015
2015-D044,Davis Cup,D,4.0,Clay,,2015-01-06,2015
2015-D045,Davis Cup,D,4.0,Hard,,2015-01-06,2015
2015-D046,Davis Cup,D,4.0,Clay,,2015-01-06,2015
2015-D050,Davis Cup,D,4.0,Hard,,2015-01-06,2015
2015-D051,Davis Cup,D,4.0,Hard,,2015-01-06,2015
2015-D052,Davis Cup,D,4.0,Hard,,2015-01-06,2015
2015-D053,Davis Cup,D,4.0,Clay,,2015-01-06,2015
2015-D054,Davis Cup,D,4.0,Hard,,2015-01-06,2015
2015-D055,Davis Cup,D,4.0,Hard,,2015-01-06,2015
2015-D056,Davis Cup,D,4.0,Hard,,2015-01-06,2015
2015-D057,Davis Cup,D,4.0,Hard,,2015-01-06,2015
2015-321,Stuttgart,A,28.0,Grass,,2015-01-08,2015
2015-440,s Hertogenbosch,A,28.0,Grass,,2015-01-08,2015
2015-402,Memphis,A,28.0,Hard,,2015-01-09,2015
2015-407,Rotterdam,A,32.0,Hard,,2015-01-09,2015
2015-533,Sao Paulo,A,28.0,Clay,,2015-01-09,2015
2015-416,Rome Masters,M,56.0,Clay,,2015-01-10,2015
2015-421,Canada Masters,M,56.0,Hard,,2015-01-10,2015
2015-338,Sydney,A,28.0,Hard,,2015-01-11,2015
2015-5014,Shanghai Masters,M,56.0,Hard,,2015-01-11,2015
2015-301,Auckland,A,28.0,Hard,,2015-01-12,2015
2015-404,Indian Wells Masters,M,96.0,Hard,,2015-01-12,2015
2015-410,Monte Carlo Masters,M,56.0,Clay,,2015-01-12,2015
2015-315,Newport,A,32.0,Grass,,2015-01-13,2015
2015-D048,Davis Cup,D,4.0,Hard,,2015-01-14,2015
2015-311,Queen's Club,A,32.0,Grass,,2015-01-15,2015
2015-500,Halle,A,32.0,Grass,,2015-01-15,2015
2015-605,Tour Finals,F,8.0,Hard,,2015-01-15,2015
2015-422,Cincinnati Masters,M,56.0,Hard,,2015-01-16,2015
2015-496,Marseille,A,28.0,Hard,,2015-01-16,2015
2015-499,Delray Beach,A,32.0,Hard,,2015-01-16,2015
2015-6932,Rio de Janeiro,A,32.0,Clay,,2015-01-16,2015
2015-322,Geneva,A,28.0,Clay,,2015-01-17,2015
2015-6120,Nice,A,28.0,Clay,,2015-01-17,2015
2015-D009,Davis Cup,D,4.0,Grass,,2015-01-17,2015
2015-D010,Davis Cup,D,4.0,Grass,,2015-01-17,2015
2015-D011,Davis Cup,D,4.0,Clay,,2015-01-17,2015
2015-D012,Davis Cup,D,4.0,Clay,,2015-01-17,2015
2015-D018,Davis Cup,D,4.0,Clay,,2015-01-17,2015
2015-D022,Davis Cup,D,4.0,Clay,,2015-01-17,2015
2015-D023,Davis Cup,D,4.0,Hard,,2015-01-17,2015
2015-D029,Davis Cup,D,4.0,Hard,,2015-01-17,2015
2015-D030,Davis Cup,D,4.0,Clay,,2015-01-17,2015
2015-D031,Davis Cup,D,4.0,Clay,,2015-01-17,2015
2015-D032,Davis Cup,D,4.0,Hard,,2015-01-17,2015
2015-D034,Davis Cup,D,4.0,Hard,,2015-01-17,2015
2015-D040,Davis Cup,D,4.0,Hard,,2015-01-17,2015
2015-D041,Davis Cup,D,4.0,Clay,,2015-01-17,2015
2015-D047,Davis Cup,D,4.0,Hard,,2015-01-17,2015
2015-D058,Davis Cup,D,4.0,Hard,,2015-01-17,2015
2015-D059,Davis Cup,D,4.0,Clay,,2015-01-17,2015
2015-D060,Davis Cup,D,4.0,Clay,,2015-01-17,2015
2015-D061,Davis Cup,D,4.0,Clay,,2015-01-17,2015
2015-D064,Davis Cup,D,4.0,Hard,,2015-01-17,2015
2015-D065,Davis Cup,D,4.0,Clay,,2015-01-17,2015
2015-D066,Davis Cup,D,4.0,Hard,,2015-01-17,2015
2015-D067,Davis Cup,D,4.0,Clay,,2015-01-17,2015
2015-D068,Davis Cup,D,4.0,Clay,,2015-01-17,2015
2015-D069,Davis Cup,D,4.0,Clay,,2015-01-17,2015
2015-D070,Davis Cup,D,4.0,Hard,,2015-01-17,2015
2015-D071,Davis Cup,D,4.0,Clay,,2015-01-17,2015
2015-D013,Davis Cup,D,4.0,Hard,,2015-01-18,2015
2015-D014,Davis Cup,D,4.0,Hard,,2015-01-18,2015
2015-D019,Davis Cup,D,4.0,Hard,,2015-01-18,2015
2015-D033,Davis Cup,D,4.0,Hard,,2015-01-18,2015
2015-D035,Davis Cup,D,4.0,Hard,,2015-01-18,2015
2015-D042,Davis Cup,D,4.0,Clay,,2015-01-18,2015
2015-D049,Davis Cup,D,4.0,Hard,,2015-01-18,2015
2015-D062,Davis Cup,D,4.0,Clay,,2015-01-18,2015
2015-D063,Davis Cup,D,4.0,Clay,,2015-01-18,2015
2015-D073,Davis Cup,D,4.0,Hard,,2015-01-18,2015
2015-D074,Davis Cup,D,4.0,Hard,,2015-01-18,2015
2015-D075,Davis Cup,D,4.0,Hard,,2015-01-18,2015
2015-D076,Davis Cup,D,4.0,Hard,,2015-01-18,2015
2015-D077,Davis Cup,D,4.0,Clay,,2015-01-18,2015
2015-D078,Davis Cup,D,4.0,Clay,,2015-01-18,2015
2015-D079,Davis Cup,D,4.0,Hard,,2015-01-18,2015
2015-D080,Davis Cup,D,4.0,Clay,,2015-01-18,2015
2015-D081,Davis Cup,D,4.0,Hard,,2015-01-18,2015
2015-337,Vienna,A,32.0,Hard,,2015-01-19,2015
2015-429,Stockholm,A,28.0,Hard,,2015-01-19,2015
2015-438,Moscow,A,28.0,Hard,,2015-01-19,2015
2015-580,Australian Open,G,128.0,Hard,,2015-01-19,2015
2015-316,Bastad,A,28.0,Clay,,2015-01-20,2015
2015-425,Barcelona,A,48.0,Clay,,2015-01-20,2015
2015-439,Umag,A,28.0,Clay,,2015-01-20,2015
2015-6718,Bogota,A,28.0,Hard,,2015-01-20,2015
2015-773,Bucharest,A,28.0,Clay,,2015-01-20,2015
2015-341,Metz,A,28.0,Hard,,2015-01-21,2015
2015-568,St. Petersburg,A,28.0,Hard,,2015-01-21,2015
2015-741,Nottingham,A,48.0,Grass,,2015-01-21,2015
2015-495,Dubai,A,32.0,Hard,,2015-01-23,2015
2015-506,Buenos Aires,A,28.0,Clay,,2015-01-23,2015
2015-6242,Winston-Salem,A,48.0,Hard,,2015-01-23,2015
2015-807,Acapulco,A,32.0,Hard,,2015-01-23,2015
2015-520,Roland Garros,G,128.0,Clay,,2015-01-24,2015
2015-403,Miami Masters,M,96.0,Hard,,2015-01-25,2015
2015-328,Basel,A,32.0,Hard,,2015-01-26,2015
2015-573,Valencia,A,28.0,Hard,,2015-01-26,2015
2015-308,Munich,A,28.0,Clay,,2015-01-27,2015
2015-314,Gstaad,A,28.0,Clay,,2015-01-27,2015
2015-414,Hamburg,A,32.0,Clay,,2015-01-27,2015
2015-6116,Atlanta,A,28.0,Hard,,2015-01-27,2015
2015-7163,Istanbul,A,28.0,Clay,,2015-01-27,2015
2015-7290,Estoril,A,28.0,Clay,,2015-01-27,2015
2015-D015,Davis Cup,D,4.0,Clay,,2015-01-27,2015
2015-6003,Kuala Lumpur,A,28.0,Hard,,2015-01-28,2015
2015-6967,Shenzhen,A,28.0,Hard,,2015-01-28,2015
2015-540,Wimbledon,G,128.0,Grass,,2015-01-29,2015
2015-D072,Davis Cup,D,4.0,Hard,,2015-01-30,2015
2015-560,US Open,G,128.0,Hard,,2015-01-31,2015
2016-0375,Montpellier,A,32.0,Hard,,2016-01-01,2016
2016-6116,Atlanta,A,32.0,Hard,,2016-01-01,2016
2016-7161,Quito,A,32.0,Clay,,2016-01-01,2016
2016-7434,Sofia,A,32.0,Hard,,2016-01-01,2016
2016-M021,Madrid Masters,M,64.0,Clay,,2016-01-02,2016
2016-0329,Tokyo,A,32.0,Hard,,2016-01-03,2016
2016-M015,Beijing,A,32.0,Hard,,2016-01-03,2016
2016-M-DC-2016-G2-EPA-M-BIH-TUN-01,Davis Cup,D,4.0,Carpet,True,2016-01-04,2016
2016-M-DC-2016-G2-EPA-M-GEO-DEN-01,Davis Cup,D,4.0,Carpet,True,2016-01-04,2016
2016-0360,Marrakech,A,32.0,Clay,,2016-01-04,2016
2016-0451,Doha,A,32.0,Hard,,2016-01-04,2016
2016-0717,Houston,A,32.0,Clay,,2016-01-04,2016
2016-0891,Chennai,A,32.0,Hard,,2016-01-04,2016
2016-M-DC-2016-G1-AM-M-BAR-ECU-01,Davis Cup,D,4.0,Clay,,2016-01-04,2016
2016-M-DC-2016-G1-AM-M-CHI-DOM-01,Davis Cup,D,4.0,Clay,,2016-01-04,2016
2016-M-DC-2016-G1-AO-M-NZL-KOR-01,Davis Cup,D,4.0,Hard,,2016-01-04,2016
2016-M-DC-2016-G1-AO-M-PAK-CHN-01,Davis Cup,D,4.0,Clay,,2016-01-04,2016
2016-M-DC-2016-G1-EPA-M-HUN-ISR-01,Davis Cup,D,4.0,Clay,,2016-01-04,2016
2016-M-DC-2016-G1-EPA-M-POR-AUT-01,Davis Cup,D,4.0,Hard,,2016-01-04,2016
2016-M-DC-2016-G1-EPA-M-ROU-SLO-01,Davis Cup,D,4.0,Hard,,2016-01-04,2016
2016-M-DC-2016-G1-EPA-M-RUS-SWE-01,Davis Cup,D,4.0,Hard,,2016-01-04,2016
2016-M-DC-2016-G2-AM-M-MEX-GUA-01,Davis Cup,D,4.0,Hard,,2016-01-04,2016
2016-M-DC-2016-G2-AM-M-PAR-VEN-01,Davis Cup,D,4.0,Hard,,2016-01-04,2016
2016-M-DC-2016-G2-AM-M-PUR-ESA-01,Davis Cup,D,4.0,Hard,,2016-01-04,2016
2016-M-DC-2016-G2-AM-M-URU-PER-01,Davis Cup,D,4.0,Clay,,2016-01-04,2016
2016-M-DC-2016-G2-AO-M-PHI-KUW-01,Davis Cup,D,4.0,Clay,,2016-01-04,2016
2016-M-DC-2016-G2-AO-M-SRI-THA-01,Davis Cup,D,4.0,Hard,,2016-01-04,2016
2016-M-DC-2016-G2-AO-M-TPE-MAS-01,Davis Cup,D,4.0,Hard,,2016-01-04,2016
2016-M-DC-2016-G2-AO-M-VIE-INA-01,Davis Cup,D,4.0,Hard,,2016-01-04,2016
2016-M-DC-2016-G2-EPA-M-BUL-TUR-01,Davis Cup,D,4.0,Hard,,2016-01-04,2016
2016-M-DC-2016-G2-EPA-M-EGY-BLR-01,Davis Cup,D,4.0,Clay,,2016-01-04,2016
2016-M-DC-2016-G2-EPA-M-LTU-NOR-01,Davis Cup,D,4.0,Hard,,2016-01-04,2016
2016-M-DC-2016-G2-EPA-M-MON-LAT-01,Davis Cup,D,4.0,Hard,,2016-01-04,2016
2016-M-DC-2016-G2-EPA-M-RSA-LUX-01,Davis Cup,D,4.0,Hard,,2016-01-04,2016
2016-M-DC-2016-G2-EPA-M-ZIM-FIN-01,Davis Cup,D,4.0,Hard,,2016-01-04,2016
2016-M-DC-2016-WG-M-ARG-POL-01,Davis Cup,D,4.0,Hard,,2016-01-04,2016
2016-M-DC-2016-WG-M-CAN-FRA-01,Davis Cup,D,4.0,Clay,,2016-01-04,2016
2016-M-DC-2016-WG-M-CRO-BEL-01,Davis Cup,D,4.0,Clay,,2016-01-04,2016
2016-M-DC-2016-WG-M-GBR-JPN-01,Davis Cup,D,4.0,Hard,,2016-01-04,2016
2016-M-DC-2016-WG-M-GER-CZE-01,Davis Cup,D,4.0,Hard,,2016-01-04,2016
2016-M-DC-2016-WG-M-SRB-KAZ-01,Davis Cup,D,4.0,Hard,,2016-01-04,2016
2016-M-DC-2016-WG-M-SUI-ITA-01,Davis Cup,D,4.0,Clay,,2016-01-04,2016
2016-M-DC-2016-WG-M-USA-AUS-01,Davis Cup,D,4.0,Grass,,2016-01-04,2016
2016-M020,Brisbane,A,32.0,Hard,,2016-01-04,2016
2016-0321,Stuttgart,A,32.0,Grass,,2016-01-06,2016
2016-M010,s Hertogenbosch,A,32.0,Grass,,2016-01-06,2016
2016-M006,Indian Wells Masters,M,128.0,Hard,,2016-01-07,2016
2016-0402,Memphis,A,32.0,Hard,,2016-01-08,2016
2016-0407,Rotterdam,A,32.0,Hard,,2016-01-08,2016
2016-0506,Buenos Aires,A,32.0,Clay,,2016-01-08,2016
2016-7480,Los Cabos,A,32.0,Hard,,2016-01-08,2016
2016-O16,Rio Olympics,O,64.0,Hard,,2016-01-08,2016
2016-M009,Rome Masters,M,64.0,Clay,,2016-01-09,2016
2016-5014,Shanghai Masters,M,64.0,Hard,,2016-01-10,2016
2016-0301,Auckland,A,32.0,Hard,,2016-01-11,2016
2016-0315,Newport,A,32.0,Grass,,2016-01-11,2016
2016-0316,Bastad,A,32.0,Clay,,2016-01-11,2016
2016-0410,Monte Carlo Masters,M,64.0,Clay,,2016-01-11,2016
2016-0414,Hamburg,A,32.0,Clay,,2016-01-11,2016
2016-M001,Sydney,A,32.0,Hard,,2016-01-11,2016
2016-0311,Queen's Club,A,32.0,Grass,,2016-01-13,2016
2016-0500,Halle,A,32.0,Grass,,2016-01-13,2016
2016-0605,Tour Finals,F,8.0,Hard,,2016-01-14,2016
2016-M-DC-2016-G2-EPA-M-FIN-DEN-01,Davis Cup,D,4.0,Carpet,True,2016-01-15,2016
2016-0496,Marseille,A,32.0,Hard,,2016-01-15,2016
2016-0499,Delray Beach,A,32.0,Hard,,2016-01-15,2016
2016-M-DC-2016-G1-AM-M-BRA-ECU-01,Davis Cup,D,4.0,Hard,,2016-01-15,2016
2016-M-DC-2016-G1-AM-M-CHI-COL-01,Davis Cup,D,4.0,Clay,,2016-01-15,2016
2016-M-DC-2016-G1-AO-M-CHN-UZB-01,Davis Cup,D,4.0,Clay,,2016-01-15,2016
2016-M-DC-2016-G1-AO-M-IND-KOR-01,Davis Cup,D,4.0,Grass,,2016-01-15,2016
2016-M-DC-2016-G1-EPA-M-ESP-ROU-01,Davis Cup,D,4.0,Hard,,2016-01-15,2016
2016-M-DC-2016-G1-EPA-M-HUN-SVK-01,Davis Cup,D,4.0,Clay,,2016-01-15,2016
2016-M-DC-2016-G1-EPA-M-RUS-NED-01,Davis Cup,D,4.0,Hard,,2016-01-15,2016
2016-M-DC-2016-G1-EPA-M-UKR-AUT-01,Davis Cup,D,4.0,Hard,,2016-01-15,2016
2016-M-DC-2016-G2-AM-M-ESA-VEN-01,Davis Cup,D,4.0,Hard,,2016-01-15,2016
2016-M-DC-2016-G2-AM-M-PER-MEX,Davis Cup,D,4.0,Clay,,2016-01-15,2016
2016-M-DC-2016-G2-AO-M-TPE-PHI-01,Davis Cup,D,4.0,Clay,,2016-01-15,2016
2016-M-DC-2016-G2-AO-M-VIE-THA-01,Davis Cup,D,4.0,Hard,,2016-01-15,2016
2016-M-DC-2016-G2-EPA-M-LAT-BLR-01,Davis Cup,D,4.0,Hard,,2016-01-15,2016
2016-M-DC-2016-G2-EPA-M-LTU-RSA-01,Davis Cup,D,4.0,Clay,,2016-01-15,2016
2016-M-DC-2016-G2-EPA-M-TUR-BIH-01,Davis Cup,D,4.0,Clay,,2016-01-15,2016
2016-M-DC-2016-WG-M-FRA-CZE-01,Davis Cup,D,4.0,Hard,,2016-01-15,2016
2016-M-DC-2016-WG-M-GBR-SRB-01,Davis Cup,D,4.0,Clay,,2016-01-15,2016
2016-M-DC-2016-WG-M-ITA-ARG-01,Davis Cup,D,4.0,Clay,,2016-01-15,2016
2016-M-DC-2016-WG-M-USA-CRO-01,Davis Cup,D,4.0,Hard,,2016-01-15,2016
2016-M024,Cincinnati Masters,M,64.0,Hard,,2016-01-15,2016
2016-M052,Rio de Janeiro,A,32.0,Clay,,2016-01-15,2016
2016-0322,Geneva,A,32.0,Clay,,2016-01-16,2016
2016-6120,Nice,A,32.0,Clay,,2016-01-16,2016
2016-M-DC-2016-G2-AM-M-PER-VEN-01,Davis Cup,D,4.0,Clay,,2016-01-16,2016
2016-M-DC-2016-G2-AO-M-TPE-THA-01,Davis Cup,D,4.0,Hard,,2016-01-16,2016
2016-M-DC-2016-G2-EPA-M-BLR-DEN-01,Davis Cup,D,4.0,Hard,,2016-01-16,2016
2016-M-DC-2016-G2-EPA-M-LTU-BIH-01,Davis Cup,D,4.0,Hard,,2016-01-16,2016
2016-M-DC-2016-WG-M-FRA-CRO-01,Davis Cup,D,4.0,Hard,,2016-01-16,2016
2016-M-DC-2016-WG-M-GBR-ARG-01,Davis Cup,D,4.0,Hard,,2016-01-16,2016
2016-M-DC-2016-WG-PO-AUS-SVK-01,Davis Cup,D,4.0,Grass,,2016-01-16,2016
2016-M-DC-2016-WG-PO-BEL-BRA-01,Davis Cup,D,4.0,Hard,,2016-01-16,2016
2016-M-DC-2016-WG-PO-CAN-CHI-01,Davis Cup,D,4.0,Hard,,2016-01-16,2016
2016-M-DC-2016-WG-PO-ESP-IND-01,Davis Cup,D,4.0,Hard,,2016-01-16,2016
2016-M-DC-2016-WG-PO-GER-POL-01,Davis Cup,D,4.0,Clay,,2016-01-16,2016
2016-M-DC-2016-WG-PO-JPN-UKR-01,Davis Cup,D,4.0,Hard,,2016-01-16,2016
2016-M-DC-2016-WG-PO-KAZ-RUS-01,Davis Cup,D,4.0,Hard,,2016-01-16,2016
2016-M-DC-2016-WG-PO-SUI-UZB-01,Davis Cup,D,4.0,Clay,,2016-01-16,2016
2016-0429,Stockholm,A,32.0,Hard,,2016-01-17,2016
2016-7485,Antwerp,A,32.0,Hard,,2016-01-17,2016
2016-M014,Moscow,A,32.0,Hard,,2016-01-17,2016
2016-0314,Gstaad,A,32.0,Clay,,2016-01-18,2016
2016-0319,Kitzbuhel,A,32.0,Clay,,2016-01-18,2016
2016-0425,Barcelona,A,64.0,Clay,,2016-01-18,2016
2016-0439,Umag,A,32.0,Clay,,2016-01-18,2016
2016-0773,Bucharest,A,32.0,Clay,,2016-01-18,2016
2016-580,Australian Open,G,128.0,Hard,,2016-01-18,2016
2016-M035,Washington,A,64.0,Hard,,2016-01-18,2016
2016-0341,Metz,A,32.0,Hard,,2016-01-19,2016
2016-0568,St. Petersburg,A,32.0,Hard,,2016-01-19,2016
2016-0741,Nottingham,A,64.0,Grass,,2016-01-20,2016
2016-M007,Miami Masters,M,128.0,Hard,,2016-01-21,2016
2016-0495,Dubai,A,32.0,Hard,,2016-01-22,2016
2016-0533,Sao Paulo,A,32.0,Clay,,2016-01-22,2016
2016-6242,Winston-Salem,A,64.0,Hard,,2016-01-22,2016
2016-M004,Acapulco,A,32.0,Hard,,2016-01-22,2016
2016-520,Roland Garros,G,128.0,Clay,,2016-01-23,2016
2016-0328,Basel,A,32.0,Hard,,2016-01-24,2016
2016-0337,Vienna,A,32.0,Hard,,2016-01-24,2016
2016-0308,Munich,A,32.0,Clay,,2016-01-25,2016
2016-0421,Canada Masters,M,64.0,Hard,,2016-01-25,2016
2016-7163,Istanbul,A,32.0,Clay,,2016-01-25,2016
2016-7290,Estoril,A,32.0,Clay,,2016-01-25,2016
2016-M-DC-2016-WG-M-ARG-CRO-01,Davis Cup,D,4.0,Hard,,2016-01-25,2016
2016-6967,Shenzhen,A,32.0,Hard,,2016-01-26,2016
2016-7581,Chengdu,A,32.0,Hard,,2016-01-26,2016
2016-540,Wimbledon,G,128.0,Grass,,2016-01-27,2016
2016-560,US Open,G,128.0,Hard,,2016-01-29,2016
2016-0352,Paris Masters,M,64.0,Hard,,2016-01-31,2016
2017-0308,Munich,A,32.0,Clay,,2017-01-01,2017
2017-7163,Istanbul,A,32.0,Clay,,2017-01-01,2017
2017-7290,Estoril,A,32.0,Clay,,2017-01-01,2017
2017-0329,Tokyo,A,32.0,Hard,,2017-01-02,2017
2017-0451,Doha,A,32.0,Hard,,2017-01-02,2017
2017-0891,Chennai,A,32.0,Hard,,2017-01-02,2017
2017-M015,Beijing,A,32.0,Hard,,2017-01-02,2017
2017-M020,Brisbane,A,32.0,Hard,,2017-01-02,2017
2017-M-DC-2017-G2-EPA-M-FIN-GEO-01,Davis Cup,D,4.0,Carpet,True,2017-01-03,2017
2017-M-DC-2017-G2-EPA-M-MAR-DEN-01,Davis Cup,D,4.0,Carpet,True,2017-01-03,2017
2017-540,Wimbledon,G,128.0,Grass,,2017-01-03,2017
2017-M-DC-2017-G1-AM-M-DOM-CHI-01,Davis Cup,D,4.0,Hard,,2017-01-03,2017
2017-M-DC-2017-G1-AM-M-PER-ECU-01,Davis Cup,D,4.0,Clay,,2017-01-03,2017
2017-M-DC-2017-G1-AO-M-NZL-IND-01,Davis Cup,D,4.0,Hard,,2017-01-03,2017
2017-M-DC-2017-G1-AO-M-UZB-KOR-01,Davis Cup,D,4.0,Hard,,2017-01-03,2017
2017-M-DC-2017-G1-EPA-M-ISR-POR-01,Davis Cup,D,4.0,Clay,,2017-01-03,2017
2017-M-DC-2017-G1-EPA-M-POL-BIH-01,Davis Cup,D,4.0,Hard,,2017-01-03,2017
2017-M-DC-2017-G1-EPA-M-ROU-BLR-01,Davis Cup,D,4.0,Hard,,2017-01-03,2017
2017-M-DC-2017-G1-EPA-M-SVK-HUN-01,Davis Cup,D,4.0,Hard,,2017-01-03,2017
2017-M-DC-2017-G2-AM-M-BAH-VEN-01,Davis Cup,D,4.0,Hard,,2017-01-03,2017
2017-M-DC-2017-G2-AM-M-BAR-PAR-01,Davis Cup,D,4.0,Clay,,2017-01-03,2017
2017-M-DC-2017-G2-AM-M-BOL-ESA-01,Davis Cup,D,4.0,Hard,,2017-01-03,2017
2017-M-DC-2017-G2-AM-M-MEX-GUA-01,Davis Cup,D,4.0,Hard,,2017-01-03,2017
2017-M-DC-2017-G2-AO-M-INA-PHI-01,Davis Cup,D,4.0,Clay,,2017-01-03,2017
2017-M-DC-2017-G2-AO-M-KUW-THA-01,Davis Cup,D,4.0,Hard,,2017-01-03,2017
2017-M-DC-2017-G2-AO-M-PAK-IRI-01,Davis Cup,D,4.0,Hard,,2017-01-03,2017
2017-M-DC-2017-G2-AO-M-VIE-HKG-01,Davis Cup,D,4.0,Hard,,2017-01-03,2017
2017-M-DC-2017-G2-EPA-M-EST-RSA-01,Davis Cup,D,4.0,Hard,,2017-01-03,2017
2017-M-DC-2017-G2-EPA-M-LTU-MAD-01,Davis Cup,D,4.0,Hard,,2017-01-03,2017
2017-M-DC-2017-G2-EPA-M-MON-SLO-01,Davis Cup,D,4.0,Hard,,2017-01-03,2017
2017-M-DC-2017-G2-EPA-M-NOR-LAT-01,Davis Cup,D,4.0,Hard,,2017-01-03,2017
2017-M-DC-2017-G2-EPA-M-SWE-TUN-01,Davis Cup,D,4.0,Hard,,2017-01-03,2017
2017-M-DC-2017-G2-EPA-M-TUR-CYP-01,Davis Cup,D,4.0,Hard,,2017-01-03,2017
2017-M-DC-2017-WG-M-ARG-ITA-01,Davis Cup,D,4.0,Clay,,2017-01-03,2017
2017-M-DC-2017-WG-M-BEL-GER-01,Davis Cup,D,4.0,Hard,,2017-01-03,2017
2017-M-DC-2017-WG-M-CAN-GBR-01,Davis Cup,D,4.0,Hard,,2017-01-03,2017
2017-M-DC-2017-WG-M-CZE-AUS-01,Davis Cup,D,4.0,Hard,,2017-01-03,2017
2017-M-DC-2017-WG-M-ESP-CRO-01,Davis Cup,D,4.0,Hard,,2017-01-03,2017
2017-M-DC-2017-WG-M-JPN-FRA-01,Davis Cup,D,4.0,Hard,,2017-01-03,2017
2017-M-DC-2017-WG-M-RUS-SRB-01,Davis Cup,D,4.0,Hard,,2017-01-03,2017
2017-M-DC-2017-WG-M-SUI-USA-01,Davis Cup,D,4.0,Hard,,2017-01-03,2017
2017-0375,Montpellier,A,32.0,Hard,,2017-01-06,2017
2017-7161,Quito,A,32.0,Clay,,2017-01-06,2017
2017-7434,Sofia,A,32.0,Hard,,2017-01-06,2017
2017-7696,NextGen Finals,F,8.0,Hard,,2017-01-06,2017
2017-M006,Indian Wells Masters,M,128.0,Hard,,2017-01-06,2017
2017-0421,Canada Masters,M,64.0,Hard,,2017-01-07,2017
2017-M-DC-2017-G1-AM-M-BRA-ECU-01,Davis Cup,D,4.0,Clay,,2017-01-07,2017
2017-M-DC-2017-G1-AM-M-CHI-COL-01,Davis Cup,D,4.0,Clay,,2017-01-07,2017
2017-M-DC-2017-G1-AO-M-KAZ-CHN-01,Davis Cup,D,4.0,Clay,,2017-01-07,2017
2017-M-DC-2017-G1-AO-M-UZB-IND-01,Davis Cup,D,4.0,Hard,,2017-01-07,2017
2017-M-DC-2017-G1-EPA-M-BLR-AUT-01,Davis Cup,D,4.0,Hard,,2017-01-07,2017
2017-M-DC-2017-G1-EPA-M-NED-BIH-01,Davis Cup,D,4.0,Hard,,2017-01-07,2017
2017-M-DC-2017-G1-EPA-M-POR-UKR-01,Davis Cup,D,4.0,Clay,,2017-01-07,2017
2017-M-DC-2017-G2-AM-M-BAR-GUA-01,Davis Cup,D,4.0,Hard,,2017-01-07,2017
2017-M-DC-2017-G2-AM-M-ESA-VEN-01,Davis Cup,D,4.0,Hard,,2017-01-07,2017
2017-M-DC-2017-G2-AO-M-PHI-THA-01,Davis Cup,D,4.0,Hard,,2017-01-07,2017
2017-M-DC-2017-G2-EPA-M-LTU-GEO,Davis Cup,D,4.0,Hard,,2017-01-07,2017
2017-M-DC-2017-G2-EPA-M-NOR-DEN-01,Davis Cup,D,4.0,Hard,,2017-01-07,2017
2017-M-DC-2017-G2-EPA-M-RSA-SLO-01,Davis Cup,D,4.0,Hard,,2017-01-07,2017
2017-M-DC-2017-G2-EPA-M-SWE-TUR-01,Davis Cup,D,4.0,Clay,,2017-01-07,2017
2017-M-DC-2017-WG-M-AUS-USA-01,Davis Cup,D,4.0,Hard,,2017-01-07,2017
2017-M-DC-2017-WG-M-FRA-GBR-01,Davis Cup,D,4.0,Clay,,2017-01-07,2017
2017-M-DC-2017-WG-M-ITA-BEL-01,Davis Cup,D,4.0,Hard,,2017-01-07,2017
2017-M-DC-2017-WG-M-SRB-ESP-01,Davis Cup,D,4.0,Hard,,2017-01-07,2017
2017-M021,Madrid Masters,M,64.0,Clay,,2017-01-08,2017
2017-0301,Auckland,A,32.0,Hard,,2017-01-09,2017
2017-5014,Shanghai Masters,M,64.0,Hard,,2017-01-09,2017
2017-M001,Sydney,A,32.0,Hard,,2017-01-09,2017
2017-0360,Marrakech,A,32.0,Clay,,2017-01-10,2017
2017-0717,Houston,A,32.0,Clay,,2017-01-10,2017
2017-0321,Stuttgart,A,32.0,Grass,,2017-01-12,2017
2017-M010,s Hertogenbosch,A,32.0,Grass,,2017-01-12,2017
2017-0402,Memphis,A,32.0,Hard,,2017-01-13,2017
2017-0407,Rotterdam,A,32.0,Hard,,2017-01-13,2017
2017-0506,Buenos Aires,A,32.0,Clay,,2017-01-13,2017
2017-0605,Tour Finals,F,8.0,Hard,,2017-01-13,2017
2017-M024,Cincinnati Masters,M,64.0,Hard,,2017-01-14,2017
2017-M-DC-2017-G2-AM-M-BAR-VEN-01,Davis Cup,D,4.0,Hard,,2017-01-15,2017
2017-M-DC-2017-G2-AO-M-PAK-THA-01,Davis Cup,D,4.0,Grass,,2017-01-15,2017
2017-M-DC-2017-G2-EPA-M-DEN-RSA-01,Davis Cup,D,4.0,Hard,,2017-01-15,2017
2017-M-DC-2017-G2-EPA-M-SWE-LTU-01,Davis Cup,D,4.0,Clay,,2017-01-15,2017
2017-M-DC-2017-WG-M-BEL-AUS-01,Davis Cup,D,4.0,Clay,,2017-01-15,2017
2017-M-DC-2017-WG-M-FRA-SRB-01,Davis Cup,D,4.0,Clay,,2017-01-15,2017
2017-M-DC-2017-WG-PO-ARG-KAZ-01,Davis Cup,D,4.0,Hard,,2017-01-15,2017
2017-M-DC-2017-WG-PO-CAN-IND-01,Davis Cup,D,4.0,Hard,,2017-01-15,2017
2017-M-DC-2017-WG-PO-CRO-COL-01,Davis Cup,D,4.0,Clay,,2017-01-15,2017
2017-M-DC-2017-WG-PO-CZE-NED-01,Davis Cup,D,4.0,Clay,,2017-01-15,2017
2017-M-DC-2017-WG-PO-GER-POR-01,Davis Cup,D,4.0,Clay,,2017-01-15,2017
2017-M-DC-2017-WG-PO-JPN-BRA-01,Davis Cup,D,4.0,Hard,,2017-01-15,2017
2017-M-DC-2017-WG-PO-RUS-HUN-01,Davis Cup,D,4.0,Clay,,2017-01-15,2017
2017-M-DC-2017-WG-PO-SUI-BLR-01,Davis Cup,D,4.0,Hard,,2017-01-15,2017
2017-M009,Rome Masters,M,64.0,Clay,,2017-01-15,2017
2017-0429,Stockholm,A,32.0,Hard,,2017-01-16,2017
2017-580,Australian Open,G,128.0,Hard,,2017-01-16,2017
2017-7485,Antwerp,A,32.0,Hard,,2017-01-16,2017
2017-M014,Moscow,A,32.0,Hard,,2017-01-16,2017
2017-0315,Newport,A,32.0,Grass,,2017-01-17,2017
2017-0316,Bastad,A,32.0,Clay,,2017-01-17,2017
2017-0410,Monte Carlo Masters,M,64.0,Clay,,2017-01-17,2017
2017-0439,Umag,A,32.0,Clay,,2017-01-17,2017
2017-M-DC-2017-G1-AO-M-TPE-CHN-01,Davis Cup,D,4.0,Hard,,2017-01-17,2017
2017-0341,Metz,A,32.0,Hard,,2017-01-18,2017
2017-0568,St. Petersburg,A,32.0,Hard,,2017-01-18,2017
2017-0311,Queen's Club,A,32.0,Grass,,2017-01-19,2017
2017-0500,Halle,A,32.0,Grass,,2017-01-19,2017
2017-0496,Marseille,A,32.0,Hard,,2017-01-20,2017
2017-0499,Delray Beach,A,32.0,Hard,,2017-01-20,2017
2017-6932,Rio de Janeiro,A,32.0,Clay,,2017-01-20,2017
2017-M007,Miami Masters,M,128.0,Hard,,2017-01-20,2017
2017-6242,Winston-Salem,A,64.0,Hard,,2017-01-21,2017
2017-0322,Geneva,A,32.0,Clay,,2017-01-22,2017
2017-7694,Lyon,A,32.0,Clay,,2017-01-22,2017
2017-9210,Laver Cup,A,8.0,Hard,,2017-01-22,2017
2017-0328,Basel,A,32.0,Hard,,2017-01-23,2017
2017-0337,Vienna,A,32.0,Hard,,2017-01-23,2017
2017-0314,Gstaad,A,32.0,Clay,,2017-01-24,2017
2017-0414,Hamburg,A,32.0,Clay,,2017-01-24,2017
2017-0425,Barcelona,A,64.0,Clay,,2017-01-24,2017
2017-6116,Atlanta,A,32.0,Hard,,2017-01-24,2017
2017-7648,Budapest,A,32.0,Clay,,2017-01-24,2017
2017-M-DC-2017-WG-M-BEL-FRA-01,Davis Cup,D,4.0,Hard,,2017-01-24,2017
2017-6967,Shenzhen,A,32.0,Hard,,2017-01-25,2017
2017-7581,Chengdu,A,32.0,Hard,,2017-01-25,2017
2017-7650,Antalya,A,32.0,Grass,,2017-01-26,2017
2017-M016,Eastbourne,A,32.0,Grass,,2017-01-26,2017
2017-0495,Dubai,A,32.0,Hard,,2017-01-27,2017
2017-0533,Sao Paulo,A,32.0,Clay,,2017-01-27,2017
2017-M004,Acapulco,A,32.0,Hard,,2017-01-27,2017
2017-560,US Open,G,128.0,Hard,,2017-01-28,2017
2017-520,Roland Garros,G,128.0,Clay,,2017-01-29,2017
2017-0352,Paris Masters,M,64.0,Hard,,2017-01-30,2017
2017-0319,Kitzbuhel,A,32.0,Clay,,2017-01-31,2017
2017-7480,Los Cabos,A,32.0,Hard,,2017-01-31,2017
2017-M035,Washington,A,64.0,Hard,,2017-01-31,2017
2018-0329,Tokyo,A,32.0,Hard,,2018-01-01,2018
2018-0451,Doha,A,32.0,Hard,,2018-01-01,2018
2018-0891,Pune,A,32.0,Hard,,2018-01-01,2018
2018-M015,Beijing,A,32.0,Hard,,2018-01-01,2018
2018-M020,Brisbane,A,32.0,Hard,,2018-01-01,2018
2018-540,Wimbledon,G,128.0,Grass,,2018-01-02,2018
2018-M-DC-2018-G1-AM-M-CHI-ECU-01,Davis Cup,D,4.0,Clay,,2018-01-02,2018
2018-M-DC-2018-G1-AM-M-COL-BAR-01,Davis Cup,D,4.0,Hard,,2018-01-02,2018
2018-M-DC-2018-G1-AM-M-DOM-BRA-01,Davis Cup,D,4.0,Hard,,2018-01-02,2018
2018-M-DC-2018-G1-AO-M-CHN-NZL-01,Davis Cup,D,4.0,Hard,,2018-01-02,2018
2018-M-DC-2018-G1-AO-M-KOR-PAK-01,Davis Cup,D,4.0,Grass,,2018-01-02,2018
2018-M-DC-2018-G1-EPA-M-AUT-BLR-01,Davis Cup,D,4.0,Clay,,2018-01-02,2018
2018-M-DC-2018-G1-EPA-M-RSA-ISR-01,Davis Cup,D,4.0,Hard,,2018-01-02,2018
2018-M-DC-2018-G1-EPA-M-UKR-SWE-01,Davis Cup,D,4.0,Hard,,2018-01-02,2018
2018-M-DC-2018-WG-M-AUS-GER-01,Davis Cup,D,4.0,Hard,,2018-01-02,2018
2018-M-DC-2018-WG-M-CAN-CRO-01,Davis Cup,D,4.0,Clay,,2018-01-02,2018
2018-M-DC-2018-WG-M-FRA-NED-01,Davis Cup,D,4.0,Hard,,2018-01-02,2018
2018-M-DC-2018-WG-M-GBR-ESP-01,Davis Cup,D,4.0,Clay,,2018-01-02,2018
2018-M-DC-2018-WG-M-HUN-BEL-01,Davis Cup,D,4.0,Hard,,2018-01-02,2018
2018-M-DC-2018-WG-M-ITA-JPN-01,Davis Cup,D,4.0,Hard,,2018-01-02,2018
2018-M-DC-2018-WG-M-KAZ-SUI-01,Davis Cup,D,4.0,Hard,,2018-01-02,2018
2018-M-DC-2018-WG-M-USA-SRB-01,Davis Cup,D,4.0,Clay,,2018-01-02,2018
2018-M-DC-2018-G2-AM-M-BOL-PER-01,Davis Cup,D,4.0,Clay,,2018-01-03,2018
2018-M-DC-2018-G2-AM-M-ESA-URU-01,Davis Cup,D,4.0,Hard,,2018-01-03,2018
2018-M-DC-2018-G2-AM-M-PUR-MEX-01,Davis Cup,D,4.0,Hard,,2018-01-03,2018
2018-M-DC-2018-G2-AM-M-VEN-GUA-01,Davis Cup,D,4.0,Hard,,2018-01-03,2018
2018-M-DC-2018-G2-AO-M-IRI-HKG-01,Davis Cup,D,4.0,Hard,,2018-01-03,2018
2018-M-DC-2018-G2-AO-M-LBN-TPE-01,Davis Cup,D,4.0,Hard,,2018-01-03,2018
2018-M-DC-2018-G2-AO-M-PHI-INA-01,Davis Cup,D,4.0,Hard,,2018-01-03,2018
2018-M-DC-2018-G2-AO-M-THA-SRI-01,Davis Cup,D,4.0,Clay,,2018-01-03,2018
2018-M-DC-2018-G2-EPA-M-EGY-NOR-01,Davis Cup,D,4.0,Hard,,2018-01-03,2018
2018-M-DC-2018-G2-EPA-M-EST-LTU-01,Davis Cup,D,4.0,Hard,,2018-01-03,2018
2018-M-DC-2018-G2-EPA-M-GEO-MAR-01,Davis Cup,D,4.0,Clay,,2018-01-03,2018
2018-M-DC-2018-G2-EPA-M-IRL-DEN-01,Davis Cup,D,4.0,Hard,,2018-01-03,2018
2018-M-DC-2018-G2-EPA-M-ROU-LUX-01,Davis Cup,D,4.0,Hard,,2018-01-03,2018
2018-M-DC-2018-G2-EPA-M-SLO-POL-01,Davis Cup,D,4.0,Hard,,2018-01-03,2018
2018-M-DC-2018-G2-EPA-M-TUN-FIN-01,Davis Cup,D,4.0,Hard,,2018-01-03,2018
2018-M-DC-2018-G2-EPA-M-TUR-ZIM-01,Davis Cup,D,4.0,Hard,,2018-01-03,2018
2018-0375,Montpellier,A,32.0,Hard,,2018-01-05,2018
2018-7161,Quito,A,32.0,Clay,,2018-01-05,2018
2018-7434,Sofia,A,32.0,Hard,,2018-01-05,2018
2018-7696,NextGen Finals,F,8.0,Hard,,2018-01-05,2018
2018-M006,Indian Wells Masters,M,128.0,Hard,,2018-01-05,2018
2018-0421,Canada Masters,M,64.0,Hard,,2018-01-06,2018
2018-M-DC-2018-G1-AM-M-ARG-CHI-01,Davis Cup,D,4.0,Clay,,2018-01-06,2018
2018-M-DC-2018-G1-AM-M-COL-BRA-01,Davis Cup,D,4.0,Hard,,2018-01-06,2018
2018-M-DC-2018-G1-AO-M-IND-CHN-01,Davis Cup,D,4.0,Hard,,2018-01-06,2018
2018-M-DC-2018-G1-AO-M-PAK-UZB-01,Davis Cup,D,4.0,Grass,,2018-01-06,2018
2018-M-DC-2018-G1-EPA-M-AUT-RUS-01,Davis Cup,D,4.0,Hard,,2018-01-06,2018
2018-M-DC-2018-G1-EPA-M-BIH-SVK-01,Davis Cup,D,4.0,Clay,,2018-01-06,2018
2018-M-DC-2018-G1-EPA-M-CZE-ISR-01,Davis Cup,D,4.0,Clay,,2018-01-06,2018
2018-M-DC-2018-G1-EPA-M-POR-SWE-01,Davis Cup,D,4.0,Hard,,2018-01-06,2018
2018-M-DC-2018-WG-M-ESP-GER-01,Davis Cup,D,4.0,Clay,,2018-01-06,2018
2018-M-DC-2018-WG-M-FRA-ITA-01,Davis Cup,D,4.0,Clay,,2018-01-06,2018
2018-M-DC-2018-WG-M-KAZ-CRO-01,Davis Cup,D,4.0,Clay,,2018-01-06,2018
2018-M-DC-2018-WG-M-USA-BEL-01,Davis Cup,D,4.0,Hard,,2018-01-06,2018
2018-M-DC-2018-G2-AM-M-MEX-PER-01,Davis Cup,D,4.0,Hard,,2018-01-07,2018
2018-M-DC-2018-G2-AM-M-VEN-URU-01,Davis Cup,D,4.0,Clay,,2018-01-07,2018
2018-M-DC-2018-G2-AO-M-HKG-LBN-01,Davis Cup,D,4.0,Hard,,2018-01-07,2018
2018-M-DC-2018-G2-AO-M-THA-PHI-01,Davis Cup,D,4.0,Clay,,2018-01-07,2018
2018-M-DC-2018-G2-EPA-M-EGY-DEN-01,Davis Cup,D,4.0,Hard,,2018-01-07,2018
2018-M-DC-2018-G2-EPA-M-FIN-LTU-01,Davis Cup,D,4.0,Hard,,2018-01-07,2018
2018-M-DC-2018-G2-EPA-M-POL-ZIM-01,Davis Cup,D,4.0,Hard,,2018-01-07,2018
2018-M-DC-2018-G2-EPA-M-ROU-MAR-01,Davis Cup,D,4.0,Hard,,2018-01-07,2018
2018-M021,Madrid Masters,M,64.0,Clay,,2018-01-07,2018
2018-0301,Auckland,A,32.0,Hard,,2018-01-08,2018
2018-5014,Shanghai Masters,M,64.0,Hard,,2018-01-08,2018
2018-M001,Sydney,A,32.0,Hard,,2018-01-08,2018
2018-0360,Marrakech,A,32.0,Clay,,2018-01-09,2018
2018-0717,Houston,A,32.0,Clay,,2018-01-09,2018
2018-0321,Stuttgart,A,32.0,Grass,,2018-01-11,2018
2018-M010,s Hertogenbosch,A,32.0,Grass,,2018-01-11,2018
2018-0407,Rotterdam,A,32.0,Hard,,2018-01-12,2018
2018-0424,New York,A,32.0,Hard,,2018-01-12,2018
2018-0506,Buenos Aires,A,32.0,Clay,,2018-01-12,2018
2018-0605,Tour Finals,F,8.0,Hard,,2018-01-12,2018
2018-M024,Cincinnati Masters,M,64.0,Hard,,2018-01-13,2018
2018-M-DC-2018-G2-EPA-M-EGY-FIN-01,Davis Cup,D,4.0,Clay,,2018-01-14,2018
2018-M-DC-2018-WG-M-CRO-USA-01,Davis Cup,D,4.0,Clay,,2018-01-14,2018
2018-M-DC-2018-WG-M-FRA-ESP-01,Davis Cup,D,4.0,Hard,,2018-01-14,2018
2018-M-DC-2018-WG-PO-ARG-COL-01,Davis Cup,D,4.0,Clay,,2018-01-14,2018
2018-M-DC-2018-WG-PO-AUT-AUS-01,Davis Cup,D,4.0,Clay,,2018-01-14,2018
2018-M-DC-2018-WG-PO-CAN-NED-01,Davis Cup,D,4.0,Hard,,2018-01-14,2018
2018-M-DC-2018-WG-PO-GBR-UZB-01,Davis Cup,D,4.0,Hard,,2018-01-14,2018
2018-M-DC-2018-WG-PO-HUN-CZE-01,Davis Cup,D,4.0,Clay,,2018-01-14,2018
2018-M-DC-2018-WG-PO-JPN-BIH-01,Davis Cup,D,4.0,Hard,,2018-01-14,2018
2018-M-DC-2018-WG-PO-SRB-IND-01,Davis Cup,D,4.0,Clay,,2018-01-14,2018
2018-M-DC-2018-WG-PO-SUI-SWE-01,Davis Cup,D,4.0,Hard,,2018-01-14,2018
2018-M009,Rome Masters,M,64.0,Clay,,2018-01-14,2018
2018-0429,Stockholm,A,32.0,Hard,,2018-01-15,2018
2018-580,Australian Open,G,128.0,Hard,,2018-01-15,2018
2018-7485,Antwerp,A,32.0,Hard,,2018-01-15,2018
2018-M-DC-2018-G2-AM-M-URU-MEX-01,Davis Cup,D,4.0,Clay,,2018-01-15,2018
2018-M-DC-2018-G2-AO-M-THA-LBN-01,Davis Cup,D,4.0,Hard,,2018-01-15,2018
2018-M-DC-2018-G2-EPA-M-ROU-POL-01,Davis Cup,D,4.0,Clay,,2018-01-15,2018
2018-M014,Moscow,A,32.0,Hard,,2018-01-15,2018
2018-0315,Newport,A,32.0,Grass,,2018-01-16,2018
2018-0316,Bastad,A,32.0,Clay,,2018-01-16,2018
2018-0410,Monte Carlo Masters,M,64.0,Clay,,2018-01-16,2018
2018-0439,Umag,A,32.0,Clay,,2018-01-16,2018
2018-0341,Metz,A,32.0,Hard,,2018-01-17,2018
2018-0568,St. Petersburg,A,32.0,Hard,,2018-01-17,2018
2018-0311,Queen's Club,A,32.0,Grass,,2018-01-18,2018
2018-0500,Halle,A,32.0,Grass,,2018-01-18,2018
2018-0496,Marseille,A,32.0,Hard,,2018-01-19,2018
2018-0499,Delray Beach,A,32.0,Hard,,2018-01-19,2018
2018-6932,Rio de Janeiro,A,32.0,Clay,,2018-01-19,2018
2018-M007,Miami Masters,M,128.0,Hard,,2018-01-19,2018
2018-6242,Winston-Salem,A,64.0,Hard,,2018-01-20,2018
2018-0322,Geneva,A,32.0,Clay,,2018-01-21,2018
2018-7694,Lyon,A,32.0,Clay,,2018-01-21,2018
2018-9210,Laver Cup,A,8.0,Hard,,2018-01-21,2018
2018-0328,Basel,A,32.0,Hard,,2018-01-22,2018
2018-0337,Vienna,A,32.0,Hard,,2018-01-22,2018
2018-0314,Gstaad,A,32.0,Clay,,2018-01-23,2018
2018-0414,Hamburg,A,32.0,Clay,,2018-01-23,2018
2018-0425,Barcelona,A,64.0,Clay,,2018-01-23,2018
2018-6116,Atlanta,A,32.0,Hard,,2018-01-23,2018
2018-7648,Budapest,A,32.0,Clay,,2018-01-23,2018
2018-M-DC-2018-WG-M-FRA-CRO-01,Davis Cup,D,4.0,Clay,,2018-01-23,2018
2018-6967,Shenzhen,A,32.0,Hard,,2018-01-24,2018
2018-7581,Chengdu,A,32.0,Hard,,2018-01-24,2018
2018-7650,Antalya,A,32.0,Grass,,2018-01-25,2018
2018-M016,Eastbourne,A,32.0,Grass,,2018-01-25,2018
2018-0495,Dubai,A,32.0,Hard,,2018-01-26,2018
2018-0533,Sao Paulo,A,32.0,Clay,,2018-01-26,2018
2018-M004,Acapulco,A,32.0,Hard,,2018-01-26,2018
2018-560,US Open,G,128.0,Hard,,2018-01-27,2018
2018-520,Roland Garros,G,128.0,Clay,,2018-01-28,2018
2018-0352,Paris Masters,M,64.0,Hard,,2018-01-29,2018
2018-0308,Munich,A,32.0,Clay,,2018-01-30,2018
2018-0319,Kitzbuhel,A,32.0,Clay,,2018-01-30,2018
2018-7163,Istanbul,A,32.0,Clay,,2018-01-30,2018
2018-7290,Estoril,A,32.0,Clay,,2018-01-30,2018
2018-7480,Los Cabos,A,32.0,Hard,,2018-01-30,2018
2018-M035,Washington,A,64.0,Hard,,2018-01-30,2018
2019-0451,Doha,A,32.0,Hard,,2018-01-31,2018
2019-0891,Pune,A,32.0,Hard,,2018-01-31,2018
2019-M020,Brisbane,A,32.0,Hard,,2018-01-31,2018
2019-540,Wimbledon,G,128.0,Grass,,2019-01-01,2019
2019-M-DC-2019-QLS-M-AUS-BIH-01,Davis Cup,D,4.0,Hard,,2019-01-01,2019
2019-M-DC-2019-QLS-M-AUT-CHI-01,Davis Cup,D,4.0,Clay,,2019-01-01,2019
2019-M-DC-2019-QLS-M-BEL-BRA-01,Davis Cup,D,4.0,Clay,,2019-01-01,2019
2019-M-DC-2019-QLS-M-CAN-SVK-01,Davis Cup,D,4.0,Clay,,2019-01-01,2019
2019-M-DC-2019-QLS-M-CZE-NED-01,Davis Cup,D,4.0,Hard,,2019-01-01,2019
2019-M-DC-2019-QLS-M-GER-HUN-01,Davis Cup,D,4.0,Hard,,2019-01-01,2019
2019-M-DC-2019-QLS-M-ITA-IND-01,Davis Cup,D,4.0,Grass,,2019-01-01,2019
2019-M-DC-2019-QLS-M-JPN-CHN-01,Davis Cup,D,4.0,Hard,,2019-01-01,2019
2019-M-DC-2019-QLS-M-KAZ-POR-01,Davis Cup,D,4.0,Hard,,2019-01-01,2019
2019-M-DC-2019-QLS-M-SRB-UZB-01,Davis Cup,D,4.0,Hard,,2019-01-01,2019
2019-M-DC-2019-QLS-M-SUI-RUS-01,Davis Cup,D,4.0,Hard,,2019-01-01,2019
2019-M-DC-2019-QLS-M-SWE-COL-01,Davis Cup,D,4.0,Clay,,2019-01-01,2019
2019-0375,Montpellier,A,32.0,Hard,,2019-01-04,2019
2019-7434,Sofia,A,32.0,Hard,,2019-01-04,2019
2019-9158,Cordoba,A,32.0,Clay,,2019-01-04,2019
2019-M006,Indian Wells Masters,M,128.0,Hard,,2019-01-04,2019
2019-0421,Canada Masters,M,64.0,Hard,,2019-01-05,2019
2019-7696,NextGen Finals,F,8.0,Hard,,2019-01-05,2019
2019-M-DC-2019-G2-AM-M-PER-ESA-01,Davis Cup,D,4.0,Hard,,2019-01-05,2019
2019-M-DC-2019-G2-AO-M-THA-PHI-01,Davis Cup,D,4.0,Hard,,2019-01-05,2019
2019-M-DC-2019-G2-EPA-M-LTU-MAR-01,Davis Cup,D,4.0,Clay,,2019-01-05,2019
2019-M-DC-2019-G2-EPA-M-ROU-ZIM-01,Davis Cup,D,4.0,Hard,,2019-01-05,2019
2019-M021,Madrid Masters,M,64.0,Clay,,2019-01-06,2019
2019-0301,Auckland,A,32.0,Hard,,2019-01-07,2019
2019-5014,Shanghai Masters,M,64.0,Hard,,2019-01-07,2019
2019-M001,Sydney,A,32.0,Hard,,2019-01-07,2019
2019-0360,Marrakech,A,32.0,Clay,,2019-01-08,2019
2019-0717,Houston,A,32.0,Clay,,2019-01-08,2019
2019-0321,Stuttgart,A,32.0,Grass,,2019-01-10,2019
2019-M010,s Hertogenbosch,A,32.0,Grass,,2019-01-10,2019
2019-0407,Rotterdam,A,32.0,Hard,,2019-01-11,2019
2019-0424,New York,A,32.0,Hard,,2019-01-11,2019
2019-0506,Buenos Aires,A,32.0,Clay,,2019-01-11,2019
2019-0605,Tour Finals,F,8.0,Hard,,2019-01-11,2019
2019-M024,Cincinnati Masters,M,64.0,Hard,,2019-01-12,2019
2019-M-DC-2019-G1-AM-M-BRA-BAR-01,Davis Cup,D,4.0,Clay,,2019-01-13,2019
2019-M-DC-2019-G1-AO-M-UZB-LBN-01,Davis Cup,D,4.0,Clay,,2019-01-13,2019
2019-M-DC-2019-G1-EPA-M-AUT-FIN-01,Davis Cup,D,4.0,Hard,,2019-01-13,2019
2019-M-DC-2019-G1-EPA-M-POR-BLR-01,Davis Cup,D,4.0,Hard,,2019-01-13,2019
2019-M-DC-2019-G1-EPA-M-SUI-SVK-01,Davis Cup,D,4.0,Clay,,2019-01-13,2019
2019-M-DC-2019-G1-EPA-M-SWE-ISR-01,Davis Cup,D,4.0,Hard,,2019-01-13,2019
2019-M-DC-2019-G2-AM-M-GUA-BOL-01,Davis Cup,D,4.0,Hard,,2019-01-13,2019
2019-M-DC-2019-G2-EPA-M-DEN-TUR-01,Davis Cup,D,4.0,Hard,,2019-01-13,2019
2019-M-DC-2019-G2-EPA-M-EGY-SLO-01,Davis Cup,D,4.0,Clay,,2019-01-13,2019
2019-M-DC-2019-G2-EPA-M-NOR-GEO-01,Davis Cup,D,4.0,Clay,,2019-01-13,2019
2019-M-DC-2019-G2-EPA-M-RSA-BUL-01,Davis Cup,D,4.0,Hard,,2019-01-13,2019
2019-M009,Rome Masters,M,64.0,Clay,,2019-01-13,2019
2019-0429,Stockholm,A,32.0,Hard,,2019-01-14,2019
2019-580,Australian Open,G,128.0,Hard,,2019-01-14,2019
2019-7485,Antwerp,A,32.0,Hard,,2019-01-14,2019
2019-M-DC-2019-G1-AM-M-DOM-URU-01,Davis Cup,D,4.0,Clay,,2019-01-14,2019
2019-M-DC-2019-G1-AM-M-ECU-VEN-01,Davis Cup,D,4.0,Hard,,2019-01-14,2019
2019-M-DC-2019-G1-AO-M-CHN-KOR-01,Davis Cup,D,4.0,Hard,,2019-01-14,2019
2019-M-DC-2019-G1-EPA-M-CZE-BIH-01,Davis Cup,D,4.0,Hard,,2019-01-14,2019
2019-M-DC-2019-G1-EPA-M-HUN-UKR-01,Davis Cup,D,4.0,Clay,,2019-01-14,2019
2019-M-DC-2019-G2-AM-M-MEX-PAR-01,Davis Cup,D,4.0,Clay,,2019-01-14,2019
2019-M-DC-2019-G2-AO-M-NZL-INA-01,Davis Cup,D,4.0,Hard,,2019-01-14,2019
2019-M-DC-2019-G2-AO-M-TPE-HKG-01,Davis Cup,D,4.0,Hard,,2019-01-14,2019
2019-M014,Moscow,A,32.0,Hard,,2019-01-14,2019
2019-0315,Newport,A,32.0,Grass,,2019-01-15,2019
2019-0316,Bastad,A,32.0,Clay,,2019-01-15,2019
2019-0410,Monte Carlo Masters,M,64.0,Clay,,2019-01-15,2019
2019-0439,Umag,A,32.0,Clay,,2019-01-15,2019
2019-0341,Metz,A,32.0,Hard,,2019-01-16,2019
2019-0568,St. Petersburg,A,32.0,Hard,,2019-01-16,2019
2019-0311,Queen's Club,A,32.0,Grass,,2019-01-17,2019
2019-0500,Halle,A,32.0,Grass,,2019-01-17,2019
2019-0496,Marseille,A,32.0,Hard,,2019-01-18,2019
2019-0499,Delray Beach,A,32.0,Hard,,2019-01-18,2019
2019-6932,Rio de Janeiro,A,32.0,Clay,,2019-01-18,2019
2019-M-DC-2019-FLS-B-M-CRO-RUS-01,Davis Cup,F,4.0,Hard,,2019-01-18,2019
2019-M-DC-2019-FLS-D-M-BEL-COL-01,Davis Cup,F,4.0,Hard,,2019-01-18,2019
2019-M-DC-2019-FLS-F-M-ITA-CAN-01,Davis Cup,F,4.0,Hard,,2019-01-18,2019
2019-M007,Miami Masters,M,128.0,Hard,,2019-01-18,2019
2019-6242,Winston-Salem,A,64.0,Hard,,2019-01-19,2019
2019-M-DC-2019-FLS-A-M-FRA-JPN-01,Davis Cup,F,4.0,Hard,,2019-01-19,2019
2019-M-DC-2019-FLS-B-M-ESP-RUS-01,Davis Cup,F,4.0,Hard,,2019-01-19,2019
2019-M-DC-2019-FLS-C-M-ARG-CHI-01,Davis Cup,F,4.0,Hard,,2019-01-19,2019
2019-M-DC-2019-FLS-D-M-AUS-COL-01,Davis Cup,F,4.0,Hard,,2019-01-19,2019
2019-M-DC-2019-FLS-E-M-KAZ-NED-01,Davis Cup,F,4.0,Hard,,2019-01-19,2019
2019-M-DC-2019-FLS-F-M-USA-CAN-01,Davis Cup,F,4.0,Hard,,2019-01-19,2019
2019-0322,Geneva,A,32.0,Clay,,2019-01-20,2019
2019-7694,Lyon,A,32.0,Clay,,2019-01-20,2019
2019-9210,Laver Cup,A,8.0,Hard,,2019-01-20,2019
2019-M-DC-2019-FLS-A-M-SRB-JPN-01,Davis Cup,F,4.0,Hard,,2019-01-20,2019
2019-M-DC-2019-FLS-B-M-CRO-ESP-01,Davis Cup,F,4.0,Hard,,2019-01-20,2019
2019-M-DC-2019-FLS-C-M-ARG-GER-01,Davis Cup,F,4.0,Hard,,2019-01-20,2019
2019-M-DC-2019-FLS-D-M-BEL-AUS-01,Davis Cup,F,4.0,Hard,,2019-01-20,2019
2019-M-DC-2019-FLS-E-M-GBR-NED-01,Davis Cup,F,4.0,Hard,,2019-01-20,2019
2019-M-DC-2019-FLS-F-M-USA-ITA-01,Davis Cup,F,4.0,Hard,,2019-01-20,2019
2019-0328,Basel,A,32.0,Hard,,2019-01-21,2019
2019-0337,Vienna,A,32.0,Hard,,2019-01-21,2019
2019-M-DC-2019-FLS-A-M-FRA-SRB-01,Davis Cup,F,4.0,Hard,,2019-01-21,2019
2019-M-DC-2019-FLS-C-M-GER-CHI-01,Davis Cup,F,4.0,Hard,,2019-01-21,2019
2019-M-DC-2019-FLS-E-M-GBR-KAZ-01,Davis Cup,F,4.0,Hard,,2019-01-21,2019
2019-M-DC-2019-FLS-M-AUS-CAN-01,Davis Cup,F,4.0,Hard,,2019-01-21,2019
2019-0314,Gstaad,A,32.0,Clay,,2019-01-22,2019
2019-0414,Hamburg,A,32.0,Clay,,2019-01-22,2019
2019-0425,Barcelona,A,64.0,Clay,,2019-01-22,2019
2019-6116,Atlanta,A,32.0,Hard,,2019-01-22,2019
2019-7648,Budapest,A,32.0,Clay,,2019-01-22,2019
2019-M-DC-2019-FLS-M-ARG-ESP-01,Davis Cup,F,4.0,Hard,,2019-01-22,2019
2019-M-DC-2019-FLS-M-GBR-GER-01,Davis Cup,F,4.0,Hard,,2019-01-22,2019
2019-M-DC-2019-FLS-M-SRB-RUS-01,Davis Cup,F,4.0,Hard,,2019-01-22,2019
2019-7581,Chengdu,A,32.0,Hard,,2019-01-23,2019
2019-9164,Zhuhai,A,32.0,Hard,,2019-01-23,2019
2019-M-DC-2019-FLS-M-GBR-ESP-01,Davis Cup,F,4.0,Hard,,2019-01-23,2019
2019-M-DC-2019-FLS-M-RUS-CAN-01,Davis Cup,F,4.0,Hard,,2019-01-23,2019
2019-7650,Antalya,A,32.0,Grass,,2019-01-24,2019
2019-M-DC-2019-FLS-M-CAN-ESP-01,Davis Cup,F,4.0,Hard,,2019-01-24,2019
2019-M016,Eastbourne,A,32.0,Grass,,2019-01-24,2019
2019-0495,Dubai,A,32.0,Hard,,2019-01-25,2019
2019-0533,Sao Paulo,A,32.0,Clay,,2019-01-25,2019
2019-M004,Acapulco,A,32.0,Hard,,2019-01-25,2019
2019-560,US Open,G,128.0,Hard,,2019-01-26,2019
2019-520,Roland Garros,G,128.0,Clay,,2019-01-27,2019
2019-0352,Paris Masters,M,64.0,Hard,,2019-01-28,2019
2019-0308,Munich,A,32.0,Clay,,2019-01-29,2019
2019-0319,Kitzbuhel,A,32.0,Clay,,2019-01-29,2019
2019-7290,Estoril,A,32.0,Clay,,2019-01-29,2019
2019-7480,Los Cabos,A,32.0,Hard,,2019-01-29,2019
2019-M035,Washington,A,64.0,Hard,,2019-01-29,2019
2019-0329,Tokyo,A,32.0,Hard,,2019-01-30,2019
2019-M015,Beijing,A,32.0,Hard,,2019-01-30,2019
2020-0352,Paris Masters,M,64.0,Hard,,2020-01-02,2020
2020-0375,Montpellier,A,32.0,Hard,,2020-01-03,2020
2020-0891,Pune,A,32.0,Hard,,2020-01-03,2020
2020-9158,Cordoba,A,32.0,Clay,,2020-01-03,2020
2020-0451,Doha,A,32.0,Hard,,2020-01-06,2020
2020-8888,Atp Cup,A,24.0,Hard,,2020-01-06,2020
2020-M-DC-2020-QLS-M-ARG-COL-01,Davis Cup,D,4.0,Clay,,2020-01-06,2020
2020-M-DC-2020-QLS-M-AUS-BRA-01,Davis Cup,D,4.0,Hard,,2020-01-06,2020
2020-M-DC-2020-QLS-M-AUT-URU-01,Davis Cup,D,4.0,Hard,,2020-01-06,2020
2020-M-DC-2020-QLS-M-BEL-HUN-01,Davis Cup,D,4.0,Clay,,2020-01-06,2020
2020-M-DC-2020-QLS-M-CRO-IND-01,Davis Cup,D,4.0,Hard,,2020-01-06,2020
2020-M-DC-2020-QLS-M-CZE-SVK-01,Davis Cup,D,4.0,Clay,,2020-01-06,2020
2020-M-DC-2020-QLS-M-GER-BLR-01,Davis Cup,D,4.0,Hard,,2020-01-06,2020
2020-M-DC-2020-QLS-M-JPN-ECU-01,Davis Cup,D,4.0,Hard,,2020-01-06,2020
2020-M-DC-2020-QLS-M-KAZ-NED-01,Davis Cup,D,4.0,Hard,,2020-01-06,2020
2020-M-DC-2020-QLS-M-SWE-CHI-01,Davis Cup,D,4.0,Hard,,2020-01-06,2020
2020-M-DC-2020-QLS-M-USA-UZB-01,Davis Cup,D,4.0,Hard,,2020-01-06,2020
2020-M-DC-2020-WG1-PO-BIH-RSA-01,Davis Cup,D,4.0,Hard,,2020-01-06,2020
2020-M-DC-2020-WG1-PO-BOL-DOM-01,Davis Cup,D,4.0,Clay,,2020-01-06,2020
2020-M-DC-2020-WG1-PO-LBN-THA-01,Davis Cup,D,4.0,Clay,,2020-01-06,2020
2020-M-DC-2020-WG1-PO-LTU-POR-01,Davis Cup,D,4.0,Hard,,2020-01-06,2020
2020-M-DC-2020-WG1-PO-MEX-FIN-01,Davis Cup,D,4.0,Clay,,2020-01-06,2020
2020-M-DC-2020-WG1-PO-NOR-BAR-01,Davis Cup,D,4.0,Hard,,2020-01-06,2020
2020-M-DC-2020-WG1-PO-PAK-SLO-01,Davis Cup,D,4.0,Grass,,2020-01-06,2020
2020-M-DC-2020-WG1-PO-PER-SUI-01,Davis Cup,D,4.0,Clay,,2020-01-06,2020
2020-M-DC-2020-WG1-PO-TUR-ISR-01,Davis Cup,D,4.0,Clay,,2020-01-06,2020
2020-M-DC-2020-WG1-PO-UKR-TPE-01,Davis Cup,D,4.0,Hard,,2020-01-06,2020
2020-M-DC-2020-WG1-PO-VEN-NZL-01,Davis Cup,D,4.0,Hard,,2020-01-06,2020
2020-M-DC-2020-WG2-PO-CRC-BUL-01,Davis Cup,D,4.0,Hard,,2020-01-06,2020
2020-M-DC-2020-WG2-PO-DEN-PUR-01,Davis Cup,D,4.0,Hard,,2020-01-06,2020
2020-M-DC-2020-WG2-PO-ESA-JAM-01,Davis Cup,D,4.0,Hard,,2020-01-06,2020
2020-M-DC-2020-WG2-PO-GEO-EST-01,Davis Cup,D,4.0,Hard,,2020-01-06,2020
2020-M-DC-2020-WG2-PO-GUA-TUN-01,Davis Cup,D,4.0,Hard,,2020-01-06,2020
2020-M-DC-2020-WG2-PO-INA-KEN-01,Davis Cup,D,4.0,Hard,,2020-01-06,2020
2020-M-DC-2020-WG2-PO-LAT-EGY-01,Davis Cup,D,4.0,Hard,,2020-01-06,2020
2020-M-DC-2020-WG2-PO-MAR-VIE-01,Davis Cup,D,4.0,Clay,,2020-01-06,2020
2020-M-DC-2020-WG2-PO-PAR-SRI-01,Davis Cup,D,4.0,Clay,,2020-01-06,2020
2020-M-DC-2020-WG2-PO-PHI-GRE-01,Davis Cup,D,4.0,Clay,,2020-01-06,2020
2020-M-DC-2020-WG2-PO-POL-HKG-01,Davis Cup,D,4.0,Hard,,2020-01-06,2020
2020-M-DC-2020-WG2-PO-SYR-ZIM-01,Davis Cup,D,4.0,Hard,,2020-01-06,2020
2020-0319,Kitzbuhel,A,32.0,Clay,,2020-01-07,2020
2020-7434,Sofia,A,32.0,Hard,,2020-01-09,2020
2020-0407,Rotterdam,A,32.0,Hard,,2020-01-10,2020
2020-0424,New York,A,32.0,Hard,,2020-01-10,2020
2020-0506,Buenos Aires,A,32.0,Clay,,2020-01-10,2020
2020-0568,St Petersburg,A,32.0,Hard,,2020-01-12,2020
2020-9404,Cologne 1,A,32.0,Hard,,2020-01-12,2020
2020-9408,Sardinia,A,32.0,Clay,,2020-01-12,2020
2020-0301,Auckland,A,32.0,Hard,,2020-01-13,2020
2020-M056,Adelaide,A,32.0,Hard,,2020-01-13,2020
2020-M009,Rome Masters,M,64.0,Clay,,2020-01-14,2020
2020-0605,Tour Finals,F,8.0,Hard,,2020-01-16,2020
2020-0496,Marseille,A,32.0,Hard,,2020-01-17,2020
2020-0499,Delray Beach,A,32.0,Hard,,2020-01-17,2020
2020-6932,ATP Rio de Janeiro,A,32.0,Clay,,2020-01-17,2020
2020-7485,Antwerp,A,32.0,Hard,,2020-01-19,2020
2020-9406,Cologne 2,A,32.0,Hard,,2020-01-19,2020
2020-580,Australian Open,G,128.0,Hard,,2020-01-20,2020
2020-0414,Hamburg,A,32.0,Clay,,2020-01-21,2020
2020-0495,Dubai,A,32.0,Hard,,2020-01-24,2020
2020-8996,Santiago,A,32.0,Clay,,2020-01-24,2020
2020-M004,Acapulco,A,32.0,Hard,,2020-01-24,2020
2020-M024,Cincinnati Masters,M,64.0,Hard,,2020-01-24,2020
2020-0337,Vienna,A,32.0,Hard,,2020-01-26,2020
2020-9410,Nur-Sultan,A,32.0,Hard,,2020-01-26,2020
2020-520,Roland Garros,G,128.0,Clay,,2020-01-28,2020
2020-560,Us Open,G,128.0,Hard,,2020-01-31,2020
2021-0352,Paris Masters,M,64.0,Hard,,2021-01-01,2021
2021-0407,Rotterdam,A,32.0,Hard,,2021-01-01,2021
2021-0506,Buenos Aires,A,32.0,Clay,,2021-01-01,2021
2021-8998,Great Ocean Road Open,A,64.0,Hard,,2021-01-01,2021
2021-9428,Murray River Open,A,64.0,Hard,,2021-01-01,2021
2021-M-DC-2021-FLS-M-SRB-KAZ-01,Davis Cup,F,2.0,Hard,,2021-01-01,2021
2021-0418,Washington,A,64.0,Hard,,2021-01-02,2021
2021-8888,Atp Cup,A,12.0,Hard,,2021-01-02,2021
2021-M-DC-2021-FLS-M-RTF-SWE-01,Davis Cup,F,2.0,Hard,,2021-01-02,2021
2021-1536,Madrid Masters,M,64.0,Clay,,2021-01-03,2021
2021-M-DC-2021-FLS-M-CRO-SRB-01,Davis Cup,F,2.0,Hard,,2021-01-03,2021
2021-0404,Indian Wells Masters,M,128.0,Hard,,2021-01-04,2021
2021-0499,Delray Beach,A,32.0,Hard,,2021-01-04,2021
2021-M-DC-2021-FLS-M-RTF-GER-01,Davis Cup,F,2.0,Hard,,2021-01-04,2021
2021-9426,Antalya,A,32.0,Hard,,2021-01-05,2021
2021-9462,Marbella,A,32.0,Clay,,2021-01-05,2021
2021-9481,Cagliari,A,32.0,Clay,,2021-01-05,2021
2021-M-DC-2021-FLS-M-RTF-CRO-01,Davis Cup,F,2.0,Hard,,2021-01-05,2021
2021-M-DC-2021-WG1-M-ISR-UKR-01,Davis Cup,D,4.0,Hard,,2021-01-05,2021
2021-M-DC-2021-WG1-M-JPN-PAK-01,Davis Cup,D,4.0,Grass,,2021-01-05,2021
2021-M-DC-2021-WG2-M-MEX-BUL-01,Davis Cup,D,4.0,Hard,,2021-01-05,2021
2021-M-DC-2021-WG2-M-POL-ESA-01,Davis Cup,D,4.0,Hard,,2021-01-05,2021
2021-0321,Stuttgart,A,32.0,Grass,,2021-01-07,2021
2021-0429,Stockholm,A,32.0,Hard,,2021-01-08,2021
2021-0451,Doha,A,32.0,Hard,,2021-01-08,2021
2021-0496,Marseille,A,32.0,Hard,,2021-01-08,2021
2021-580,Australian Open,G,128.0,Hard,,2021-01-08,2021
2021-7696,NextGen Finals,F,8.0,Hard,,2021-01-08,2021
2021-8996,Santiago,A,32.0,Clay,,2021-01-08,2021
2021-0421,Canada Masters,M,64.0,Hard,,2021-01-09,2021
2021-0416,Rome Masters,M,64.0,Clay,,2021-01-10,2021
2021-0315,Newport,A,32.0,Grass,,2021-01-12,2021
2021-0316,Bastad,A,32.0,Clay,,2021-01-12,2021
2021-0410,Monte Carlo Masters,M,64.0,Clay,,2021-01-12,2021
2021-0414,Hamburg,A,32.0,Clay,,2021-01-12,2021
2021-0311,Queen's Club,A,32.0,Grass,,2021-01-14,2021
2021-0500,Halle,A,32.0,Grass,,2021-01-14,2021
2021-0495,Dubai,A,64.0,Hard,,2021-01-15,2021
2021-0605,Tour Finals,F,8.0,Hard,,2021-01-15,2021
2021-0807,Acapulco,A,32.0,Hard,,2021-01-15,2021
2021-0422,Cincinnati Masters,M,64.0,Hard,,2021-01-16,2021
2021-0322,Geneva,A,32.0,Clay,,2021-01-17,2021
2021-7694,Lyon,A,32.0,Clay,,2021-01-17,2021
2021-M-DC-2021-WG1-M-BIH-PER-01,Davis Cup,D,4.0,Clay,,2021-01-17,2021
2021-M-DC-2021-WG1-M-CHI-SVK-01,Davis Cup,D,4.0,Hard,,2021-01-17,2021
2021-M-DC-2021-WG1-M-IND-FIN-01,Davis Cup,D,4.0,Hard,,2021-01-17,2021
2021-M-DC-2021-WG1-M-KOR-NZL-01,Davis Cup,D,4.0,Grass,,2021-01-17,2021
2021-M-DC-2021-WG1-M-UZB-NOR-01,Davis Cup,D,4.0,Hard,,2021-01-17,2021
2021-M-DC-2021-WG2-M-BAR-INA-01,Davis Cup,D,4.0,Hard,,2021-01-17,2021
2021-M-DC-2021-WG2-M-DOM-TUN-01,Davis Cup,D,4.0,Hard,,2021-01-17,2021
2021-M-DC-2021-WG2-M-SLO-PAR-01,Davis Cup,D,4.0,Clay,,2021-01-17,2021
2021-M-DC-2021-WG2-M-SUI-EST-01,Davis Cup,D,4.0,Hard,,2021-01-17,2021
2021-M-DC-2021-WG2-M-THA-DEN-01,Davis Cup,D,4.0,Hard,,2021-01-17,2021
2021-0438,Moscow,A,32.0,Hard,,2021-01-18,2021
2021-7485,Antwerp,A,32.0,Hard,,2021-01-18,2021
2021-M-DC-2021-WG1-M-ARG-BLR-01,Davis Cup,D,4.0,Clay,,2021-01-18,2021
2021-M-DC-2021-WG1-M-BEL-BOL-01,Davis Cup,D,4.0,Clay,,2021-01-18,2021
2021-M-DC-2021-WG1-M-BRA-LBN-01,Davis Cup,D,4.0,Clay,,2021-01-18,2021
2021-M-DC-2021-WG1-M-NED-URU-01,Davis Cup,D,4.0,Clay,,2021-01-18,2021
2021-M-DC-2021-WG1-M-POR-ROU-01,Davis Cup,D,4.0,Hard,,2021-01-18,2021
2021-M-DC-2021-WG2-M-LTU-GRE-01,Davis Cup,D,4.0,Hard,,2021-01-18,2021
2021-M-DC-2021-WG2-M-RSA-VEN-01,Davis Cup,D,4.0,Hard,,2021-01-18,2021
2021-M-DC-2021-WG2-M-TUR-LAT-01,Davis Cup,D,4.0,Hard,,2021-01-18,2021
2021-0314,Gstaad,A,32.0,Clay,,2021-01-19,2021
2021-0425,Barcelona,A,64.0,Clay,,2021-01-19,2021
2021-0439,Umag,A,32.0,Clay,,2021-01-19,2021
2021-5053,Belgrade,A,32.0,Clay,,2021-01-19,2021
2021-7480,Los Cabos,A,32.0,Hard,,2021-01-19,2021
2021-0341,Metz,A,32.0,Hard,,2021-01-20,2021
2021-9410,Nur-Sultan,A,32.0,Hard,,2021-01-20,2021
2021-0741,Eastbourne,A,32.0,Grass,,2021-01-21,2021
2021-8994,Mallorca,A,32.0,Grass,,2021-01-21,2021
2021-0375,Montpellier,A,32.0,Hard,,2021-01-22,2021
2021-0403,Miami Masters,M,128.0,Hard,,2021-01-22,2021
2021-9158,Cordoba,A,32.0,Clay,,2021-01-22,2021
2021-9460,Singapore,A,32.0,Hard,,2021-01-22,2021
2021-6242,Winston-Salem,A,64.0,Hard,,2021-01-23,2021
2021-0096,Tokyo Olympics,O,64.0,Hard,,2021-01-24,2021
2021-9210,Laver Cup,A,8.0,Hard,,2021-01-24,2021
2021-9510,Parma,A,32.0,Clay,,2021-01-24,2021
2021-9512,Belgrade 2,A,32.0,Clay,,2021-01-24,2021
2021-0337,Vienna,A,32.0,Hard,,2021-01-25,2021
2021-0568,St. Petersburg,A,32.0,Hard,,2021-01-25,2021
2021-M-DC-2021-FLS-B-M-CAN-SWE-01,Davis Cup,F,2.0,Hard,,2021-01-25,2021
2021-M-DC-2021-FLS-C-M-FRA-CZE-01,Davis Cup,F,2.0,Hard,,2021-01-25,2021
2021-M-DC-2021-FLS-D-M-CRO-AUS-01,Davis Cup,F,2.0,Hard,,2021-01-25,2021
2021-0308,Munich,A,32.0,Clay,,2021-01-26,2021
2021-0319,Kitzbuhel,A,32.0,Clay,,2021-01-26,2021
2021-6116,Atlanta,A,32.0,Hard,,2021-01-26,2021
2021-7290,Estoril,A,32.0,Clay,,2021-01-26,2021
2021-M-DC-2021-FLS-A-M-ESP-ECU-01,Davis Cup,F,2.0,Hard,,2021-01-26,2021
2021-M-DC-2021-FLS-E-M-USA-ITA-01,Davis Cup,F,2.0,Hard,,2021-01-26,2021
2021-M-DC-2021-FLS-F-M-SRB-AUT-01,Davis Cup,F,2.0,Hard,,2021-01-26,2021
2021-M-DC-2021-WG1-KOPO-UKR-NOR-01,Davis Cup,D,4.0,Hard,,2021-01-26,2021
2021-M-DC-2021-WG2-KOPO-TUN-ZIM-01,Davis Cup,D,4.0,Clay,,2021-01-26,2021
2021-7434,Sofia,A,32.0,Hard,,2021-01-27,2021
2021-9569,San Diego,A,32.0,Hard,,2021-01-27,2021
2021-M-DC-2021-FLS-A-M-RTF-ECU-01,Davis Cup,F,2.0,Hard,,2021-01-27,2021
2021-M-DC-2021-FLS-B-M-KAZ-SWE-01,Davis Cup,F,2.0,Hard,,2021-01-27,2021
2021-M-DC-2021-FLS-C-M-FRA-GBR-01,Davis Cup,F,2.0,Hard,,2021-01-27,2021
2021-M-DC-2021-FLS-D-M-AUS-HUN-01,Davis Cup,F,2.0,Hard,,2021-01-27,2021
2021-M-DC-2021-FLS-E-M-ITA-COL-01,Davis Cup,F,2.0,Hard,,2021-01-27,2021
2021-M-DC-2021-FLS-F-M-SRB-GER-01,Davis Cup,F,2.0,Hard,,2021-01-27,2021
2021-540,Wimbledon,G,128.0,Grass,,2021-01-28,2021
2021-M-DC-2021-FLS-A-M-ESP-RTF-01,Davis Cup,F,2.0,Hard,,2021-01-28,2021
2021-M-DC-2021-FLS-B-M-CAN-KAZ-01,Davis Cup,F,2.0,Hard,,2021-01-28,2021
2021-M-DC-2021-FLS-C-M-GBR-CZE-01,Davis Cup,F,2.0,Hard,,2021-01-28,2021
2021-M-DC-2021-FLS-D-M-CRO-HUN-01,Davis Cup,F,2.0,Hard,,2021-01-28,2021
2021-M-DC-2021-FLS-E-M-USA-COL-01,Davis Cup,F,2.0,Hard,,2021-01-28,2021
2021-M-DC-2021-FLS-F-M-GER-AUT-01,Davis Cup,F,2.0,Hard,,2021-01-28,2021
2021-M-DC-2021-FLS-M-ITA-CRO-01,Davis Cup,F,2.0,Hard,,2021-01-29,2021
2021-560,Us Open,G,128.0,Hard,,2021-01-30,2021
2021-M-DC-2021-FLS-M-GBR-GER-01,Davis Cup,F,2.0,Hard,,2021-01-30,2021
2021-520,Roland Garros,G,128.0,Clay,,2021-01-31,2021
2022-0418,Washington,A,64.0,Hard,,2022-01-01,2022
2022-7480,Los Cabos,A,32.0,Hard,,2022-01-01,2022
2022-1536,Madrid Masters,M,64.0,Clay,,2022-01-02,2022
2022-0329,Tokyo,A,32.0,Hard,,2022-01-03,2022
2022-8888,Atp Cup,A,16.0,Hard,,2022-01-03,2022
2022-8998,Adelaide 1,A,32.0,Hard,,2022-01-03,2022
2022-9410,Astana,A,32.0,Hard,,2022-01-03,2022
2022-9665,Melbourne,A,32.0,Hard,,2022-01-03,2022
2022-0360,Marrakech,A,32.0,Clay,,2022-01-04,2022
2022-0717,Houston,A,32.0,Clay,,2022-01-04,2022
2022-M-DC-2022-QLS-M-ARG-CZE-01,Davis Cup,D,4.0,Clay,,2022-01-04,2022
2022-M-DC-2022-QLS-M-AUS-HUN-01,Davis Cup,D,4.0,Hard,,2022-01-04,2022
2022-M-DC-2022-QLS-M-AUT-KOR-01,Davis Cup,D,4.0,Hard,,2022-01-04,2022
2022-M-DC-2022-QLS-M-BEL-FIN-01,Davis Cup,D,4.0,Hard,,2022-01-04,2022
2022-M-DC-2022-QLS-M-CAN-NED-01,Davis Cup,D,4.0,Clay,,2022-01-04,2022
2022-M-DC-2022-QLS-M-ESP-ROU-01,Davis Cup,D,4.0,Clay,,2022-01-04,2022
2022-M-DC-2022-QLS-M-FRA-ECU-01,Davis Cup,D,4.0,Hard,,2022-01-04,2022
2022-M-DC-2022-QLS-M-GER-BRA-01,Davis Cup,D,4.0,Clay,,2022-01-04,2022
2022-M-DC-2022-QLS-M-ITA-SVK-01,Davis Cup,D,4.0,Hard,,2022-01-04,2022
2022-M-DC-2022-QLS-M-KAZ-NOR-01,Davis Cup,D,4.0,Hard,,2022-01-04,2022
2022-M-DC-2022-QLS-M-SWE-JPN-01,Davis Cup,D,4.0,Hard,,2022-01-04,2022
2022-M-DC-2022-QLS-M-USA-COL-01,Davis Cup,D,4.0,Hard,,2022-01-04,2022
2022-M-DC-2022-WG1-PO-CHI-SLO-01,Davis Cup,D,4.0,Clay,,2022-01-04,2022
2022-M-DC-2022-WG1-PO-IND-DEN-01,Davis Cup,D,4.0,Grass,,2022-01-04,2022
2022-M-DC-2022-WG1-PO-PAK-LTU-01,Davis Cup,D,4.0,Grass,,2022-01-04,2022
2022-M-DC-2022-WG1-PO-UZB-TUR-01,Davis Cup,D,4.0,Hard,,2022-01-04,2022
2022-M-DC-2022-WG2-PO-EGY-CYP-01,Davis Cup,D,4.0,Clay,,2022-01-04,2022
2022-M-DC-2022-WG2-PO-GRE-JAM-01,Davis Cup,D,4.0,Clay,,2022-01-04,2022
2022-M-DC-2022-WG2-PO-HKG-BEN-01,Davis Cup,D,4.0,Hard,,2022-01-04,2022
2022-0321,Stuttgart,A,32.0,Grass,,2022-01-06,2022
2022-0440,s Hertogenbosch,A,32.0,Grass,,2022-01-06,2022
2022-0404,Indian Wells Masters,M,128.0,Hard,,2022-01-07,2022
2022-0407,Rotterdam,A,32.0,Hard,,2022-01-07,2022
2022-0424,Dallas,A,32.0,Hard,,2022-01-07,2022
2022-0506,Buenos Aires,A,32.0,Clay,,2022-01-07,2022
2022-7696,NextGen Finals,F,8.0,Hard,,2022-01-07,2022
2022-0421,Canada Masters,M,64.0,Hard,,2022-01-08,2022
2022-0416,Rome Masters,M,64.0,Clay,,2022-01-09,2022
2022-2805,Florence,A,32.0,Hard,,2022-01-10,2022
2022-2807,Gijon,A,32.0,Hard,,2022-01-10,2022
2022-9663,Sydney,A,32.0,Hard,,2022-01-10,2022
2022-9667,Adelaide 2,A,32.0,Hard,,2022-01-10,2022
2022-0315,Newport,A,32.0,Grass,,2022-01-11,2022
2022-0316,Bastad,A,32.0,Clay,,2022-01-11,2022
2022-0410,Monte Carlo Masters,M,64.0,Clay,,2022-01-11,2022
2022-0311,Queen's Club,A,32.0,Grass,,2022-01-13,2022
2022-0500,Halle,A,32.0,Grass,,2022-01-13,2022
2022-M-DC-2022-FLS-1-A-M-ARG-SWE-01,Davis Cup,F,2.0,Hard,,2022-01-13,2022
2022-M-DC-2022-FLS-2-B-M-KOR-CAN-01,Davis Cup,F,2.0,Hard,,2022-01-13,2022
2022-M-DC-2022-FLS-3-C-M-AUS-BEL-01,Davis Cup,F,2.0,Hard,,2022-01-13,2022
2022-M-DC-2022-FLS-4-D-M-KAZ-NED-01,Davis Cup,F,2.0,Hard,,2022-01-13,2022
2022-0451,Doha,A,32.0,Hard,,2022-01-14,2022
2022-0496,Marseille,A,32.0,Hard,,2022-01-14,2022
2022-0499,Delray Beach,A,32.0,Hard,,2022-01-14,2022
2022-0605,Tour Finals,F,8.0,Hard,,2022-01-14,2022
2022-6932,Rio de Janeiro,A,32.0,Clay,,2022-01-14,2022
2022-M-DC-2022-FLS-1-A-M-ITA-CRO-01,Davis Cup,F,2.0,Hard,,2022-01-14,2022
2022-M-DC-2022-FLS-2-B-M-ESP-SRB-01,Davis Cup,F,2.0,Hard,,2022-01-14,2022
2022-M-DC-2022-FLS-3-C-M-FRA-GER-01,Davis Cup,F,2.0,Hard,,2022-01-14,2022
2022-M-DC-2022-FLS-4-D-M-USA-GBR-01,Davis Cup,F,2.0,Hard,,2022-01-14,2022
2022-0422,Cincinnati Masters,M,64.0,Hard,,2022-01-15,2022
2022-M-DC-2022-FLS-1-A-M-CRO-SWE-01,Davis Cup,F,2.0,Hard,,2022-01-15,2022
2022-M-DC-2022-FLS-2-B-M-KOR-SRB-01,Davis Cup,F,2.0,Hard,,2022-01-15,2022
2022-M-DC-2022-FLS-3-C-M-FRA-AUS-01,Davis Cup,F,2.0,Hard,,2022-01-15,2022
2022-M-DC-2022-FLS-4-D-M-USA-KAZ-01,Davis Cup,F,2.0,Hard,,2022-01-15,2022
2022-M-DC-2022-WG1-M-HUN-UKR-01,Davis Cup,D,4.0,Hard,,2022-01-15,2022
2022-0322,Geneva,A,32.0,Clay,,2022-01-16,2022
2022-7694,Lyon,A,32.0,Clay,,2022-01-16,2022
2022-M-DC-2022-FLS-1-A-M-ITA-ARG-01,Davis Cup,F,2.0,Hard,,2022-01-16,2022
2022-M-DC-2022-FLS-2-B-M-ESP-CAN-01,Davis Cup,F,2.0,Hard,,2022-01-16,2022
2022-M-DC-2022-FLS-3-C-M-GER-BEL-01,Davis Cup,F,2.0,Hard,,2022-01-16,2022
2022-M-DC-2022-FLS-4-D-M-GBR-NED-01,Davis Cup,F,2.0,Hard,,2022-01-16,2022
2022-M-DC-2022-WG1-M-AUT-PAK-01,Davis Cup,D,4.0,Clay,,2022-01-16,2022
2022-M-DC-2022-WG1-M-BIH-MEX-01,Davis Cup,D,4.0,Clay,,2022-01-16,2022
2022-M-DC-2022-WG1-M-BRA-POR-01,Davis Cup,D,4.0,Hard,,2022-01-16,2022
2022-M-DC-2022-WG1-M-CZE-ISR-01,Davis Cup,D,4.0,Hard,,2022-01-16,2022
2022-M-DC-2022-WG1-M-FIN-NZL-01,Davis Cup,D,4.0,Hard,,2022-01-16,2022
2022-M-DC-2022-WG1-M-IND-NOR-01,Davis Cup,D,4.0,Hard,,2022-01-16,2022
2022-M-DC-2022-WG1-M-JPN-UZB-01,Davis Cup,D,4.0,Hard,,2022-01-16,2022
2022-M-DC-2022-WG1-M-SVK-ROU-01,Davis Cup,D,4.0,Clay,,2022-01-16,2022
2022-M-DC-2022-WG2-M-BAR-IRL-01,Davis Cup,D,4.0,Hard,,2022-01-16,2022
2022-M-DC-2022-WG2-M-BOL-THA-01,Davis Cup,D,4.0,Hard,,2022-01-16,2022
2022-M-DC-2022-WG2-M-DOM-LAT-01,Davis Cup,D,4.0,Hard,,2022-01-16,2022
2022-M-DC-2022-WG2-M-LBN-MON-01,Davis Cup,D,4.0,Hard,,2022-01-16,2022
2022-M-DC-2022-WG2-M-POL-INA-01,Davis Cup,D,4.0,Hard,,2022-01-16,2022
2022-M-DC-2022-WG2-M-RSA-BUL-01,Davis Cup,D,4.0,Clay,,2022-01-16,2022
2022-M-DC-2022-WG2-M-SLO-EST-01,Davis Cup,D,4.0,Clay,,2022-01-16,2022
2022-M-DC-2022-WG2-M-TUN-GRE-01,Davis Cup,D,4.0,Hard,,2022-01-16,2022
2022-M-DC-2022-WG2-M-URU-CHN-01,Davis Cup,D,4.0,Clay,,2022-01-16,2022
2022-0429,Stockholm,A,32.0,Hard,,2022-01-17,2022
2022-2809,Naples,A,32.0,Hard,,2022-01-17,2022
2022-580,Australian Open,G,128.0,Hard,,2022-01-17,2022
2022-7485,Antwerp,A,32.0,Hard,,2022-01-17,2022
2022-M-DC-2022-FLS-1-A-M-ARG-CRO-01,Davis Cup,F,2.0,Hard,,2022-01-17,2022
2022-M-DC-2022-FLS-2-B-M-SRB-CAN-01,Davis Cup,F,2.0,Hard,,2022-01-17,2022
2022-M-DC-2022-FLS-3-C-M-FRA-BEL-01,Davis Cup,F,2.0,Hard,,2022-01-17,2022
2022-M-DC-2022-FLS-4-D-M-USA-NED-01,Davis Cup,F,2.0,Hard,,2022-01-17,2022
2022-M-DC-2022-WG1-M-CHI-PER-01,Davis Cup,D,4.0,Clay,,2022-01-17,2022
2022-M-DC-2022-WG1-M-COL-TUR-01,Davis Cup,D,4.0,Clay,,2022-01-17,2022
2022-M-DC-2022-WG1-M-ECU-SUI-01,Davis Cup,D,4.0,Hard,,2022-01-17,2022
2022-M-DC-2022-WG2-M-DEN-ESA-01,Davis Cup,D,4.0,Hard,,2022-01-17,2022
2022-M-DC-2022-WG2-M-LTU-EGY-01,Davis Cup,D,4.0,Hard,,2022-01-17,2022
2022-M-DC-2022-WG2-M-TPE-HKG-01,Davis Cup,D,4.0,Hard,,2022-01-17,2022
2022-0314,Gstaad,A,32.0,Clay,,2022-01-18,2022
2022-0414,Hamburg,A,32.0,Clay,,2022-01-18,2022
2022-0425,Barcelona,A,64.0,Clay,,2022-01-18,2022
2022-5053,Belgrade ,A,32.0,Clay,,2022-01-18,2022
2022-M-DC-2022-FLS-1-A-M-ITA-SWE-01,Davis Cup,F,2.0,Hard,,2022-01-18,2022
2022-M-DC-2022-FLS-2-B-M-ESP-KOR-01,Davis Cup,F,2.0,Hard,,2022-01-18,2022
2022-M-DC-2022-FLS-3-C-M-GER-AUS-01,Davis Cup,F,2.0,Hard,,2022-01-18,2022
2022-M-DC-2022-FLS-4-D-M-GBR-KAZ-01,Davis Cup,F,2.0,Hard,,2022-01-18,2022
2022-0341,Metz,A,32.0,Hard,,2022-01-19,2022
2022-9569,San Diego,A,32.0,Hard,,2022-01-19,2022
2022-0741,Eastbourne,A,32.0,Grass,,2022-01-20,2022
2022-8994,Mallorca,A,32.0,Grass,,2022-01-20,2022
2022-0403,Miami Masters,M,128.0,Hard,,2022-01-21,2022
2022-0495,Dubai,A,32.0,Hard,,2022-01-21,2022
2022-0807,Acapulco,A,32.0,Hard,,2022-01-21,2022
2022-8996,Santiago,A,32.0,Clay,,2022-01-21,2022
2022-6242,Winston-Salem,A,64.0,Hard,,2022-01-22,2022
2022-M-DC-2022-FLS-M-AUS-NED-01,Davis Cup,F,2.0,Hard,,2022-01-22,2022
2022-520,Roland Garros,G,128.0,Clay,,2022-01-23,2022
2022-9210,Laver Cup,A,8.0,Hard,,2022-01-23,2022
2022-M-DC-2022-FLS-M-CRO-ESP-01,Davis Cup,F,2.0,Hard,,2022-01-23,2022
2022-0328,Basel,A,32.0,Hard,,2022-01-24,2022
2022-0337,Vienna,A,32.0,Hard,,2022-01-24,2022
2022-M-DC-2022-FLS-M-GER-CAN-01,Davis Cup,F,2.0,Hard,,2022-01-24,2022
2022-M-DC-2022-FLS-M-ITA-USA-01,Davis Cup,F,2.0,Hard,,2022-01-24,2022
2022-0308,Munich,A,32.0,Clay,,2022-01-25,2022
2022-0319,Kitzbuhel,A,32.0,Clay,,2022-01-25,2022
2022-0439,Umag,A,32.0,Clay,,2022-01-25,2022
2022-6116,Atlanta,A,32.0,Hard,,2022-01-25,2022
2022-7290,Estoril,A,32.0,Clay,,2022-01-25,2022
2022-M-DC-2022-FLS-M-AUS-CRO-01,Davis Cup,F,2.0,Hard,,2022-01-25,2022
2022-4138,Tel Aviv,A,32.0,Hard,,2022-01-26,2022
2022-4140,Seoul,A,32.0,Hard,,2022-01-26,2022
2022-7434,Sofia,A,32.0,Hard,,2022-01-26,2022
2022-M-DC-2022-FLS-M-ITA-CAN-01,Davis Cup,F,2.0,Hard,,2022-01-26,2022
2022-540,Wimbledon,G,128.0,Grass,,2022-01-27,2022
2022-M-DC-2022-FLS-M-CAN-AUS-01,Davis Cup,F,2.0,Hard,,2022-01-27,2022
2022-560,Us Open,G,128.0,Hard,,2022-01-29,2022
2022-0352,Paris Masters,M,64.0,Hard,,2022-01-31,2022
2022-0375,Montpellier,A,32.0,Hard,,2022-01-31,2022
2022-0891,Pune,A,32.0,Hard,,2022-01-31,2022
2022-9158,Cordoba,A,32.0,Clay,,2022-01-31,2022
2023-0891,Pune,A,32.0,Hard,,2023-01-02,2023
2023-2843,Adelaide 1,A,32.0,Hard,,2023-01-02,2023
2023-5014,Shanghai Masters,M,128.0,Hard,,2023-01-02,2023
2023-9900,United Cup,A,18.0,Hard,,2023-01-02,2023
2023-M-DC-2023-WG2-PO-BOL-GEO-01,Davis Cup,D,4.0,,,2023-01-02,2023
2023-0360,Marrakech,A,32.0,Clay,,2023-01-03,2023
2023-0717,Houston,A,32.0,Clay,,2023-01-03,2023
2023-540,Wimbledon,G,128.0,Grass,,2023-01-03,2023
2023-7290,Estoril,A,32.0,Clay,,2023-01-03,2023
2023-M-DC-2023-QLS-M-FRA-HUN-01,Davis Cup,D,4.0,Hard,,2023-01-03,2023
2023-M-DC-2023-QLS-M-GBR-COL-01,Davis Cup,D,4.0,Clay,,2023-01-03,2023
2023-M-DC-2023-QLS-M-GER-SUI-01,Davis Cup,D,4.0,Hard,,2023-01-03,2023
2023-M-DC-2023-QLS-M-SRB-NOR-01,Davis Cup,D,4.0,Hard,,2023-01-03,2023
2023-M-DC-2023-QLS-M-SWE-BIH-01,Davis Cup,D,4.0,Hard,,2023-01-03,2023
2023-M-DC-2023-QLS-M-USA-UZB-01,Davis Cup,D,4.0,Hard,,2023-01-03,2023
2023-M-DC-2023-WG1-PO-BRA-CHN-01,Davis Cup,D,4.0,,,2023-01-03,2023
2023-M-DC-2023-WG1-PO-IND-DEN-01,Davis Cup,D,4.0,Hard,,2023-01-03,2023
2023-M-DC-2023-WG1-PO-PAK-LTU-01,Davis Cup,D,4.0,,,2023-01-03,2023
2023-M-DC-2023-WG1-PO-PER-IRL-01,Davis Cup,D,4.0,,,2023-01-03,2023
2023-M-DC-2023-WG1-PO-ROU-THA-01,Davis Cup,D,4.0,,,2023-01-03,2023
2023-M-DC-2023-WG1-PO-TUR-SLO-01,Davis Cup,D,4.0,,,2023-01-03,2023
2023-M-DC-2023-WG1-PO-UKR-LBN-01,Davis Cup,D,4.0,,,2023-01-03,2023
2023-M-DC-2023-WG2-PO-BAR-POC-01,Davis Cup,D,4.0,,,2023-01-03,2023
2023-M-DC-2023-WG2-PO-EGY-PAR-01,Davis Cup,D,4.0,,,2023-01-03,2023
2023-M-DC-2023-WG2-PO-ESA-JOR-01,Davis Cup,D,4.0,,,2023-01-03,2023
2023-M-DC-2023-WG2-PO-TUN-CYP-01,Davis Cup,D,4.0,,,2023-01-03,2023
2023-M-DC-2023-QLS-M-ARG-FIN-01,Davis Cup,D,4.0,Hard,,2023-01-04,2023
2023-M-DC-2023-QLS-M-BEL-KOR-01,Davis Cup,D,4.0,Hard,,2023-01-04,2023
2023-M-DC-2023-QLS-M-CRO-AUT-01,Davis Cup,D,4.0,Hard,,2023-01-04,2023
2023-M-DC-2023-QLS-M-CZE-POR-01,Davis Cup,D,4.0,Clay,,2023-01-04,2023
2023-M-DC-2023-QLS-M-KAZ-CHI-01,Davis Cup,D,4.0,Clay,,2023-01-04,2023
2023-M-DC-2023-QLS-M-NED-SVK-01,Davis Cup,D,4.0,Hard,,2023-01-04,2023
2023-M-DC-2023-WG1-PO-ISR-LAT-01,Davis Cup,D,4.0,,,2023-01-04,2023
2023-M-DC-2023-WG2-PO-EST-JAM-01,Davis Cup,D,4.0,,,2023-01-04,2023
2023-M-DC-2023-WG2-PO-INA-VIE-01,Davis Cup,D,4.0,,,2023-01-04,2023
2023-M-DC-2023-WG2-PO-RSA-LUX-01,Davis Cup,D,4.0,,,2023-01-04,2023
2023-0341,Metz,A,32.0,Hard,,2023-01-06,2023
2023-0375,Montpellier,A,32.0,Hard,,2023-01-06,2023
2023-0404,Indian Wells Masters,M,128.0,Hard,,2023-01-06,2023
2023-0424,Dallas,A,32.0,Hard,,2023-01-06,2023
2023-7434,Sofia,A,32.0,Hard,,2023-01-06,2023
2023-9158,Cordoba,A,32.0,Clay,,2023-01-06,2023
2023-0421,Canada Masters,M,64.0,Hard,,2023-01-07,2023
2023-0416,Rome Masters,M,128.0,Clay,,2023-01-08,2023
2023-0301,Auckland,A,32.0,Hard,,2023-01-09,2023
2023-8998,Adelaide 2,A,32.0,Hard,,2023-01-09,2023
2023-0410,Monte Carlo Masters,M,64.0,Clay,,2023-01-10,2023
2023-0321,Stuttgart,A,32.0,Grass,,2023-01-12,2023
2023-0440,s Hertogenbosch,A,32.0,Grass,,2023-01-12,2023
2023-M-DC-2023-FLS-1-A-M-SWE-CHI-01,Davis Cup,F,2.0,Hard,,2023-01-12,2023
2023-M-DC-2023-FLS-2-B-M-FRA-SUI-01,Davis Cup,F,2.0,Hard,,2023-01-12,2023
2023-M-DC-2023-FLS-3-C-M-SRB-KOR-01,Davis Cup,F,2.0,Hard,,2023-01-12,2023
2023-M-DC-2023-FLS-4-D-M-NED-FIN-01,Davis Cup,F,2.0,Hard,,2023-01-12,2023
2023-0407,Rotterdam,A,32.0,Hard,,2023-01-13,2023
2023-0499,Delray Beach,A,32.0,Hard,,2023-01-13,2023
2023-0506,Buenos Aires,A,32.0,Clay,,2023-01-13,2023
2023-0605,Tour Finals,F,8.0,Hard,,2023-01-13,2023
2023-M-DC-2023-FLS-1-A-M-CAN-ITA-01,Davis Cup,F,2.0,Hard,,2023-01-13,2023
2023-M-DC-2023-FLS-2-B-M-AUS-GBR-01,Davis Cup,F,2.0,Hard,,2023-01-13,2023
2023-M-DC-2023-FLS-3-C-M-ESP-CZE-01,Davis Cup,F,2.0,Hard,,2023-01-13,2023
2023-M-DC-2023-FLS-4-D-M-CRO-USA-01,Davis Cup,F,2.0,Hard,,2023-01-13,2023
2023-0422,Cincinnati Masters,M,64.0,Hard,,2023-01-14,2023
2023-M-DC-2023-FLS-1-A-M-CAN-SWE-01,Davis Cup,F,2.0,Hard,,2023-01-14,2023
2023-M-DC-2023-FLS-2-B-M-AUS-FRA-01,Davis Cup,F,2.0,Hard,,2023-01-14,2023
2023-M-DC-2023-FLS-3-C-M-CZE-KOR-01,Davis Cup,F,2.0,Hard,,2023-01-14,2023
2023-M-DC-2023-FLS-4-D-M-NED-USA-01,Davis Cup,F,2.0,Hard,,2023-01-14,2023
2023-M-DC-2023-WG1-M-UKR-COL-01,Davis Cup,D,4.0,Hard,,2023-01-14,2023
2023-M-DC-2023-FLS-1-A-M-ITA-CHI-01,Davis Cup,F,2.0,Hard,,2023-01-15,2023
2023-M-DC-2023-FLS-2-B-M-GBR-SUI-01,Davis Cup,F,2.0,Hard,,2023-01-15,2023
2023-M-DC-2023-FLS-3-C-M-ESP-SRB-01,Davis Cup,F,2.0,Hard,,2023-01-15,2023
2023-M-DC-2023-FLS-4-D-M-CRO-FIN-01,Davis Cup,F,2.0,Hard,,2023-01-15,2023
2023-M-DC-2023-WG1-M-AUT-POR-01,Davis Cup,D,4.0,Hard,,2023-01-15,2023
2023-M-DC-2023-WG1-M-DEN-BRA-01,Davis Cup,D,4.0,Hard,,2023-01-15,2023
2023-M-DC-2023-WG2-M-LBN-JAM-01,Davis Cup,D,4.0,Clay,,2023-01-15,2023
2023-M-DC-2023-WG2-M-MON-ECU-01,Davis Cup,D,4.0,Clay,,2023-01-15,2023
2023-M-DC-2023-WG2-M-SLO-LUX-01,Davis Cup,D,4.0,Clay,,2023-01-15,2023
2023-0329,Tokyo,A,32.0,Hard,,2023-01-16,2023
2023-0429,Stockholm,A,32.0,Hard,,2023-01-16,2023
2023-580,Australian Open,G,128.0,Hard,,2023-01-16,2023
2023-7485,Antwerp,A,32.0,Hard,,2023-01-16,2023
2023-M-DC-2023-FLS-1-A-M-CAN-CHI-01,Davis Cup,F,2.0,Hard,,2023-01-16,2023
2023-M-DC-2023-FLS-2-B-M-AUS-SUI-01,Davis Cup,F,2.0,Hard,,2023-01-16,2023
2023-M-DC-2023-FLS-3-C-M-SRB-CZE-01,Davis Cup,F,2.0,Hard,,2023-01-16,2023
2023-M-DC-2023-FLS-4-D-M-USA-FIN-01,Davis Cup,F,2.0,Hard,,2023-01-16,2023
2023-M-DC-2023-WG1-M-ARG-LTU-01,Davis Cup,D,4.0,Clay,,2023-01-16,2023
2023-M-DC-2023-WG1-M-BIH-GER-01,Davis Cup,D,4.0,Clay,,2023-01-16,2023
2023-M-DC-2023-WG1-M-BUL-KAZ-01,Davis Cup,D,4.0,Clay,,2023-01-16,2023
2023-M-DC-2023-WG1-M-GRE-SVK-01,Davis Cup,D,4.0,Hard,,2023-01-16,2023
2023-M-DC-2023-WG1-M-ISR-JPN-01,Davis Cup,D,4.0,Hard,,2023-01-16,2023
2023-M-DC-2023-WG1-M-PER-NOR-01,Davis Cup,D,4.0,Clay,,2023-01-16,2023
2023-M-DC-2023-WG2-M-ESA-IRL-01,Davis Cup,D,4.0,Clay,,2023-01-16,2023
2023-M-DC-2023-WG2-M-HKG-LAT-01,Davis Cup,D,4.0,Hard,,2023-01-16,2023
2023-M-DC-2023-WG2-M-IND-MAR-01,Davis Cup,D,4.0,Hard,,2023-01-16,2023
2023-M-DC-2023-WG2-M-MEX-CHN-01,Davis Cup,D,4.0,Clay,,2023-01-16,2023
2023-M-DC-2023-WG2-M-PAK-INA-01,Davis Cup,D,4.0,Grass,,2023-01-16,2023
2023-M-DC-2023-WG2-M-URU-EGY-01,Davis Cup,D,4.0,Clay,,2023-01-16,2023
2023-0308,Munich,A,32.0,Clay,,2023-01-17,2023
2023-0314,Gstaad,A,32.0,Clay,,2023-01-17,2023
2023-0315,Newport,A,32.0,Grass,,2023-01-17,2023
2023-0316,Bastad,A,32.0,Clay,,2023-01-17,2023
2023-0425,Barcelona,A,64.0,Clay,,2023-01-17,2023
2023-2841,Banja Luka,A,32.0,Clay,,2023-01-17,2023
2023-M-DC-2023-FLS-1-A-M-ITA-SWE-01,Davis Cup,F,2.0,Hard,,2023-01-17,2023
2023-M-DC-2023-FLS-2-B-M-GBR-FRA-01,Davis Cup,F,2.0,Hard,,2023-01-17,2023
2023-M-DC-2023-FLS-3-C-M-ESP-KOR-01,Davis Cup,F,2.0,Hard,,2023-01-17,2023
2023-M-DC-2023-FLS-4-D-M-CRO-NED-01,Davis Cup,F,2.0,Hard,,2023-01-17,2023
2023-0311,Queen's Club,A,32.0,Grass,,2023-01-19,2023
2023-0500,Halle,A,32.0,Grass,,2023-01-19,2023
2023-0403,Miami Masters,M,128.0,Hard,,2023-01-20,2023
2023-0451,Doha,A,32.0,Hard,,2023-01-20,2023
2023-0496,Marseille,A,32.0,Hard,,2023-01-20,2023
2023-6932,Rio De Janeiro,A,32.0,Clay,,2023-01-20,2023
2023-7581,Chengdu,A,32.0,Hard,,2023-01-20,2023
2023-9164,Zhuhai,A,32.0,Hard,,2023-01-20,2023
2023-6242,Winston-Salem,A,64.0,Hard,,2023-01-21,2023
2023-M-DC-2023-FLS-M-CAN-FIN-01,Davis Cup,F,2.0,Hard,,2023-01-21,2023
2023-0322,Geneva,A,32.0,Clay,,2023-01-22,2023
2023-7694,Lyon,A,32.0,Clay,,2023-01-22,2023
2023-M-DC-2023-FLS-M-CZE-AUS-01,Davis Cup,F,2.0,Hard,,2023-01-22,2023
2023-0328,Basel,A,32.0,Hard,,2023-01-23,2023
2023-0337,Vienna,A,32.0,Hard,,2023-01-23,2023
2023-M-DC-2023-FLS-M-ITA-NED-01,Davis Cup,F,2.0,Hard,,2023-01-23,2023
2023-M-DC-2023-FLS-M-SRB-GBR-01,Davis Cup,F,2.0,Hard,,2023-01-23,2023
2023-0414,Hamburg,A,32.0,Clay,,2023-01-24,2023
2023-0439,Umag,A,32.0,Clay,,2023-01-24,2023
2023-1536,Madrid Masters,M,128.0,Clay,,2023-01-24,2023
2023-6116,Atlanta,A,32.0,Hard,,2023-01-24,2023
2023-M-DC-2023-FLS-M-FIN-AUS-01,Davis Cup,F,2.0,Hard,,2023-01-24,2023
2023-9410,Astana,A,32.0,Hard,,2023-01-25,2023
2023-M-DC-2023-FLS-M-ITA-SRB-01,Davis Cup,F,2.0,Hard,,2023-01-25,2023
2023-0741,Eastbourne,A,32.0,Grass,,2023-01-26,2023
2023-8994,Mallorca,A,32.0,Grass,,2023-01-26,2023
2023-M-DC-2023-FLS-M-AUS-ITA-01,Davis Cup,F,2.0,Hard,,2023-01-26,2023
2023-0495,Dubai,A,32.0,Hard,,2023-01-27,2023
2023-0747,Beijing,A,32.0,Hard,,2023-01-27,2023
2023-0807,Acapulco,A,32.0,Hard,,2023-01-27,2023
2023-7696,NextGen Finals,F,8.0,Hard,,2023-01-27,2023
2023-8996,Santiago,A,32.0,Clay,,2023-01-27,2023
2023-560,Us Open,G,128.0,Hard,,2023-01-28,2023
2023-520,Roland Garros,G,128.0,Clay,,2023-01-29,2023
2023-0352,Paris Masters,M,64.0,Hard,,2023-01-30,2023
2023-0319,Kitzbuhel,A,32.0,Clay,,2023-01-31,2023
2023-0418,Washington,A,64.0,Hard,,2023-01-31,2023
2023-7480,Los Cabos,A,32.0,Hard,,2023-01-31,2023
2024-0336,Hong Kong,A,32.0,Hard,,2024-01-01,2024
2024-0339,Brisbane,A,32.0,Hard,,2024-01-01,2024
2024-0360,Marrakech,A,32.0,Clay,,2024-01-01,2024
2024-0717,Houston,A,32.0,Clay,,2024-01-01,2024
2024-540,Wimbledon,G,128.0,Grass,,2024-01-01,2024
2024-7290,Estoril,A,32.0,Clay,,2024-01-01,2024
2024-9900,United Cup,A,18.0,Hard,,2024-01-01,2024
2024-M-DC-2024-QLS-M-UKR-USA-01,Davis Cup,D,4.0,Hard,,2024-01-01,2024
2024-5014,Shanghai Masters,M,96.0,Hard,,2024-01-02,2024
2024-M-DC-2024-QLS-M-CAN-KOR-01,Davis Cup,D,4.0,Hard,,2024-01-02,2024
2024-M-DC-2024-QLS-M-FIN-POR-01,Davis Cup,D,4.0,Hard,,2024-01-02,2024
2024-M-DC-2024-QLS-M-HUN-GER-01,Davis Cup,D,4.0,Hard,,2024-01-02,2024
2024-M-DC-2024-QLS-M-NED-SUI-01,Davis Cup,D,4.0,Hard,,2024-01-02,2024
2024-M-DC-2024-QLS-M-SRB-SVK-01,Davis Cup,D,4.0,Clay,,2024-01-02,2024
2024-M-DC-2024-QLS-M-SWE-BRA-01,Davis Cup,D,4.0,Hard,,2024-01-02,2024
2024-M-DC-2024-WG1-PO-COL-LUX-01,Davis Cup,D,4.0,Clay,,2024-01-02,2024
2024-M-DC-2024-WG1-PO-EGY-ECU-01,Davis Cup,D,4.0,Clay,,2024-01-02,2024
2024-M-DC-2024-WG1-PO-LBN-JPN-01,Davis Cup,D,4.0,Clay,,2024-01-02,2024
2024-M-DC-2024-WG1-PO-NOR-LAT-01,Davis Cup,D,4.0,Hard,,2024-01-02,2024
2024-M-DC-2024-WG1-PO-NZL-TUR-01,Davis Cup,D,4.0,Hard,,2024-01-02,2024
2024-M-DC-2024-WG1-PO-UZB-POL-01,Davis Cup,D,4.0,Hard,,2024-01-02,2024
2024-M-DC-2024-WG2-PO-CHN-SLO-01,Davis Cup,D,4.0,Hard,,2024-01-02,2024
2024-M-DC-2024-WG2-PO-ESA-POC-01,Davis Cup,D,4.0,Hard,,2024-01-02,2024
2024-M-DC-2024-WG2-PO-TUN-CRC-01,Davis Cup,D,4.0,Hard,,2024-01-02,2024
2024-M-DC-2024-WG2-PO-VIE-RSA-01,Davis Cup,D,4.0,Hard,,2024-01-02,2024
2024-M-DC-2024-QLS-M-ARG-KAZ-01,Davis Cup,D,4.0,Clay,,2024-01-03,2024
2024-M-DC-2024-QLS-M-CHI-PER-01,Davis Cup,D,4.0,Hard,,2024-01-03,2024
2024-M-DC-2024-QLS-M-CRO-BEL-01,Davis Cup,D,4.0,Hard,,2024-01-03,2024
2024-M-DC-2024-QLS-M-CZE-ISR-01,Davis Cup,D,4.0,Hard,,2024-01-03,2024
2024-M-DC-2024-QLS-M-TPE-FRA-01,Davis Cup,D,4.0,Hard,,2024-01-03,2024
2024-M-DC-2024-WG1-PO-BUL-BIH-01,Davis Cup,D,4.0,Hard,,2024-01-03,2024
2024-M-DC-2024-WG1-PO-GRE-ROU-01,Davis Cup,D,4.0,Hard,,2024-01-03,2024
2024-M-DC-2024-WG1-PO-IRL-AUT-01,Davis Cup,D,4.0,Hard,,2024-01-03,2024
2024-M-DC-2024-WG1-PO-LTU-GEO-01,Davis Cup,D,4.0,Hard,,2024-01-03,2024
2024-M-DC-2024-WG1-PO-MEX-DEN-01,Davis Cup,D,4.0,Clay,,2024-01-03,2024
2024-M-DC-2024-WG1-PO-PAK-IND-01,Davis Cup,D,4.0,Grass,,2024-01-03,2024
2024-M-DC-2024-WG2-PO-BOL-THA-01,Davis Cup,D,4.0,Clay,,2024-01-03,2024
2024-M-DC-2024-WG2-PO-CYP-MAR-01,Davis Cup,D,4.0,Hard,,2024-01-03,2024
2024-M-DC-2024-WG2-PO-HKG-ZIM-01,Davis Cup,D,4.0,Hard,,2024-01-03,2024
2024-M-DC-2024-WG2-PO-JAM-BAR-01,Davis Cup,D,4.0,Hard,,2024-01-03,2024
2024-M-DC-2024-WG2-PO-PAR-MON-01,Davis Cup,D,4.0,Clay,,2024-01-03,2024
2024-M-DC-2024-WG2-PO-TOG-INA-01,Davis Cup,D,4.0,Hard,,2024-01-03,2024
2024-M-DC-2024-WG2-PO-URU-MDA-01,Davis Cup,D,4.0,Clay,,2024-01-03,2024
2024-0341,Metz,A,28.0,Hard,,2024-01-04,2024
2024-0404,Indian Wells Masters,M,128.0,Hard,,2024-01-04,2024
2024-4787,Belgrade,A,28.0,Hard,,2024-01-04,2024
2024-0421,Canada Masters,M,64.0,Hard,,2024-01-05,2024
2024-0424,Dallas,A,32.0,Hard,,2024-01-05,2024
2024-0496,Marseille,A,32.0,Hard,,2024-01-05,2024
2024-9158,Cordoba,A,32.0,Clay,,2024-01-05,2024
2024-0416,Rome Masters,M,128.0,Clay,,2024-01-06,2024
2024-0301,Auckland,A,32.0,Hard,,2024-01-08,2024
2024-0410,Monte Carlo Masters,M,64.0,Clay,,2024-01-08,2024
2024-8998,Adelaide,A,32.0,Hard,,2024-01-08,2024
2024-0321,Stuttgart,A,32.0,Grass,,2024-01-10,2024
2024-0440,s Hertogenbosch,A,32.0,Grass,,2024-01-10,2024
2024-M-DC-2024-FLS-1-M-A-NED-BEL-01,Davis Cup,F,2.0,Hard,,2024-01-10,2024
2024-M-DC-2024-FLS-2-M-B-AUS-FRA-01,Davis Cup,F,2.0,Hard,,2024-01-10,2024
2024-M-DC-2024-FLS-3-M-C-GER-SVK-01,Davis Cup,F,2.0,Hard,,2024-01-10,2024
2024-M-DC-2024-FLS-4-M-D-CAN-ARG-01,Davis Cup,F,2.0,Hard,,2024-01-10,2024
2024-0605,Tour Finals,F,8.0,Hard,,2024-01-11,2024
2024-M-DC-2024-FLS-1-M-A-ITA-BRA-01,Davis Cup,F,2.0,Hard,,2024-01-11,2024
2024-M-DC-2024-FLS-2-M-B-CZE-ESP-01,Davis Cup,F,2.0,Hard,,2024-01-11,2024
2024-M-DC-2024-FLS-3-M-C-USA-CHI-01,Davis Cup,F,2.0,Hard,,2024-01-11,2024
2024-M-DC-2024-FLS-4-M-D-FIN-GBR-01,Davis Cup,F,2.0,Hard,,2024-01-11,2024
2024-0407,Rotterdam,A,32.0,Hard,,2024-01-12,2024
2024-0422,Cincinnati Masters,M,64.0,Hard,,2024-01-12,2024
2024-0499,Delray Beach,A,32.0,Hard,,2024-01-12,2024
2024-0506,Buenos Aires,A,32.0,Clay,,2024-01-12,2024
2024-M-DC-2024-FLS-1-M-A-NED-BRA-01,Davis Cup,F,2.0,Hard,,2024-01-12,2024
2024-M-DC-2024-FLS-2-M-B-AUS-CZE-01,Davis Cup,F,2.0,Hard,,2024-01-12,2024
2024-M-DC-2024-FLS-3-M-C-GER-CHI-01,Davis Cup,F,2.0,Hard,,2024-01-12,2024
2024-M-DC-2024-FLS-4-M-D-CAN-FIN-01,Davis Cup,F,2.0,Hard,,2024-01-12,2024
2024-M-DC-2024-FLS-1-M-A-ITA-BEL-01,Davis Cup,F,2.0,Hard,,2024-01-13,2024
2024-M-DC-2024-FLS-2-M-B-FRA-ESP-01,Davis Cup,F,2.0,Hard,,2024-01-13,2024
2024-M-DC-2024-FLS-3-M-C-USA-SVK-01,Davis Cup,F,2.0,Hard,,2024-01-13,2024
2024-M-DC-2024-FLS-4-M-D-GBR-ARG-01,Davis Cup,F,2.0,Hard,,2024-01-13,2024
2024-M-DC-2024-WG1-M-AUT-TUR-01,Davis Cup,D,4.0,Clay,,2024-01-13,2024
2024-M-DC-2024-WG1-M-CRO-LTU-01,Davis Cup,D,4.0,Hard,,2024-01-13,2024
2024-M-DC-2024-WG1-M-EGY-HUN-01,Davis Cup,D,4.0,Clay,,2024-01-13,2024
2024-M-DC-2024-WG1-M-ISR-UKR-01,Davis Cup,D,4.0,Hard,,2024-01-13,2024
2024-M-DC-2024-WG1-M-NOR-POR-01,Davis Cup,D,4.0,Hard,,2024-01-13,2024
2024-M-DC-2024-WG1-M-POL-KOR-01,Davis Cup,D,4.0,Hard,,2024-01-13,2024
2024-M-DC-2024-WG1-M-SUI-PER-01,Davis Cup,D,4.0,Hard,,2024-01-13,2024
2024-M-DC-2024-WG2-M-BOL-URU-01,Davis Cup,D,4.0,Clay,,2024-01-13,2024
2024-M-DC-2024-WG2-M-ROU-CHN-01,Davis Cup,D,4.0,Hard,,2024-01-13,2024
2024-M-DC-2024-WG2-M-TUN-IRL-01,Davis Cup,D,4.0,Clay,,2024-01-13,2024
2024-M-DC-2024-WG2-M-UZB-EST-01,Davis Cup,D,4.0,Hard,,2024-01-13,2024
2024-0429,Stockholm,A,28.0,Hard,,2024-01-14,2024
2024-7485,Antwerp,A,28.0,Hard,,2024-01-14,2024
2024-9410,Almaty,A,28.0,Hard,,2024-01-14,2024
2024-M-DC-2024-FLS-1-M-A-BEL-BRA-01,Davis Cup,F,2.0,Hard,,2024-01-14,2024
2024-M-DC-2024-FLS-2-M-B-CZE-FRA-01,Davis Cup,F,2.0,Hard,,2024-01-14,2024
2024-M-DC-2024-FLS-3-M-C-GER-USA-01,Davis Cup,F,2.0,Hard,,2024-01-14,2024
2024-M-DC-2024-FLS-4-M-D-FIN-ARG-01,Davis Cup,F,2.0,Hard,,2024-01-14,2024
2024-M-DC-2024-WG1-M-JPN-COL-01,Davis Cup,D,4.0,Hard,,2024-01-14,2024
2024-M-DC-2024-WG1-M-KAZ-DEN-01,Davis Cup,D,4.0,Hard,,2024-01-14,2024
2024-M-DC-2024-WG1-M-SRB-GRE-01,Davis Cup,D,4.0,Hard,,2024-01-14,2024
2024-M-DC-2024-WG1-M-SWE-IND-01,Davis Cup,D,4.0,Hard,,2024-01-14,2024
2024-M-DC-2024-WG1-M-TPE-BIH-01,Davis Cup,D,4.0,Hard,,2024-01-14,2024
2024-M-DC-2024-WG2-M-BAR-PAK-01,Davis Cup,D,4.0,Hard,,2024-01-14,2024
2024-M-DC-2024-WG2-M-BUL-ESA-01,Davis Cup,D,4.0,Clay,,2024-01-14,2024
2024-M-DC-2024-WG2-M-GEO-MEX-01,Davis Cup,D,4.0,Hard,,2024-01-14,2024
2024-M-DC-2024-WG2-M-HKG-ECU-01,Davis Cup,D,4.0,Hard,,2024-01-14,2024
2024-M-DC-2024-WG2-M-LBN-RSA-01,Davis Cup,D,4.0,Clay,,2024-01-14,2024
2024-M-DC-2024-WG2-M-MAR-MON-01,Davis Cup,D,4.0,Clay,,2024-01-14,2024
2024-M-DC-2024-WG2-M-NZL-LUX-01,Davis Cup,D,4.0,Hard,,2024-01-14,2024
2024-M-DC-2024-WG2-M-TOG-LAT-01,Davis Cup,D,4.0,Hard,,2024-01-14,2024
2024-0308,Munich,A,32.0,Clay,,2024-01-15,2024
2024-0314,Gstaad,A,32.0,Clay,,2024-01-15,2024
2024-0315,Newport,A,32.0,Grass,,2024-01-15,2024
2024-0316,Bastad,A,32.0,Clay,,2024-01-15,2024
2024-0414,Hamburg,A,32.0,Clay,,2024-01-15,2024
2024-0425,Barcelona,A,64.0,Clay,,2024-01-15,2024
2024-4462,Bucharest,A,32.0,Clay,,2024-01-15,2024
2024-580,Australian Open,G,128.0,Hard,,2024-01-15,2024
2024-M-DC-2024-FLS-1-M-A-ITA-NED-01,Davis Cup,F,2.0,Hard,,2024-01-15,2024
2024-M-DC-2024-FLS-2-M-B-AUS-ESP-01,Davis Cup,F,2.0,Hard,,2024-01-15,2024
2024-M-DC-2024-FLS-3-M-C-SVK-CHI-01,Davis Cup,F,2.0,Hard,,2024-01-15,2024
2024-M-DC-2024-FLS-4-M-D-CAN-GBR-01,Davis Cup,F,2.0,Hard,,2024-01-15,2024
2024-M-DC-2024-WG2-PO-IRI-EST-01,Davis Cup,D,4.0,Clay,,2024-01-15,2024
2024-0311,Queen's Club,A,32.0,Grass,,2024-01-17,2024
2024-0500,Halle,A,32.0,Grass,,2024-01-17,2024
2024-0403,Miami Masters,M,128.0,Hard,,2024-01-18,2024
2024-4713,Hangzhou,A,28.0,Hard,,2024-01-18,2024
2024-7581,Chengdu,A,28.0,Hard,,2024-01-18,2024
2024-7696,Next Gen Finals,F,8.0,Hard,,2024-01-18,2024
2024-0451,Doha,A,32.0,Hard,,2024-01-19,2024
2024-6242,Winston-Salem,A,64.0,Hard,,2024-01-19,2024
2024-6932,Rio De Janeiro,A,32.0,Clay,,2024-01-19,2024
2024-7480,Los Cabos,A,32.0,Hard,,2024-01-19,2024
2024-M-DC-2024-FLS-M-NED-ESP-01,Davis Cup,F,2.0,Hard,,2024-01-19,2024
2024-0322,Geneva,A,32.0,Clay,,2024-01-20,2024
2024-7694,Lyon,A,32.0,Clay,,2024-01-20,2024
2024-9210,Laver Cup,A,12.0,Hard,,2024-01-20,2024
2024-M-DC-2024-FLS-M-GER-CAN-01,Davis Cup,F,2.0,Hard,,2024-01-20,2024
2024-0328,Basel,A,32.0,Hard,,2024-01-21,2024
2024-0337,Vienna,A,32.0,Hard,,2024-01-21,2024
2024-M-DC-2024-FLS-M-ITA-ARG-01,Davis Cup,F,2.0,Hard,,2024-01-21,2024
2024-M-DC-2024-FLS-M-USA-AUS-01,Davis Cup,F,2.0,Hard,,2024-01-21,2024
2024-0319,Kitzbuhel,A,32.0,Clay,,2024-01-22,2024
2024-0439,Umag,A,32.0,Clay,,2024-01-22,2024
2024-1536,Madrid Masters,M,128.0,Clay,,2024-01-22,2024
2024-6116,Atlanta,A,32.0,Hard,,2024-01-22,2024
2024-M-DC-2024-FLS-M-GER-NED-01,Davis Cup,F,2.0,Hard,,2024-01-22,2024
2024-M-DC-2024-FLS-M-ITA-AUS-01,Davis Cup,F,2.0,Hard,,2024-01-23,2024
2024-0741,Eastbourne,A,32.0,Grass,,2024-01-24,2024
2024-8994,Mallorca,A,32.0,Grass,,2024-01-24,2024
2024-M-DC-2024-FLS-M-ITA-NED-01,Davis Cup,F,2.0,Hard,,2024-01-24,2024
2024-0329,Tokyo,A,32.0,Hard,,2024-01-25,2024
2024-0495,Dubai,A,32.0,Hard,,2024-01-26,2024
2024-0747,Beijing,A,32.0,Hard,,2024-01-26,2024
2024-0807,Acapulco,A,32.0,Hard,,2024-01-26,2024
2024-560,Us Open,G,128.0,Hard,,2024-01-26,2024
2024-8996,Santiago,A,32.0,Clay,,2024-01-26,2024
2024-520,Roland Garros,G,128.0,Clay,,2024-01-27,2024
2024-0352,Paris Masters,M,56.0,Hard,,2024-01-28,2024
2025-336,Hong Kong,250,28.0,Hard,False,2024-01-29,2024
2025-339,Brisbane,250,32.0,Hard,False,2024-01-29,2024
2025-9900,United Cup,A,18.0,Hard,False,2024-01-29,2024
2024-0096,Paris Olympics,O,64.0,Clay,,2024-01-29,2024
2024-0375,Montpellier,A,32.0,Hard,,2024-01-29,2024
2024-0418,Washington,A,64.0,Hard,,2024-01-29,2024
2025-5014,Shanghai,M,96.0,Hard,False,2025-01-01,2025
2025-M-DC-2025-WG1-PO-ECU-URU-01,Davis Cup,D,4.0,Hard,,2025-01-01,2025
2025-M-DC-2025-WG1-PO-GRE-EGY-01,Davis Cup,D,4.0,Clay,,2025-01-01,2025
2025-M-DC-2025-WG1-PO-IND-TOG-01,Davis Cup,D,4.0,Hard,,2025-01-01,2025
2025-M-DC-2025-WG1-PO-KAZ-PAK-01,Davis Cup,D,4.0,Hard,,2025-01-01,2025
2025-M-DC-2025-WG1-PO-LUX-LTU-01,Davis Cup,D,4.0,Hard,,2025-01-01,2025
2025-M-DC-2025-WG1-PO-MON-POR-01,Davis Cup,D,4.0,Clay,,2025-01-01,2025
2025-M-DC-2025-WG1-PO-TUR-MEX-01,Davis Cup,D,4.0,Hard,,2025-01-01,2025
2025-M-DC-2025-WG2-PO-BEN-LAT-01,Davis Cup,D,4.0,Hard,,2025-01-01,2025
2025-M-DC-2025-WG2-PO-BEN-LAT-02,Davis Cup,D,4.0,Hard,,2025-01-01,2025
2025-M-DC-2025-WG2-PO-BEN-LAT-03,Davis Cup,D,4.0,Hard,,2025-01-01,2025
2025-M-DC-2025-WG2-PO-BEN-LAT-04,Davis Cup,D,4.0,Hard,,2025-01-01,2025
2025-M-DC-2025-WG2-PO-DOM-BOL-01,Davis Cup,D,4.0,Hard,,2025-01-01,2025
2025-M-DC-2025-WG2-PO-DOM-BOL-02,Davis Cup,D,4.0,Hard,,2025-01-01,2025
2025-M-DC-2025-WG2-PO-DOM-BOL-03,Davis Cup,D,4.0,Hard,,2025-01-01,2025
2025-M-DC-2025-WG2-PO-ESA-MDA-01,Davis Cup,D,4.0,Hard,,2025-01-01,2025
2025-M-DC-2025-WG2-PO-ESA-MDA-02,Davis Cup,D,4.0,Hard,,2025-01-01,2025
2025-M-DC-2025-WG2-PO-ESA-MDA-03,Davis Cup,D,4.0,Hard,,2025-01-01,2025
2025-M-DC-2025-WG2-PO-ESA-MDA-04,Davis Cup,D,4.0,Hard,,2025-01-01,2025
2025-M-DC-2025-WG2-PO-JAM-NZL-01,Davis Cup,D,4.0,Hard,,2025-01-01,2025
2025-M-DC-2025-WG2-PO-JAM-NZL-02,Davis Cup,D,4.0,Hard,,2025-01-01,2025
2025-M-DC-2025-WG2-PO-JAM-NZL-03,Davis Cup,D,4.0,Hard,,2025-01-01,2025
2025-M-DC-2025-WG2-PO-JAM-NZL-04,Davis Cup,D,4.0,Hard,,2025-01-01,2025
2025-M-DC-2025-WG2-PO-NAM-HKG-01,Davis Cup,D,4.0,Hard,,2025-01-01,2025
2025-M-DC-2025-WG2-PO-NAM-HKG-02,Davis Cup,D,4.0,Hard,,2025-01-01,2025
2025-M-DC-2025-WG2-PO-NAM-HKG-03,Davis Cup,D,4.0,Hard,,2025-01-01,2025
2025-M-DC-2025-WG2-PO-NAM-HKG-04,Davis Cup,D,4.0,Hard,,2025-01-01,2025
2025-M-DC-2025-WG2-PO-RSA-NGR-01,Davis Cup,D,4.0,Hard,,2025-01-01,2025
2025-M-DC-2025-WG2-PO-RSA-NGR-02,Davis Cup,D,4.0,Hard,,2025-01-01,2025
2025-M-DC-2025-WG2-PO-RSA-NGR-03,Davis Cup,D,4.0,Hard,,2025-01-01,2025
2025-M-DC-2025-WG2-PO-SLO-INA-01,Davis Cup,D,4.0,Clay,,2025-01-01,2025
2025-M-DC-2025-WG2-PO-SLO-INA-02,Davis Cup,D,4.0,Clay,,2025-01-01,2025
2025-M-DC-2025-WG2-PO-SLO-INA-03,Davis Cup,D,4.0,Clay,,2025-01-01,2025
2025-341,Metz,250,28.0,Hard,True,2025-01-03,2025
2025-404,Indian Wells Masters,M,96.0,Hard,False,2025-01-03,2025
2025-407,Rotterdam,500,32.0,Hard,True,2025-01-03,2025
2025-424,Dallas,500,32.0,Hard,True,2025-01-03,2025
2025-5100,Athens,250,28.0,Hard,True,2025-01-03,2025
2025-416,Rome Masters,M,96.0,Clay,False,2025-01-05,2025
2025-301,Auckland,250,28.0,Hard,False,2025-01-06,2025
2025-8998,Adelaide,250,28.0,Hard,False,2025-01-06,2025
2025-410,Monte Carlo Masters,M,56.0,Clay,False,2025-01-07,2025
2025-422,Cincinnati Masters,M,96.0,Hard,False,2025-01-07,2025
2025-321,Stuttgart,250,28.0,Grass,False,2025-01-09,2025
2025-440,'s-Hertogenbosch,250,28.0,Grass,False,2025-01-09,2025
2025-496,Marseille,250,28.0,Hard,True,2025-01-10,2025
2025-499,Delray Beach,250,28.0,Hard,False,2025-01-10,2025
2025-506,Buenos Aires,250,28.0,Clay,False,2025-01-10,2025
2025-605,ATP Finals,F,8.0,Hard,True,2025-01-10,2025
2025-M-DC-2025-QLS-M-AUS-BEL-01,Davis Cup,D,4.0,Hard,,2025-01-12,2025
2025-M-DC-2025-QLS-M-CRO-FRA-01,Davis Cup,D,4.0,Clay,,2025-01-12,2025
2025-M-DC-2025-QLS-M-ESP-DEN-01,Davis Cup,D,4.0,Clay,,2025-01-12,2025
2025-M-DC-2025-QLS-M-HUN-AUT-01,Davis Cup,D,4.0,Hard,,2025-01-12,2025
2025-M-DC-2025-QLS-M-JPN-GER-01,Davis Cup,D,4.0,Hard,,2025-01-12,2025
2025-M-DC-2025-QLS-M-NED-ARG-01,Davis Cup,D,4.0,Hard,,2025-01-12,2025
2025-M-DC-2025-QLS-M-USA-CZE-01,Davis Cup,D,4.0,Hard,,2025-01-12,2025
2025-M-DC-2025-WG1-R1-BUL-FIN-01,Davis Cup,D,4.0,Clay,,2025-01-12,2025
2025-M-DC-2025-WG1-R1-CAN-ISR-01,Davis Cup,D,4.0,Hard,,2025-01-12,2025
2025-M-DC-2025-WG1-R1-CHI-LUX-01,Davis Cup,D,4.0,Clay,,2025-01-12,2025
2025-M-DC-2025-WG1-R1-ECU-BIH-01,Davis Cup,D,4.0,Clay,,2025-01-12,2025
2025-M-DC-2025-WG1-R1-GRE-BRA-01,Davis Cup,D,4.0,Hard,,2025-01-12,2025
2025-M-DC-2025-WG1-R1-KOR-KAZ-01,Davis Cup,D,4.0,Hard,,2025-01-12,2025
2025-M-DC-2025-WG1-R1-PER-POR-01,Davis Cup,D,4.0,Clay,,2025-01-12,2025
2025-M-DC-2025-WG1-R1-POL-GBR-01,Davis Cup,D,4.0,Hard,,2025-01-12,2025
2025-M-DC-2025-WG1-R1-SRB-TUR-01,Davis Cup,D,4.0,Hard,,2025-01-12,2025
2025-M-DC-2025-WG1-R1-SUI-IND-01,Davis Cup,D,4.0,Hard,,2025-01-12,2025
2025-M-DC-2025-WG1-R1-SVK-COL-01,Davis Cup,D,4.0,Hard,,2025-01-12,2025
2025-M-DC-2025-WG1-R1-SWE-TUN-01,Davis Cup,D,4.0,Hard,,2025-01-12,2025
2025-M-DC-2025-WG1-R1-TPE-NOR-01,Davis Cup,D,4.0,Hard,,2025-01-12,2025
2025-M-DC-2025-WG2-R1-EST-MEX-01,Davis Cup,D,4.0,Hard,,2025-01-12,2025
2025-M-DC-2025-WG2-R1-EST-MEX-02,Davis Cup,D,4.0,Hard,,2025-01-12,2025
2025-M-DC-2025-WG2-R1-EST-MEX-04,Davis Cup,D,4.0,Hard,,2025-01-12,2025
2025-M-DC-2025-WG2-R1-LBN-BAR-01,Davis Cup,D,4.0,Clay,,2025-01-12,2025
2025-M-DC-2025-WG2-R1-LBN-BAR-02,Davis Cup,D,4.0,Clay,,2025-01-12,2025
2025-M-DC-2025-WG2-R1-LBN-BAR-04,Davis Cup,D,4.0,Clay,,2025-01-12,2025
2025-M-DC-2025-WG2-R1-PAR-PAK-01,Davis Cup,D,4.0,Clay,,2025-01-12,2025
2025-M-DC-2025-WG2-R1-PAR-PAK-02,Davis Cup,D,4.0,Clay,,2025-01-12,2025
2025-M-DC-2025-WG2-R1-PAR-PAK-04,Davis Cup,D,4.0,Clay,,2025-01-12,2025
2025-M-DC-2025-WG2-R1-SLO-URU-01,Davis Cup,D,4.0,Hard,,2025-01-12,2025
2025-M-DC-2025-WG2-R1-SLO-URU-02,Davis Cup,D,4.0,Hard,,2025-01-12,2025
2025-M-DC-2025-WG2-R1-SLO-URU-04,Davis Cup,D,4.0,Hard,,2025-01-12,2025
2025-M-DC-2025-WG2-R1-UKR-DOM-01,Davis Cup,D,4.0,Clay,,2025-01-12,2025
2025-M-DC-2025-WG2-R1-UKR-DOM-02,Davis Cup,D,4.0,Clay,,2025-01-12,2025
2025-M-DC-2025-WG2-R1-UKR-DOM-04,Davis Cup,D,4.0,Clay,,2025-01-12,2025
2025-429,Stockholm,250,28.0,Hard,True,2025-01-13,2025
2025-580,Australian Open,G,128.0,Hard,False,2025-01-13,2025
2025-7485,Brussels,250,28.0,Hard,True,2025-01-13,2025
2025-9410,Almaty,250,28.0,Hard,True,2025-01-13,2025
2025-M-DC-2025-WG2-R1-CYP-MON-01,Davis Cup,D,4.0,Hard,,2025-01-13,2025
2025-M-DC-2025-WG2-R1-CYP-MON-02,Davis Cup,D,4.0,Hard,,2025-01-13,2025
2025-M-DC-2025-WG2-R1-CYP-MON-04,Davis Cup,D,4.0,Hard,,2025-01-13,2025
2025-M-DC-2025-WG2-R1-ESA-ROU-01,Davis Cup,D,4.0,Hard,,2025-01-13,2025
2025-M-DC-2025-WG2-R1-ESA-ROU-02,Davis Cup,D,4.0,Hard,,2025-01-13,2025
2025-M-DC-2025-WG2-R1-ESA-ROU-04,Davis Cup,D,4.0,Hard,,2025-01-13,2025
2025-M-DC-2025-WG2-R1-HKG-UZB-01,Davis Cup,D,4.0,Hard,,2025-01-13,2025
2025-M-DC-2025-WG2-R1-HKG-UZB-02,Davis Cup,D,4.0,Hard,,2025-01-13,2025
2025-M-DC-2025-WG2-R1-HKG-UZB-04,Davis Cup,D,4.0,Hard,,2025-01-13,2025
2025-M-DC-2025-WG2-R1-IRL-CHN-01,Davis Cup,D,4.0,Hard,,2025-01-13,2025
2025-M-DC-2025-WG2-R1-IRL-CHN-02,Davis Cup,D,4.0,Hard,,2025-01-13,2025
2025-M-DC-2025-WG2-R1-IRL-CHN-04,Davis Cup,D,4.0,Hard,,2025-01-13,2025
2025-M-DC-2025-WG2-R1-LTU-BEN-01,Davis Cup,D,4.0,Hard,,2025-01-13,2025
2025-M-DC-2025-WG2-R1-LTU-BEN-02,Davis Cup,D,4.0,Hard,,2025-01-13,2025
2025-M-DC-2025-WG2-R1-LTU-BEN-04,Davis Cup,D,4.0,Hard,,2025-01-13,2025
2025-M-DC-2025-WG2-R1-NZL-GEO-01,Davis Cup,D,4.0,Hard,,2025-01-13,2025
2025-M-DC-2025-WG2-R1-NZL-GEO-02,Davis Cup,D,4.0,Hard,,2025-01-13,2025
2025-M-DC-2025-WG2-R1-NZL-GEO-04,Davis Cup,D,4.0,Hard,,2025-01-13,2025
2025-M-DC-2025-WG2-R1-RSA-MAR-01,Davis Cup,D,4.0,Hard,,2025-01-13,2025
2025-M-DC-2025-WG2-R1-RSA-MAR-02,Davis Cup,D,4.0,Hard,,2025-01-13,2025
2025-M-DC-2025-WG2-R1-RSA-MAR-04,Davis Cup,D,4.0,Hard,,2025-01-13,2025
2025-M-DC-2025-WG2-R1-RSA-MAR-05,Davis Cup,D,4.0,Hard,,2025-01-13,2025
2025-M-DC-2025-WG2-R1-TOG-EGY-01,Davis Cup,D,4.0,Hard,,2025-01-13,2025
2025-M-DC-2025-WG2-R1-TOG-EGY-02,Davis Cup,D,4.0,Hard,,2025-01-13,2025
2025-M-DC-2025-WG2-R1-TOG-EGY-04,Davis Cup,D,4.0,Hard,,2025-01-13,2025
2025-308,Munich,500,32.0,Clay,False,2025-01-14,2025
2025-314,Gstaad,250,28.0,Clay,False,2025-01-14,2025
2025-316,Bastad,250,28.0,Clay,False,2025-01-14,2025
2025-425,Barcelona,500,32.0,Clay,False,2025-01-14,2025
2025-7480,Los Cabos,250,28.0,Hard,False,2025-01-14,2025
2025-311,Queen's Club,500,32.0,Grass,False,2025-01-16,2025
2025-500,Halle,500,32.0,Grass,False,2025-01-16,2025
2025-403,Miami Masters,M,96.0,Hard,False,2025-01-17,2025
2025-451,Doha,500,32.0,Hard,False,2025-01-17,2025
2025-4713,Hangzhou,250,28.0,Hard,False,2025-01-17,2025
2025-6932,Rio de Janeiro,500,32.0,Clay,False,2025-01-17,2025
2025-7581,Chengdu,250,28.0,Hard,False,2025-01-17,2025
2025-6242,Winston-Salem,250,48.0,Hard,False,2025-01-18,2025
2025-M-DC-2025-FLS-M-FRA-BEL-01,Davis Cup,F,2.0,Hard,True,2025-01-18,2025
2025-322,Geneva,250,28.0,Clay,False,2025-01-19,2025
2025-414,Hamburg,500,32.0,Clay,False,2025-01-19,2025
2025-9210,Laver Cup,A,2.0,Hard,True,2025-01-19,2025
2025-M-DC-2025-FLS-M-ITA-AUT-01,Davis Cup,F,2.0,Hard,True,2025-01-19,2025
2025-328,Basel,500,32.0,Hard,True,2025-01-20,2025
2025-337,Vienna,500,32.0,Hard,True,2025-01-20,2025
2025-M-DC-2025-FLS-M-ARG-GER-01,Davis Cup,F,2.0,Hard,True,2025-01-20,2025
2025-M-DC-2025-FLS-M-ESP-CZE-01,Davis Cup,F,2.0,Hard,True,2025-01-20,2025
2025-1536,Madrid Masters,M,96.0,Clay,False,2025-01-21,2025
2025-319,Kitzbuhel,250,28.0,Clay,False,2025-01-21,2025
2025-418,Washington,500,48.0,Hard,False,2025-01-21,2025
2025-439,Umag,250,28.0,Clay,False,2025-01-21,2025
2025-M-DC-2025-FLS-M-ITA-BEL-01,Davis Cup,F,2.0,Hard,True,2025-01-21,2025
2025-7696,Next Gen ATP Finals,F,8.0,Hard,True,2025-01-22,2025
2025-M-DC-2025-FLS-M-ESP-GER-01,Davis Cup,F,2.0,Hard,True,2025-01-22,2025
2025-741,Eastbourne,250,28.0,Grass,False,2025-01-23,2025
2025-8994,Mallorca,250,28.0,Grass,False,2025-01-23,2025
2025-M-DC-2025-FLS-M-ITA-ESP-01,Davis Cup,F,2.0,Hard,True,2025-01-23,2025
2025-329,Tokyo,500,32.0,Hard,False,2025-01-24,2025
2025-495,Dubai,500,32.0,Hard,False,2025-01-24,2025
2025-560,US Open,G,128.0,Hard,False,2025-01-24,2025
2025-747,Beijing,500,32.0,Hard,False,2025-01-24,2025
2025-807,Acapulco,500,32.0,Hard,False,2025-01-24,2025
2025-8996,Santiago,250,28.0,Hard,False,2025-01-24,2025
2025-520,Roland Garros,G,128.0,Clay,False,2025-01-26,2025
2025-352,Paris Masters,M,56.0,Hard,True,2025-01-27,2025
2025-375,Montpellier,250,28.0,Hard,True,2025-01-27,2025
2025-421,Canada Masters,M,96.0,Hard,False,2025-01-27,2025
2025-540,Wimbledon,G,128.0,Grass,False,2025-01-30,2025
2025-360,Marrakech,250,28.0,Clay,False,2025-01-31,2025
2025-4462,Bucharest,250,28.0,Clay,False,2025-01-31,2025
2025-717,Houston,250,28.0,Clay,False,2025-01-31,2025
2025-M-DC-2025-QLS-M-AUT-FIN-01,Davis Cup,D,4.0,Hard,,2025-01-31,2025
2025-M-DC-2025-QLS-M-BEL-CHI-01,Davis Cup,D,4.0,Hard,,2025-01-31,2025
2025-M-DC-2025-QLS-M-CAN-HUN-01,Davis Cup,D,4.0,Hard,,2025-01-31,2025
2025-M-DC-2025-QLS-M-CRO-SVK-01,Davis Cup,D,4.0,Hard,,2025-01-31,2025
2025-M-DC-2025-QLS-M-CZE-KOR-01,Davis Cup,D,4.0,Hard,,2025-01-31,2025
2025-M-DC-2025-QLS-M-DEN-SRB-01,Davis Cup,D,4.0,Hard,,2025-01-31,2025
2025-M-DC-2025-QLS-M-ESP-SUI-01,Davis Cup,D,4.0,Hard,,2025-01-31,2025
2025-M-DC-2025-QLS-M-FRA-BRA-01,Davis Cup,D,4.0,Hard,,2025-01-31,2025
2025-M-DC-2025-QLS-M-ISR-GER-01,Davis Cup,D,4.0,Hard,,2025-01-31,2025
2025-M-DC-2025-QLS-M-JPN-GBR-01,Davis Cup,D,4.0,Hard,,2025-01-31,2025
2025-M-DC-2025-QLS-M-NOR-ARG-01,Davis Cup,D,4.0,Hard,,2025-01-31,2025
2025-M-DC-2025-QLS-M-SWE-ARG-01,Davis Cup,D,4.0,Hard,,2025-01-31,2025
2025-M-DC-2025-QLS-M-TPE-USA-01,Davis Cup,D,4.0,Hard,,2025-01-31,2025
2025-M-DC-2025-WG1-PO-COL-BAR-01,Davis Cup,D,4.0,Clay,,2025-01-31,2025
2025-M-DC-2025-WG1-PO-GEO-POL-01,Davis Cup,D,4.0,Hard,,2025-01-31,2025
2025-M-DC-2025-WG1-PO-LBN-PER-01,Davis Cup,D,4.0,Clay,,2025-01-31,2025
2025-M-DC-2025-WG1-PO-ROU-BUL-01,Davis Cup,D,4.0,Hard,,2025-01-31,2025
2025-M-DC-2025-WG1-PO-TUN-UKR-01,Davis Cup,D,4.0,Hard,,2025-01-31,2025
2025-M-DC-2025-WG1-PO-UZB-BIH-01,Davis Cup,D,4.0,Hard,,2025-01-31,2025
2025-M-DC-2025-WG2-PO-CHN-MNE-01,Davis Cup,D,,Hard,,2025-01-31,2025
2025-M-DC-2025-WG2-PO-CHN-MNE-02,Davis Cup,D,,Hard,,2025-01-31,2025
2025-M-DC-2025-WG2-PO-CHN-MNE-03,Davis Cup,D,,Hard,,2025-01-31,2025
2025-M-DC-2025-WG2-PO-CYP-THA-01,Davis Cup,D,,Hard,,2025-01-31,2025
2025-M-DC-2025-WG2-PO-CYP-THA-02,Davis Cup,D,,Hard,,2025-01-31,2025
2025-M-DC-2025-WG2-PO-CYP-THA-03,Davis Cup,D,,Hard,,2025-01-31,2025
2025-M-DC-2025-WG2-PO-EST-VEN-01,Davis Cup,D,,Hard,,2025-01-31,2025
2025-M-DC-2025-WG2-PO-EST-VEN-02,Davis Cup,D,,Hard,,2025-01-31,2025
2025-M-DC-2025-WG2-PO-EST-VEN-03,Davis Cup,D,,Hard,,2025-01-31,2025
2025-M-DC-2025-WG2-PO-IRL-KSA-01,Davis Cup,D,,Hard,,2025-01-31,2025
2025-M-DC-2025-WG2-PO-IRL-KSA-02,Davis Cup,D,,Hard,,2025-01-31,2025
2025-M-DC-2025-WG2-PO-IRL-KSA-03,Davis Cup,D,,Hard,,2025-01-31,2025
2025-M-DC-2025-WG2-PO-IRL-KSA-04,Davis Cup,D,,Hard,,2025-01-31,2025
2025-M-DC-2025-WG2-PO-MAR-ZIM-01,Davis Cup,D,,Hard,,2025-01-31,2025
2025-M-DC-2025-WG2-PO-MAR-ZIM-02,Davis Cup,D,,Hard,,2025-01-31,2025
2025-M-DC-2025-WG2-PO-MAR-ZIM-03,Davis Cup,D,,Hard,,2025-01-31,2025
2026-375,Montpellier,250,28.0,Hard,True,2026-01-02,2026
2026-9900,United Cup,A,18.0,Hard,False,2026-01-02,2026
2026-339,Brisbane,250,32.0,Hard,False,2026-01-04,2026
2026-404,Indian Wells Masters,M,96.0,Hard,False,2026-01-04,2026
2026-336,Hong Kong,250,28.0,Hard,False,2026-01-05,2026
2026-410,Monte Carlo,M,56.0,Clay,False,2026-01-05,2026
2026-M-DC-2026-QLS-M-NOR-GBR-01,Davis Cup,D,4.0,Hard,True,2026-01-05,2026
2026-M-DC-2026-QLS-M-BUL-BEL-01,Davis Cup,D,4.0,Clay,True,2026-01-06,2026
2026-M-DC-2026-QLS-M-CAN-BRA-01,Davis Cup,D,4.0,Hard,True,2026-01-06,2026
2026-M-DC-2026-QLS-M-CHI-SRB-01,Davis Cup,D,4.0,Clay,False,2026-01-06,2026
2026-M-DC-2026-QLS-M-CRO-DEN-01,Davis Cup,D,4.0,Hard,True,2026-01-06,2026
2026-M-DC-2026-QLS-M-CZE-SWE-01,Davis Cup,D,4.0,Hard,True,2026-01-06,2026
2026-M-DC-2026-QLS-M-ECU-AUS-01,Davis Cup,D,4.0,Clay,False,2026-01-06,2026
2026-M-DC-2026-QLS-M-FRA-SVK-01,Davis Cup,D,4.0,Hard,True,2026-01-06,2026
2026-M-DC-2026-QLS-M-GER-PER-01,Davis Cup,D,4.0,Hard,True,2026-01-06,2026
2026-M-DC-2026-QLS-M-HUN-USA-01,Davis Cup,D,4.0,Clay,True,2026-01-06,2026
2026-M-DC-2026-QLS-M-IND-NED-01,Davis Cup,D,4.0,Hard,True,2026-01-06,2026
2026-M-DC-2026-QLS-M-JPN-AUT-01,Davis Cup,D,4.0,Hard,False,2026-01-06,2026
2026-M-DC-2026-QLS-M-KOR-ARG-01,Davis Cup,D,4.0,Hard,True,2026-01-06,2026
2026-M-DC-2026-WG1-PO-CHN-POR-01,Davis Cup,D,4.0,Hard,False,2026-01-06,2026
2026-M-DC-2026-WG1-PO-EGY-POL-01,Davis Cup,D,4.0,Clay,False,2026-01-06,2026
2026-M-DC-2026-WG1-PO-FIN-HKG-01,Davis Cup,D,4.0,Hard,False,2026-01-06,2026
2026-M-DC-2026-WG1-PO-GRE-MEX-01,Davis Cup,D,4.0,Hard,False,2026-01-06,2026
2026-M-DC-2026-WG1-PO-ISR-LTU-01,Davis Cup,D,4.0,Hard,False,2026-01-06,2026
2026-M-DC-2026-WG1-PO-KAZ-MON-01,Davis Cup,D,4.0,Hard,False,2026-01-06,2026
2026-M-DC-2026-WG1-PO-LUX-UKR-01,Davis Cup,D,4.0,Hard,True,2026-01-06,2026
2026-M-DC-2026-WG1-PO-MAR-COL-01,Davis Cup,D,4.0,Clay,False,2026-01-06,2026
2026-M-DC-2026-WG1-PO-NZL-BIH-01,Davis Cup,D,4.0,Hard,False,2026-01-06,2026
2026-M-DC-2026-WG1-PO-PAR-ROU-01,Davis Cup,D,4.0,Clay,False,2026-01-06,2026
2026-M-DC-2026-WG1-PO-SLO-TUR-01,Davis Cup,D,4.0,Clay,True,2026-01-06,2026
2026-M-DC-2026-WG1-PO-SUI-TUN-01,Davis Cup,D,4.0,Hard,True,2026-01-06,2026
2026-M-DC-2026-WG1-PO-TPE-LBN-01,Davis Cup,D,4.0,Hard,False,2026-01-06,2026
2026-321,Stuttgart,250,28.0,Grass,False,2026-01-08,2026
2026-440,'s-Hertogenbosch,250,28.0,Grass,False,2026-01-08,2026
2026-407,Rotterdam,500,32.0,Hard,True,2026-01-09,2026
2026-424,Dallas,500,32.0,Hard,True,2026-01-09,2026
2026-506,Buenos Aires,250,28.0,Clay,False,2026-01-09,2026
2026-301,Auckland,250,32.0,Hard,False,2026-01-12,2026
2026-8998,Adelaide,250,28.0,Hard,False,2026-01-12,2026
2026-308,Munich,500,32.0,Clay,False,2026-01-13,2026
2026-314,Gstaad,250,28.0,Clay,False,2026-01-13,2026
2026-316,Bastad,250,28.0,Clay,False,2026-01-13,2026
2026-416,Rome Masters,M,96.0,Clay,False,2026-01-13,2026
2026-425,Barcelona,500,32.0,Clay,False,2026-01-13,2026
2026-439,Umag,250,28.0,Clay,False,2026-01-13,2026
2026-311,Queen's Club,500,32.0,Grass,False,2026-01-15,2026
2026-500,Halle,500,32.0,Grass,False,2026-01-15,2026
2026-451,Doha,500,32.0,Hard,False,2026-01-16,2026
2026-499,Delray Beach,250,28.0,Hard,False,2026-01-16,2026
2026-6932,Rio de Janeiro,500,32.0,Clay,False,2026-01-16,2026
2026-322,Geneva,250,28.0,Clay,False,2026-01-18,2026
2026-414,Hamburg,500,32.0,Clay,False,2026-01-18,2026
2026-580,Australian Open,G,128.0,Hard,False,2026-01-18,2026
2026-403,Miami Masters,M,96.0,Hard,False,2026-01-19,2026
2026-319,Kitzbuhel,250,28.0,Clay,False,2026-01-20,2026
2026-7290,Estoril,250,28.0,Clay,False,2026-01-20,2026
2026-1536,Madrid Masters,M,96.0,Clay,False,2026-01-22,2026
2026-741,Eastbourne,250,28.0,Grass,False,2026-01-22,2026
2026-8994,Mallorca,250,28.0,Grass,False,2026-01-22,2026
2026-495,Dubai,500,32.0,Hard,False,2026-01-23,2026
2026-8996,Santiago,250,28.0,Clay,False,2026-01-23,2026
2026-520,Roland Garros,G,128.0,Clay,False,2026-01-24,2026
2026-807,Acapulco,500,32.0,Hard,False,2026-01-24,2026
2026-540,Wimbledon,G,128.0,Grass,False,2026-01-29,2026
2026-360,Marrakech,250,28.0,Clay,False,2026-01-30,2026
2026-4462,Bucharest,250,28.0,Clay,False,2026-01-31,2026
2026-717,Houston,250,28.0,Clay,False,2026-01-31,2026
