PLAYER_ID,PLAYER_NAME,PLAYER_HAND,PLAYER_HEIGHT,PLAYER_COUNTRY,PLAYER_COUNTRY_ISO2,PLAYER_BIRTH_DATE,SK_PLAYER
125842,Adam Moundir,Right-Handed,191.0,MAR,ma,1995-05-10,1
102776,Andrew Ilie,Right-Handed,180.0,AUS,au,1976-05-16,2
102368,Brian Dunn,Right-Handed,201.0,USA,us,1974-05-11,3
104707,Denis Matsukevitch,Right-Handed,190.0,RUS,ru,1986-05-03,4
101283,Dirk Leppen,Right-Handed,180.0,GER,de,1966-09-01,5
102723,Eduardo Medica,Right-Handed,180.0,ARG,ar,1976-03-02,6
100691,Ivo Werner,Right-Handed,180.0,GER,de,1960-09-23,7
105194,Nick Lindahl,Right-Handed,183.0,AUS,au,1988-08-25,8
106353,Pedja Krstin,Right-Handed,183.0,SRB,rs,1994-09-11,9
104869,Sergei Bubka,Right-Handed,188.0,UKR,ua,1987-02-21,10
102080,Will Bull,Right-Handed,185.0,USA,us,1972-07-10,11
100795,Alvaro Jordan,Right-Handed,185.0,COL,co,1962-01-19,12
104804,Amir Weintraub,Right-Handed,188.0,ISR,il,1986-09-25,13
100270,Anand Amritraj,Right-Handed,185.0,IND,in,1952-04-07,14
211346,Andres Martin,Right-Handed,183.0,USA,us,2001-07-23,15
N771,Cameron Norrie,Left-Handed,188.0,GBR,gb,1995-08-24,16
126185,Evgenii Tiurnev,Right-Handed,191.0,RUS,ru,1997-04-26,17
100426,Hans Peter Kandler,Right-Handed,185.0,AUT,at,1956-04-15,18
R0A7,Joao Lucas Reis Da Silva,Right-Handed,178.0,BRA,br,2000-03-27,19
100869,Jon Sorbo,Right-Handed,190.0,USA,us,1962-10-24,20
100307,Paul Torre,Right-Handed,180.0,FRA,fr,1953-05-22,21
104745,Rafael Nadal,Left-Handed,185.0,ESP,es,1986-06-09,22
104504,Ross Hutchins,Right-Handed,190.0,GBR,gb,1985-03-11,23
104327,Steve Darcis,Right-Handed,178.0,BEL,be,1984-04-14,24
126646,Tim Van Rijthoven,Right-Handed,188.0,NED,nl,1997-05-05,25
105440,Arsenije Zlatanovic,Right-Handed,193.0,SRB,rs,1989-12-10,26
100021,Ashley Cooper,Right-Handed,178.0,AUS,au,1936-09-23,27
100700,Heinz Gildemeister,Right-Handed,178.0,CHI,cl,1960-10-27,28
103353,Ingo Neumuller,Right-Handed,183.0,AUT,at,1979-04-03,29
106035,Isak Arvidsson,Right-Handed,188.0,SWE,se,1992-08-17,30
102028,Massimo Valeri,Right-Handed,185.0,ITA,it,1972-04-05,31
208819,Max Hans Rehberg,Right-Handed,183.0,GER,de,2003-10-16,32
105080,Miloslav Mecir Jr,Right-Handed,190.0,SVK,sk,1988-01-31,33
101849,Nicola Bruno,Right-Handed,178.0,ITA,it,1971-02-24,34
102934,Nicolas Coutelot,Right-Handed,185.0,FRA,fr,1977-03-14,35
105026,Takuto Niki,Right-Handed,183.0,JPN,jp,1987-11-04,36
106764,Christopher Koderisch,Unknown,180.0,GER,de,1984-12-08,37
102019,Dirk Dier,Right-Handed,185.0,GER,de,1972-03-19,38
PG20,Dmitry Popko,Right-Handed,191.0,KAZ,kz,1996-10-25,39
103722,Florent Serra,Right-Handed,180.0,FRA,fr,1981-03-17,40
P0CT,Francesco Passaro,Right-Handed,180.0,ITA,it,2001-01-08,41
100202,George Amaya,Left-Handed,173.0,USA,us,1950-03-19,42
102168,Hector Moretti,Right-Handed,170.0,ARG,ar,1973-03-01,43
B0HY,Isaac Becroft,Right-Handed,180.0,NZL,nz,2000-10-29,44
102107,Jan Frode Andersen,Left-Handed,190.0,NOR,no,1972-09-19,45
105311,Joao Sousa,Right-Handed,185.0,POR,pt,1989-04-02,46
MQ75,Kamil Majchrzak,Right-Handed,183.0,POL,pl,1996-01-13,47
105841,Lorenzo Giustino,Right-Handed,180.0,ITA,it,1991-09-11,48
104571,Marcos Baghdatis,Right-Handed,183.0,CYP,cy,1985-07-01,49
103912,Mario Radic,Right-Handed,188.0,CRO,hr,1982-01-20,50
100896,Miguel Nido,Right-Handed,180.0,PUR,pr,1963-03-18,51
101492,Sander Groen,Left-Handed,190.0,NED,nl,1968-07-17,52
108234,Sergei Leonjuk,Right-Handed,183.0,RUS,ru,1960-04-29,53
102464,Todd Larkham,Right-Handed,178.0,AUS,au,1974-11-07,54
200336,Trent Bryde,Right-Handed,183.0,USA,us,1999-09-02,55
200318,Yu Hsiou Hsu,Right-Handed,178.0,TPE,tw,1999-04-03,56
102374,Alex Corretja,Right-Handed,180.0,ESP,es,1974-04-26,57
200247,Alexandar Lazarov,Right-Handed,191.0,BUL,bg,1997-12-13,58
105099,Antonio Veic,Right-Handed,180.0,CRO,hr,1988-03-10,59
100338,Benjy Robins,Right-Handed,175.0,USA,us,1954-07-31,60
101077,Bobby Blair,Right-Handed,178.0,USA,us,1964-11-04,61
102006,Brent Larkham,Right-Handed,178.0,AUS,au,1972-01-17,62
101591,Danny Sapsford,Right-Handed,173.0,GBR,gb,1969-04-09,63
106220,Dimitar Kuzmanov,Right-Handed,183.0,BUL,bg,1993-08-25,64
101788,Doug Flach,Right-Handed,183.0,USA,us,1970-09-09,65
101499,Eduardo Furusho,Left-Handed,168.0,JPN,jp,1968-07-26,66
FA43,Juan Pablo Ficovich,Right-Handed,188.0,ARG,ar,1997-01-24,67
105406,Roberto Marcora,Right-Handed,193.0,ITA,it,1989-10-04,68
KD46,Thanasi Kokkinakis,Right-Handed,193.0,AUS,au,1996-04-11,69
104735,Tobias Kamke,Right-Handed,180.0,GER,de,1986-06-14,70
126340,Viktor Durasovic,Right-Handed,185.0,NOR,no,1997-03-24,71
100923,Wally Masur,Right-Handed,180.0,AUS,au,1963-06-11,72
R0IU,William Rejchtman Vinciguerra,Left-Handed,178.0,SWE,se,2007-02-10,73
209406,Abedallah Shelbayh,Left-Handed,180.0,JOR,jo,2003-12-14,74
Z355,Alexander Zverev,Right-Handed,198.0,GER,de,1997-04-20,75
103714,Andreas Vinciguerra,Left-Handed,180.0,SWE,se,1981-03-21,76
101034,Bobby Banck,Right-Handed,165.0,USA,us,1964-06-09,77
100649,David Dowlen,Right-Handed,178.0,USA,us,1960-03-03,78
102615,Dennis Van Scheppingen,Right-Handed,185.0,NED,nl,1975-07-16,79
102250,Emanuel Couto,Right-Handed,183.0,POR,pt,1973-09-03,80
100477,Gianni Ocleppo,Right-Handed,183.0,ITA,it,1957-04-20,81
102005,Johan De Beer,Right-Handed,190.0,RSA,za,1972-01-21,82
100179,Karl Meiler,Right-Handed,178.0,GER,de,1949-06-03,83
100954,Luiz Mattar,Right-Handed,183.0,BRA,br,1963-09-12,84
101012,Massimiliano Narducci,Right-Handed,185.0,ITA,it,1964-03-21,85
G0GD,Matteo Gigante,Left-Handed,180.0,ITA,it,2002-01-05,86
102169,Michael Joyce,Right-Handed,180.0,USA,us,1973-03-04,87
105091,Peter Torebko,Right-Handed,185.0,GER,de,1988-02-20,88
104007,Andre Ghem,Right-Handed,193.0,BRA,br,1982-06-12,89
111761,Benjamin Lock,Right-Handed,198.0,ZIM,zw,1993-03-21,90
100894,Francesco Cancellotti,Right-Handed,183.0,ITA,it,1963-02-28,91
105283,Gerard Granollers,Right-Handed,180.0,ESP,es,1989-02-08,92
100731,Hector Ortiz,Right-Handed,180.0,MEX,mx,1961-04-09,93
101597,Louis Gloria,Left-Handed,175.0,USA,us,1969-04-25,94
104672,Vincent Millot,Left-Handed,173.0,FRA,fr,1986-03-06,95
105332,Benoit Paire,Right-Handed,196.0,FRA,fr,1989-06-09,96
104122,Carlos Berlocq,Right-Handed,183.0,ARG,ar,1983-03-03,97
100540,Drew Gitlin,Right-Handed,178.0,USA,us,1958-06-29,98
D0CG,Facundo Diaz Acosta,Left-Handed,183.0,ARG,ar,2000-12-15,99
100408,Gary Plock,Right-Handed,175.0,USA,us,1956-01-09,100
MU94,Jaume Munar,Right-Handed,183.0,ESP,es,1997-05-06,101
102187,John Laffnie De Jager,Right-Handed,193.0,RSA,za,1973-04-11,102
101809,Nicolas Pereira,Right-Handed,188.0,VEN,ve,1970-11-01,103
126120,Nino Serdarusic,Right-Handed,191.0,CRO,hr,1996-12-27,104
KI82,Vit Kopriva,Right-Handed,178.0,CZE,cz,1997-06-16,105
104268,Alejandro Falla,Left-Handed,185.0,COL,co,1983-11-26,106
102624,Andrew Painter,Right-Handed,188.0,AUS,au,1975-08-02,107
TA46,Bernard Tomic,Right-Handed,196.0,AUS,au,1992-10-22,108
101475,Carlos Costa,Right-Handed,183.0,ESP,es,1968-05-26,109
MW02,Corentin Moutet,Left-Handed,180.0,FRA,fr,1999-04-19,110
102642,Cyril Saulnier,Right-Handed,190.0,FRA,fr,1975-09-20,111
101190,Darren Cahill,Right-Handed,185.0,AUS,au,1965-10-08,112
101515,Donald Johnson,Left-Handed,190.0,USA,us,1968-09-16,113
101897,Fernando Meligeni,Left-Handed,180.0,BRA,br,1971-04-21,114
101577,Jia Ping Xia,Right-Handed,165.0,CHN,cn,1969-03-31,115
103527,Julien Jeanpierre,Right-Handed,188.0,FRA,fr,1980-04-01,116
101495,Miguel Tobon,Right-Handed,185.0,COL,co,1968-06-23,117
105032,Sam Groth,Right-Handed,193.0,AUS,au,1987-11-05,118
100397,Terry Rocavert,Right-Handed,180.0,AUS,au,1955-11-21,119
200096,Dragos Nicolae Madaras,Left-Handed,191.0,SWE,se,1997-09-28,120
101140,Eric Rosenfeld,Right-Handed,180.0,USA,us,1965-06-30,121
100536,Fernando Luna,Right-Handed,175.0,ESP,es,1958-05-17,122
101426,Kent Carlsson,Right-Handed,180.0,SWE,se,1968-01-31,123
210053,Luka Mikrut,Right-Handed,188.0,CRO,hr,2004-05-10,124
105591,Matt Reid,Right-Handed,183.0,AUS,au,1990-07-31,125
P0J1,Rodrigo Pacheco Mendez,Left-Handed,191.0,MEX,mx,2005-04-25,126
S0TM,Toby Samuel,Right-Handed,191.0,GBR,gb,2002-09-06,127
K0AZ,Aleksandar Kovacevic,Right-Handed,183.0,USA,us,1998-08-29,128
101736,Andre Agassi,Right-Handed,180.0,USA,us,1970-05-11,129
104797,Denis Istomin,Right-Handed,185.0,UZB,uz,1986-09-22,130
100375,John Hayes,Right-Handed,193.0,USA,us,1955-05-12,131
100618,Leif Shiras,Right-Handed,183.0,USA,us,1959-09-19,132
102103,Michael Sell,Right-Handed,180.0,USA,us,1972-09-22,133
100383,Peter Mcnamara,Right-Handed,185.0,AUS,au,1955-07-14,134
101958,Pierre Bouteyre,Right-Handed,185.0,FRA,fr,1971-10-13,135
104550,Ricardo Hocevar,Right-Handed,180.0,BRA,br,1985-05-21,136
101650,Shane Barr,Right-Handed,193.0,AUS,au,1969-10-25,137
126177,Strong Kirchheimer,Right-Handed,185.0,USA,us,1995-05-03,138
101479,Tj Middleton,Right-Handed,183.0,USA,us,1968-05-12,139
101071,Tom Nijssen,Right-Handed,175.0,NED,nl,1964-10-09,140
101314,Woody Hunt,Right-Handed,178.0,USA,us,1966-12-06,141
100672,Derek Segal,Right-Handed,178.0,RSA,za,1960-05-31,142
101186,Desmond Tyson,Right-Handed,185.0,AUS,au,1965-10-05,143
104724,Eduardo Schwank,Right-Handed,183.0,ARG,ar,1986-04-28,144
133835,Gijs Brouwer,Left-Handed,191.0,NED,nl,1996-04-12,145
W0AH,Harry Wendelken,Right-Handed,178.0,GBR,gb,2001-12-19,146
103657,Ivo Klec,Right-Handed,183.0,SVK,sk,1980-12-02,147
100827,Jean Luc Cotard,Right-Handed,178.0,FRA,fr,1962-06-05,148
200418,Karl Friberg,Right-Handed,191.0,SWE,se,1999-04-17,149
101767,Lars Jonsson,Right-Handed,188.0,SWE,se,1970-07-08,150
103735,Lovro Zovko,Right-Handed,190.0,CRO,hr,1981-04-17,151
111192,Lucas Miedler,Right-Handed,183.0,AUT,at,1996-06-22,152
105229,Philip Bester,Right-Handed,188.0,CAN,ca,1988-10-22,153
101730,Piet Norval,Right-Handed,185.0,RSA,za,1970-04-24,154
101363,Vojtech Flegl,Right-Handed,180.0,CZE,cz,1967-06-25,155
101823,Gerald Mandl,Left-Handed,190.0,AUT,at,1970-11-14,156
K09F,Pavel Kotov,Right-Handed,191.0,RUS,ru,1998-11-18,157
101003,Ricardo Acioly,Right-Handed,180.0,BRA,br,1964-03-10,158
100481,Roberto Vizcaino,Right-Handed,178.0,ESP,es,1957-05-09,159
202122,Yuta Shimizu,Left-Handed,163.0,JPN,jp,1999-06-16,160
101589,Arnaud Boetsch,Right-Handed,183.0,FRA,fr,1969-04-17,161
111790,Brayden Schnur,Right-Handed,193.0,CAN,ca,1995-07-10,162
101819,Frederic Vitoux,Right-Handed,173.0,FRA,fr,1970-11-21,163
100001,Gardnar Mulloy,Right-Handed,185.0,USA,us,1913-11-27,164
101030,Goran Prpic,Right-Handed,180.0,CRO,hr,1964-05-31,165
106058,Jack Sock,Right-Handed,191.0,USA,us,1992-10-02,166
F0F2,Jaime Faria,Right-Handed,188.0,POR,pt,2003-08-07,167
104731,Kevin Anderson,Right-Handed,203.0,RSA,za,1986-05-19,168
144817,Marc Andrea Huesler,Left-Handed,196.0,SUI,ch,1996-06-27,169
101629,Matt Lucena,Right-Handed,178.0,USA,us,1969-08-18,170
104665,Pablo Andujar,Right-Handed,180.0,ESP,es,1986-02-03,171
BV24,Raul Brancaccio,Right-Handed,185.0,ITA,it,1997-05-04,172
G0FW,Vilius Gaubas,Right-Handed,178.0,LTU,lt,2004-12-29,173
100437,Bjorn Borg,Right-Handed,180.0,SWE,se,1956-06-15,174
100564,Cary Stansbury,Right-Handed,196.0,USA,us,1958-11-19,175
102111,Diego Del Rio,Right-Handed,175.0,ARG,ar,1972-09-29,176
106162,Franco Agamenone,Right-Handed,191.0,ITA,it,1993-05-13,177
102703,Hyung Taik Lee,Right-Handed,180.0,KOR,kr,1976-01-06,178
105668,Jerzy Janowicz,Right-Handed,203.0,POL,pl,1990-11-22,179
103560,Kj Hippensteel,Left-Handed,190.0,USA,us,1980-05-13,180
106243,Mate Delic,Right-Handed,196.0,CRO,hr,1993-10-01,181
104211,Roman Valent,Right-Handed,183.0,SUI,ch,1983-07-11,182
105992,Ryan Harrison,Right-Handed,185.0,USA,us,1992-05-30,183
105031,Saketh Myneni,Right-Handed,193.0,IND,in,1987-10-22,184
101680,Zeeshan Ali,Right-Handed,180.0,IND,in,1970-01-20,185
101369,Bent Ove Pedersen,Right-Handed,185.0,NOR,no,1967-07-25,186
W0BH,Coleman Wong,Right-Handed,191.0,HKG,hk,2004-06-07,187
104034,Dmitry Vlasov,Right-Handed,188.0,RUS,ru,1982-08-15,188
103602,Fernando Gonzalez,Right-Handed,183.0,CHI,cl,1980-08-15,189
102536,James Greenhalgh,Right-Handed,183.0,NZL,nz,1975-03-22,190
102397,Jose Imaz Ruiz,Right-Handed,178.0,ESP,es,1974-06-08,191
103700,Juan Pablo Guzman,Left-Handed,178.0,ARG,ar,1981-02-25,192
100993,Loic Courteau,Right-Handed,175.0,FRA,fr,1964-01-25,193
100195,Nicolas Kelaidis,Right-Handed,178.0,GRE,gr,1949-11-20,194
100199,Patrice Dominguez,Left-Handed,173.0,FRA,fr,1950-02-05,195
N732,Yoshihito Nishioka,Left-Handed,170.0,JPN,jp,1995-10-05,196
103318,Zeljko Krajan,Right-Handed,178.0,CRO,hr,1979-03-02,197
100599,Bernard Boileau,Right-Handed,185.0,BEL,be,1959-06-27,198
102483,David Caballero,Right-Handed,180.0,ESP,es,1974-12-15,199
D0LJ,Diego Dedura,Left-Handed,180.0,GER,de,2008-03-13,200
100730,Florin Segarceanu,Right-Handed,180.0,ROU,ro,1961-04-27,201
100936,Henri Leconte,Left-Handed,185.0,FRA,fr,1963-07-18,202
SL28,Jan-Lennard Struff,Right-Handed,193.0,GER,de,1990-04-25,203
101565,Marius Barnard,Right-Handed,188.0,RSA,za,1969-02-05,204
101710,Martin Blackman,Right-Handed,188.0,USA,us,1970-03-14,205
100409,Randy Crawford,Right-Handed,188.0,USA,us,1956-01-25,206
101740,Sascha Nensel,Right-Handed,180.0,GER,de,1970-06-10,207
104181,Victor Ionita,Right-Handed,185.0,ROU,ro,1983-05-25,208
100538,Alejandro Gattiker,Right-Handed,180.0,ARG,ar,1958-05-17,209
G0IW,Antoine Ghibaudo,Right-Handed,191.0,FRA,fr,2005-01-25,210
106216,Bjorn Fratangelo,Right-Handed,183.0,USA,us,1993-07-31,211
CG80,Borna Coric,Right-Handed,188.0,CRO,hr,1996-11-16,212
101075,Dexter Macbride,Right-Handed,193.0,USA,us,1964-10-29,213
101132,Fredrik Rosenquist,Right-Handed,180.0,SWE,se,1965-05-23,214
100176,Hans Kary,Left-Handed,172.0,AUT,at,1949-03-05,215
200670,J J Wolf,Right-Handed,183.0,USA,us,1998-12-23,216
102259,Jerome Golmard,Left-Handed,188.0,FRA,fr,1973-09-14,217
D0DP,Liam Draxl,Right-Handed,185.0,CAN,ca,2001-12-06,218
100503,Lorenzo Fargas,Right-Handed,173.0,ESP,es,1957-10-29,219
PG94,Marc Polmans,Right-Handed,188.0,AUS,au,1997-05-02,220
103280,Martin Verkerk,Right-Handed,196.0,NED,nl,1978-11-02,221
101862,Maurice Ruah,Right-Handed,178.0,VEN,ve,1971-02-25,222
100628,Michiel Schapers,Right-Handed,201.0,NED,nl,1959-11-01,223
104660,Sergiy Stakhovsky,Right-Handed,193.0,UKR,ua,1986-02-09,224
100970,Stefan Eriksson,Right-Handed,193.0,SWE,se,1963-10-27,225
103716,Uros Vico,Right-Handed,188.0,ITA,it,1981-03-28,226
100883,Christophe Bernelle,Right-Handed,185.0,FRA,fr,1963-02-03,227
103216,Clemens Trimmel,Right-Handed,185.0,AUT,at,1978-07-15,228
101617,Dennis Schmid,Right-Handed,193.0,USA,us,1969-07-23,229
M0JF,Hamad Medjedovic,Right-Handed,188.0,SRB,rs,2003-07-18,230
103976,Juan Pablo Brzezicki,Right-Handed,178.0,ARG,ar,1982-04-28,231
103843,Marco Chiudinelli,Right-Handed,185.0,SUI,ch,1981-09-17,232
106034,Yasutaka Uchiyama,Right-Handed,183.0,JPN,jp,1992-08-13,233
100018,Barry Mackay,Right-Handed,190.0,USA,us,1935-09-05,234
105052,Chris Eaton,Right-Handed,188.0,GBR,gb,1987-12-24,235
102162,Chris Woodruff,Right-Handed,188.0,USA,us,1973-01-27,236
102817,Edwin Kempes,Right-Handed,188.0,NED,nl,1976-07-20,237
101649,Guillermo Perez Roldan,Right-Handed,178.0,ARG,ar,1969-11-06,238
102088,Joern Renzenbrink,Right-Handed,196.0,GER,de,1972-08-19,239
102394,Johan Van Herck,Right-Handed,185.0,BEL,be,1974-06-02,240
101504,Laurent Prades,Left-Handed,183.0,FRA,fr,1968-08-10,241
103720,Lleyton Hewitt,Right-Handed,180.0,AUS,au,1981-04-01,242
102519,Marcio Carlsson,Right-Handed,175.0,BRA,br,1975-02-05,243
G628,Richard Gasquet,Right-Handed,183.0,FRA,fr,1986-06-18,244
101312,Robbie Weiss,Right-Handed,183.0,USA,us,1966-12-20,245
K0E6,Alibek Kachmazov,Right-Handed,185.0,RUS,ru,2002-08-17,246
104314,Brian Dabul,Left-Handed,170.0,ARG,ar,1984-03-16,247
101329,Christer Allgardh,Right-Handed,190.0,SWE,se,1967-03-21,248
102419,Christophe Van Garsse,Right-Handed,185.0,BEL,be,1974-07-06,249
103305,Daniel Elsner,Right-Handed,183.0,GER,de,1979-01-14,250
101619,David Wells Roth,Right-Handed,178.0,USA,us,1969-07-13,251
110602,Dennis Novak,Right-Handed,183.0,AUT,at,1993-09-06,252
104693,Dominic Inglot,Right-Handed,196.0,GBR,gb,1986-03-18,253
102139,Eyal Ran,Right-Handed,183.0,ISR,il,1972-11-28,254
101723,Magnus Larsson,Right-Handed,193.0,SWE,se,1970-04-02,255
CD85,Pablo Carreno Busta,Right-Handed,188.0,ESP,es,1991-07-12,256
101124,Paolo Cane,Right-Handed,180.0,ITA,it,1965-04-15,257
104635,Robert Smeets,Left-Handed,188.0,AUS,au,1985-12-05,258
210494,Theo Papamalamis,Right-Handed,183.0,FRA,fr,2006-01-17,259
126283,Yunseong Chung,Right-Handed,178.0,KOR,kr,1998-03-30,260
100214,Adriano Panatta,Right-Handed,183.0,ITA,it,1950-07-18,261
100892,Alexandre Hocevar,Right-Handed,190.0,BRA,br,1963-03-11,262
104488,Armin Sandbichler,Left-Handed,180.0,AUT,at,1985-01-23,263
101477,Chris Bailey,Right-Handed,196.0,GBR,gb,1968-05-14,264
101864,Fernon Wibier,Right-Handed,188.0,NED,nl,1971-03-09,265
S0TX,Henry Searle,Left-Handed,193.0,GBR,gb,2006-03-30,266
102024,Hernan Gumy,Right-Handed,188.0,ARG,ar,1972-03-28,267
100645,Huub Van Boeckel,Right-Handed,190.0,NED,nl,1960-03-01,268
104997,Igor Sijsling,Right-Handed,191.0,NED,nl,1987-09-08,269
100686,Karl Richter,Left-Handed,170.0,USA,us,1960-08-01,270
100016,Ken Rosewall,Right-Handed,175.0,AUS,au,1934-11-27,271
104192,Marco Crugnola,Right-Handed,188.0,ITA,it,1983-06-13,272
103694,Olivier Rochus,Right-Handed,168.0,BEL,be,1981-01-29,273
103045,Reginald Willems,Right-Handed,180.0,BEL,be,1977-10-10,274
101937,Robbie Koenig,Right-Handed,173.0,RSA,za,1971-07-07,275
104136,Santiago Gonzalez,Right-Handed,191.0,MEX,mx,1983-02-27,276
111578,Stefan Kozlov,Right-Handed,183.0,USA,us,1998-02-12,277
T0A1,Thiago Agustin Tirante,Right-Handed,185.0,ARG,ar,2001-04-10,278
103325,Wesley Moodie,Right-Handed,196.0,RSA,za,1979-02-24,279
H09P,Brandon Holt,Right-Handed,185.0,USA,us,1998-04-06,280
S0JA,Eliot Spizzirri,Right-Handed,185.0,USA,us,2001-12-23,281
102588,Lars Rehmann,Right-Handed,196.0,GER,de,1975-05-27,282
103498,Marat Safin,Right-Handed,193.0,RUS,ru,1980-02-27,283
101860,Mark Draper,Right-Handed,185.0,AUS,au,1971-02-24,284
207799,Matheus Pucinelli De Almeida,Right-Handed,183.0,BRA,br,2001-05-05,285
C0HT,Murphy Cassone,Right-Handed,188.0,USA,us,2002-08-16,286
100205,Paul Gerken,Right-Handed,185.0,USA,us,1950-03-16,287
102023,Petr Luxa,Right-Handed,190.0,CZE,cz,1972-03-23,288
102887,Ramon Delgado,Right-Handed,185.0,PAR,py,1976-12-21,289
100920,Robert Seguso,Right-Handed,190.0,USA,us,1963-05-03,290
104182,Sasa Tuksar,Right-Handed,180.0,CRO,hr,1983-05-30,291
102494,Tomas Behrend,Right-Handed,193.0,GER,de,1975-01-16,292
104607,Tomas Berdych,Right-Handed,196.0,CZE,cz,1985-10-02,293
126533,Alvaro Lopez San Martin,Right-Handed,178.0,ESP,es,1997-06-28,294
102069,Andrei Rybalko,Right-Handed,180.0,UKR,ua,1972-06-15,295
100704,Billy Nealon,Left-Handed,178.0,USA,us,1960-11-23,296
109783,Bob Howe,Right-Handed,183.0,AUS,au,1925-09-07,297
101068,Byron Talbot,Right-Handed,183.0,RSA,za,1964-09-20,298
100605,Charlie Fancutt,Right-Handed,178.0,AUS,au,1959-06-20,299
103711,Jaroslav Levinsky,Right-Handed,196.0,CZE,cz,1981-02-18,300
SM88,Karue Sell,Right-Handed,183.0,BRA,br,1993-11-13,301
102201,Lionel Roux,Right-Handed,185.0,FRA,fr,1973-04-25,302
M0WY,Luis Guto Miguel,Right-Handed,180.0,BRA,br,2009-02-27,303
100441,Mark Darby,Right-Handed,185.0,USA,us,1956-07-19,304
200188,Matteo Martineau,Right-Handed,183.0,FRA,fr,1999-02-22,305
Z0BZ,Michael Zheng,Right-Handed,188.0,USA,us,2004-01-28,306
102524,Neville Godwin,Right-Handed,173.0,RSA,za,1975-02-11,307
102047,Pier Gauthier,Right-Handed,185.0,FRA,fr,1972-05-16,308
104059,Rasmus Norby,Right-Handed,183.0,DEN,dk,1982-10-01,309
105023,Sam Querrey,Right-Handed,198.0,USA,us,1987-11-11,310
102085,Sasa Hirszon,Right-Handed,185.0,CRO,hr,1972-07-21,311
DH50,Alejandro Davidovich Fokina,Right-Handed,180.0,ESP,es,1999-06-05,312
106078,Egor Gerasimov,Right-Handed,196.0,BLR,by,1992-12-15,313
111795,Filippo Baldi,Right-Handed,183.0,ITA,it,1996-01-21,314
104371,Ivo Minar,Right-Handed,183.0,CZE,cz,1984-06-03,315
105269,Marcelo Demoliner,Right-Handed,191.0,BRA,br,1989-02-24,316
101119,Marian Vajda,Right-Handed,173.0,SVK,sk,1965-04-14,317
L0CX,Pablo Llamas Ruiz,Right-Handed,188.0,ESP,es,2002-10-13,318
101370,Paolo Pambianco,Right-Handed,190.0,ITA,it,1967-08-07,319
100411,Pavel Slozil,Right-Handed,173.0,CZE,cz,1956-01-31,320
101066,Richard Matuszewski,Right-Handed,188.0,USA,us,1964-09-13,321
B0FV,Roman Andres Burruchaga,Right-Handed,183.0,ARG,ar,2002-01-24,322
100276,Terry Moor,Left-Handed,178.0,USA,us,1952-05-29,323
100434,Tomas Smid,Right-Handed,190.0,CZE,cz,1956-06-08,324
102293,Xavier Avila,Right-Handed,183.0,ESP,es,1973-12-17,325
103381,Andy Fahlke,Right-Handed,185.0,GER,de,1979-06-08,326
104112,Benjamin Balleret,Right-Handed,185.0,MON,mc,1983-01-29,327
100443,Christophe Freyss,Left-Handed,183.0,FRA,fr,1956-09-17,328
B0NO,Darwin Blanch,Left-Handed,185.0,USA,us,2007-09-28,329
105163,Gleb Sakharov,Right-Handed,185.0,FRA,fr,1988-07-15,330
105650,Marcus Willis,Left-Handed,191.0,GBR,gb,1990-10-16,331
101149,Morten Christensen,Right-Handed,190.0,DEN,dk,1965-06-29,332
V0AM,Otto Virtanen,Right-Handed,193.0,FIN,fi,2001-06-22,333
100255,Roscoe Tanner,Left-Handed,183.0,USA,us,1951-11-17,334
101381,Aaron Krickstein,Right-Handed,183.0,USA,us,1967-08-12,335
103201,Adrian Garcia,Right-Handed,175.0,CHI,cl,1978-06-23,336
100616,Andy Kohlberg,Left-Handed,178.0,USA,us,1959-09-05,337
101414,Boris Becker,Right-Handed,190.0,GER,de,1967-12-21,338
102117,Eduardo Nicolas,Right-Handed,173.0,ESP,es,1972-10-04,339
101251,Eric Winogradsky,Right-Handed,188.0,FRA,fr,1966-05-21,340
100062,Francois Jauffret,Right-Handed,180.0,FRA,fr,1942-03-15,341
101013,Henrik Sundstrom,Right-Handed,188.0,SWE,se,1964-03-19,342
104633,Mathieu Rodrigues,Right-Handed,180.0,FRA,fr,1985-12-01,343
105336,Nicolas Meister,Right-Handed,180.0,USA,us,1989-06-17,344
M0AW,Nicolas Mejia,Right-Handed,183.0,COL,co,2000-02-11,345
101821,Peter Tramacchi,Right-Handed,185.0,AUS,au,1970-11-19,346
101270,Thomas Gollwitzer,Right-Handed,178.0,GER,de,1966-08-26,347
BI81,Alex Bolt,Left-Handed,183.0,AUS,au,1993-01-05,348
104230,Daniel Koellerer,Right-Handed,180.0,AUT,at,1983-08-20,349
101462,Francisco Roig,Right-Handed,175.0,ESP,es,1968-04-12,350
100804,Henri De Wet,Right-Handed,188.0,RSA,za,1962-03-27,351
103484,James Blake,Right-Handed,185.0,USA,us,1980-01-20,352
102800,Nenad Zimonjic,Right-Handed,190.0,SRB,rs,1976-06-05,353
101661,Nicolas Becerra,Right-Handed,185.0,ARG,ar,1969-12-11,354
101893,Patrick Mohr,Right-Handed,178.0,SUI,ch,1971-04-27,355
102529,Thomas Shimada,Right-Handed,178.0,JPN,jp,1975-02-11,356
P0K4,Tiago Pereira,Right-Handed,0.0,PRT,pt,2004-06-20,357
101711,Alex Obrien,Right-Handed,185.0,USA,us,1970-03-21,358
100314,Bernard Fritz,Right-Handed,173.0,FRA,fr,1953-10-09,359
101461,Brett Custer,Right-Handed,183.0,AUS,au,1968-05-06,360
102715,Ignacio Hirigoyen,Right-Handed,183.0,ARG,ar,1976-02-09,361
102548,Juan Antonio Marin,Right-Handed,175.0,CRC,cr,1975-03-18,362
F0F4,Kilian Feldbausch,Right-Handed,191.0,SUI,ch,2005-09-07,363
102455,Lorenzo Manta,Right-Handed,190.0,SUI,ch,1974-09-21,364
D0FJ,Luciano Darderi,Right-Handed,183.0,ITA,it,2002-02-15,365
104154,Paul Capdeville,Right-Handed,190.0,CHI,cl,1983-04-26,366
100997,Roger Smith,Right-Handed,185.0,BAH,bs,1964-02-01,367
100390,Trevor Allan,Left-Handed,178.0,AUS,au,1955-09-19,368
100676,Yannick Noah,Right-Handed,193.0,FRA,fr,1960-06-01,369
100792,Adrian Marcu,Right-Handed,190.0,ROU,ro,1961-12-06,370
102042,Brandon Coupe,Right-Handed,183.0,USA,us,1972-04-14,371
102113,Daniele Musa,Right-Handed,183.0,ITA,it,1972-10-05,372
105116,Dusan Lojda,Left-Handed,188.0,CZE,cz,1988-04-06,373
Y218,Elias Ymer,Right-Handed,185.0,SWE,se,1996-04-11,374
105281,Eric Quigley,Right-Handed,185.0,USA,us,1989-02-16,375
102903,Eyal Erlich,Right-Handed,183.0,ISR,il,1977-01-24,376
101084,Jakob Hlasek,Right-Handed,188.0,SUI,ch,1964-12-03,377
102967,Marc Gicquel,Right-Handed,188.0,FRA,fr,1977-04-17,378
101721,Markus Zillner,Left-Handed,178.0,GER,de,1970-03-31,379
110204,Michael Davies,Right-Handed,183.0,GBR,gb,1936-02-12,380
100917,Nelson Aerts,Right-Handed,188.0,BRA,br,1963-05-23,381
101948,Pete Sampras,Right-Handed,185.0,USA,us,1971-08-27,382
102783,Rainer Schuettler,Right-Handed,180.0,GER,de,1976-05-14,383
105952,Renzo Olivo,Right-Handed,178.0,ARG,ar,1992-03-30,384
101278,Scott Melville,Right-Handed,188.0,USA,us,1966-09-08,385
101215,Scott Warner,Right-Handed,196.0,USA,us,1966-01-20,386
H997,Yannick Hanfmann,Right-Handed,193.0,GER,de,1991-11-14,387
GJ16,Federico Agustin Gomez,Right-Handed,191.0,ARG,ar,1996-11-26,388
104945,James Mcgee,Right-Handed,183.0,IRL,ie,1987-06-11,389
100893,Joakim Nystrom,Right-Handed,188.0,SWE,se,1963-03-27,390
N0CS,Lukas Neumayer,Right-Handed,183.0,AUT,at,2002-09-06,391
100769,Mario Martinez,Right-Handed,170.0,BOL,bo,1961-10-18,392
103356,Michel Kratochvil,Right-Handed,185.0,SUI,ch,1979-04-27,393
100824,Peter Bastiansen,Right-Handed,193.0,DEN,dk,1962-05-28,394
104417,Robin Soderling,Right-Handed,193.0,SWE,se,1984-08-16,395
109974,Steve Cornell,Right-Handed,178.0,USA,us,1949-06-09,396
101552,Xavier Daufresne,Right-Handed,193.0,BEL,be,1969-01-09,397
104864,Alex Kuznetsov,Right-Handed,183.0,USA,us,1987-02-23,398
101252,Brian Page,Right-Handed,183.0,USA,us,1966-05-11,399
105454,Brydan Klein,Right-Handed,183.0,AUS,au,1990-01-30,400
100799,Carlos Castellan,Right-Handed,190.0,ARG,ar,1962-02-28,401
100604,Egan Adams,Right-Handed,178.0,USA,us,1959-06-30,402
101686,Franco Davin,Left-Handed,173.0,ARG,ar,1970-02-02,403
100715,Jim Gurfein,Left-Handed,175.0,USA,us,1961-01-20,404
100900,Josef Cihak,Right-Handed,185.0,CZE,cz,1963-04-17,405
102233,Leander Paes,Right-Handed,178.0,IND,in,1973-07-05,406
100810,Paul Chamberlin,Right-Handed,178.0,USA,us,1962-04-18,407
100859,Robert Casey,Right-Handed,188.0,AUS,au,1954-09-20,408
102854,Sjeng Schalken,Right-Handed,193.0,NED,nl,1976-09-29,409
100126,Stan Smith,Right-Handed,193.0,USA,us,1947-01-13,410
100733,Woo Ryong Lee,Right-Handed,173.0,KOR,kr,1961-04-20,411
101331,Alex Nizet,Right-Handed,188.0,USA,us,1967-03-21,412
105120,Andres Molteni,Right-Handed,180.0,ARG,ar,1988-03-31,413
100461,Billy Martin,Right-Handed,178.0,USA,us,1957-01-27,414
100499,Chris Mayotte,Right-Handed,186.0,USA,us,1957-10-18,415
106057,Facundo Mena,Right-Handed,183.0,ARG,ar,1992-10-26,416
102785,Glenn Weiner,Right-Handed,188.0,USA,us,1976-05-18,417
101317,John Sullivan,Right-Handed,188.0,USA,us,1967-01-18,418
100249,Paolo Bertolucci,Right-Handed,175.0,ITA,it,1951-08-19,419
S0UV,Rei Sakamoto,Right-Handed,193.0,JPN,jp,2006-06-24,420
102905,Stefan Koubek,Left-Handed,175.0,AUT,at,1977-01-31,421
MJ08,Thiago Monteiro,Left-Handed,183.0,BRA,br,1994-05-31,422
100011,Torben Ulrich,Left-Handed,180.0,DEN,dk,1928-10-30,423
100569,Toru Yonezawa,Right-Handed,188.0,JPN,jp,1958-11-18,424
100173,Andrew Pattison,Right-Handed,188.0,USA,us,1949-02-28,425
101726,Boaz Merenstein,Left-Handed,180.0,ISR,il,1970-04-09,426
100882,David Livingston,Right-Handed,180.0,USA,us,1963-01-31,427
100947,Doug Burke,Right-Handed,180.0,JAM,jm,1963-08-31,428
100493,Eric Sherbeck,Right-Handed,193.0,USA,us,1957-08-11,429
100785,Jesus Colas,Right-Handed,170.0,ESP,es,1961-11-18,430
103029,Mehdi Tahiri,Right-Handed,183.0,MAR,ma,1977-08-12,431
100725,Michael Mortensen,Right-Handed,188.0,DEN,dk,1961-03-21,432
102834,Paul Goldstein,Right-Handed,178.0,USA,us,1976-08-27,433
104229,Yen Hsun Lu,Right-Handed,180.0,TPE,tw,1983-09-10,434
WB32,Yibing Wu,Right-Handed,183.0,CHN,cn,1999-10-14,435
102110,Daniel Nestor,Left-Handed,190.0,CAN,ca,1972-09-13,436
100364,Jonathan Smith,Right-Handed,188.0,GBR,gb,1955-01-31,437
101929,Joost Winnink,Right-Handed,180.0,NED,nl,1971-08-03,438
100392,Richard Meyer,Right-Handed,183.0,USA,us,1955-09-15,439
103470,Robert Kendrick,Right-Handed,190.0,USA,us,1979-12-09,440
103250,Rodolphe Cadart,Left-Handed,183.0,FRA,fr,1978-08-10,441
101580,Roger Rasheed,Right-Handed,183.0,AUS,au,1969-03-27,442
101402,Stephen Furlong,Right-Handed,185.0,AUS,au,1967-10-14,443
105826,Alejandro Gomez Gb42,Right-Handed,188.0,COL,co,1991-08-26,444
209405,Daniel Rincon,Left-Handed,185.0,ESP,es,2003-02-02,445
D643,Novak Djokovic,Right-Handed,188.0,SRB,rs,1987-05-22,446
101674,Rudiger Haas,Right-Handed,193.0,GER,de,1970-01-16,447
105815,Tennys Sandgren,Right-Handed,188.0,USA,us,1991-08-07,448
101472,Tino Anda,Right-Handed,180.0,ESP,es,1968-05-20,449
101570,Vicente Solves,Right-Handed,180.0,ESP,es,1969-03-02,450
100321,Vijay Amritraj,Right-Handed,193.0,IND,in,1954-01-05,451
100797,Ben Testerman,Left-Handed,185.0,USA,us,1962-02-28,452
101500,Christian Saceanu,Right-Handed,190.0,GER,de,1968-07-29,453
102135,Emilio Benfele Alvarez,Right-Handed,183.0,ESP,es,1972-12-16,454
100523,Erick Iskersky,Right-Handed,180.0,USA,us,1958-02-18,455
105079,Ivan Sergeyev,Right-Handed,175.0,UKR,ua,1988-02-25,456
103898,Julien Benneteau,Right-Handed,185.0,FRA,fr,1982-01-20,457
103632,Luis Horna,Right-Handed,180.0,PER,pe,1980-10-01,458
101482,Markus Zoecke,Right-Handed,196.0,GER,de,1968-06-10,459
102021,Michael Chang,Right-Handed,175.0,USA,us,1972-02-24,460
101207,Michael Daniel,Right-Handed,188.0,ISR,il,1965-12-20,461
101934,Paul Dogger,Right-Handed,185.0,NED,nl,1971-07-27,462
117365,Petros Chrysochos,Right-Handed,185.0,CYP,cy,1996-05-04,463
104173,Sam Warburg,Right-Handed,190.0,USA,us,1983-05-09,464
101902,Stephane Huet,Left-Handed,180.0,FRA,fr,1971-05-30,465
103297,Alex Kim,Right-Handed,175.0,USA,us,1979-01-25,466
101847,Bret Richardson,Right-Handed,178.0,AUS,au,1971-02-16,467
100162,Brian Fairlie,Right-Handed,173.0,NZL,nz,1948-06-28,468
101787,Darren Patten,Right-Handed,188.0,AUS,au,1970-08-23,469
101432,Dimitri Poliakov,Right-Handed,183.0,UKR,ua,1968-01-30,470
100232,Eddie Dibbs,Right-Handed,170.0,USA,us,1951-02-28,471
C0DF,Francisco Comesana,Right-Handed,178.0,ARG,ar,2000-10-07,472
101727,Jason Stoltenberg,Right-Handed,185.0,AUS,au,1970-04-14,473
100841,Jin Sun Yoo,Right-Handed,185.0,KOR,kr,1962-07-29,474
100240,Joao Soares,Right-Handed,185.0,BRA,br,1951-05-11,475
100266,John Feaver,Right-Handed,190.0,GBR,gb,1952-03-08,476
P0IY,Juan Carlos Prado Angelo,Right-Handed,185.0,BOL,bo,2005-03-06,477
100833,Marc Flur,Right-Handed,190.0,USA,us,1962-06-17,478
101256,Mark Kratzmann,Left-Handed,178.0,AUS,au,1966-06-19,479
101053,Michael Kures,Right-Handed,185.0,USA,us,1964-08-22,480
100966,Nick Fulwood,Right-Handed,185.0,GBR,gb,1963-10-17,481
100088,Patricio Cornejo,Right-Handed,180.0,CHI,cl,1944-07-11,482
103520,Pavel Snobel,Left-Handed,190.0,CZE,cz,1980-03-01,483
101732,Pietro Pennisi,Left-Handed,173.0,ITA,it,1970-04-16,484
101483,Ricardo Camargo,Right-Handed,180.0,BRA,br,1968-05-22,485
104812,Scoville Jenkins,Right-Handed,188.0,USA,us,1986-10-06,486
100955,Yahiya Doumbia,Right-Handed,185.0,SEN,sn,1963-09-10,487
104676,Andreas Beck,Left-Handed,190.0,GER,de,1986-03-05,488
106588,Arthur Anastopoulo,Right-Handed,178.0,GRE,gr,1958-03-01,489
100468,Dominique Bedel,Right-Handed,185.0,FRA,fr,1957-03-17,490
100274,Eric Deblicker,Right-Handed,178.0,FRA,fr,1952-05-24,491
100887,Eric Korita,Right-Handed,196.0,USA,us,1963-01-16,492
TC61,Jordan Thompson,Right-Handed,183.0,AUS,au,1994-04-21,493
100788,Joseph Russell,Right-Handed,188.0,USA,us,1961-12-21,494
102734,Lior Mor,Right-Handed,175.0,ISR,il,1976-03-21,495
103997,Lukasz Kubot,Right-Handed,191.0,POL,pl,1982-05-18,496
103264,Mariano Puerta,Left-Handed,180.0,ARG,ar,1978-10-09,497
100037,Nikola Pilic,Left-Handed,191.0,CRO,hr,1939-09-29,498
100153,Patrice Hagelauer,Right-Handed,188.0,FRA,fr,1948-02-05,499
100022,Roy Emerson,Right-Handed,183.0,AUS,au,1936-11-27,500
100763,Brad Gilbert,Right-Handed,185.0,USA,us,1961-09-12,501
E687,Daniel Evans,Right-Handed,175.0,GBR,gb,1990-05-24,502
101582,Gilbert Schaller,Right-Handed,180.0,AUT,at,1969-03-22,503
B0TP,Henry Bernet,Right-Handed,191.0,SUI,ch,2007-01-26,504
109748,John Barrett,Left-Handed,185.0,GBR,gb,1931-04-28,505
101675,Martin Rodriguez,Right-Handed,178.0,ARG,ar,1970-01-04,506
100934,Matt Anger,Right-Handed,188.0,USA,us,1963-06-21,507
104251,Ti Chen,Right-Handed,183.0,TPE,tw,1983-10-31,508
101484,Vladimir Gabrichidze,Right-Handed,175.0,GEO,ge,1968-05-20,509
104113,Carlos Salamanca,Left-Handed,196.0,COL,co,1983-02-20,510
102132,Ivan Baron,Right-Handed,185.0,USA,us,1972-12-10,511
B0CD,Jenson Brooksby,Right-Handed,193.0,USA,us,2000-10-26,512
101793,Jim Courier,Right-Handed,185.0,USA,us,1970-09-20,513
106228,Juan Ignacio Londero,Right-Handed,180.0,ARG,ar,1993-09-10,514
101914,Lars Koslowski,Right-Handed,188.0,GER,de,1971-06-10,515
104043,Marc Lopez,Right-Handed,175.0,ESP,es,1982-08-09,516
126107,Michael Geerts,Right-Handed,178.0,BEL,be,1995-02-04,517
100989,Ned Caswell,Right-Handed,190.0,USA,us,1964-01-08,518
103808,Potito Starace,Right-Handed,188.0,ITA,it,1981-08-07,519
103009,Razvan Sabau,Right-Handed,185.0,ROU,ro,1977-06-30,520
105413,Andrej Martin,Right-Handed,183.0,SVK,sk,1989-10-14,521
105014,Antal Van Der Duim,Right-Handed,185.0,NED,nl,1987-09-28,522
100551,Brad Drewett,Left-Handed,185.0,AUS,au,1958-08-18,523
A0E2,Carlos Alcaraz,Right-Handed,183.0,ESP,es,2003-05-05,524
100798,Howard Sands,Right-Handed,173.0,USA,us,1962-02-13,525
103444,Jean Rene Lisnard,Right-Handed,173.0,MON,mc,1979-10-16,526
104311,Leonardo Tavares,Right-Handed,185.0,POR,pt,1984-03-27,527
100537,Mike Brunnberg,Right-Handed,190.0,USA,us,1958-06-04,528
104783,Mikhail Ledovskikh,Right-Handed,188.0,RUS,ru,1986-08-15,529
101338,Olivier Soules,Right-Handed,188.0,FRA,fr,1967-04-21,530
100595,Ronnie Bathman,Right-Handed,183.0,SWE,se,1959-04-28,531
102031,Sandor Noszaly,Right-Handed,193.0,HUN,hu,1972-04-16,532
105720,Stanislav Vovk,Right-Handed,185.0,RUS,ru,1991-03-21,533
100776,Tomm Warneke,Right-Handed,193.0,USA,us,1961-11-14,534
105781,Andrei Vasilevski,Right-Handed,185.0,BLR,by,1991-06-01,535
101144,Anthony Lane,Right-Handed,183.0,AUS,au,1965-06-06,536
100982,Charlton Eagle,Right-Handed,180.0,AUS,au,1963-12-14,537
103737,Edgardo Massa,Right-Handed,180.0,ARG,ar,1981-04-03,538
100546,Eric Fromm,Right-Handed,178.0,USA,us,1958-07-16,539
R0GO,Henrique Rocha,Right-Handed,180.0,POR,pt,2004-04-07,540
DB63,Laslo Djere,Right-Handed,188.0,SRB,rs,1995-06-02,541
101382,Marcelo Filippini,Right-Handed,178.0,URU,uy,1967-08-31,542
101097,Rick Leach,Left-Handed,188.0,USA,us,1964-12-29,543
Y09V,Yunchaokete Bu,Right-Handed,185.0,CHN,cn,2002-01-19,544
104882,Blaz Kavcic,Right-Handed,188.0,SLO,si,1987-03-08,545
103559,David Sherwood,Right-Handed,193.0,GBR,gb,1980-05-15,546
105208,Ernests Gulbis,Right-Handed,190.0,LAT,lv,1988-09-01,547
208485,Kiranpal Pannu,Right-Handed,185.0,NZL,nz,1997-01-08,548
104947,Marsel Ilhan,Right-Handed,191.0,TUR,tr,1987-07-08,549
100096,Peter Burwash,Right-Handed,175.0,CAN,ca,1945-03-17,550
A829,Radu Albot,Right-Handed,175.0,MDA,md,1989-11-11,551
100233,Ricardo Cano,Right-Handed,170.0,ARG,ar,1951-03-11,552
105933,Roberto Quiroz,Left-Handed,193.0,ECU,ec,1992-03-18,553
104166,Alex Bogomolov Jr,Right-Handed,178.0,RUS,ru,1983-05-14,554
105641,Blaz Rola,Left-Handed,193.0,SLO,si,1990-10-14,555
G09O,Hugo Gaston,Left-Handed,173.0,FRA,fr,2000-09-27,556
RD48,Igor Marcondes,Left-Handed,185.0,BRA,br,1997-06-16,557
104779,Jamie Baker,Right-Handed,183.0,GBR,gb,1986-08-23,558
101033,John Letts,Right-Handed,185.0,USA,us,1964-06-10,559
106075,Jozef Kovalik,Right-Handed,183.0,SVK,sk,1992-12-09,560
103031,Julian Alonso,Right-Handed,185.0,ESP,es,1977-08-06,561
M0OH,Lautaro Midon,Right-Handed,180.0,ARG,ar,2004-03-30,562
104115,Marc Kimmich,Right-Handed,183.0,AUS,au,1983-02-22,563
100337,Mark Edmondson,Right-Handed,185.0,AUS,au,1954-07-14,564
101529,Michael Stich,Right-Handed,193.0,GER,de,1968-11-16,565
101906,Yasufumi Yamamoto,Right-Handed,175.0,JPN,jp,1971-05-19,566
M0HT,Alejandro Moro Canas,Right-Handed,183.0,ESP,es,2000-12-08,567
102565,Alexander Waske,Right-Handed,188.0,GER,de,1975-04-03,568
102743,Ben Ellwood,Right-Handed,178.0,AUS,au,1976-03-20,569
A09T,Dan Added,Right-Handed,183.0,FRA,fr,1999-04-13,570
102106,Davide Sanguinetti,Right-Handed,188.0,ITA,it,1972-09-24,571
106187,Denis Yevseyev,Right-Handed,188.0,KAZ,kz,1993-06-01,572
N0AM,Emilio Nava,Right-Handed,185.0,USA,us,2001-12-03,573
101204,Eric Amend,Right-Handed,180.0,USA,us,1965-12-19,574
144972,Geoffrey Blancaneaux,Right-Handed,180.0,FRA,fr,1998-08-22,575
KB95,Jason Kubler,Right-Handed,178.0,AUS,au,1993-05-20,576
101080,Lawson Duncan,Right-Handed,185.0,USA,us,1964-10-28,577
106281,Liam Broady,Left-Handed,183.0,GBR,gb,1994-02-06,578
CF01,Marco Cecchinato,Right-Handed,185.0,ITA,it,1992-10-01,579
104235,Matwe Middelkoop,Right-Handed,191.0,NED,nl,1983-10-04,580
103758,Taylor Dent,Right-Handed,188.0,USA,us,1981-04-26,581
101861,Thomas Buchmayer,Left-Handed,185.0,AUT,at,1971-03-07,582
103039,Tripp Phillips,Right-Handed,185.0,USA,us,1977-08-31,583
101406,Wojtek Kowalski,Right-Handed,183.0,POL,pl,1967-10-18,584
101364,Bret Garnett,Right-Handed,185.0,USA,us,1967-07-25,585
105783,Chase Buchanan,Right-Handed,193.0,USA,us,1991-07-05,586
GB88,David Goffin,Right-Handed,180.0,BEL,be,1990-12-08,587
D875,Grigor Dimitrov,Right-Handed,191.0,BUL,bg,1991-05-16,588
100013,Neale Fraser,Left-Handed,185.0,AUS,au,1933-10-26,589
101851,Alexis Hombrecher,Right-Handed,196.0,GER,de,1971-02-01,590
103521,Andrea Stoppini,Right-Handed,190.0,ITA,it,1980-03-18,591
100376,Buster C Mottram,Right-Handed,193.0,GBR,gb,1955-05-06,592
103487,Federico Luzzi,Right-Handed,188.0,ITA,it,1980-01-22,593
103775,Felipe Parada,Right-Handed,175.0,CHI,cl,1981-05-20,594
D0H9,Guy Den Ouden,Right-Handed,183.0,NED,nl,2002-04-09,595
105497,Jose Hernandez,Right-Handed,183.0,DOM,do,1990-04-15,596
BK40,Matteo Berrettini,Right-Handed,196.0,ITA,it,1996-04-13,597
100770,Peter Moraing,Right-Handed,193.0,GER,de,1961-10-05,598
103530,Zack Fleishman,Right-Handed,188.0,USA,us,1980-04-17,599
101983,Andrew Kratzmann,Right-Handed,193.0,AUS,au,1971-11-06,600
102226,David Witt,Right-Handed,190.0,USA,us,1973-07-02,601
102269,Jeff Salzenstein,Left-Handed,185.0,USA,us,1973-11-17,602
101061,Jimmy Arias,Right-Handed,175.0,USA,us,1964-08-26,603
101131,Jimmy Brown,Right-Handed,180.0,USA,us,1965-05-14,604
T0GR,Oliver Tarvet,Right-Handed,185.0,GBR,gb,2003-10-29,605
100075,Owen Davidson,Left-Handed,185.0,AUS,au,1943-11-07,606
104209,Rainer Eitzinger,Right-Handed,178.0,AUT,at,1983-07-31,607
101766,Bill Behrens,Right-Handed,188.0,USA,us,1970-06-27,608
101006,Bruno Dadillon,Right-Handed,175.0,FRA,fr,1964-02-27,609
106328,Christian Harrison,Right-Handed,180.0,USA,us,1994-06-27,610
100191,Doug Crawford,Right-Handed,188.0,USA,us,1949-11-02,611
BT68,Elliot Benchetrit,Right-Handed,193.0,MAR,ma,1998-10-03,612
102558,Eric Taino,Left-Handed,175.0,PHI,ph,1975-04-04,613
104495,Florin Mergea,Right-Handed,180.0,ROU,ro,1985-02-08,614
100835,Hans Dieter Beutel,Right-Handed,185.0,GER,de,1962-07-18,615
101298,Jonas Svensson,Right-Handed,188.0,SWE,se,1966-10-31,616
102215,Joshua Eagle,Right-Handed,183.0,AUS,au,1973-05-11,617
100611,Mel Purcell,Right-Handed,178.0,USA,us,1959-08-14,618
103185,Mike Bryan,Right-Handed,190.0,USA,us,1978-05-16,619
H996,Pierre-Hugues Herbert,Right-Handed,188.0,FRA,fr,1991-03-19,620
144797,Carl Soderlund,Right-Handed,188.0,SWE,se,1997-06-05,621
C0BH,Clement Chidekh,Right-Handed,180.0,FRA,fr,2001-06-14,622
105643,Federico Delbonis,Left-Handed,193.0,ARG,ar,1990-10-20,623
102456,Felix Mantilla,Right-Handed,180.0,ESP,es,1974-10-04,624
101719,Frederic Fontang,Right-Handed,183.0,FRA,fr,1970-04-21,625
101688,Geoff Grant,Right-Handed,183.0,USA,us,1970-01-25,626
100548,Ivan Kley,Right-Handed,183.0,BRA,br,1958-07-02,627
102689,Martin Spottl,Right-Handed,180.0,AUT,at,1975-12-17,628
100722,Michael Fancutt,Right-Handed,190.0,AUS,au,1961-03-22,629
104667,Philipp Oswald,Right-Handed,201.0,AUT,at,1986-02-15,630
105757,Sandro Ehrat,Right-Handed,180.0,SUI,ch,1991-05-08,631
103598,Xavier Malisse,Right-Handed,185.0,BEL,be,1980-07-21,632
102000,Aki Rahunen,Right-Handed,175.0,FIN,fi,1972-01-13,633
101085,Corrado Aprili,Right-Handed,190.0,ITA,it,1964-11-15,634
109893,Don Mccormick,Right-Handed,180.0,CAN,ca,1945-04-24,635
102239,Francisco Costa,Right-Handed,180.0,BRA,br,1973-07-27,636
100363,Jiri Granat,Right-Handed,185.0,CZE,cz,1955-03-04,637
100581,John McEnroe,Left-Handed,180.0,USA,us,1959-02-22,638
101995,Krister Wedenby,Left-Handed,185.0,SWE,se,1972-01-04,639
101968,Ola Kristiansson,Right-Handed,188.0,SWE,se,1971-10-14,640
103387,Paradorn Srichaphan,Right-Handed,185.0,THA,th,1979-07-07,641
101029,Ricki Osterthun,Right-Handed,185.0,GER,de,1964-05-18,642
FB98,Taylor Fritz,Right-Handed,196.0,USA,us,1997-10-28,643
103529,Aisam Ul Haq Qureshi,Right-Handed,183.0,PAK,pk,1980-03-24,644
100787,Dale Houston,Right-Handed,188.0,AUS,au,1961-11-18,645
105730,Devin Britton,Right-Handed,193.0,USA,us,1991-04-23,646
102886,Frantisek Cermak,Right-Handed,193.0,CZE,cz,1976-12-01,647
102578,Fredrik Bergh,Right-Handed,193.0,SWE,se,1975-05-23,648
100106,Graham Stilwell,Right-Handed,173.0,GBR,gb,1945-12-22,649
100914,Jean Marc Piacentile,Right-Handed,178.0,FRA,fr,1963-05-14,650
100713,John Fitzgerald,Right-Handed,183.0,AUS,au,1960-12-31,651
103395,Julio Silva,Right-Handed,173.0,BRA,br,1979-07-25,652
110536,Kevin King,Left-Handed,191.0,USA,us,1991-03-19,653
103682,Kyu Tae Im,Right-Handed,185.0,KOR,kr,1981-02-08,654
102882,Mark Philippoussis,Right-Handed,196.0,AUS,au,1976-11-09,655
102484,Massimo Calvelli,Right-Handed,183.0,ITA,it,1974-11-21,656
105254,Nikola Mektic,Right-Handed,183.0,CRO,hr,1989-01-02,657
LF26,Orlando Luz,Right-Handed,180.0,BRA,br,1998-02-09,658
105072,Sanam Singh,Right-Handed,173.0,IND,in,1988-01-13,659
O513,Sebastian Ofner,Right-Handed,191.0,AUT,at,1996-05-13,660
105064,Thomaz Bellucci,Left-Handed,188.0,BRA,br,1988-01-15,661
100160,Georges Goven,Right-Handed,173.0,FRA,fr,1948-05-11,662
103296,Ivaylo Traykov,Right-Handed,188.0,BUL,bg,1978-12-27,663
P0HT,Jack Pinnington Jones,Right-Handed,180.0,GBR,gb,2003-03-30,664
101374,Leonardo Lavalle,Left-Handed,188.0,MEX,mx,1967-08-15,665
101783,Mark Petchey,Right-Handed,183.0,GBR,gb,1970-09-04,666
101185,Mark Woodforde,Left-Handed,188.0,AUS,au,1965-10-14,667
101073,Martin Jaite,Right-Handed,178.0,ARG,ar,1964-10-21,668
103385,Paul Baccanello,Right-Handed,183.0,AUS,au,1979-07-03,669
111805,Seong Chan Hong,Right-Handed,175.0,KOR,kr,1997-07-30,670
103626,Tomas Tenconi,Right-Handed,178.0,ITA,it,1980-09-10,671
104312,Andreas Seppi,Right-Handed,190.0,ITA,it,1984-03-25,672
102443,Barry Cowan,Left-Handed,188.0,GBR,gb,1974-09-06,673
102277,Bing Chao Lin,Right-Handed,180.0,TPE,tw,1973-12-04,674
101573,Carl Chang,Right-Handed,175.0,USA,us,1969-03-02,675
100607,Eduardo Bengoechea,Right-Handed,185.0,ARG,ar,1959-07-12,676
CE77,Federico Coria,Right-Handed,180.0,ARG,ar,1992-03-10,677
100736,Hugo Nunez,Right-Handed,170.0,ECU,ec,1961-04-28,678
100035,Ion Tiriac,Right-Handed,185.0,ROU,ro,1939-05-11,679
101416,Joao Cunha Silva,Right-Handed,173.0,POR,pt,1967-12-01,680
105579,Kittipong Wachiramanowong,Right-Handed,183.0,THA,th,1990-07-15,681
104919,Leonardo Mayer,Right-Handed,188.0,ARG,ar,1987-05-21,682
101514,Mike Briggs,Right-Handed,178.0,USA,us,1968-09-26,683
101265,Patrick McEnroe,Right-Handed,183.0,USA,us,1966-07-12,684
202065,Petros Tsitsipas,Right-Handed,185.0,GRE,gr,2000-08-01,685
101735,Richard Fromberg,Right-Handed,196.0,AUS,au,1970-05-04,686
104056,Roko Karanusic,Right-Handed,183.0,CRO,hr,1982-10-10,687
104444,Ryan Henry,Right-Handed,183.0,AUS,au,1984-11-01,688
100061,Tom Edlefsen,Right-Handed,188.0,USA,us,1942-01-02,689
102434,Vincent Spadea,Right-Handed,183.0,USA,us,1974-08-24,690
HD68,Billy Harris,Right-Handed,193.0,GBR,gb,1995-01-25,691
101593,Chris Garner,Right-Handed,180.0,USA,us,1969-05-09,692
100378,David Schneider,Right-Handed,185.0,USA,us,1955-05-26,693
101196,Derrick Rostagno,Right-Handed,185.0,USA,us,1965-10-26,694
101150,Gianluca Pozzi,Left-Handed,180.0,ITA,it,1965-06-21,695
N0AL,Govind Nanda,Right-Handed,178.0,USA,us,2001-02-18,696
100852,Howard Herr,Right-Handed,170.0,RSA,za,1962-09-19,697
100024,Jan Erik Lundquist,Right-Handed,191.0,SWE,se,1937-05-01,698
105233,Jeevan Nedunchezhiyan,Left-Handed,173.0,IND,in,1988-11-24,699
105441,John Patrick Smith,Left-Handed,188.0,AUS,au,1989-02-22,700
101822,Luis Lobo,Right-Handed,180.0,ARG,ar,1970-11-16,701
133018,Michail Pervolarakis,Right-Handed,193.0,GRE,gr,1996-06-10,702
103893,Paolo Lorenzi,Right-Handed,183.0,ITA,it,1982-01-11,703
100680,Peter Johnston,Left-Handed,178.0,AUS,au,1960-07-08,704
100201,Syd Ball,Right-Handed,188.0,AUS,au,1950-02-13,705
100942,Thierry Tulasne,Right-Handed,178.0,FRA,fr,1963-08-04,706
103990,Tommy Robredo,Right-Handed,180.0,ESP,es,1982-05-25,707
102287,Albert Portas,Right-Handed,188.0,ESP,es,1973-11-20,708
100144,Bob Lutz,Right-Handed,180.0,USA,us,1947-09-26,709
102375,Dinu Pescariu,Right-Handed,185.0,ROU,ro,1974-04-18,710
144821,Genaro Alberto Olivieri,Right-Handed,175.0,ARG,ar,1998-08-10,711
100904,George Bezecny,Right-Handed,183.0,USA,us,1963-04-14,712
101511,Horst Skoff,Right-Handed,175.0,AUT,at,1968-09-12,713
101250,Jose Daher,Right-Handed,180.0,BRA,br,1966-05-24,714
100840,Mark Wooldridge,Right-Handed,188.0,USA,us,1962-07-17,715
104970,Matteo Viola,Right-Handed,188.0,ITA,it,1987-08-11,716
T0CN,Tiago Torres,Left-Handed,175.0,PRT,pt,2002-07-08,717
D0DW,Titouan Droguet,Right-Handed,191.0,FRA,fr,2001-06-15,718
101871,Alexander Reichel,Right-Handed,193.0,USA,us,1971-03-18,719
202197,Carlos Gimeno Valero,Right-Handed,191.0,ESP,es,2001-07-14,720
105934,Chuhan Wang,Right-Handed,188.0,CHN,cn,1992-02-29,721
D923,Damir Dzumhur,Right-Handed,175.0,BIH,ba,1992-05-21,722
109814,Donald Dell,Right-Handed,185.0,USA,us,1938-06-27,723
105936,Filip Krajinovic,Right-Handed,185.0,SRB,rs,1992-03-17,724
TD51,Frances Tiafoe,Right-Handed,188.0,USA,us,1998-01-20,725
101532,Francisco Clavet,Left-Handed,183.0,ESP,es,1968-10-31,726
102571,Gregory Carraz,Right-Handed,190.0,FRA,fr,1975-04-22,727
100974,Jeff Klaparda,Right-Handed,173.0,USA,us,1963-11-26,728
105154,Joao Souza,Right-Handed,193.0,BRA,br,1988-06-17,729
103586,Mariusz Fyrstenberg,Left-Handed,193.0,POL,pl,1980-08-07,730
101040,Peter Lindgren,Right-Handed,175.0,SWE,se,1964-06-03,731
103822,Scott Lipsky,Right-Handed,185.0,USA,us,1981-08-22,732
105634,Viktor Galovic,Right-Handed,193.0,ITA,it,1990-09-26,733
105302,Ante Pavic,Right-Handed,196.0,CRO,hr,1989-03-18,734
102284,Filippo Messori,Right-Handed,173.0,ITA,it,1973-12-12,735
101844,Heath Denman,Right-Handed,183.0,AUS,au,1971-02-21,736
105609,Ilya Belyaev,Right-Handed,180.0,RUS,ru,1990-09-12,737
101460,Jose Francisco Altur,Left-Handed,190.0,ESP,es,1968-04-25,738
P0GQ,Mili Poljicak,Right-Handed,185.0,CRO,hr,2004-07-14,739
KC12,Mitchell Krueger,Right-Handed,188.0,USA,us,1994-01-12,740
111436,Nick Chappell,Left-Handed,178.0,USA,us,1992-10-04,741
103580,Alexander Peya,Right-Handed,183.0,AUT,at,1980-07-07,742
101418,Herve Grenier,Right-Handed,190.0,FRA,fr,1967-12-30,743
HB71,Hubert Hurkacz,Right-Handed,196.0,POL,pl,1997-02-11,744
D0CO,Jack Draper,Left-Handed,193.0,GBR,gb,2001-12-23,745
102562,Jiri Novak,Right-Handed,190.0,CZE,cz,1975-04-24,746
102167,Juan Albert Viloca Puig,Right-Handed,185.0,ESP,es,1973-01-26,747
103454,Nicolas Massu,Right-Handed,183.0,CHI,cl,1979-10-19,748
102220,Patrik Fredriksson,Right-Handed,185.0,SWE,se,1973-05-27,749
HB64,Quentin Halys,Right-Handed,191.0,FRA,fr,1996-10-27,750
100905,Sammy Giammalva Jr,Right-Handed,178.0,USA,us,1963-04-27,751
102450,Tim Henman,Right-Handed,185.0,GBR,gb,1974-10-03,752
106324,Vaclav Safranek,Right-Handed,183.0,CZE,cz,1994-06-11,753
103553,Alun Jones,Right-Handed,180.0,AUS,au,1980-05-03,754
100496,Charles Buzz Strode,Right-Handed,183.0,USA,us,1957-09-08,755
104010,Dieter Kindlmann,Right-Handed,183.0,GER,de,1982-06-30,756
103849,Francesco Aldi,Right-Handed,175.0,ITA,it,1981-09-18,757
110685,G D Jones,Right-Handed,183.0,NZL,nz,1986-04-27,758
100737,Gary Lemon,Right-Handed,190.0,USA,us,1961-05-21,759
100027,Gene Scott,Right-Handed,185.0,USA,us,1938-01-23,760
101005,Gerald Marzenell,Right-Handed,180.0,GER,de,1964-03-01,761
100406,Greg Halder,Right-Handed,188.0,CAN,ca,1956-01-05,762
100865,Marcelo Ingaramo,Left-Handed,178.0,ARG,ar,1962-11-08,763
202359,Marvin Moeller,Right-Handed,178.0,GER,de,1999-02-16,764
100553,Nduka Odizor,Right-Handed,183.0,NGR,ng,1958-09-13,765
103503,Robin Vik,Right-Handed,183.0,CZE,cz,1980-03-05,766
104760,Scott Oudsema,Right-Handed,190.0,USA,us,1986-07-08,767
U182,Camilo Ugo Carabelli,Right-Handed,185.0,ARG,ar,1999-06-18,768
101147,Claudio Mezzadri,Right-Handed,180.0,SUI,ch,1965-07-01,769
101585,Fabio Silberberg,Left-Handed,190.0,BRA,br,1969-03-30,770
210317,James Mccabe,Right-Handed,188.0,AUS,au,2003-07-08,771
100236,John James,Right-Handed,183.0,AUS,au,1951-04-08,772
100568,John Mattke,Right-Handed,183.0,USA,us,1958-11-24,773
100319,Rick Fagel,Right-Handed,180.0,USA,us,1953-12-18,774
100765,Rodney Harmon,Right-Handed,188.0,USA,us,1961-08-28,775
101339,Agustin Moreno,Right-Handed,180.0,MEX,mx,1967-04-05,776
100394,Angel Gimenez,Right-Handed,163.0,ESP,es,1955-11-08,777
100074,Arthur Ashe,Right-Handed,185.0,USA,us,1943-07-23,778
100761,Danny Saltz,Right-Handed,193.0,USA,us,1961-08-19,779
104095,David Guez,Right-Handed,185.0,FRA,fr,1983-01-10,780
105943,Federico Gaio,Right-Handed,178.0,ITA,it,1992-03-09,781
106290,Filip Peliwo,Right-Handed,180.0,POL,pl,1994-02-09,782
100215,Fred Mcnair,Right-Handed,183.0,USA,us,1950-07-25,783
102869,Galo Blanco,Right-Handed,173.0,ESP,es,1976-10-24,784
100830,Gary Donnelly,Right-Handed,190.0,USA,us,1962-06-18,785
B0GR,Gonzalo Bueno,Right-Handed,173.0,PER,pe,2004-04-03,786
100315,Hank Pfister,Right-Handed,193.0,USA,us,1953-10-30,787
100829,Jan Gunnarsson,Right-Handed,185.0,SWE,se,1962-07-06,788
D0CN,Miguel Damas,Right-Handed,208.0,ESP,es,1999-12-21,789
102921,Ota Fukarek,Right-Handed,190.0,CZE,cz,1977-02-23,790
110250,Stephen Temple,Left-Handed,175.0,NZL,nz,1953-12-22,791
101945,Thierry Guardiola,Right-Handed,188.0,FRA,fr,1971-08-26,792
103324,Arnaud Di Pasquale,Right-Handed,185.0,FRA,fr,1979-02-21,793
104179,Bruno Echagaray,Right-Handed,183.0,MEX,mx,1983-06-14,794
101904,Chris Haggard,Left-Handed,178.0,RSA,za,1971-05-04,795
103363,Diego Ayala,Right-Handed,175.0,USA,us,1979-05-09,796
102029,Filip Dewulf,Right-Handed,190.0,BEL,be,1972-03-26,797
100030,Fred Stolle,Right-Handed,190.0,AUS,au,1938-11-01,798
100286,Harold Solomon,Right-Handed,168.0,USA,us,1952-10-20,799
102354,Jerome Hanquez,Right-Handed,185.0,FRA,fr,1974-03-13,800
104563,Luca Vanni,Right-Handed,198.0,ITA,it,1985-06-09,801
101812,Raviv Weidenfeld,Right-Handed,188.0,ISR,il,1970-10-15,802
105029,Sergey Betov,Right-Handed,185.0,BLR,by,1987-10-25,803
100609,Zoltan Kuharszky,Right-Handed,183.0,HUN,hu,1959-07-24,804
106225,Andrew Whittington,Right-Handed,188.0,AUS,au,1993-09-15,805
100575,Andy Andrews,Right-Handed,185.0,USA,us,1959-01-17,806
144985,Ergi Kirkin,Right-Handed,180.0,TUR,tr,1999-02-12,807
101309,Jay Berger,Right-Handed,180.0,USA,us,1966-11-30,808
102701,Marcelo Rios,Left-Handed,175.0,CHI,cl,1976-01-01,809
102178,Scott Gessner,Right-Handed,183.0,GER,de,1973-03-09,810
103225,Simon Larose,Right-Handed,190.0,CAN,ca,1978-07-27,811
101973,Viktor Nagy,Right-Handed,178.0,HUN,hu,1971-11-07,812
S0K7,Zachary Svajda,Right-Handed,175.0,USA,us,2002-11-29,813
S0H2,Aleksandr Shevchenko,Right-Handed,188.0,KAZ,kz,2000-11-29,814
103032,Francisco Fogues,Left-Handed,190.0,ESP,es,1977-09-03,815
B0ID,Ignacio Buse,Right-Handed,183.0,PER,pe,2004-03-26,816
101043,Johan Vekemans,Right-Handed,185.0,NED,nl,1964-06-28,817
101014,John Ross,Right-Handed,185.0,USA,us,1964-03-27,818
C0C8,Juan Manuel Cerundolo,Left-Handed,183.0,ARG,ar,2001-11-15,819
105827,Laurynas Grigelis,Right-Handed,183.0,LTU,lt,1991-08-31,820
104355,Lester Cook,Right-Handed,180.0,USA,us,1984-04-30,821
L0IL,Martin Landaluce,Right-Handed,193.0,ESP,es,2006-01-08,822
101961,Martin Stringari,Right-Handed,188.0,ARG,ar,1971-10-11,823
106177,Oriol Roca Batalla,Right-Handed,175.0,ESP,es,1993-05-22,824
103490,Santiago Ventura,Right-Handed,183.0,ESP,es,1980-01-08,825
102623,Thomas Larsen,Right-Handed,180.0,DEN,dk,1975-07-26,826
Z371,Zhizhen Zhang,Right-Handed,193.0,CHN,cn,1996-10-16,827
101230,Andrei Chesnokov,Right-Handed,188.0,RUS,ru,1966-02-08,828
102925,Justin Gimelstob,Right-Handed,196.0,USA,us,1977-02-08,829
N552,Kei Nishikori,Right-Handed,178.0,JPN,jp,1989-12-29,830
109895,Ken Binns,Right-Handed,175.0,CAN,ca,1935-02-14,831
102617,Kim Tiilikainen,Right-Handed,180.0,FIN,fi,1975-07-23,832
101036,Miloslav Mecir,Right-Handed,190.0,SVK,sk,1964-06-25,833
104944,Niels Desein,Right-Handed,190.0,BEL,be,1987-07-13,834
101108,Richard Schmidt,Right-Handed,185.0,USA,us,1965-02-09,835
100539,Rick Meyers,Right-Handed,173.0,USA,us,1958-05-29,836
102650,Roberto Carretero,Right-Handed,178.0,ESP,es,1975-09-25,837
101293,Ted Scherman,Right-Handed,188.0,USA,us,1966-11-08,838
101772,Andrei Cherkasov,Right-Handed,180.0,RUS,ru,1970-07-20,839
103451,Bjorn Phau,Right-Handed,175.0,GER,de,1979-10-24,840
104273,Edouard Roger-Vasselin,Right-Handed,185.0,FRA,fr,1983-12-28,841
107278,Jan Sandberg,Right-Handed,188.0,SWE,se,1963-06-09,842
100324,John Whitlinger,Right-Handed,180.0,USA,us,1954-02-07,843
100873,Oliver Freund,Right-Handed,178.0,GER,de,1962-11-08,844
210340,Philip Sekulic,Right-Handed,191.0,AUS,au,2003-10-02,845
101378,Tore Meinecke,Right-Handed,180.0,GER,de,1967-08-11,846
P09O,Zsombor Piros,Right-Handed,180.0,HUN,hu,1999-10-15,847
104053,Andy Roddick,Right-Handed,188.0,USA,us,1982-10-04,848
144984,Artem Dubrivnyy,Right-Handed,183.0,RUS,ru,1999-02-01,849
102436,Borut Urh,Right-Handed,190.0,SLO,si,1974-09-01,850
106090,Daniel Berta,Right-Handed,178.0,SWE,se,1992-12-06,851
101687,David Dilucia,Right-Handed,173.0,USA,us,1970-01-29,852
102644,Franco Squillari,Left-Handed,183.0,ARG,ar,1975-09-14,853
102257,Greg Rusedski,Left-Handed,193.0,GBR,gb,1973-10-04,854
100369,Herve Gauvain,Right-Handed,180.0,FRA,fr,1955-03-12,855
103344,Ivan Ljubicic,Right-Handed,193.0,CRO,hr,1979-04-16,856
101115,Jorge Bardou,Right-Handed,180.0,ESP,es,1965-03-17,857
103420,Michal Tabara,Right-Handed,175.0,CZE,cz,1979-09-01,858
J553,Omar Jasika,Left-Handed,183.0,AUS,au,1997-05-18,859
100913,Peter Carlsson,Left-Handed,183.0,SWE,se,1963-05-01,860
100526,Ricardo Ycaza,Right-Handed,183.0,ECU,ec,1958-02-20,861
100673,Robbie Venter,Left-Handed,180.0,RSA,za,1960-05-21,862
100272,Sandy Mayer,Right-Handed,178.0,USA,us,1952-04-16,863
102473,Thomas Schiessling,Right-Handed,180.0,AUT,at,1974-11-07,864
102957,Vadim Kutsenko,Right-Handed,180.0,RUS,ru,1977-04-02,865
100598,Wolfgang Popp,Right-Handed,183.0,GER,de,1959-06-13,866
106072,Alexey Vatutin,Right-Handed,178.0,RUS,ru,1992-11-20,867
106093,Benjamin Mitchell,Right-Handed,183.0,AUS,au,1993-01-04,868
GE33,Daniel Elahi Galan,Right-Handed,191.0,COL,co,1996-06-20,869
106045,Denis Kudla,Right-Handed,180.0,USA,us,1992-08-26,870
103837,Didac Perez,Right-Handed,178.0,ESP,es,1981-09-24,871
102148,Fabrice Santoro,Right-Handed,178.0,FRA,fr,1972-12-13,872
200000,Felix Auger Aliassime,Right-Handed,193.0,CAN,ca,2000-08-09,873
105438,Inigo Cervantes Huegun,Right-Handed,180.0,ESP,es,1989-12-17,874
101120,Karel Novacek,Right-Handed,190.0,CZE,cz,1965-04-16,875
105688,Manuel Sanchez,Right-Handed,183.0,MEX,mx,1991-01-30,876
100657,Mike Leach,Left-Handed,180.0,USA,us,1960-03-17,877
101216,Olli Rahnasto,Right-Handed,183.0,FIN,fi,1966-01-28,878
102214,Oscar Ortiz,Left-Handed,183.0,MEX,mx,1973-06-09,879
103424,Tobias Clemens,Right-Handed,185.0,GER,de,1979-09-17,880
G0DH,Alvaro Guillen Meza,Right-Handed,175.0,ECU,ec,2003-01-02,881
100617,Bud Schultz,Right-Handed,193.0,USA,us,1959-09-24,882
MM58,Daniil Medvedev,Right-Handed,198.0,RUS,ru,1996-02-12,883
104820,Erik Chvojka,Left-Handed,185.0,CAN,ca,1986-11-29,884
101660,Francisco Montana,Right-Handed,183.0,USA,us,1969-11-16,885
101725,Gabriel Markus,Right-Handed,180.0,ARG,ar,1970-05-06,886
B0JG,Leo Borg,Right-Handed,183.0,SWE,se,2003-05-15,887
102025,Mikael Tillstrom,Right-Handed,185.0,SWE,se,1972-03-11,888
144946,Rayane Roumane,Right-Handed,193.0,ALG,dz,2000-09-16,889
103672,Ricardo Mello,Left-Handed,175.0,BRA,br,1981-01-06,890
100512,Robert Reininger,Right-Handed,185.0,AUT,at,1958-01-17,891
101362,Stephane Simian,Left-Handed,193.0,FRA,fr,1967-07-07,892
105318,Thomas Schoorel,Left-Handed,203.0,NED,nl,1989-04-15,893
102753,Wolfgang Schranz,Right-Handed,178.0,AUT,at,1976-03-30,894
103184,Bob Bryan,Left-Handed,193.0,USA,us,1978-04-30,895
104593,Daniel Gimeno Traver,Right-Handed,185.0,ESP,es,1985-08-18,896
103708,Jaroslav Pospisil,Right-Handed,175.0,CZE,cz,1981-03-09,897
102061,Kevin Ullyett,Right-Handed,178.0,ZIM,zw,1972-06-27,898
103066,Mark Nielsen,Right-Handed,185.0,NZL,nz,1977-10-28,899
GB93,Norbert Gombos,Right-Handed,193.0,SVK,sk,1990-08-13,900
102147,Oliver Fernandez,Right-Handed,175.0,MEX,mx,1972-12-11,901
103830,Shao Xuan Zeng,Right-Handed,185.0,CHN,cn,1981-09-05,902
100631,Tim Wilkison,Left-Handed,180.0,USA,us,1959-12-25,903
104639,Wayne Odesnik,Left-Handed,180.0,USA,us,1985-12-13,904
103035,Alessio Di Mauro,Left-Handed,185.0,ITA,it,1977-08-21,905
100081,Charlie Pasarell,Right-Handed,185.0,USA,us,1944-02-29,906
103701,Diego Hartfield,Right-Handed,185.0,ARG,ar,1981-02-01,907
103103,Dominik Hrbaty,Right-Handed,183.0,SVK,sk,1978-02-01,908
101703,Guillaume Raoux,Right-Handed,180.0,FRA,fr,1970-03-18,909
102789,Jay Gooding,Right-Handed,188.0,AUS,au,1976-05-15,910
KI63,Lukas Klein,Right-Handed,193.0,SVK,sk,1998-03-22,911
104515,Mathieu Montcourt,Right-Handed,183.0,FRA,fr,1985-03-13,912
106044,Nicolas Kicker,Right-Handed,178.0,ARG,ar,1992-08-23,913
103193,Peter Wessels,Right-Handed,196.0,NED,nl,1978-05-14,914
105047,Tim Puetz,Right-Handed,185.0,GER,de,1987-12-14,915
101323,Tim Trigueiro,Right-Handed,188.0,USA,us,1967-02-12,916
S0GR,Timofey Skatov,Right-Handed,173.0,KAZ,kz,2001-01-22,917
104003,Victor Crivoi,Right-Handed,185.0,ROU,ro,1982-06-16,918
200630,Alexander Zverev Sr,Right-Handed,185.0,RUS,ru,1960-01-29,919
104035,Bobby Reynolds,Right-Handed,183.0,USA,us,1982-08-19,920
100877,Brett Dickinson,Right-Handed,183.0,USA,us,1963-01-05,921
101368,Christian Miniussi,Right-Handed,185.0,ARG,ar,1967-07-31,922
103240,Kevin Kim,Right-Handed,180.0,USA,us,1978-08-01,923
100779,Kevin Moir,Right-Handed,188.0,RSA,za,1961-11-15,924
100273,Kim Warwick,Right-Handed,183.0,AUS,au,1952-05-18,925
104505,Konstantin Kravchuk,Right-Handed,190.0,RUS,ru,1985-03-11,926
100606,Mike Bauer,Right-Handed,188.0,USA,us,1959-07-16,927
BD06,Roberto Bautista Agut,Right-Handed,183.0,ESP,es,1988-04-14,928
105074,Ruben Bemelmans,Left-Handed,183.0,BEL,be,1988-02-06,929
103206,Sebastien Grosjean,Right-Handed,175.0,FRA,fr,1978-06-12,930
100250,Woody Blocher,Right-Handed,173.0,USA,us,1951-09-07,931
101249,Andrei Olhovskiy,Right-Handed,185.0,RUS,ru,1966-05-11,932
100660,Bob Green,Right-Handed,193.0,USA,us,1960-04-16,933
102966,Fredrik Jonsson,Right-Handed,193.0,SWE,se,1977-04-27,934
101797,Jacco Eltingh,Right-Handed,188.0,NED,nl,1970-10-04,935
105359,Jason Jung,Right-Handed,180.0,TPE,tw,1989-06-24,936
102939,Jean Baptiste Perlant,Right-Handed,190.0,FRA,fr,1977-02-28,937
101534,Libor Nemecek,Right-Handed,168.0,CZE,cz,1968-11-14,938
101062,Mats Wilander,Right-Handed,183.0,SWE,se,1964-09-01,939
100988,Peter Thrupp,Right-Handed,183.0,AUS,au,1964-01-02,940
101412,Shuzo Matsuoka,Right-Handed,185.0,JPN,jp,1967-11-19,941
101507,Tomas Carbonell,Right-Handed,178.0,ESP,es,1968-09-03,942
104224,Travis Rettenmaier,Right-Handed,188.0,USA,us,1983-08-15,943
202168,Ye Cong Mo,Right-Handed,183.0,CHN,cn,2000-07-09,944
RC04,Alexander Ritschard,Right-Handed,193.0,SUI,ch,1994-03-24,945
O0E7,Amir Omarkhanov,Right-Handed,180.0,KAZ,kz,2007-11-17,946
105063,Andrea Arnaboldi,Left-Handed,180.0,ITA,it,1988-01-06,947
104081,Boris Pashanski,Right-Handed,180.0,SRB,rs,1982-11-22,948
104589,Chris Guccione,Left-Handed,201.0,AUS,au,1985-08-28,949
B0MM,Edas Butvilas,Right-Handed,191.0,LTU,lt,2004-07-24,950
104225,Jan Hajek,Right-Handed,180.0,CZE,cz,1983-08-19,951
210740,Liam Krall,Right-Handed,191.0,USA,us,2002-05-27,952
102302,Marcelo Saliola,Left-Handed,178.0,BRA,br,1974-02-02,953
103228,Marcos Daniel,Right-Handed,180.0,BRA,br,1978-07-07,954
GC88,Marcos Giron,Right-Handed,180.0,USA,us,1993-07-25,955
103018,Max Mirnyi,Right-Handed,196.0,BLR,by,1977-07-11,956
105181,Miljan Zekic,Right-Handed,185.0,SRB,rs,1988-07-31,957
100309,Raul Ramirez,Right-Handed,183.0,MEX,mx,1953-07-27,958
101191,Richey Reneberg,Right-Handed,180.0,USA,us,1965-10-27,959
101420,Vaclav Roubicek,Right-Handed,185.0,CZE,cz,1968-01-01,960
102247,Andrea Gaudenzi,Right-Handed,183.0,ITA,it,1973-08-23,961
102911,Andrei Stoliarov,Right-Handed,178.0,RUS,ru,1977-01-29,962
105723,Andrey Kuznetsov,Right-Handed,183.0,RUS,ru,1991-03-28,963
101276,Horacio De La Pena,Left-Handed,180.0,ARG,ar,1966-08-10,964
103460,Konstantin Don Gruber,Right-Handed,183.0,AUT,at,1979-11-18,965
V0DZ,Luca Van Assche,Right-Handed,178.0,FRA,fr,2004-05-11,966
F724,Marton Fucsovics,Right-Handed,188.0,HUN,hu,1992-02-09,967
102497,Mashiska Washington,Right-Handed,180.0,USA,us,1975-01-17,968
101232,Nicklas Kroon,Right-Handed,183.0,SWE,se,1966-03-02,969
101342,Patrick Galbraith,Left-Handed,183.0,USA,us,1967-05-13,970
102205,Sebastien Lareau,Right-Handed,183.0,CAN,ca,1973-06-01,971
126952,Soon Woo Kwon,Right-Handed,180.0,KOR,kr,1997-12-14,972
105147,Tatsuma Ito,Right-Handed,180.0,JPN,jp,1988-06-15,973
101512,Trevor Kronemann,Right-Handed,193.0,USA,us,1968-10-01,974
106006,Agustin Velotti,Right-Handed,174.0,ARG,ar,1992-05-27,975
101327,Cyril Suk,Right-Handed,180.0,CZE,cz,1967-02-24,976
105245,Fabiano De Paula,Right-Handed,178.0,BRA,br,1988-12-14,977
101691,Florian Krumrey,Right-Handed,190.0,GER,de,1970-02-09,978
101205,Grant Connell,Left-Handed,185.0,CAN,ca,1965-12-17,979
102060,Ignacio Martinez,Right-Handed,185.0,MEX,mx,1972-06-24,980
102512,Joseph Sirianni,Right-Handed,175.0,AUS,au,1975-02-19,981
106390,Matteo Donati,Right-Handed,185.0,ITA,it,1995-04-04,982
102351,Oscar Martinez,Right-Handed,185.0,ESP,es,1974-03-17,983
104646,Purav Raja,Right-Handed,183.0,IND,in,1986-01-12,984
106026,Yuki Bhambri,Right-Handed,185.0,IND,in,1992-08-02,985
102860,Agustin Calleri,Right-Handed,183.0,ARG,ar,1976-10-10,986
100353,Bruce Kleege,Right-Handed,190.0,USA,us,1954-11-11,987
102600,David Miketa,Right-Handed,183.0,CZE,cz,1975-06-12,988
112331,Dick Savitt,Unknown,191.0,USA,us,1927-04-04,989
100501,Gregoire Rafaitin,Right-Handed,180.0,FRA,fr,1957-10-26,990
100504,Jerome Vanier,Left-Handed,175.0,FRA,fr,1957-11-28,991
102133,Laurence Tieleman,Right-Handed,180.0,ITA,it,1972-11-22,992
105137,Pere Riba,Right-Handed,183.0,ESP,es,1988-04-15,993
100247,Rolf Thung,Left-Handed,190.0,NED,nl,1951-08-28,994
102654,Steven Downs,Right-Handed,183.0,NZL,nz,1975-09-20,995
200075,Yshai Oliel,Left-Handed,188.0,ISR,il,2000-01-14,996
B0C0,Adrian Boitan,Right-Handed,185.0,ROU,ro,1999-07-11,997
101826,Alex Lopez Moron,Right-Handed,175.0,ESP,es,1970-12-18,998
100221,Carlos Kirmayr,Right-Handed,173.0,BRA,br,1950-09-30,999
105917,Gianni Mina,Right-Handed,185.0,FRA,fr,1992-03-05,1000
103153,Gilles Elseneer,Right-Handed,188.0,BEL,be,1978-04-06,1001
101301,Jan Willem Lodder,Right-Handed,193.0,NED,nl,1966-11-13,1002
103319,Jeff Morrison,Right-Handed,185.0,USA,us,1979-02-27,1003
103709,Kristian Pless,Right-Handed,188.0,DEN,dk,1981-02-19,1004
SU87,Lorenzo Sonego,Right-Handed,191.0,ITA,it,1995-05-11,1005
106288,Mathias Bourgue,Right-Handed,188.0,FRA,fr,1994-02-24,1006
200095,Nicola Kuhn,Right-Handed,185.0,GER,de,2000-03-30,1007
102118,Radomir Vasek,Right-Handed,188.0,CZE,cz,1972-10-06,1008
105575,Ricardas Berankis,Right-Handed,175.0,LTU,lt,1990-07-19,1009
101340,Ricky Brown,Right-Handed,178.0,USA,us,1967-04-14,1010
101776,Sandon Stolle,Right-Handed,193.0,AUS,au,1970-07-28,1011
102751,Todd Perry,Right-Handed,175.0,AUS,au,1976-03-29,1012
101841,Aleksandar Kitinov,Right-Handed,190.0,MKD,mk,1971-02-10,1013
101123,Alexander Mronz,Right-Handed,188.0,GER,de,1965-05-03,1014
101021,Dean Botha,Right-Handed,175.0,RSA,za,1964-04-08,1015
100006,Grant Golden,Right-Handed,175.0,USA,us,1929-09-21,1016
101179,Jean Philippe Fleurian,Right-Handed,185.0,FRA,fr,1965-09-27,1017
100492,John Austin,Right-Handed,193.0,USA,us,1957-08-26,1018
103285,Radek Stepanek,Right-Handed,185.0,CZE,cz,1978-12-11,1019
103063,Sebastien De Chaunac,Right-Handed,183.0,FRA,fr,1977-10-28,1020
101109,Tarik Benhabiles,Right-Handed,175.0,FRA,fr,1965-02-25,1021
105853,Tigre Hank,Left-Handed,188.0,MEX,mx,1991-10-21,1022
210025,Branko Djuric,Right-Handed,188.0,SRB,rs,2005-02-22,1023
103821,Danai Udomchoke,Right-Handed,173.0,THA,th,1981-08-19,1024
AE14,Daniel Altmaier,Right-Handed,188.0,GER,de,1998-09-12,1025
C0NB,Federico Cina,Right-Handed,185.0,ITA,it,2007-03-31,1026
103581,Flavio Saretta,Right-Handed,183.0,BRA,br,1980-07-05,1027
O0A2,Gauthier Onclin,Right-Handed,180.0,BEL,be,2001-02-27,1028
105819,Guido Andreozzi,Right-Handed,183.0,ARG,ar,1991-08-29,1029
102872,James Sekulov,Right-Handed,180.0,AUS,au,1976-10-15,1030
104868,James Ward,Right-Handed,190.0,GBR,gb,1987-03-04,1031
101439,Javier Sanchez,Right-Handed,178.0,ESP,es,1968-02-09,1032
103730,Jonathan Marray,Right-Handed,183.0,GBR,gb,1981-04-13,1033
101925,Massimo Boscatto,Right-Handed,178.0,ITA,it,1971-07-15,1034
103958,Philip Gubenco,Left-Handed,188.0,CAN,ca,1982-04-15,1035
103969,Roman Borvanov,Right-Handed,183.0,MDA,md,1982-04-21,1036
101816,Steve Campbell,Right-Handed,183.0,USA,us,1970-11-17,1037
100485,Tsuyoshi Fukui,Right-Handed,170.0,JPN,jp,1957-06-30,1038
V0DP,Adolfo Daniel Vallejo,Right-Handed,183.0,PAR,py,2004-04-28,1039
100941,Alex Stepanek,Right-Handed,180.0,GER,de,1963-08-10,1040
104677,Artem Sitak,Right-Handed,185.0,NZL,nz,1986-02-15,1041
RC91,Arthur Rinderknech,Right-Handed,196.0,FRA,fr,1995-07-23,1042
117356,Cem Ilkel,Right-Handed,185.0,TUR,tr,1995-08-25,1043
100474,Chris Lewis,Right-Handed,180.0,NZL,nz,1957-03-15,1044
110754,David Vega Hernandez,Right-Handed,188.0,ESP,es,1994-07-09,1045
M0JZ,Filip Misolic,Right-Handed,180.0,AUT,at,2001-08-09,1046
C0AU,Francisco Cerundolo,Right-Handed,185.0,ARG,ar,1998-08-13,1047
104198,Guillermo Garcia Lopez,Right-Handed,188.0,ESP,es,1983-06-14,1048
101920,Jamie Morgan,Right-Handed,185.0,AUS,au,1971-06-10,1049
101659,Jan Apell,Left-Handed,183.0,SWE,se,1969-11-27,1050
100964,Jon Levine,Right-Handed,178.0,USA,us,1963-09-30,1051
100990,Milan Srejber,Right-Handed,203.0,CZE,cz,1964-01-10,1052
105472,Nils Langer,Right-Handed,193.0,GER,de,1990-02-01,1053
102540,Peter Hajek,Right-Handed,175.0,GER,de,1975-03-15,1054
101720,Agustin Garizzio,Right-Handed,185.0,ARG,ar,1970-04-17,1055
101143,Branislav Stankovic,Right-Handed,175.0,SVK,sk,1965-06-14,1056
105070,Hans Podlipnik Castillo,Right-Handed,183.0,CHI,cl,1988-02-02,1057
101602,Jack Waite,Right-Handed,185.0,USA,us,1969-06-02,1058
103690,Marcin Matkowski,Right-Handed,188.0,POL,pl,1981-01-31,1059
101997,Marzio Martelli,Right-Handed,180.0,ITA,it,1972-01-16,1060
103465,Paul Logtens,Right-Handed,175.0,NED,nl,1979-12-14,1061
100543,Peter Elter,Right-Handed,178.0,GER,de,1958-07-03,1062
104349,Rui Machado,Right-Handed,178.0,POR,pt,1984-04-27,1063
101774,Todd Martin,Right-Handed,198.0,USA,us,1970-07-25,1064
100972,Todd Witsken,Right-Handed,183.0,USA,us,1963-12-05,1065
S0N0,Tristan Schoolkate,Right-Handed,183.0,AUS,au,2001-02-27,1066
SS25,Vitaliy Sachko,Right-Handed,188.0,UKR,ua,1997-07-15,1067
104753,Woong Sun Jun,Right-Handed,190.0,KOR,kr,1986-06-22,1068
105586,Alexandar Lazov,Left-Handed,183.0,BUL,bg,1990-08-03,1069
101760,David Kass,Right-Handed,180.0,USA,us,1970-06-20,1070
101451,Gustavo Giussani,Right-Handed,180.0,ARG,ar,1968-04-01,1071
102835,Luke Milligan,Right-Handed,180.0,GBR,gb,1976-09-06,1072
102050,Marco Meneschincheri,Left-Handed,180.0,ITA,it,1972-05-10,1073
L0GH,Mark Lajal,Right-Handed,191.0,EST,ee,2003-05-12,1074
103506,Martin Vassallo Arguello,Right-Handed,183.0,ARG,ar,1980-03-17,1075
104216,Maximo Gonzalez,Right-Handed,173.0,ARG,ar,1983-07-30,1076
100794,Srinivasan Vasudevan,Right-Handed,190.0,IND,in,1962-01-30,1077
103999,Thiago Alves,Right-Handed,178.0,BRA,br,1982-06-03,1078
120424,Yannick Maden,Right-Handed,185.0,GER,de,1989-11-22,1079
104963,Yannick Mertens,Right-Handed,185.0,BEL,be,1987-06-29,1080
104372,Alex Bogdanovic,Left-Handed,183.0,GBR,gb,1984-05-28,1081
103110,Daniele Bracciali,Right-Handed,180.0,ITA,it,1978-02-13,1082
105004,Dimitar Kutrovsky,Right-Handed,175.0,BUL,bg,1987-09-20,1083
101367,Igor Saric,Right-Handed,190.0,CRO,hr,1967-08-08,1084
W0ED,James Watt,Right-Handed,206.0,NZL,nz,2000-06-10,1085
104499,Jimmy Wang,Right-Handed,178.0,TPE,tw,1985-02-25,1086
100453,Jose Luis Damiani,Right-Handed,185.0,URU,uy,1956-12-28,1087
102904,Leos Friedl,Right-Handed,183.0,CZE,cz,1977-01-30,1088
TC01,Li Tu,Right-Handed,183.0,AUS,au,1996-05-27,1089
111456,Mackenzie Mcdonald,Right-Handed,178.0,USA,us,1995-05-10,1090
100817,Mark Basham,Left-Handed,175.0,USA,us,1962-05-21,1091
B0PU,Reda Bennani,Right-Handed,178.0,MAR,ma,2007-02-17,1092
100005,Richard Gonzalez,Right-Handed,188.0,USA,us,1928-05-31,1093
105751,Roberto Ortega Olmedo,Right-Handed,168.0,ESP,es,1991-05-17,1094
104281,Ryler Deheart,Left-Handed,183.0,USA,us,1984-01-15,1095
105731,Steven Diez,Right-Handed,175.0,CAN,ca,1991-04-05,1096
102358,Thomas Enqvist,Right-Handed,190.0,SWE,se,1974-03-20,1097
101676,Adam Anderson,Right-Handed,180.0,AUS,au,1970-01-17,1098
102231,Alex Calatrava,Right-Handed,190.0,ESP,es,1973-06-18,1099
102491,Alex Radulescu,Right-Handed,185.0,GER,de,1974-12-19,1100
G0IX,Arthur Gea,Right-Handed,180.0,FRA,fr,2005-01-03,1101
105542,Bastian Trinker,Right-Handed,191.0,AUT,at,1990-06-14,1102
104433,Frank Dancevic,Right-Handed,185.0,CAN,ca,1984-09-28,1103
100926,Ken Flach,Right-Handed,185.0,USA,us,1963-06-26,1104
102875,Luke Smith,Right-Handed,188.0,AUS,au,1976-11-26,1105
100060,Marty Riessen,Right-Handed,185.0,USA,us,1941-12-13,1106
105030,Michael Venus,Right-Handed,191.0,NZL,nz,1987-11-01,1107
100803,Stefan Svensson,Right-Handed,185.0,SWE,se,1962-03-05,1108
200265,Ulises Blanch,Right-Handed,188.0,USA,us,1998-04-08,1109
101947,Vincenzo Santopadre,Left-Handed,183.0,ITA,it,1971-09-16,1110
DF88,Aziz Dougaz,Left-Handed,188.0,TUN,tn,1997-03-26,1111
100790,Bruce Derlin,Left-Handed,180.0,NZL,nz,1962-01-01,1112
100297,Corrado Barazzutti,Right-Handed,178.0,ITA,it,1953-02-21,1113
GD64,Cristian Garin,Right-Handed,185.0,CHI,cl,1996-05-30,1114
101064,David Lewis,Right-Handed,180.0,NZL,nz,1964-10-09,1115
101255,Greg Van Emburgh,Right-Handed,188.0,USA,us,1966-06-02,1116
104082,Hiroki Kondo,Right-Handed,178.0,JPN,jp,1982-11-06,1117
104386,Janko Tipsarevic,Right-Handed,180.0,SRB,rs,1984-06-26,1118
100837,Jeremy Bates,Right-Handed,180.0,GBR,gb,1962-06-25,1119
100889,Joe De Foor,Right-Handed,188.0,USA,us,1963-03-07,1120
100398,Julio Goes,Right-Handed,180.0,BRA,br,1955-11-26,1121
202195,Maxime Cressy,Right-Handed,201.0,USA,us,1997-05-18,1122
102716,Maxime Huard,Right-Handed,180.0,FRA,fr,1976-02-03,1123
100780,Mike De Palmer,Left-Handed,185.0,USA,us,1961-10-20,1124
100345,Pat Dupre,Right-Handed,190.0,USA,us,1954-09-23,1125
200484,Rudolf Molleker,Right-Handed,188.0,GER,de,2000-11-02,1126
K0AH,Sebastian Korda,Right-Handed,196.0,USA,us,2000-07-05,1127
HH26,Ugo Humbert,Left-Handed,188.0,FRA,fr,1998-06-26,1128
103166,Vladimir Voltchkov,Right-Handed,180.0,BLR,by,1978-05-01,1129
200574,Alexander Donski,Right-Handed,188.0,BUL,bg,1998-08-07,1130
100669,Charles Bud Cox,Right-Handed,196.0,USA,us,1960-05-14,1131
100967,Dan Goldie,Right-Handed,188.0,USA,us,1963-10-25,1132
104468,Gilles Simon,Right-Handed,183.0,FRA,fr,1985-01-12,1133
103333,Ivo Karlovic,Right-Handed,208.0,CRO,hr,1979-03-01,1134
100910,Magnus Tideman,Right-Handed,193.0,SWE,se,1963-05-13,1135
103188,Michael Russell,Right-Handed,173.0,USA,us,1978-05-09,1136
100098,Ove Nils Bengtson,Right-Handed,196.0,SWE,se,1945-05-06,1137
101133,Patrick Baur,Right-Handed,188.0,GER,de,1965-05-08,1138
K0A3,Patrick Kypson,Right-Handed,188.0,USA,us,1999-10-28,1139
103080,Paul Hanley,Right-Handed,183.0,AUS,au,1977-12-07,1140
105053,Santiago Giraldo,Right-Handed,188.0,COL,co,1987-12-14,1141
104195,Simone Vagnozzi,Right-Handed,173.0,ITA,it,1983-06-19,1142
102843,Suwandi Suwandi,Right-Handed,178.0,INA,id,1976-09-20,1143
100860,William Notar,Right-Handed,185.0,USA,us,1962-10-18,1144
103104,Bjorn Rehnquist,Right-Handed,175.0,SWE,se,1978-01-20,1145
102652,Christian Vinck,Left-Handed,183.0,GER,de,1975-09-18,1146
100661,Damir Keretic,Right-Handed,178.0,GER,de,1960-05-01,1147
S0DE,Dhakshineswar Suresh,Right-Handed,196.0,IND,in,2000-03-29,1148
D0F6,Gabriel Diallo,Right-Handed,203.0,CAN,ca,2001-09-25,1149
105573,Henri Kontinen,Right-Handed,191.0,FIN,fi,1990-07-20,1150
103281,Ladislav Svarc,Right-Handed,188.0,SVK,sk,1978-11-30,1151
100497,Markus Gunthardt,Right-Handed,178.0,SUI,ch,1957-09-11,1152
B0GG,Mattia Bellucci,Left-Handed,175.0,ITA,it,2001-06-01,1153
100637,Stefan Hermann,Right-Handed,190.0,GER,de,1960-01-09,1154
126573,Thomas Fancutt,Right-Handed,188.0,AUS,au,1995-03-11,1155
102437,Adrian Voinea,Right-Handed,185.0,ROU,ro,1974-09-03,1156
102987,Andre Sa,Right-Handed,185.0,BRA,br,1977-05-11,1157
101835,Arne Thoms,Right-Handed,188.0,GER,de,1971-02-01,1158
104227,Augustin Gensse,Right-Handed,180.0,FRA,fr,1983-08-29,1159
101392,Dan Goldberg,Left-Handed,185.0,USA,us,1967-09-26,1160
102365,Donny Susetyo,Right-Handed,170.0,INA,id,1974-04-29,1161
101452,Greg Failla,Right-Handed,180.0,USA,us,1968-03-20,1162
100460,Jose Lopez Maeso,Right-Handed,173.0,ESP,es,1956-12-30,1163
103198,Justin Bower,Left-Handed,190.0,RSA,za,1978-06-24,1164
110748,Nikola Milojevic,Right-Handed,188.0,SRB,rs,1995-06-27,1165
103594,Oliver Marach,Right-Handed,185.0,AUT,at,1980-07-25,1166
100956,Simone Colombo,Right-Handed,180.0,ITA,it,1963-09-05,1167
100850,Wayne Hearn,Right-Handed,188.0,USA,us,1962-09-01,1168
208117,Adam Neff,Right-Handed,183.0,USA,us,2001-07-01,1169
202400,Alastair Gray,Right-Handed,193.0,GBR,gb,1998-06-27,1170
102862,Allen Belobrajdic,Right-Handed,175.0,AUS,au,1976-10-13,1171
100025,Barry Phillips Moore,Right-Handed,173.0,AUS,au,1937-08-14,1172
100377,Colin Dowdeswell,Right-Handed,185.0,GBR,gb,1955-05-18,1173
105638,Daniel Cox,Right-Handed,170.0,GBR,gb,1990-10-11,1174
100849,David Graham,Right-Handed,180.0,AUS,au,1962-08-17,1175
103478,Diego Veronelli,Right-Handed,193.0,ARG,ar,1979-12-25,1176
S0LA,Dominic Stricker,Left-Handed,183.0,SUI,ch,2002-08-16,1177
100682,Ernie Fernandez,Right-Handed,190.0,PUR,pr,1960-07-07,1178
101174,Fernando Roese,Right-Handed,190.0,BRA,br,1965-09-26,1179
100067,Frew Mcmillan,Right-Handed,183.0,RSA,za,1942-05-31,1180
101244,Johan Donar,Right-Handed,180.0,SWE,se,1966-03-31,1181
101544,Marcos Perez Hubert,Right-Handed,193.0,ESP,es,1968-12-03,1182
103151,Mariano Zabaleta,Right-Handed,183.0,ARG,ar,1978-03-06,1183
105657,Marius Copil,Right-Handed,191.0,ROU,ro,1990-11-02,1184
104770,Martin Fischer,Right-Handed,180.0,AUT,at,1986-08-15,1185
101235,Paul Haarhuis,Right-Handed,188.0,NED,nl,1966-03-01,1186
100281,Sashi Menon,Right-Handed,180.0,IND,in,1952-09-08,1187
B0BI,Sebastian Baez,Right-Handed,170.0,ARG,ar,2000-12-29,1188
104620,Simone Bolelli,Right-Handed,183.0,ITA,it,1985-10-20,1189
KF17,Soonwoo Kwon,Right-Handed,180.0,KOR,kr,1997-12-02,1190
108356,Tarek El Sakka,Right-Handed,180.0,EGY,eg,1962-11-15,1191
105217,Thiemo De Bakker,Right-Handed,193.0,NED,nl,1988-09-27,1192
101405,Ugo Colombini,Right-Handed,183.0,ITA,it,1967-11-05,1193
101024,Christian Geyer,Left-Handed,183.0,GER,de,1964-05-18,1194
100091,Colin Dibley,Right-Handed,188.0,AUS,au,1944-10-22,1195
Q02L,Ethan Quinn,Right-Handed,191.0,USA,us,2004-03-12,1196
101468,Gerard Solves,Right-Handed,185.0,FRA,fr,1968-04-26,1197
101388,Gerardo Mirad,Right-Handed,180.0,ARG,ar,1967-09-27,1198
104214,Igor Andreev,Right-Handed,185.0,RUS,ru,1983-08-01,1199
R0FS,Leandro Riedi,Right-Handed,191.0,SUI,ch,2002-01-27,1200
104465,Martin Emmrich,Left-Handed,183.0,GER,de,1985-01-18,1201
101280,Mikael Stadling,Left-Handed,188.0,SWE,se,1966-09-11,1202
101308,Neil Broad,Right-Handed,190.0,GBR,gb,1966-12-10,1203
104898,Robin Haase,Right-Handed,191.0,NED,nl,1987-04-29,1204
PL56,Tommy Paul,Right-Handed,185.0,USA,us,1997-05-17,1205
100292,Alvaro Fillol,Right-Handed,178.0,CHI,cl,1952-12-18,1206
101195,Amos Mansdorf,Right-Handed,175.0,ISR,il,1965-11-07,1207
101701,Bing Pan,Right-Handed,185.0,CHN,cn,1970-03-05,1208
100117,Butch Seewagen,Right-Handed,188.0,USA,us,1946-06-22,1209
101594,Carsten Arriens,Right-Handed,193.0,GER,de,1969-05-11,1210
102522,Fabio Maggi,Right-Handed,175.0,ITA,it,1975-02-08,1211
SN54,Frederico Ferreira Silva,Left-Handed,178.0,POR,pt,1995-03-19,1212
L0CF,George Loffhagen,Right-Handed,188.0,GBR,gb,2001-04-20,1213
102304,Grant Doyle,Right-Handed,180.0,AUS,au,1974-01-11,1214
101373,Karsten Braasch,Left-Handed,180.0,GER,de,1967-07-27,1215
206703,Paul Jubb,Right-Handed,180.0,GBR,gb,1999-11-25,1216
102506,Quino Munoz,Right-Handed,178.0,ESP,es,1975-01-31,1217
100326,Russell Simpson,Right-Handed,188.0,NZL,nz,1954-03-15,1218
M0HU,Shintaro Mochizuki,Right-Handed,175.0,JPN,jp,2003-06-03,1219
101889,Todd Woodbridge,Right-Handed,178.0,AUS,au,1971-05-02,1220
100100,Tony Roche,Left-Handed,178.0,AUS,au,1945-05-21,1221
104873,Aleksandr Nedovyesov,Right-Handed,188.0,KAZ,kz,1987-02-21,1222
105098,Alexandre Sidorenko,Right-Handed,185.0,FRA,fr,1988-03-21,1223
R0E0,Chris Rodesch,Right-Handed,198.0,LUX,lu,2001-07-18,1224
S0RE,Juncheng Shang,Left-Handed,180.0,CHN,cn,2005-02-02,1225
101440,Mark Koevermans,Right-Handed,185.0,NED,nl,1968-02-28,1226
105683,Milos Raonic,Right-Handed,196.0,CAN,ca,1991-01-23,1227
K0O4,Moise Kouame,Right-Handed,191.0,FRA,fr,2009-03-07,1228
101355,Richard Whichello,Left-Handed,185.0,GBR,gb,1967-06-21,1229
126555,Tung Lin Wu,Right-Handed,188.0,TPE,tw,1998-05-18,1230
101965,Wayne Ferreira,Right-Handed,185.0,RSA,za,1971-10-07,1231
104831,Bartolome Salva Vidal,Left-Handed,183.0,ESP,es,1986-11-25,1232
RH24,Emil Ruusuvuori,Right-Handed,188.0,FIN,fi,1999-04-02,1233
M0IF,Francesco Maestrelli,Right-Handed,196.0,ITA,it,2002-12-21,1234
100066,Frank Froehling,Right-Handed,190.0,USA,us,1942-06-16,1235
102572,Igor Gaudi,Right-Handed,188.0,ITA,it,1975-04-15,1236
106227,Ji Sung Nam,Right-Handed,183.0,KOR,kr,1993-08-21,1237
110778,Joao Menezes,Right-Handed,185.0,BRA,br,1997-01-17,1238
102344,Karol Kucera,Right-Handed,188.0,SVK,sk,1974-03-28,1239
N0BS,Mariano Navone,Right-Handed,178.0,ARG,ar,2001-02-28,1240
105881,Matthew Barton,Right-Handed,191.0,AUS,au,1992-01-10,1241
BT72,Nuno Borges,Right-Handed,185.0,POR,pt,1997-02-20,1242
103202,Oscar Serrano,Right-Handed,173.0,ESP,es,1978-05-31,1243
100744,Peter Doohan,Right-Handed,190.0,AUS,au,1961-05-30,1244
103819,Roger Federer,Right-Handed,185.0,SUI,ch,1981-09-10,1245
102018,Tamer El Sawy,Right-Handed,188.0,EGY,eg,1972-03-09,1246
101330,Tim Donovan,Right-Handed,175.0,USA,us,1967-03-15,1247
100252,Tim Gullikson,Right-Handed,180.0,USA,us,1951-10-02,1248
102831,Jacobo Diaz,Right-Handed,173.0,ESP,es,1976-08-11,1249
101022,Kelly Jones,Right-Handed,185.0,USA,us,1964-04-16,1250
101636,Wade Mcguire,Right-Handed,188.0,USA,us,1969-09-23,1251
111459,Arjun Kadhe,Right-Handed,185.0,IND,in,1994-01-31,1252
105529,Carlos Gomez Herrera,Right-Handed,191.0,ESP,es,1990-05-01,1253
104958,Carsten Ball,Left-Handed,198.0,AUS,au,1987-07-19,1254
DF92,Corentin Denolly,Left-Handed,188.0,FRA,fr,1997-06-06,1255
AG37,Felix Auger-Aliassime,Right-Handed,193.0,CAN,ca,2000-08-09,1256
102382,Julian Knowle,Left-Handed,188.0,AUT,at,1974-05-02,1257
103971,Karol Beck,Right-Handed,180.0,SVK,sk,1982-04-04,1258
103534,Nicolas Devilder,Left-Handed,173.0,FRA,fr,1980-04-21,1259
101447,Santiago Mora,Right-Handed,168.0,ESP,es,1968-03-14,1260
103850,Sebastian Decoud,Left-Handed,178.0,ARG,ar,1981-10-22,1261
100459,Tracy Delatte,Right-Handed,178.0,USA,us,1957-01-13,1262
101274,Udo Riglewski,Right-Handed,185.0,GER,de,1966-08-24,1263
B0GY,Alex Barrena,Right-Handed,175.0,ARG,ar,2002-10-11,1264
P09Z,Alexei Popyrin,Right-Handed,196.0,AUS,au,1999-08-06,1265
101375,Brian Devening,Right-Handed,185.0,USA,us,1967-08-02,1266
104534,Dudi Sela,Right-Handed,175.0,ISR,il,1985-04-23,1267
103181,Jiri Vanek,Right-Handed,185.0,CZE,cz,1978-05-26,1268
104545,John Isner,Right-Handed,208.0,USA,us,1985-05-10,1269
100919,Khalid Outaleb,Right-Handed,183.0,MAR,ma,1963-05-18,1270
107527,Konstantin Pugayev,Right-Handed,196.0,RUS,ru,1955-07-01,1271
GH33,Manuel Guinard,Right-Handed,198.0,FRA,fr,1995-11-16,1272
102234,Oliver Gross,Right-Handed,185.0,GER,de,1973-07-21,1273
102158,Patrick Rafter,Right-Handed,185.0,AUS,au,1973-01-24,1274
100143,Peter Fishbach,Right-Handed,180.0,USA,us,1947-09-07,1275
102131,Alistair Hunt,Right-Handed,190.0,NZL,nz,1972-12-05,1276
S0S1,Ben Shelton,Left-Handed,193.0,USA,us,2002-10-10,1277
100047,Bob Carmichael,Right-Handed,183.0,AUS,au,1940-07-31,1278
O483,Christopher O'Connell,Right-Handed,183.0,AUS,au,1994-06-03,1279
103015,Daniel Melo,Left-Handed,185.0,BRA,br,1977-08-04,1280
100619,George Kalovelonis,Right-Handed,190.0,GRE,gr,1959-08-28,1281
104486,Horia Tecau,Right-Handed,193.0,ROU,ro,1985-02-21,1282
100038,Jaime Pinto Bravo,Right-Handed,178.0,CHI,cl,1939-10-28,1283
109771,Jairo Velasco,Right-Handed,173.0,ESP,es,1947-05-10,1284
100597,Jay Lapidus,Left-Handed,188.0,USA,us,1959-05-15,1285
200031,Lucas Catarina,Right-Handed,185.0,MON,mc,1996-09-04,1286
106412,Lucas Gomez,Left-Handed,178.0,MEX,mx,1995-09-04,1287
K0FY,Martin Krumich,Right-Handed,188.0,CZE,cz,2002-12-27,1288
103455,Michal Mertinak,Right-Handed,180.0,SVK,sk,1979-11-03,1289
Z09F,Patrick Zahraj,Right-Handed,191.0,GER,de,1999-07-18,1290
101154,Simon Youl,Right-Handed,185.0,AUS,au,1965-07-15,1291
100946,Slobodan Zivojinovic,Right-Handed,198.0,YUG,rs,1963-08-19,1292
100774,Thomas Stalhandske,Right-Handed,190.0,ARG,ar,1961-10-05,1293
101550,Al Parker,Right-Handed,188.0,USA,us,1968-12-31,1294
105561,Alessandro Giannessi,Left-Handed,185.0,ITA,it,1990-06-15,1295
101938,Bernardo Mota,Right-Handed,178.0,POR,pt,1971-07-26,1296
103294,Christophe Rochus,Right-Handed,170.0,BEL,be,1979-01-18,1297
100646,Claudio Panatta,Right-Handed,178.0,ITA,it,1960-03-02,1298
100945,Craig Campbell,Right-Handed,190.0,RSA,za,1963-07-20,1299
101600,Daniel Courcol,Right-Handed,190.0,FRA,fr,1969-05-05,1300
145001,Evan Furness,Right-Handed,173.0,FRA,fr,1998-08-14,1301
G0EU,Felix Gill,Left-Handed,175.0,GBR,gb,2002-06-01,1302
117358,Harry Bourchier,Right-Handed,185.0,AUS,au,1996-02-02,1303
102271,Hicham Arazi,Left-Handed,175.0,MAR,ma,1973-11-10,1304
101284,Lars Anders Wahlgren,Right-Handed,193.0,SWE,se,1966-09-21,1305
103052,Mariano Delfino,Right-Handed,183.0,ARG,ar,1977-10-19,1306
104857,Robert Farah,Right-Handed,193.0,COL,co,1987-02-17,1307
GJ37,Tallon Griekspoor,Right-Handed,188.0,NED,nl,1996-07-03,1308
101161,Thomas Haldin,Right-Handed,185.0,SWE,se,1965-08-13,1309
101324,Ulf Stenlund,Right-Handed,180.0,SWE,se,1967-02-06,1310
105379,Aljaz Bedene,Right-Handed,181.0,SLO,si,1989-07-24,1311
100354,Bernard Mitton,Right-Handed,188.0,RSA,za,1954-11-19,1312
100003,Frank Sedgman,Right-Handed,180.0,AUS,au,1927-10-04,1313
103925,Gabriel Moraru,Right-Handed,180.0,ROU,ro,1982-02-10,1314
102001,German Lopez,Right-Handed,193.0,ESP,es,1972-02-01,1315
100054,Jose Edison Mandarino,Right-Handed,173.0,BRA,br,1941-04-11,1316
102223,Karim Alami,Right-Handed,185.0,MAR,ma,1973-05-25,1317
KE17,Nick Kyrgios,Right-Handed,193.0,AUS,au,1995-04-28,1318
102520,Olivier Malcor,Right-Handed,180.0,FRA,fr,1975-03-04,1319
100600,Pascal Portes,Right-Handed,175.0,FRA,fr,1959-06-11,1320
J0DZ,Rafael Jodar,Right-Handed,191.0,ESP,es,2006-09-17,1321
103921,Sonchat Ratiwatana,Right-Handed,175.0,THA,th,1982-02-15,1322
101093,Steve Devries,Right-Handed,180.0,USA,us,1964-12-26,1323
M0N7,Daniel Merida,Right-Handed,188.0,ESP,es,2004-09-27,1324
105711,Dino Marcan,Right-Handed,178.0,CRO,hr,1991-03-14,1325
102950,Fernando Vicente,Right-Handed,180.0,ESP,es,1977-03-27,1326
100282,Guillermo Vilas,Left-Handed,180.0,ARG,ar,1952-09-14,1327
103902,Jan Mertl,Right-Handed,190.0,CZE,cz,1982-01-17,1328
100809,Juan Aguilera,Right-Handed,183.0,ESP,es,1962-04-18,1329
C0AK,Oliver Crawford,Right-Handed,180.0,GBR,gb,1999-05-01,1330
101524,Stephan Rhode,Right-Handed,188.0,GER,de,1968-10-24,1331
105341,Thomas Fabbiano,Right-Handed,173.0,ITA,it,1989-06-04,1332
104678,Viktor Troicki,Right-Handed,193.0,SRB,rs,1986-02-25,1333
M0HD,Alan Magadan,Right-Handed,183.0,MEX,mx,2001-05-27,1334
126623,Alexander Erler,Right-Handed,193.0,AUT,at,1997-11-13,1335
104979,Andrey Golubev,Right-Handed,180.0,KAZ,kz,1987-08-16,1336
100448,Bruce Foxworth,Right-Handed,180.0,USA,us,1956-10-03,1337
100959,Chris Kennedy,Right-Handed,185.0,USA,us,1963-09-24,1338
100638,David Mustard,Left-Handed,180.0,NZL,nz,1960-01-07,1339
103909,Guillermo Coria,Right-Handed,175.0,ARG,ar,1982-02-19,1340
200266,Javier Barranco Cosano,Left-Handed,180.0,ESP,es,1998-11-20,1341
103154,Jaymon Crabb,Right-Handed,183.0,AUS,au,1978-03-29,1342
112477,Mike Franks,Right-Handed,178.0,USA,us,1937-01-06,1343
207663,Nikolas Sanchez Izquierdo,Right-Handed,185.0,ESP,es,1999-04-15,1344
106244,Oliver Golding,Right-Handed,188.0,GBR,gb,1993-10-13,1345
105732,Pierre Hugues Herbert,Right-Handed,188.0,FRA,fr,1991-03-31,1346
100727,Raul Antonio Viver,Left-Handed,190.0,ECU,ec,1961-04-15,1347
110070,Robert Perry,Right-Handed,188.0,USA,us,1933-04-04,1348
200277,Charles Broom,Right-Handed,178.0,GBR,gb,1998-05-26,1349
104547,Horacio Zeballos,Left-Handed,188.0,ARG,ar,1985-05-03,1350
101761,Jaime Oncins,Right-Handed,196.0,BRA,br,1970-06-30,1351
M0NI,Jakub Mensik,Right-Handed,196.0,CZE,cz,2005-09-01,1352
101641,Jose Luis Noriega,Right-Handed,178.0,PER,pe,1969-10-19,1353
100089,Patrice Beust,Right-Handed,170.0,FRA,fr,1944-09-10,1354
101434,Petr Korda,Left-Handed,190.0,CZE,cz,1968-02-18,1355
103373,Sergio Roitman,Right-Handed,185.0,ARG,ar,1979-06-21,1356
102738,Stefano Tarallo,Right-Handed,185.0,ITA,it,1976-03-27,1357
102286,Wayne Black,Right-Handed,170.0,ZIM,zw,1973-12-11,1358
L0CK,Younes Lalami Laaroussi,Right-Handed,188.0,MAR,ma,2001-04-18,1359
102880,Alexander Popp,Right-Handed,201.0,GER,de,1976-11-30,1360
101336,Dan Nahirny,Right-Handed,190.0,USA,us,1967-04-03,1361
DA31,Hugo Dellien,Right-Handed,180.0,BOL,bo,1993-06-17,1362
101588,Jason Netter,Right-Handed,178.0,USA,us,1969-05-01,1363
104339,Mario Ancic,Right-Handed,196.0,CRO,hr,1984-05-02,1364
101067,Philip Johnson,Right-Handed,173.0,USA,us,1964-09-19,1365
100534,Steve Meister,Right-Handed,193.0,USA,us,1958-05-10,1366
104559,Teymuraz Gabashvili,Right-Handed,185.0,RUS,ru,1985-06-29,1367
103097,Trevor Spracklin,Right-Handed,190.0,USA,us,1978-01-05,1368
PD07,Vasek Pospisil,Right-Handed,193.0,CAN,ca,1990-06-23,1369
100395,Victor Pecci,Right-Handed,193.0,PAR,py,1955-10-21,1370
105238,Alexandr Dolgopolov,Right-Handed,180.0,UKR,ua,1988-11-13,1371
MP20,Alexandre Muller,Right-Handed,183.0,FRA,fr,1997-02-02,1372
GH92,Borna Gojo,Right-Handed,196.0,CRO,hr,1998-02-28,1373
124013,Eduardo Nava,Right-Handed,180.0,USA,us,1997-03-17,1374
100980,Edvaldo Oliveira,Right-Handed,178.0,BRA,br,1963-11-26,1375
101704,Ellis Ferreira,Left-Handed,188.0,RSA,za,1970-03-21,1376
103963,Filip Urban,Right-Handed,193.0,POL,pl,1982-04-22,1377
B0QC,Gilles Arnaud Bailly,Right-Handed,180.0,BEL,be,2005-09-19,1378
106174,Gonzalo Lama,Right-Handed,180.0,CHI,cl,1993-05-19,1379
M0G4,Harold Mayot,Right-Handed,180.0,FRA,fr,2002-02-04,1380
102730,Ivo Heuberger,Right-Handed,188.0,SUI,ch,1976-03-14,1381
105559,Jonathan Eysseric,Left-Handed,180.0,FRA,fr,1990-06-10,1382
211768,Manas Dhamne,Right-Handed,188.0,IND,in,2008-01-03,1383
B0JE,Max Basing,Right-Handed,180.0,GBR,gb,2002-10-02,1384
101895,Michael Brown B395,Right-Handed,175.0,AUS,au,1971-05-05,1385
100495,Wayne Hampson,Right-Handed,183.0,AUS,au,1957-09-17,1386
101380,Amit Naor,Right-Handed,178.0,ISR,il,1967-07-28,1387
MW75,Felipe Meligeni Alves,Right-Handed,185.0,BRA,br,1998-02-20,1388
101932,Jared Palmer,Right-Handed,190.0,USA,us,1971-07-21,1389
101325,Jason Goodall,Right-Handed,178.0,GBR,gb,1967-01-25,1390
S0EK,Matias Soto,Right-Handed,170.0,CHI,cl,1999-04-27,1391
103358,Nicolas Todero,Right-Handed,183.0,ARG,ar,1979-04-27,1392
106120,Ricardo Ojeda Lara,Right-Handed,180.0,ESP,es,1993-02-16,1393
102795,Scott Humphries,Right-Handed,185.0,USA,us,1976-06-09,1394
100793,Stephane Bonneau,Right-Handed,188.0,CAN,ca,1962-01-03,1395
102538,Tuomas Ketola,Right-Handed,185.0,FIN,fi,1975-03-03,1396
100342,Vitas Gerulaitis,Right-Handed,183.0,USA,us,1954-08-11,1397
100033,Wilhelm Bungert,Right-Handed,188.0,GER,de,1939-05-06,1398
101349,Adam Malik,Right-Handed,193.0,MAS,my,1967-06-15,1399
109777,Alan Fox,Right-Handed,173.0,USA,us,1939-07-09,1400
100020,Alejandro Olmedo,Right-Handed,178.0,PER,pe,1936-04-26,1401
103544,Andy Ram,Right-Handed,180.0,ISR,il,1980-05-05,1402
101214,Bryan Shelton,Right-Handed,185.0,USA,us,1966-01-13,1403
102556,Claude Ngoran,Left-Handed,190.0,CIV,ci,1975-04-19,1404
101310,Conny Falk,Right-Handed,188.0,SWE,se,1966-12-24,1405
105385,Donald Young,Left-Handed,183.0,USA,us,1989-08-12,1406
111505,Enzo Couacaud,Right-Handed,183.0,FRA,fr,1995-04-05,1407
103799,Eric Prodon,Right-Handed,178.0,FRA,fr,1981-07-03,1408
100729,Fernando Soler,Right-Handed,185.0,ESP,es,1961-04-02,1409
103835,Filippo Volandri,Right-Handed,183.0,ITA,it,1981-09-30,1410
MC65,Gael Monfils,Right-Handed,193.0,FRA,fr,1986-09-01,1411
101159,Gustav Fichardt,Right-Handed,185.0,RSA,za,1965-07-27,1412
104871,Jeremy Chardy,Right-Handed,188.0,FRA,fr,1987-03-16,1413
100447,Juan Nunez,Right-Handed,190.0,CHI,cl,1956-10-18,1414
100450,Leo Palin,Right-Handed,178.0,FIN,fi,1956-11-20,1415
106408,Mario Vilella Martinez,Right-Handed,178.0,ESP,es,1995-07-27,1416
100944,Mikael Pernfors,Right-Handed,173.0,SWE,se,1963-08-04,1417
104360,Adam Chadaj,Left-Handed,178.0,POL,pl,1984-05-20,1418
106361,Adam Pavlasek,Right-Handed,185.0,CZE,cz,1994-10-22,1419
101217,Andreas Lesch,Left-Handed,196.0,GER,de,1966-01-30,1420
104918,Andy Murray,Right-Handed,191.0,GBR,gb,1987-06-18,1421
100586,Eliot Teltscher,Right-Handed,178.0,USA,us,1959-03-21,1422
101332,Gilad Bloom,Left-Handed,173.0,ISR,il,1967-03-04,1423
104117,Giovanni Lapentti,Right-Handed,193.0,ECU,ec,1983-02-07,1424
103623,Jacob Adaktusson,Right-Handed,193.0,SWE,se,1980-09-29,1425
101409,Jaime Yzaga,Right-Handed,170.0,PER,pe,1967-11-03,1426
106210,Jiri Vesely,Left-Handed,198.0,CZE,cz,1993-07-16,1427
104477,Jorge Aguilar,Right-Handed,178.0,CHI,cl,1985-02-11,1428
E0DD,Justin Engel,Right-Handed,185.0,GER,de,2007-10-02,1429
209874,Maks Kasnikowski,Right-Handed,180.0,POL,pl,2003-07-22,1430
100393,Marcos Hocevar,Right-Handed,185.0,BRA,br,1955-10-27,1431
103182,Markus Hipfl,Right-Handed,178.0,AUT,at,1978-05-14,1432
MP01,Michael Mmoh,Right-Handed,188.0,USA,us,1998-01-11,1433
101398,Neil Borwick,Left-Handed,193.0,AUS,au,1967-10-14,1434
100435,Regis Brunet,Right-Handed,183.0,FRA,fr,1956-06-28,1435
100587,Steve Guy,Right-Handed,188.0,NZL,nz,1959-03-22,1436
102372,Sule Ladipo,Right-Handed,180.0,NGR,ng,1974-04-10,1437
100562,Tom Cain,Right-Handed,185.0,USA,us,1958-11-08,1438
110329,Bob Puddicombe,Right-Handed,178.0,CAN,ca,1946-08-24,1439
100446,John Sadri,Right-Handed,188.0,USA,us,1956-10-23,1440
100826,Juan Antonio Rodriguez,Right-Handed,180.0,ESP,es,1962-06-05,1441
104338,Juan Monaco,Right-Handed,185.0,ARG,ar,1984-04-10,1442
106293,Kimmer Coppejans,Right-Handed,178.0,BEL,be,1994-02-13,1443
C977,Marin Cilic,Right-Handed,198.0,CRO,hr,1988-09-29,1444
104905,Nicolas Barrientos,Right-Handed,175.0,COL,co,1987-05-21,1445
100855,Scott Davis,Right-Handed,188.0,USA,us,1962-09-04,1446
100689,Tim Mayotte,Right-Handed,190.0,USA,us,1960-08-18,1447
106137,Tristan Lamasine,Right-Handed,183.0,FRA,fr,1993-03-20,1448
101421,Veli Paloheimo,Right-Handed,183.0,FIN,fi,1968-01-14,1449
104415,Colin Fleming,Right-Handed,188.0,GBR,gb,1984-08-24,1450
101007,Guillermo Rivas,Right-Handed,183.0,ARG,ar,1964-03-14,1451
100858,Hans Fredborg,Right-Handed,183.0,SWE,se,1962-10-13,1452
202260,Henri Squire,Right-Handed,196.0,GER,de,2000-10-05,1453
GE28,Ivan Gakhov,Left-Handed,191.0,RUS,ru,1996-11-04,1454
N0BG,Luca Nardi,Right-Handed,185.0,ITA,it,2003-08-06,1455
T0FI,Marko Topo,Right-Handed,185.0,GER,de,2003-09-13,1456
S0VU,Max Schoenhaus,Right-Handed,180.0,GER,de,2007-08-02,1457
202398,Michael Vrbensky,Right-Handed,180.0,CZE,cz,2000-01-06,1458
100012,Nicola Pietrangeli,Right-Handed,178.0,ITA,it,1933-10-13,1459
103908,Paul Henri Mathieu,Right-Handed,185.0,FRA,fr,1982-02-12,1460
101549,Rodolphe Gilbert,Left-Handed,183.0,FRA,fr,1969-01-14,1461
SX50,Roman Safiullin,Right-Handed,185.0,RUS,ru,1997-08-07,1462
102929,Ryan Wolters,Right-Handed,180.0,USA,us,1977-02-10,1463
101924,Stefano Pescosolido,Right-Handed,185.0,ITA,it,1971-06-14,1464
101608,Tom Kempers,Right-Handed,188.0,NED,nl,1969-06-22,1465
S0NV,Abdullah Shelbayh,Left-Handed,180.0,JOR,jo,2003-11-16,1466
200282,Alex De Minaur,Right-Handed,183.0,AUS,au,1999-03-02,1467
100380,Butch Walts,Right-Handed,193.0,USA,us,1955-06-11,1468
100094,Jim Osborne,Right-Handed,185.0,USA,us,1945-02-20,1469
101820,Marc Rosset,Right-Handed,201.0,SUI,ch,1970-12-02,1470
100752,Ramesh Krishnan,Right-Handed,170.0,IND,in,1961-07-05,1471
A0GC,Terence Atmane,Left-Handed,193.0,FRA,fr,2002-01-09,1472
100714,Broderick Dyke,Left-Handed,183.0,AUS,au,1961-01-18,1473
101630,Clement Ngoran,Right-Handed,178.0,CIV,ci,1969-08-26,1474
104262,Flavio Cipolla,Right-Handed,173.0,ITA,it,1983-10-27,1475
102465,Gabriel Silberstein,Right-Handed,178.0,CHI,cl,1974-11-04,1476
105286,Greg Jones,Right-Handed,190.0,AUS,au,1989-02-13,1477
101098,Guy Forget,Left-Handed,190.0,FRA,fr,1965-02-09,1478
100560,Jacques Manset,Right-Handed,185.0,USA,us,1958-10-15,1479
100113,Jan Kodes,Right-Handed,175.0,CZE,cz,1946-03-31,1480
100284,Jimmy Connors,Left-Handed,178.0,USA,us,1952-09-23,1481
104026,Joachim Johansson,Right-Handed,198.0,SWE,se,1982-08-03,1482
102378,Juan Gisbert Jr,Right-Handed,198.0,ESP,es,1974-05-02,1483
MN13,Maximilian Marterer,Left-Handed,188.0,GER,de,1995-06-15,1484
101843,Sergi Bruguera,Right-Handed,188.0,ESP,es,1971-02-09,1485
100728,Todd Nelson,Right-Handed,185.0,USA,us,1961-03-23,1486
103254,Yves Allegro,Right-Handed,183.0,SUI,ch,1978-08-29,1487
103820,Alan Mackin,Right-Handed,183.0,GBR,gb,1981-08-22,1488
105048,Alex Clayton,Right-Handed,183.0,USA,us,1987-12-26,1489
100800,Diego Perez,Right-Handed,178.0,URU,uy,1962-02-18,1490
100726,Greg Whitecross,Right-Handed,185.0,AUS,au,1961-04-13,1491
103857,Igor Kunitsyn,Right-Handed,180.0,RUS,ru,1981-10-03,1492
105028,Jesse Levine,Left-Handed,175.0,CAN,ca,1987-10-18,1493
101026,Jim Grabb,Right-Handed,193.0,USA,us,1964-05-02,1494
101004,Jim Pugh,Right-Handed,193.0,USA,us,1964-02-13,1495
103888,Mardy Fish,Right-Handed,188.0,USA,us,1981-12-19,1496
109686,Riccardo Bonadio,Right-Handed,180.0,ITA,it,1993-07-22,1497
100110,Terry Addison,Right-Handed,180.0,AUS,au,1946-02-07,1498
100962,Thomas Hogstedt,Right-Handed,190.0,SWE,se,1963-09-28,1499
103656,Albert Montanes,Right-Handed,175.0,ESP,es,1980-11-29,1500
105963,Arthur De Greef,Right-Handed,183.0,BEL,be,1992-03-30,1501
105649,Cedrik Marcel Stebe,Left-Handed,183.0,GER,de,1990-10-21,1502
101126,Chris Pridham,Right-Handed,183.0,CAN,ca,1965-04-23,1503
105877,Emilio Gomez,Right-Handed,185.0,ECU,ec,1991-12-25,1504
102851,Giorgio Galimberti,Right-Handed,180.0,ITA,it,1976-10-04,1505
103762,John Paul Fruttero,Right-Handed,185.0,USA,us,1981-05-03,1506
102301,Sebastien Leblanc,Left-Handed,193.0,CAN,ca,1974-01-27,1507
109303,Stefano Napolitano,Right-Handed,196.0,ITA,it,1995-05-04,1508
105449,Steve Johnson,Right-Handed,188.0,USA,us,1989-12-30,1509
103157,Arvind Parmar,Right-Handed,193.0,GBR,gb,1978-03-29,1510
101019,David Felgate,Right-Handed,180.0,GBR,gb,1964-04-08,1511
101027,Jaroslav Bulant,Right-Handed,175.0,CZE,cz,1964-05-16,1512
104542,Jo-Wilfried Tsonga,Right-Handed,188.0,FRA,fr,1985-05-23,1513
101105,Jose Antonio Fernandez,Right-Handed,170.0,CHI,cl,1965-03-01,1514
109699,Julian Lenz,Right-Handed,188.0,GER,de,1993-03-17,1515
105656,Marcelo Arevalo,Right-Handed,193.0,ESA,sv,1990-10-25,1516
104594,Marinko Matosevic,Right-Handed,194.0,AUS,au,1985-09-09,1517
100707,Mark Witsken,Right-Handed,188.0,USA,us,1960-12-19,1518
100279,Mike Cahill,Right-Handed,183.0,USA,us,1952-06-25,1519
100478,Pascal Deniau,Right-Handed,185.0,FRA,fr,1957-04-26,1520
124154,Sasi Kumar Mukund,Right-Handed,185.0,IND,in,1997-01-15,1521
N897,Sumit Nagal,Right-Handed,178.0,IND,in,1997-08-17,1522
101469,Brian Garrow,Right-Handed,173.0,USA,us,1968-04-24,1523
103823,Denis Gremelmayr,Left-Handed,183.0,GER,de,1981-09-14,1524
106261,Dennis Novikov,Right-Handed,193.0,USA,us,1993-11-18,1525
100428,Gene Mayer,Right-Handed,183.0,USA,us,1956-04-15,1526
HF80,Hady Habib,Right-Handed,188.0,LBN,lb,1998-08-22,1527
100137,Hans Jurgen Pohmann,Right-Handed,178.0,GER,de,1947-06-18,1528
102997,Hermes Gamonal,Right-Handed,180.0,CHI,cl,1977-07-05,1529
101881,Oliver Fuchs,Right-Handed,180.0,AUT,at,1971-04-12,1530
103535,Olivier Patience,Right-Handed,180.0,FRA,fr,1980-04-07,1531
102836,Rogier Wassen,Right-Handed,190.0,NED,nl,1976-08-22,1532
104976,Ryan Sweeting,Right-Handed,196.0,USA,us,1987-08-14,1533
102667,Satoshi Iwabuchi,Left-Handed,175.0,JPN,jp,1975-11-06,1534
100048,Earl Butch Buchholz,Right-Handed,188.0,USA,us,1940-09-19,1535
103789,Irakli Labadze,Left-Handed,188.0,GEO,ge,1981-06-26,1536
J0AZ,Kyrian Jacquet,Right-Handed,175.0,FRA,fr,2001-05-12,1537
101833,Michael Tebbutt,Left-Handed,190.0,AUS,au,1971-01-05,1538
106203,Pedro Sakamoto,Right-Handed,178.0,BRA,br,1993-07-21,1539
101281,Shelby Cannon,Left-Handed,180.0,USA,us,1966-08-31,1540
103565,Stephane Robert,Right-Handed,185.0,FRA,fr,1980-06-08,1541
101319,Antonio Padovani,Right-Handed,178.0,ITA,it,1967-01-28,1542
100906,Antony Emerson,Right-Handed,180.0,AUS,au,1963-04-01,1543
102184,David Prinosil,Right-Handed,185.0,GER,de,1973-03-27,1544
SX90,Fajing Sun,Right-Handed,178.0,CHN,cn,1996-10-03,1545
S0EX,Hamish Stewart,Right-Handed,193.0,GBR,gb,1999-07-31,1546
101145,Jonathan Canter,Right-Handed,185.0,USA,us,1965-07-10,1547
105041,Lukas Lacko,Right-Handed,185.0,SVK,sk,1987-11-08,1548
103397,Alexandre Simoni,Right-Handed,188.0,BRA,br,1979-07-20,1549
101435,Brian Gyetko,Right-Handed,183.0,CAN,ca,1968-02-28,1550
101344,Bruno Oresar,Right-Handed,175.0,CRO,hr,1967-05-13,1551
105651,Daniel Smethurst,Right-Handed,188.0,GBR,gb,1990-11-17,1552
101964,Goran Ivanisevic,Left-Handed,193.0,CRO,hr,1971-10-10,1553
200390,Kacper Zuk,Right-Handed,183.0,POL,pl,1999-02-01,1554
104661,Pierre Ludovic Duclos,Right-Handed,188.0,CAN,ca,1986-01-23,1555
102944,Stefano Cobolli,Right-Handed,175.0,ITA,it,1977-04-06,1556
105872,Christian Lindell,Right-Handed,193.0,SWE,se,1991-12-05,1557
101419,Frank Dennhardt,Left-Handed,188.0,GER,de,1967-12-07,1558
101020,Hans Schwaier,Right-Handed,173.0,GER,de,1964-03-28,1559
103507,Juan Carlos Ferrero,Right-Handed,183.0,ESP,es,1980-03-16,1560
101422,Mark Kaplan,Right-Handed,185.0,RSA,za,1968-01-03,1561
101337,Martin Strelba,Right-Handed,190.0,CZE,cz,1967-03-31,1562
100711,Pedro Rebolledo,Right-Handed,170.0,CHI,cl,1960-12-27,1563
105155,Pedro Sousa,Right-Handed,180.0,POR,pt,1988-06-15,1564
101057,Peter Carter,Right-Handed,180.0,AUS,au,1964-08-23,1565
103457,Petr Kralert,Right-Handed,188.0,CZE,cz,1979-11-15,1566
101243,Roberto Azar,Left-Handed,185.0,ARG,ar,1966-04-05,1567
102401,Scott Draper,Left-Handed,178.0,AUS,au,1974-06-21,1568
100866,Shahar Perkiss,Right-Handed,193.0,ISR,il,1962-11-19,1569
101792,Slava Dosedel,Right-Handed,183.0,CZE,cz,1970-08-28,1570
B0PG,Alexander Blockx,Right-Handed,193.0,BEL,be,2005-04-09,1571
101750,Cristiano Caratti,Right-Handed,178.0,ITA,it,1970-06-12,1572
103747,Dominik Meffert,Right-Handed,198.0,GER,de,1981-04-30,1573
101394,Francois Errard,Right-Handed,180.0,FRA,fr,1967-10-22,1574
102985,Gustavo Marcaccio,Right-Handed,170.0,ARG,ar,1977-06-07,1575
M0OQ,James McCabe,Right-Handed,188.0,AUS,au,2003-07-05,1576
101155,James Turner,Right-Handed,180.0,GBR,gb,1965-08-01,1577
101318,Javier Frana,Left-Handed,185.0,ARG,ar,1967-01-29,1578
103726,Jean Christophe Faurel,Right-Handed,175.0,FRA,fr,1981-03-07,1579
104308,Michal Przysiezny,Right-Handed,185.0,POL,pl,1984-03-24,1580
200677,Rio Noguchi,Right-Handed,168.0,JPN,jp,1999-01-21,1581
101429,Stephane Grenier,Right-Handed,190.0,FRA,fr,1968-02-08,1582
103964,Tobias Klein,Right-Handed,170.0,GER,de,1982-04-02,1583
105692,Alessandro Bega,Right-Handed,173.0,ITA,it,1991-01-30,1584
103401,Jan Hernych,Right-Handed,190.0,CZE,cz,1979-07-28,1585
101226,Johan Carlsson,Right-Handed,183.0,SWE,se,1966-02-14,1586
132482,Liam Caruana,Right-Handed,178.0,ITA,it,1998-02-23,1587
HH06,Marc-Andrea Huesler,Left-Handed,196.0,SUI,ch,1996-06-24,1588
111511,Noah Rubin,Right-Handed,175.0,USA,us,1996-02-23,1589
144751,Rigele Te,Right-Handed,188.0,CHN,cn,1997-11-08,1590
DA81,Taro Daniel,Right-Handed,191.0,JPN,jp,1993-01-28,1591
104967,Alexander Sadecky,Left-Handed,193.0,SUI,ch,1987-07-25,1592
H09N,August Holmgren,Right-Handed,188.0,DEN,dk,1998-04-30,1593
T0AP,Chun-Hsin Tseng,Right-Handed,175.0,TPE,tw,2001-08-07,1594
109856,Edison Mandarino,Unknown,173.0,BRA,br,1941-04-22,1595
H0DC,Giles Hussey,Left-Handed,185.0,GBR,gb,1997-05-26,1596
103468,Harsh Mankad,Right-Handed,173.0,IND,in,1979-12-14,1597
101430,Sergio Cortes,Right-Handed,170.0,CHI,cl,1968-01-17,1598
103607,Victor Estrella,Right-Handed,173.0,DOM,do,1980-08-22,1599
103525,Ivan Miranda,Right-Handed,175.0,PER,pe,1980-03-17,1600
207834,Juan Alejandro Hernandez Serrano,Right-Handed,175.0,MEX,mx,1999-06-26,1601
122669,Juan Pablo Varillas,Right-Handed,185.0,PER,pe,1995-11-03,1602
108701,Juan Sebastian Cabal,Right-Handed,185.0,COL,co,1986-05-02,1603
100028,Manuel Santana,Right-Handed,170.0,ESP,es,1938-06-04,1604
100635,Mark Dickson,Right-Handed,190.0,USA,us,1960-01-02,1605
101264,Michael Tauson,Right-Handed,193.0,DEN,dk,1966-07-28,1606
100121,Raymond Moore,Right-Handed,183.0,RSA,za,1946-08-25,1607
102610,Albert Costa,Right-Handed,180.0,ESP,es,1975-07-07,1608
101315,Enrico Cocchi,Right-Handed,190.0,ITA,it,1966-12-19,1609
104233,Frederik Nielsen,Right-Handed,190.0,DEN,dk,1983-09-25,1610
CH12,Jan Choinski,Right-Handed,196.0,GBR,gb,1996-06-10,1611
101742,Johan Sandberg,Right-Handed,193.0,SWE,se,1970-06-08,1612
104907,Jose Rubin Statham,Right-Handed,180.0,NZL,nz,1987-04-27,1613
100010,Luis Ayala,Right-Handed,170.0,CHI,cl,1932-10-08,1614
100696,Mark Buckley,Right-Handed,178.0,USA,us,1960-09-14,1615
100467,Mark Turpin,Right-Handed,183.0,USA,us,1957-03-02,1616
KI95,Miomir Kecmanovic,Right-Handed,183.0,SRB,rs,1999-09-01,1617
100135,Onny Parun,Right-Handed,188.0,NZL,nz,1947-05-01,1618
103169,Oscar Hernandez,Right-Handed,180.0,ESP,es,1978-05-16,1619
101977,Patricio Arnold,Right-Handed,183.0,ARG,ar,1971-11-08,1620
100592,Robert Vant Hof,Right-Handed,193.0,USA,us,1959-05-08,1621
W367,Stan Wawrinka,Right-Handed,183.0,SUI,ch,1985-03-29,1622
100502,Vincent Van Patten,Right-Handed,180.0,USA,us,1957-11-14,1623
103393,Yuri Schukin,Right-Handed,188.0,KAZ,kz,1979-06-27,1624
100530,Andreas Maurer,Right-Handed,175.0,GER,de,1958-04-02,1625
126156,Antoine Hoang,Right-Handed,183.0,FRA,fr,1995-12-03,1626
104978,Daniel Brands,Right-Handed,196.0,GER,de,1987-08-06,1627
104098,Dmitry Tursunov,Right-Handed,185.0,RUS,ru,1982-12-16,1628
T0BW,James Trotter,Right-Handed,183.0,JPN,jp,1999-08-06,1629
104070,Jesse Witten,Right-Handed,178.0,USA,us,1982-11-15,1630
101516,Joao Zwetsch,Right-Handed,180.0,BRA,br,1968-10-15,1631
103242,Juan Giner,Right-Handed,178.0,ESP,es,1978-08-17,1632
100489,Larry Stefanki,Right-Handed,178.0,USA,us,1957-08-11,1633
101353,Lionel Barthez,Right-Handed,180.0,FRA,fr,1967-06-11,1634
104586,Lukas Rosol,Right-Handed,193.0,CZE,cz,1985-08-05,1635
100431,Mansour Bahrami,Right-Handed,178.0,IRI,ir,1956-05-05,1636
101531,Mario Visconti,Right-Handed,185.0,ITA,it,1968-11-16,1637
101389,Oren Motevassel,Left-Handed,170.0,USA,us,1967-09-25,1638
101238,Andres Vysand,Right-Handed,180.0,GER,de,1966-04-02,1639
101129,Andrew Lobb,Right-Handed,180.0,NZL,nz,1965-04-29,1640
F0DM,Arthur Fery,Right-Handed,175.0,GBR,gb,2002-07-12,1641
101045,Craig Boynton,Right-Handed,183.0,USA,us,1964-07-04,1642
100759,Danie Visser,Left-Handed,180.0,RSA,za,1961-08-31,1643
101868,Dick Norman,Left-Handed,203.0,BEL,be,1971-04-03,1644
106420,Gianluigi Quinzi,Left-Handed,191.0,ITA,it,1996-02-25,1645
S0HR,Kasidit Samrej,Right-Handed,191.0,THA,th,2001-01-20,1646
101008,Peter Palandjian,Right-Handed,188.0,USA,us,1964-03-12,1647
GK06,Alexis Galarneau,Right-Handed,180.0,CAN,ca,1999-03-02,1648
106302,Andrew Harris,Right-Handed,183.0,AUS,au,1994-03-10,1649
101072,Brett Greenwood,Right-Handed,178.0,AUS,au,1964-11-08,1650
101637,Brian Roe,Left-Handed,193.0,AUS,au,1969-09-04,1651
103176,David Sanchez,Right-Handed,183.0,ESP,es,1978-05-04,1652
102002,Davide Scala,Right-Handed,180.0,ITA,it,1972-02-07,1653
103852,Feliciano Lopez,Left-Handed,188.0,ESP,es,1981-10-14,1654
100636,Gustavo Tiberti,Right-Handed,175.0,ARG,ar,1959-12-17,1655
102655,Jimy Szymanski,Right-Handed,175.0,VEN,ve,1975-10-05,1656
104019,Kristof Vliegen,Right-Handed,193.0,BEL,be,1982-07-09,1657
104467,Lamine Ouahab,Right-Handed,185.0,ALG,dz,1985-01-26,1658
101320,Magnus Gustafsson,Right-Handed,185.0,SWE,se,1967-01-04,1659
102251,Mariano Hood,Left-Handed,178.0,ARG,ar,1973-08-15,1660
K966,Martin Klizan,Left-Handed,191.0,SVK,sk,1989-07-11,1661
101050,Martin Laurendeau,Right-Handed,190.0,CAN,ca,1964-07-20,1662
103582,Michael Berrer,Left-Handed,193.0,GER,de,1980-08-05,1663
101746,Renzo Furlan,Right-Handed,175.0,ITA,it,1970-06-08,1664
CF59,Roberto Carballes Baena,Right-Handed,183.0,ESP,es,1993-03-24,1665
100640,Stefan Simonsson,Right-Handed,175.0,SWE,se,1960-02-03,1666
101299,Sven Salumaa,Right-Handed,196.0,USA,us,1966-11-26,1667
105065,Tim Smyczek,Right-Handed,175.0,USA,us,1988-01-28,1668
103163,Tommy Haas,Right-Handed,188.0,GER,de,1978-04-13,1669
103060,Alejandro Hernandez,Right-Handed,180.0,MEX,mx,1977-11-04,1670
100652,Cassio Motta,Right-Handed,180.0,BRA,br,1960-03-27,1671
100699,Chris Johnstone,Right-Handed,175.0,AUS,au,1960-10-15,1672
105930,Daniel Kosakowski,Right-Handed,185.0,USA,us,1992-03-06,1673
101888,Daniel Vacek,Right-Handed,190.0,CZE,cz,1971-05-04,1674
100853,Dong Wook Song,Left-Handed,175.0,KOR,kr,1962-09-12,1675
BK24,Gregoire Barrere,Right-Handed,183.0,FRA,fr,1994-02-16,1676
106105,Guilherme Clezar,Right-Handed,183.0,BRA,br,1993-01-21,1677
100918,Harald Rittersbacher,Right-Handed,188.0,GER,de,1963-05-26,1678
100073,Mark Cox,Left-Handed,185.0,GBR,gb,1943-07-09,1679
101267,Michael Oberleitner,Right-Handed,190.0,AUT,at,1966-08-05,1680
101113,Michael Westphal,Right-Handed,190.0,GER,de,1965-02-24,1681
Y268,Mikael Ymer,Right-Handed,185.0,SWE,se,1998-09-09,1682
100667,Per Hjertquist,Right-Handed,183.0,SWE,se,1960-04-24,1683
106053,Philip Davydenko,Right-Handed,183.0,RUS,ru,1992-09-18,1684
100603,Roland Stadler,Unknown,178.0,SUI,ch,1959-07-01,1685
100702,Sean Brawley,Right-Handed,178.0,USA,us,1960-11-23,1686
102235,Tommy Ho,Left-Handed,183.0,USA,us,1973-07-06,1687
103812,Victor Hanescu,Right-Handed,198.0,ROU,ro,1981-08-05,1688
RH16,Casper Ruud,Right-Handed,183.0,NOR,no,1998-12-23,1689
202130,Emil Reinberg,Right-Handed,188.0,USA,us,1997-05-11,1690
101716,Javier Molina,Right-Handed,178.0,ESP,es,1970-03-31,1691
104816,Karan Rastogi,Right-Handed,178.0,IND,in,1986-10-20,1692
101248,Pat Crow,Right-Handed,188.0,USA,us,1966-04-16,1693
106031,Raymond Sarmiento,Right-Handed,178.0,USA,us,1992-08-19,1694
100015,Sammy Giammalva,Right-Handed,180.0,USA,us,1934-09-01,1695
101383,Stephane Sansoni,Right-Handed,180.0,FRA,fr,1967-09-12,1696
104121,Tobias Summerer,Right-Handed,185.0,GER,de,1983-03-02,1697
Z0CQ,Yi Zhou,Right-Handed,193.0,CHN,cn,2005-03-22,1698
104494,Adrian Ungur,Right-Handed,178.0,ROU,ro,1985-02-03,1699
105528,Alexander Ward,Right-Handed,185.0,GBR,gb,1990-05-28,1700
123768,Collin Altamirano,Right-Handed,188.0,USA,us,1995-12-15,1701
104813,Grega Zemlja,Right-Handed,183.0,SLO,si,1986-10-30,1702
126627,Johan Nikles,Right-Handed,173.0,SUI,ch,1997-04-10,1703
102202,Kenneth Carlsen,Left-Handed,190.0,DEN,dk,1973-05-14,1704
103435,Massimo Dellacqua,Right-Handed,193.0,ITA,it,1979-10-04,1705
104822,N Vijay Sundar Prashanth,Right-Handed,178.0,IND,in,1986-11-30,1706
103339,Wesley Whitehouse,Left-Handed,190.0,RSA,za,1979-04-11,1707
105060,Aldin Setkic,Right-Handed,191.0,BIH,ba,1987-12-29,1708
100651,Alejandro Ganzabal,Right-Handed,180.0,ARG,ar,1960-03-03,1709
100911,Dominik Guido Utzinger,Right-Handed,193.0,SUI,ch,1963-04-15,1710
101017,Gap Taik Ro,Right-Handed,173.0,KOR,kr,1964-04-10,1711
103003,Jean Francois Bachelot,Right-Handed,183.0,FRA,fr,1977-06-24,1712
102472,Marcello Craca,Right-Handed,180.0,GER,de,1974-10-30,1713
100690,Marco Armellini,Right-Handed,188.0,ITA,it,1960-08-20,1714
101341,Pablo Albano,Right-Handed,178.0,ARG,ar,1967-04-17,1715
100751,Roberto Saad,Right-Handed,185.0,ARG,ar,1961-06-15,1716
104628,Alexander Kudryavtsev,Right-Handed,183.0,RUS,ru,1985-11-21,1717
103794,Benjamin Becker,Right-Handed,178.0,GER,de,1981-07-08,1718
207352,Bu Yunchaokete,Right-Handed,185.0,CHN,cn,2002-02-22,1719
102010,Clinton Marsh,Right-Handed,188.0,RSA,za,1972-02-22,1720
105066,Grzegorz Panfil,Left-Handed,183.0,POL,pl,1988-01-30,1721
101321,Juan Carlos Baguena,Right-Handed,183.0,ESP,es,1967-01-31,1722
103047,Julien Varlet,Right-Handed,180.0,FRA,fr,1977-09-13,1723
100358,Mike Fishbach,Right-Handed,180.0,USA,us,1954-12-20,1724
101536,Murphy Jensen,Left-Handed,193.0,USA,us,1968-11-03,1725
101211,Otis Smith,Left-Handed,180.0,USA,us,1965-12-13,1726
100664,Stephan Medem,Left-Handed,185.0,SUI,ch,1960-04-13,1727
104810,Zhe Li,Right-Handed,183.0,CHN,cn,1986-10-27,1728
122554,David Jorda Sanchis,Right-Handed,198.0,ESP,es,1994-07-21,1729
122548,Edan Leshem,Right-Handed,183.0,ISR,il,1997-03-28,1730
104471,Ivan Dodig,Right-Handed,183.0,CRO,hr,1985-01-16,1731
100675,John Mccurdy,Right-Handed,188.0,AUS,au,1960-05-25,1732
101263,Luke Jensen,Ambidextrous,190.0,USA,us,1966-07-10,1733
103894,Phillip King,Right-Handed,175.0,USA,us,1982-01-12,1734
102071,Robert Janecek,Right-Handed,183.0,CAN,ca,1972-07-09,1735
102585,Sebastian Prieto,Right-Handed,180.0,ARG,ar,1975-05-31,1736
KH56,Zdenek Kolar,Right-Handed,183.0,CZE,cz,1996-10-10,1737
101391,Carl Uwe Steeb,Left-Handed,180.0,GER,de,1967-09-16,1738
101107,Charles Merzbacher,Right-Handed,185.0,USA,us,1965-02-22,1739
100483,Christophe Casa,Right-Handed,178.0,FRA,fr,1957-06-22,1740
100932,Denys Maasdorp,Right-Handed,183.0,RSA,za,1963-07-03,1741
C0NN,Gianluca Cadenasso,Right-Handed,175.0,ITA,it,2004-09-29,1742
104619,Jesse Huta Galung,Right-Handed,188.0,NED,nl,1985-10-23,1743
102607,Juan Balcells,Right-Handed,190.0,ESP,es,1975-07-07,1744
100520,Juan Farrow,Right-Handed,180.0,USA,us,1958-01-19,1745
R09X,Jurij Rodionov,Left-Handed,191.0,AUT,at,1999-05-17,1746
KE29,Karen Khachanov,Right-Handed,198.0,RUS,ru,1996-05-22,1747
MK66,Mackenzie McDonald,Right-Handed,178.0,USA,us,1995-04-17,1748
104021,Marco Mirnegg,Right-Handed,180.0,AUT,at,1982-07-29,1749
103239,Marcus Sarstrand,Right-Handed,183.0,SWE,se,1978-08-13,1750
105051,Matthew Ebden,Right-Handed,188.0,AUS,au,1987-12-06,1751
106214,Oscar Otte,Right-Handed,193.0,GER,de,1993-07-24,1752
105149,Reda El Amrani,Right-Handed,185.0,MAR,ma,1988-06-22,1753
126152,Ryan Shane,Right-Handed,193.0,USA,us,1994-05-14,1754
DH58,Alex de Minaur,Right-Handed,183.0,AUS,au,1999-02-17,1755
101354,Andrew Sznajder,Right-Handed,175.0,CAN,ca,1967-06-18,1756
102410,David Caldwell,Right-Handed,180.0,USA,us,1974-07-09,1757
101866,David Rikl,Left-Handed,178.0,CZE,cz,1971-04-02,1758
105262,Fernando Romboli,Right-Handed,180.0,BRA,br,1989-02-07,1759
D994,James Duckworth,Right-Handed,183.0,AUS,au,1992-01-21,1760
103178,Johan Settergren,Right-Handed,185.0,SWE,se,1978-04-26,1761
104651,Martin Alund,Right-Handed,183.0,ARG,ar,1986-01-05,1762
101876,Massimo Ardinghi,Right-Handed,175.0,ITA,it,1971-03-09,1763
100185,Patrick Proisy,Right-Handed,180.0,FRA,fr,1949-09-20,1764
100574,Peter Rennert,Left-Handed,185.0,USA,us,1959-01-06,1765
105432,Prajnesh Gunneswaran,Left-Handed,188.0,IND,in,1989-11-19,1766
103523,Rohan Bopanna,Right-Handed,193.0,IND,in,1980-03-29,1767
109734,Skander Mansouri,Right-Handed,193.0,TUN,tn,1995-07-31,1768
100157,Stanley Pasarell,Right-Handed,185.0,USA,us,1948-03-01,1769
101789,Steve Bryan,Right-Handed,178.0,USA,us,1970-08-12,1770
100757,Anders Jarryd,Right-Handed,180.0,SWE,se,1961-08-14,1771
100367,Belus Prajoux,Right-Handed,170.0,CHI,cl,1955-03-19,1772
102811,Dusan Vemic,Right-Handed,190.0,SRB,rs,1976-06-29,1773
100836,Glenn Michibata,Right-Handed,175.0,CAN,ca,1962-07-19,1774
101513,John Stimpson,Right-Handed,183.0,USA,us,1968-09-09,1775
123896,Matija Pecotic,Left-Handed,185.0,CRO,hr,1989-07-09,1776
100681,Morris Skip Strode,Right-Handed,193.0,USA,us,1960-07-06,1777
101626,Stephen Noteboom,Right-Handed,185.0,NED,nl,1969-09-04,1778
108374,Thierry Bernasconi,Right-Handed,188.0,FRA,fr,1950-09-21,1779
100325,Ulrich Pinner,Right-Handed,178.0,GER,de,1954-02-22,1780
103505,Vasilis Mazarakis,Right-Handed,178.0,GRE,gr,1980-03-06,1781
100360,Brian Teacher,Right-Handed,190.0,USA,us,1954-12-26,1782
101901,Chuck Adams,Right-Handed,185.0,USA,us,1971-05-10,1783
101366,David Macpherson,Left-Handed,175.0,AUS,au,1967-07-20,1784
103204,Hugo Armando,Right-Handed,183.0,USA,us,1978-06-27,1785
102026,Jan Kodes Jr,Right-Handed,178.0,CZE,cz,1972-04-02,1786
101158,John Frawley,Right-Handed,173.0,AUS,au,1965-07-23,1787
105357,John Millman,Right-Handed,183.0,AUS,au,1989-07-18,1788
104719,Marcel Granollers,Right-Handed,191.0,ESP,es,1986-04-23,1789
103017,Nicolas Kiefer,Right-Handed,183.0,GER,de,1977-07-28,1790
103917,Nicolas Mahut,Right-Handed,191.0,FRA,fr,1982-01-22,1791
100372,Trey Waltke,Right-Handed,173.0,USA,us,1955-04-18,1792
102263,Yong Il Yoon,Right-Handed,175.0,KOR,kr,1973-10-01,1793
102413,Andy Zingman,Right-Handed,183.0,ARG,ar,1974-06-17,1794
102179,Antony Dupuis,Right-Handed,185.0,FRA,fr,1973-03-21,1795
100438,Carlos Gattiker,Right-Handed,175.0,ARG,ar,1956-06-28,1796
F510,Fabio Fognini,Right-Handed,178.0,ITA,it,1987-05-24,1797
101048,Francisco Maciel,Right-Handed,185.0,MEX,mx,1964-07-30,1798
105655,Hiroki Moriya,Right-Handed,168.0,JPN,jp,1990-11-09,1799
100087,John Newcombe,Right-Handed,183.0,AUS,au,1944-05-27,1800
103841,Julio Peralta,Right-Handed,188.0,CHI,cl,1981-09-17,1801
101371,Malcolm Allen,Right-Handed,178.0,USA,us,1967-07-18,1802
102306,Michael Kohlmann,Right-Handed,188.0,GER,de,1974-01-16,1803
104960,Miguel Angel Reyes Varela,Right-Handed,175.0,MEX,mx,1987-07-21,1804
100922,Roberto Arguello,Unknown,173.0,ARG,ar,1963-05-24,1805
100084,Tom Okker,Right-Handed,178.0,NED,nl,1944-03-28,1806
BU13,Zizou Bergs,Right-Handed,185.0,BEL,be,1999-06-03,1807
105678,Axel Michon,Left-Handed,176.0,FRA,fr,1991-01-01,1808
100332,Balazs Taroczy,Right-Handed,183.0,HUN,hu,1954-05-23,1809
100379,Craig Edwards,Right-Handed,175.0,USA,us,1955-06-03,1810
101237,Danilo Marcelino,Right-Handed,193.0,BRA,br,1966-03-28,1811
101117,Eric Jelen,Right-Handed,180.0,GER,de,1965-03-30,1812
104076,Jose Acasuso,Right-Handed,190.0,ARG,ar,1982-10-28,1813
100300,Jose Higueras,Right-Handed,178.0,ESP,es,1953-04-02,1814
105223,Juan Martin del Potro,Right-Handed,198.0,ARG,ar,1988-10-21,1815
102694,Lars Burgsmuller,Right-Handed,183.0,GER,de,1975-12-21,1816
104022,Mikhail Youzhny,Right-Handed,183.0,RUS,ru,1982-07-06,1817
101178,Pieter Aldrich,Right-Handed,180.0,RSA,za,1965-10-08,1818
101059,Richard Vogel,Right-Handed,193.0,CZE,cz,1964-09-03,1819
101189,Stefan Lochbihler,Right-Handed,180.0,AUT,at,1965-11-01,1820
104219,Stephane Bohli,Right-Handed,185.0,SUI,ch,1983-08-29,1821
102373,Toshiaki Sakai,Left-Handed,175.0,JPN,jp,1974-04-10,1822
102614,Victor Sendin,Right-Handed,175.0,ESP,es,1975-07-19,1823
101606,Alberto Mancini,Right-Handed,180.0,ARG,ar,1969-06-08,1824
134472,Antoine Bellier,Left-Handed,196.0,SUI,ch,1996-10-19,1825
M0C2,Dan Martin,Right-Handed,175.0,CAN,ca,1999-05-09,1826
106167,Joris De Loore,Right-Handed,191.0,BEL,be,1993-05-21,1827
100839,Laird Dunlop,Right-Handed,180.0,CAN,ca,1962-07-07,1828
101360,Mark Keil,Right-Handed,185.0,USA,us,1967-06-11,1829
101578,Markus Rackl,Left-Handed,180.0,GER,de,1969-03-10,1830
111156,Nathan Pasha,Right-Handed,191.0,USA,us,1992-07-21,1831
100965,Peter Ballauff,Right-Handed,188.0,GER,de,1963-10-12,1832
VA08,Andrea Vavassori,Right-Handed,193.0,ITA,it,1995-05-04,1833
BM95,Benjamin Bonzi,Right-Handed,183.0,FRA,fr,1996-06-10,1834
103900,David Nalbandian,Right-Handed,180.0,ARG,ar,1982-01-07,1835
106233,Dominic Thiem,Right-Handed,185.0,AUT,at,1993-09-15,1836
101423,John Boytim,Right-Handed,175.0,USA,us,1968-01-22,1837
101715,Jose Antonio Pepe Conde,Right-Handed,175.0,ESP,es,1970-03-21,1838
101473,Jozsef Krocsko,Right-Handed,180.0,HUN,hu,1968-05-26,1839
101044,Mark Ozer,Right-Handed,196.0,USA,us,1964-07-21,1840
D0L3,Matej Dodig,Right-Handed,188.0,CRO,hr,2005-07-19,1841
104597,Nicolas Almagro,Right-Handed,183.0,ESP,es,1985-08-29,1842
105677,Nikola Cacic,Right-Handed,183.0,SRB,rs,1990-12-12,1843
101990,Richard Krajicek,Right-Handed,196.0,NED,nl,1971-12-16,1844
100908,Tobias Svantesson,Right-Handed,193.0,SWE,se,1963-04-13,1845
117353,Duck Hee Lee,Right-Handed,175.0,KOR,kr,1998-06-07,1846
100671,Guillermo Stevens,Right-Handed,180.0,MEX,mx,1960-04-27,1847
106292,Hernan Casanova,Right-Handed,178.0,ARG,ar,1994-03-01,1848
100825,Hugo Chapacu,Right-Handed,178.0,PAR,py,1962-06-07,1849
100938,Jaromir Becka,Right-Handed,175.0,GER,de,1963-07-18,1850
100950,Libor Pimek,Right-Handed,196.0,BEL,be,1963-09-03,1851
101441,Martin Sinner,Right-Handed,180.0,GER,de,1968-02-29,1852
105427,Milos Sekulic,Right-Handed,178.0,SWE,se,1989-11-20,1853
144973,Santiago Fa Rodriguez Taverna,Right-Handed,191.0,ARG,ar,1999-08-05,1854
WB08,Yosuke Watanuki,Right-Handed,180.0,JPN,jp,1998-04-13,1855
100978,Andrew Castle,Right-Handed,190.0,GBR,gb,1963-11-16,1856
100186,Jeff Borowiak,Right-Handed,193.0,USA,us,1949-10-05,1857
102035,Jonas Bjorkman,Right-Handed,183.0,SWE,se,1972-04-07,1858
111187,Kaichi Uchida,Right-Handed,180.0,JPN,jp,1994-08-28,1859
210013,Martin Damm Sr,Right-Handed,188.0,CZE,cz,1972-08-20,1860
104453,Michael Ryderstedt,Left-Handed,188.0,SWE,se,1984-12-03,1861
100076,Milan Holecek,Right-Handed,190.0,CZE,cz,1943-11-06,1862
100356,Paul Mcnamee,Right-Handed,178.0,AUS,au,1954-12-06,1863
105166,Peter Polansky,Right-Handed,180.0,CAN,ca,1988-06-29,1864
101802,Ramayah Ramachandran,Right-Handed,160.0,MAS,my,1970-09-28,1865
100029,Rod Laver,Left-Handed,173.0,AUS,au,1938-08-11,1866
100445,Steve Denton,Right-Handed,188.0,USA,us,1956-09-24,1867
105161,Yann Marti,Right-Handed,173.0,SUI,ch,1988-06-12,1868
W09E,Adam Walton,Right-Handed,183.0,AUS,au,1999-04-17,1869
BK92,Alexander Bublik,Right-Handed,196.0,KAZ,kz,1997-06-18,1870
102104,Christian Ruud,Right-Handed,188.0,NOR,no,1972-09-15,1871
100655,Fritz Buehning,Right-Handed,196.0,USA,us,1960-03-12,1872
100656,Ivan Lendl,Right-Handed,188.0,USA,us,1960-04-05,1873
100844,Jerome Potier,Left-Handed,180.0,FRA,fr,1962-08-05,1874
102146,Jordi Burillo,Right-Handed,188.0,ESP,es,1973-01-07,1875
103781,Jurgen Melzer,Left-Handed,183.0,AUT,at,1981-05-29,1876
100313,Keith Richardson,Right-Handed,185.0,USA,us,1953-08-24,1877
101639,Lan Bale,Right-Handed,175.0,RSA,za,1969-10-06,1878
104897,Matthias Bachinger,Right-Handed,188.0,GER,de,1987-04-26,1879
104027,Pablo Gonzalez,Right-Handed,178.0,COL,co,1982-07-31,1880
105113,Patrik Rosenholm,Right-Handed,178.0,SWE,se,1988-03-08,1881
104171,Richard Bloomfield,Right-Handed,185.0,GBR,gb,1983-05-29,1882
H0BH,Rinky Hijikata,Right-Handed,178.0,AUS,au,2001-02-24,1883
101745,Roberto Jabali,Right-Handed,190.0,BRA,br,1970-05-29,1884
105590,Uladzimir Ignatik,Right-Handed,183.0,BLR,by,1990-08-11,1885
106234,Aslan Karatsev,Right-Handed,185.0,RUS,ru,1993-09-08,1886
104548,Brian Baker,Right-Handed,190.0,USA,us,1985-05-12,1887
100815,David Pate,Right-Handed,183.0,USA,us,1962-05-17,1888
L987,Dusan Lajovic,Right-Handed,183.0,SRB,rs,1990-07-01,1889
105015,Franko Skugor,Right-Handed,196.0,CRO,hr,1987-10-25,1890
100863,Gustavo Luza,Right-Handed,185.0,ARG,ar,1962-10-18,1891
109795,Keith Carpenter,Right-Handed,188.0,CAN,ca,1941-08-07,1892
100864,Martin Wostenholme,Right-Handed,183.0,CAN,ca,1962-10-17,1893
117352,Oliver Anderson,Right-Handed,175.0,AUS,au,1998-05-30,1894
100519,Scott Mccain,Right-Handed,180.0,USA,us,1958-02-01,1895
100116,Sherwood Stewart,Right-Handed,188.0,USA,us,1946-06-26,1896
102238,Alberto Berasategui,Right-Handed,173.0,ESP,es,1973-07-06,1897
126206,Alex Rybakov,Left-Handed,185.0,USA,us,1997-02-06,1898
104158,Andrew Anderson,Right-Handed,193.0,RSA,za,1983-04-17,1899
106425,Blake Mott,Right-Handed,180.0,AUS,au,1996-05-22,1900
101000,Carl Limberger,Right-Handed,170.0,AUS,au,1964-02-28,1901
101829,Federico Sanchez,Right-Handed,168.0,ESP,es,1970-12-10,1902
103292,Gaston Gaudio,Right-Handed,175.0,ARG,ar,1979-01-10,1903
100417,Hans Gildemeister,Right-Handed,183.0,CHI,cl,1956-02-18,1904
111577,Jared Donaldson,Right-Handed,188.0,USA,us,1996-11-14,1905
102968,Jonathan Erlich,Right-Handed,180.0,ISR,il,1977-04-29,1906
104623,Josh Goodall,Right-Handed,188.0,GBR,gb,1985-11-19,1907
103863,Mikhail Elgin,Right-Handed,183.0,RUS,ru,1981-10-23,1908
102433,Mose Navarra,Left-Handed,180.0,ITA,it,1974-07-20,1909
102143,Nicolas Thomann,Right-Handed,183.0,FRA,fr,1973-01-04,1910
D0D4,Stefan Dostanic,Right-Handed,188.0,USA,us,2001-11-06,1911
ME82,Adrian Mannarino,Left-Handed,180.0,FRA,fr,1988-06-30,1912
TE16,Carlos Taberner,Right-Handed,183.0,ESP,es,1997-08-08,1913
100878,Christoph Zipf,Right-Handed,185.0,GER,de,1962-12-26,1914
101598,Eduardo Velez,Right-Handed,175.0,MEX,mx,1969-05-11,1915
102477,Gaston Etlis,Right-Handed,185.0,ARG,ar,1974-11-20,1916
102369,Julien Boutter,Right-Handed,190.0,FRA,fr,1974-04-10,1917
101224,Kenny Thorne,Right-Handed,188.0,USA,us,1966-02-13,1918
102152,Pablo Campana,Right-Handed,180.0,ECU,ec,1973-01-17,1919
100901,Paul Annacone,Right-Handed,185.0,USA,us,1963-04-19,1920
104692,Alexander Slabinsky,Right-Handed,185.0,GBR,gb,1986-03-31,1921
E865,Christopher Eubanks,Right-Handed,201.0,USA,us,1996-05-05,1922
103851,Conor Niland,Right-Handed,185.0,IRL,ie,1981-10-05,1923
102567,George Bastl,Right-Handed,183.0,SUI,ch,1975-05-01,1924
127123,Mateus Alves,Right-Handed,193.0,BRA,br,2001-02-20,1925
100935,Michael Robertson,Right-Handed,185.0,USA,us,1963-07-03,1926
111453,Mikael Torpegaard,Right-Handed,193.0,DEN,dk,1994-05-29,1927
102961,Nicklas Timfjord,Right-Handed,180.0,SWE,se,1977-03-23,1928
103786,Nikolay Davydenko,Right-Handed,178.0,RUS,ru,1981-07-02,1929
101632,Per Henricsson,Right-Handed,190.0,SWE,se,1969-09-03,1930
101476,Rolf Hertzog,Right-Handed,178.0,SUI,ch,1968-05-29,1931
100544,Tony Mmoh,Right-Handed,178.0,NGR,ng,1958-07-19,1932
104629,Adrian Menendez Maceiras,Right-Handed,185.0,ESP,es,1985-11-13,1933
102180,Charles Auffray,Right-Handed,183.0,FRA,fr,1973-03-05,1934
P0HW,Dino Prizmic,Right-Handed,188.0,CRO,hr,2005-08-05,1935
100764,Gabriel Urpi,Right-Handed,173.0,ESP,es,1961-08-19,1936
102856,Gustavo Kuerten,Right-Handed,190.0,BRA,br,1976-09-12,1937
102219,Juan Garat,Right-Handed,180.0,ARG,ar,1973-05-26,1938
102405,Mahesh Bhupathi,Right-Handed,185.0,IND,in,1974-07-02,1939
101956,Mark Knowles,Right-Handed,190.0,BAH,bs,1971-09-21,1940
D0I5,Max Dahlin,Right-Handed,188.0,SWE,se,2005-12-27,1941
101502,Torben Theine,Left-Handed,183.0,GER,de,1968-07-14,1942
B0EJ,Tristan Boyer,Right-Handed,188.0,USA,us,2001-04-22,1943
101865,Albert Chang,Right-Handed,183.0,CAN,ca,1971-03-26,1944
126523,Bernabe Zapata Miralles,Right-Handed,183.0,ESP,es,1997-01-27,1945
104717,Brendan Evans,Right-Handed,188.0,USA,us,1986-04-09,1946
100773,Brian Joelson,Right-Handed,183.0,USA,us,1961-10-09,1947
104738,Caio Zampieri,Right-Handed,183.0,BRA,br,1986-06-26,1948
HB48,Calvin Hemery,Right-Handed,191.0,FRA,fr,1995-01-28,1949
101377,Christian Bergstrom,Right-Handed,180.0,SWE,se,1967-08-15,1950
101096,Gary Muller,Left-Handed,190.0,RSA,za,1965-01-20,1951
105589,Gerald Melzer,Left-Handed,188.0,AUT,at,1990-07-25,1952
101733,Jan Siemerink,Left-Handed,183.0,NED,nl,1970-05-03,1953
207797,Jonas Forejtek,Right-Handed,183.0,CZE,cz,2001-04-05,1954
200218,Mate Valkusz,Right-Handed,183.0,HUN,hu,1998-08-22,1955
104655,Pablo Cuevas,Right-Handed,180.0,URU,uy,1986-02-03,1956
105376,Peter Gojowczyk,Right-Handed,188.0,GER,de,1989-07-24,1957
100058,Roger Taylor,Left-Handed,183.0,GBR,gb,1941-11-11,1958
109823,Ron Holmberg,Right-Handed,185.0,USA,us,1938-03-01,1959
101459,Tomas Nydahl,Right-Handed,185.0,SWE,se,1968-04-21,1960
MV14,Alex Molcan,Left-Handed,178.0,SVK,sk,1997-12-01,1961
102318,Andrei Pavel,Right-Handed,183.0,ROU,ro,1974-02-15,1962
HG94,Benjamin Hassan,Right-Handed,183.0,LBN,lb,1995-02-04,1963
101611,Cedric Pioline,Right-Handed,188.0,FRA,fr,1969-07-04,1964
104802,Fabrice Martin,Right-Handed,198.0,FRA,fr,1986-09-25,1965
M0GZ,Giovanni Mpetshi Perricard,Right-Handed,203.0,FRA,fr,2003-07-08,1966
103114,Martin Lee,Left-Handed,180.0,GBR,gb,1978-01-31,1967
R0KD,Mees Rottgering,Left-Handed,180.0,NED,nl,2007-07-08,1968
MW18,Nicolas Moreno De Alboran,Right-Handed,185.0,USA,us,1997-07-15,1969
101615,Otavio Della,Right-Handed,170.0,BRA,br,1969-07-01,1970
201470,Tian C Viljoen,Right-Handed,191.0,RSA,za,1961-05-17,1971
102381,Werner Eschauer,Right-Handed,188.0,AUT,at,1974-05-03,1972
106138,Yaraslav Shyla,Right-Handed,191.0,BLR,by,1993-03-22,1973
100653,Andres Gomez,Left-Handed,193.0,ECU,ec,1960-04-04,1974
104226,Bastian Knittel,Left-Handed,180.0,GER,de,1983-09-06,1975
102539,Bohdan Ulihrach,Right-Handed,188.0,CZE,cz,1975-03-08,1976
100986,Dacio Campos,Right-Handed,185.0,BRA,br,1964-01-02,1977
101180,Jose Clavet,Right-Handed,180.0,ESP,es,1965-10-07,1978
109908,Tom Brown,Right-Handed,185.0,USA,us,1922-11-02,1979
100951,Alessandro De Minicis,Right-Handed,175.0,ITA,it,1963-08-19,1980
100567,Chip Hooper,Right-Handed,198.0,USA,us,1958-11-04,1981
102574,Gabriel Trifu,Right-Handed,193.0,ROU,ro,1975-04-17,1982
106250,Luis Patino,Right-Handed,183.0,MEX,mx,1993-11-04,1983
M0XQ,Niels McDonald,Right-Handed,191.0,GER,de,2008-01-27,1984
101254,Peter Svensson,Left-Handed,183.0,SWE,se,1966-06-05,1985
TA12,Stefano Travaglia,Right-Handed,185.0,ITA,it,1991-12-28,1986
100884,Steve Shaw,Right-Handed,190.0,GBR,gb,1963-01-02,1987
102395,Ville Liukko,Right-Handed,173.0,FIN,fi,1974-06-18,1988
100928,Barry Moir,Right-Handed,180.0,RSA,za,1963-06-03,1989
101348,Dave Randall,Right-Handed,183.0,USA,us,1967-05-28,1990
101407,David Engel,Right-Handed,180.0,SWE,se,1967-10-28,1991
101142,Emilio Sanchez,Right-Handed,180.0,ESP,es,1965-06-27,1992
100456,Ferdi Taygan,Right-Handed,173.0,USA,us,1956-12-22,1993
106380,Gonzalo Villanueva,Right-Handed,175.0,ARG,ar,1995-01-31,1994
125802,Ilya Ivashka,Right-Handed,193.0,BLR,by,1994-02-27,1995
105596,Jan Satral,Right-Handed,185.0,CZE,cz,1990-08-30,1996
104932,Kenny De Schepper,Left-Handed,203.0,FRA,fr,1987-05-31,1997
105436,Markus Eriksson,Right-Handed,188.0,SWE,se,1989-12-13,1998
106368,Ramkumar Ramanathan,Right-Handed,188.0,IND,in,1994-12-15,1999
100120,Robert Maud,Right-Handed,180.0,RSA,za,1946-09-05,2000
SY67,Sho Shimabukuro,Right-Handed,180.0,JPN,jp,1997-07-31,2001
105874,Albano Olivetti,Right-Handed,203.0,FRA,fr,1991-12-28,2002
100055,Cliff Drysdale,Right-Handed,188.0,RSA,za,1941-06-24,2003
101609,David Wheaton,Right-Handed,193.0,USA,us,1969-06-03,2004
103813,Jarkko Nieminen,Left-Handed,185.0,FIN,fi,1981-08-07,2005
M0ON,Johannus Monday,Left-Handed,198.0,GBR,gb,2002-01-23,2006
100294,Rejean Genois,Right-Handed,175.0,CAN,ca,1953-01-02,2007
100573,Ron Hightower,Right-Handed,185.0,USA,us,1958-12-17,2008
103105,Ruben Ramirez Hidalgo,Right-Handed,183.0,ESP,es,1978-01-24,2009
125583,Tito Vazquez,Unknown,173.0,ARG,ar,1949-02-01,2010
T09X,Clement Tabur,Right-Handed,173.0,FRA,fr,2000-01-25,2011
100705,Erik Vant Hof,Right-Handed,188.0,USA,us,1960-11-18,2012
105960,Evan King,Left-Handed,185.0,USA,us,1992-04-11,2013
100323,Givaldo Barbosa,Right-Handed,183.0,BRA,br,1954-02-07,2014
100115,Jaime Fillol,Right-Handed,180.0,CHI,cl,1946-06-28,2015
S0AG,Jannik Sinner,Right-Handed,191.0,ITA,it,2001-08-17,2016
L0BV,Jiri Lehecka,Right-Handed,185.0,CZE,cz,2001-11-10,2017
103270,Kristian Capalik,Right-Handed,188.0,USA,us,1978-10-22,2018
105270,Maxime Teixeira,Right-Handed,188.0,FRA,fr,1989-01-25,2019
105633,Mohamed Safwat,Right-Handed,180.0,EGY,eg,1990-10-08,2020
104332,Philipp Petzschner,Right-Handed,185.0,GER,de,1984-04-29,2021
B0D6,Taha Baadi,Right-Handed,183.0,MAR,ma,2001-07-19,2022
100846,Ted Farnsworth,Right-Handed,188.0,USA,us,1962-07-31,2023
101125,Ville Jansson,Right-Handed,183.0,SWE,se,1965-05-05,2024
102081,Brett Hansen Dent,Right-Handed,183.0,USA,us,1972-07-22,2025
101681,Chris Wilkinson,Right-Handed,180.0,GBR,gb,1970-01-26,2026
102212,Corrado Borroni,Right-Handed,185.0,ITA,it,1973-05-14,2027
SM37,Diego Schwartzman,Right-Handed,170.0,ARG,ar,1992-08-17,2028
207213,Duje Ajdukovic,Right-Handed,188.0,CRO,hr,2001-02-22,2029
D0C1,Jesper de Jong,Right-Handed,180.0,NED,nl,2000-06-01,2030
100939,Joey Rive,Left-Handed,185.0,USA,us,1963-07-08,2031
102339,Kris Goossens,Right-Handed,180.0,BEL,be,1974-03-23,2032
100517,Matt Doyle,Right-Handed,193.0,USA,us,1958-02-17,2033
A0K3,Nicolas Arseneault,Left-Handed,183.0,CAN,ca,2007-01-18,2034
102090,Ofer Sela,Right-Handed,188.0,ISR,il,1972-08-04,2035
208300,Omni Kumar,Left-Handed,173.0,USA,us,2001-11-01,2036
104330,Rajeev Ram,Right-Handed,193.0,USA,us,1984-03-30,2037
100909,Stefan Heckmanns,Right-Handed,193.0,GER,de,1963-05-09,2038
100127,Tom Gorman,Right-Handed,180.0,USA,us,1946-01-31,2039
101493,Christian Weis,Right-Handed,180.0,GER,de,1968-07-22,2040
103718,David Martin,Left-Handed,185.0,USA,us,1981-03-25,2041
110596,Fred Simonsson,Right-Handed,188.0,SWE,se,1994-12-05,2042
104851,Gianluca Naso,Right-Handed,193.0,ITA,it,1987-02-05,2043
100821,Hans Simonsson,Right-Handed,178.0,SWE,se,1962-05-04,2044
102788,Jan Vacek,Right-Handed,198.0,CZE,cz,1976-06-09,2045
100924,Jorge Lozano,Right-Handed,180.0,MEX,mx,1963-06-13,2046
103428,Juan Ignacio Chela,Right-Handed,190.0,ARG,ar,1979-09-07,2047
101584,Keith Evans,Right-Handed,188.0,USA,us,1969-03-27,2048
105001,Mao Xin Gong,Right-Handed,178.0,CHN,cn,1987-09-01,2049
K926,Mikhail Kukushkin,Right-Handed,183.0,KAZ,kz,1987-12-26,2050
100782,Pablo Arraya,Right-Handed,180.0,PER,pe,1961-10-30,2051
104295,Raphael Durek,Right-Handed,188.0,AUS,au,1984-02-12,2052
100285,Rod Frawley,Right-Handed,185.0,AUS,au,1952-09-09,2053
102863,Takao Suzuki,Right-Handed,175.0,JPN,jp,1976-10-05,2054
111107,Teimuraz Kakulia,Right-Handed,170.0,URS,ru,1947-05-29,2055
105888,Toni Androic,Right-Handed,168.0,CRO,hr,1992-01-19,2056
106397,Wishaya Trongcharoenchaikul,Right-Handed,193.0,THA,th,1995-05-01,2057
101647,Byron Black,Right-Handed,175.0,ZIM,zw,1969-10-09,2058
102845,Carlos Moya,Right-Handed,190.0,ESP,es,1976-08-27,2059
100868,Craig A Miller,Right-Handed,188.0,AUS,au,1962-10-30,2060
100819,Daniel Montes De Oca,Right-Handed,170.0,URU,uy,1962-05-03,2061
105100,Edward Corrie,Right-Handed,183.0,GBR,gb,1988-02-22,2062
101963,Emmanuel Marmillod,Left-Handed,180.0,SUI,ch,1971-09-14,2063
100957,Greg Holmes,Right-Handed,178.0,USA,us,1963-09-08,2064
101166,Gustavo Garetto,Right-Handed,190.0,ARG,ar,1965-08-27,2065
R0DG,Holger Rune,Right-Handed,188.0,DEN,dk,2003-04-29,2066
101372,Joey Blake,Right-Handed,178.0,USA,us,1967-08-12,2067
A0IY,Luis Carlos Alvarez,Right-Handed,175.0,MEX,mx,2004-09-03,2068
102945,Luke Bourgeois,Right-Handed,188.0,AUS,au,1977-03-22,2069
103082,Markus Hantschk,Right-Handed,188.0,GER,de,1977-11-29,2070
101561,Nicklas Utgren,Right-Handed,188.0,SWE,se,1969-02-13,2071
101779,Pavel Vizner,Right-Handed,183.0,CZE,cz,1970-07-17,2072
100998,Stuart Bale,Left-Handed,185.0,GBR,gb,1964-01-23,2073
100820,Thierry Pham,Right-Handed,178.0,FRA,fr,1962-05-14,2074
S0VM,Trevor Svajda,Right-Handed,175.0,USA,us,2006-04-20,2075
110235,Weller Evans,Right-Handed,178.0,USA,us,1954-11-25,2076
100280,Wojtek Fibak,Right-Handed,183.0,POL,pl,1952-09-15,2077
100422,Bruce Manson,Left-Handed,173.0,USA,us,1956-04-18,2078
S0GD,Dalibor Svrcina,Right-Handed,178.0,CZE,cz,2002-10-02,2079
101490,Daniel Orsanic,Left-Handed,183.0,ARG,ar,1968-07-06,2080
100624,Derek Tarr,Left-Handed,185.0,USA,us,1959-10-09,2081
100943,Girts Dzelde,Right-Handed,173.0,LAT,lv,1963-08-07,2082
111202,Hyeon Chung,Right-Handed,188.0,KOR,kr,1996-05-28,2083
102999,Stefano Galvani,Right-Handed,178.0,ITA,it,1977-06-26,2084
103230,Tasuku Iwami,Left-Handed,168.0,JPN,jp,1978-07-23,2085
103175,Toshihide Matsui,Right-Handed,180.0,JPN,jp,1978-05-01,2086
VA25,Valentin Vacherot,Right-Handed,193.0,MON,mc,1998-11-16,2087
126208,Yusuke Takahashi,Right-Handed,170.0,JPN,jp,1997-11-08,2088
TE30,Alejandro Tabilo,Left-Handed,188.0,CHI,cl,1997-06-03,2089
100931,Andrew Burrow,Right-Handed,178.0,RSA,za,1963-07-11,2090
M0CI,Fabian Marozsan,Right-Handed,193.0,HUN,hu,1999-10-08,2091
104392,Franco Ferreiro,Right-Handed,188.0,BRA,br,1984-08-06,2092
104424,Go Soeda,Right-Handed,178.0,JPN,jp,1984-10-07,2093
102979,Jeff Coetzee,Right-Handed,173.0,RSA,za,1977-05-12,2094
103209,Leonardo Azzaro,Left-Handed,188.0,ITA,it,1978-06-18,2095
100663,Marcel Freeman,Right-Handed,173.0,USA,us,1960-04-26,2096
121531,Mats Moraing,Left-Handed,198.0,GER,de,1992-06-30,2097
101112,Michele Fioroni,Right-Handed,180.0,ITA,it,1965-03-02,2098
102765,Nicolas Escude,Right-Handed,185.0,FRA,fr,1976-04-08,2099
101509,Patrick Flynn,Right-Handed,183.0,AUS,au,1968-09-01,2100
100259,Peter Feigl,Right-Handed,183.0,AUT,at,1951-12-30,2101
104071,Raven Klaasen,Right-Handed,178.0,RSA,za,1982-11-19,2102
103752,Simon Greul,Right-Handed,185.0,GER,de,1981-04-18,2103
109816,Vic Seixas,Right-Handed,185.0,USA,us,1923-10-01,2104
105216,Yuichi Sugita,Right-Handed,173.0,JPN,jp,1988-10-06,2105
104971,Blake Strode,Right-Handed,188.0,USA,us,1987-08-15,2106
105985,Darian King,Right-Handed,188.0,BAR,bb,1992-05-03,2107
105842,Di Wu,Right-Handed,175.0,CHN,cn,1991-09-23,2108
100090,Dick Crealy,Right-Handed,191.0,AUS,au,1944-10-24,2109
100231,Erik Van Dillen,Right-Handed,183.0,USA,us,1951-03-20,2110
101912,Felipe Rivera,Right-Handed,183.0,CHI,cl,1971-06-02,2111
105011,Illya Marchenko,Right-Handed,185.0,UKR,ua,1987-09-27,2112
202235,Jacopo Berrettini,Right-Handed,193.0,ITA,it,1998-12-16,2113
100158,John Bartlett,Right-Handed,188.0,AUS,au,1948-04-22,2114
100529,Kevin Curren,Right-Handed,185.0,USA,us,1958-03-30,2115
101969,Orlin Stanoytchev,Right-Handed,185.0,BUL,bg,1971-10-12,2116
104259,Philipp Kohlschreiber,Right-Handed,178.0,GER,de,1983-10-25,2117
C0JP,Raphael Collignon,Right-Handed,191.0,BEL,be,2002-01-14,2118
104068,Robby Ginepri,Right-Handed,183.0,USA,us,1982-10-30,2119
100134,Roy Barth,Right-Handed,175.0,USA,us,1947-03-31,2120
102417,Steven Baldas,Right-Handed,180.0,AUS,au,1974-07-06,2121
103252,Alberto Martin,Right-Handed,175.0,ESP,es,1978-08-21,2122
101926,Andrei Merinov,Left-Handed,183.0,RUS,ru,1971-06-29,2123
105180,Daniel Dutra Da Silva,Left-Handed,173.0,BRA,br,1988-07-25,2124
101717,Diego Nargiso,Left-Handed,188.0,ITA,it,1970-04-16,2125
104004,Filip Prpic,Right-Handed,173.0,SWE,se,1982-07-01,2126
101857,Jason Cask,Right-Handed,178.0,AUS,au,1971-02-19,2127
100151,Karl Coombes,Right-Handed,180.0,AUS,au,1948-01-22,2128
100415,Michael Grant,Right-Handed,178.0,USA,us,1956-02-10,2129
102087,Oleg Ogorodov,Right-Handed,193.0,UZB,uz,1972-08-03,2130
101279,Philippe Pech,Left-Handed,180.0,FRA,fr,1966-08-24,2131
100449,Stanislav Birner,Right-Handed,170.0,CZE,cz,1956-10-21,2132
104986,Vishnu Vardhan,Right-Handed,188.0,IND,in,1987-08-09,2133
100796,Ahmed El Mehelmy,Right-Handed,183.0,EGY,eg,1962-02-14,2134
V832,Aleksandar Vukic,Right-Handed,188.0,AUS,au,1996-04-06,2135
101334,Alexander Volkov,Left-Handed,188.0,RUS,ru,1967-03-30,2136
100026,Andres Gimeno,Right-Handed,185.0,ESP,es,1937-08-22,2137
102791,Bobby Kokavec,Right-Handed,190.0,CAN,ca,1976-05-21,2138
102881,David Skoch,Right-Handed,183.0,CZE,cz,1976-12-09,2139
100620,Eduardo Osta,Left-Handed,160.0,ESP,es,1959-09-25,2140
103084,Guillermo Canas,Right-Handed,185.0,ARG,ar,1977-12-07,2141
100630,Gustavo Guerrero,Left-Handed,180.0,ARG,ar,1959-11-16,2142
103248,Harel Levy,Right-Handed,185.0,ISR,il,1978-09-09,2143
100674,Jeff Turpin,Right-Handed,188.0,USA,us,1960-06-10,2144
100771,Kelvin Belcher,Right-Handed,185.0,USA,us,1961-09-26,2145
106362,Laurent Lokoli,Right-Handed,188.0,FRA,fr,1994-10-21,2146
101546,Mike Brown,Right-Handed,183.0,USA,us,1968-12-31,2147
O522,Reilly Opelka,Right-Handed,211.0,USA,us,1997-08-29,2148
102227,Sargis Sargsian,Right-Handed,180.0,ARM,am,1973-06-17,2149
S0KT,Stefanos Sakellaridis,Right-Handed,198.0,GRE,gr,2004-09-14,2150
100243,Steve Krulevitz,Right-Handed,175.0,USA,us,1951-06-18,2151
101574,Alejandro Aramburu,Right-Handed,175.0,PER,pe,1969-03-14,2152
101805,David Nainkin,Right-Handed,183.0,RSA,za,1970-10-26,2153
101890,Jonathan Stark,Right-Handed,188.0,USA,us,1971-04-07,2154
100871,Laurie Warder,Right-Handed,183.0,AUS,au,1962-11-05,2155
104091,Miguel Angel Lopez Jaen,Right-Handed,188.0,ESP,es,1982-12-31,2156
100518,Ricardo Acuna,Right-Handed,175.0,CHI,cl,1958-01-18,2157
100831,Rick Rudeen,Right-Handed,188.0,USA,us,1962-07-01,2158
111515,Thai Son Kwiatkowski,Right-Handed,188.0,USA,us,1995-02-20,2159
R772,Albert Ramos-Vinolas,Left-Handed,188.0,ESP,es,1988-01-18,2160
101463,Bernd Karbacher,Right-Handed,185.0,GER,de,1968-05-05,2161
100639,Blaine Willenborg,Right-Handed,170.0,USA,us,1960-01-07,2162
100876,Bong Soo Kim,Right-Handed,180.0,KOR,kr,1962-12-23,2163
V812,Botic Van De Zandschulp,Right-Handed,191.0,NED,nl,1995-10-05,2164
101242,Brad Pearce,Right-Handed,175.0,USA,us,1966-04-23,2165
100069,Dennis Ralston,Right-Handed,188.0,USA,us,1942-08-15,2166
126149,Gianluca Mager,Right-Handed,188.0,ITA,it,1994-12-26,2167
104592,Ilija Bozoljac,Right-Handed,193.0,SRB,rs,1985-09-08,2168
K0EP,Jerome Kym,Right-Handed,198.0,SUI,ch,2003-02-13,2169
102458,Jim Thomas,Right-Handed,193.0,USA,us,1974-10-02,2170
102076,Mark Merklein,Right-Handed,188.0,BAH,bs,1972-07-25,2171
A0FC,Matteo Arnaldi,Right-Handed,185.0,ITA,it,2001-02-22,2172
J551,Nicolas Jarry,Right-Handed,201.0,CHI,cl,1995-10-11,2173
102198,Paul Kilderry,Right-Handed,175.0,AUS,au,1973-05-13,2174
102910,Salvador Navarro,Right-Handed,180.0,ESP,es,1977-02-13,2175
102722,Attila Savolt,Right-Handed,183.0,HUN,hu,1976-02-21,2176
101110,David De Miguel,Right-Handed,175.0,ESP,es,1965-02-14,2177
100427,Ferrante Rocchi,Left-Handed,180.0,ITA,it,1956-04-23,2178
101193,James Schor,Right-Handed,185.0,USA,us,1965-11-11,2179
100343,John Lloyd,Right-Handed,178.0,GBR,gb,1954-09-05,2180
103077,Konstantinos Economidis,Right-Handed,188.0,GRE,gr,1977-12-08,2181
106378,Kyle Edmund,Right-Handed,188.0,GBR,gb,1995-01-19,2182
101234,Patrik Kuhnen,Right-Handed,190.0,GER,de,1966-03-03,2183
103573,Rik De Voest,Right-Handed,180.0,RSA,za,1980-07-07,2184
100403,Rolf Gehring,Right-Handed,185.0,GER,de,1955-12-19,2185
101285,Thierry Champion,Right-Handed,183.0,FRA,fr,1966-09-09,2186
101962,Younes El Aynaoui,Right-Handed,193.0,MAR,ma,1971-09-17,2187
H0CD,Alex Hernandez,Right-Handed,175.0,MEX,mx,1999-06-23,2188
100870,Christo Van Rensburg,Right-Handed,185.0,RSA,za,1962-11-08,2189
100078,Clark Graebner,Right-Handed,188.0,USA,us,1943-12-03,2190
103165,Gorka Fraile,Right-Handed,180.0,ESP,es,1978-04-28,2191
F0FV,Joao Fonseca,Right-Handed,188.0,BRA,br,2006-08-21,2192
M0EJ,Lorenzo Musetti,Right-Handed,185.0,ITA,it,2002-03-03,2193
101282,Martin Barba,Right-Handed,180.0,USA,us,1966-09-13,2194
102839,Nicolas Lapentti,Right-Handed,188.0,ECU,ec,1976-09-11,2195
B0NN,Nishesh Basavareddy,Right-Handed,180.0,USA,us,2005-05-02,2196
101481,Omar Camporese,Right-Handed,188.0,ITA,it,1968-05-29,2197
101579,Patrik Wennberg,Right-Handed,185.0,SWE,se,1969-03-24,2198
101365,Paul Wekesa,Right-Handed,188.0,KEN,ke,1967-08-04,2199
105331,Petru Alexandru Luncanu,Left-Handed,185.0,ROU,ro,1989-06-01,2200
100703,Randy Nixon,Right-Handed,193.0,USA,us,1960-11-19,2201
100872,Rill Baxter,Right-Handed,183.0,USA,us,1962-11-09,2202
101083,Tom Mercer,Right-Handed,185.0,USA,us,1964-12-17,2203
105738,Tsung Hua Yang,Right-Handed,178.0,TPE,tw,1991-05-02,2204
BV16,Ugo Blanchet,Right-Handed,175.0,FRA,fr,1999-01-04,2205
102430,Adam Peterson,Right-Handed,185.0,USA,us,1974-07-30,2206
103145,Amir Hadad,Right-Handed,183.0,ISR,il,1978-03-14,2207
104001,Brian Wilson,Right-Handed,190.0,USA,us,1982-06-02,2208
100139,Gerald Battrick,Right-Handed,178.0,GBR,gb,1947-07-01,2209
105526,Jan Lennard Struff,Right-Handed,193.0,GER,de,1990-05-06,2210
101063,Jordi Arrese,Right-Handed,175.0,ESP,es,1964-08-30,2211
100854,Leighton Alfred,Left-Handed,180.0,GBR,gb,1962-09-06,2212
106291,Luke Saville,Right-Handed,188.0,AUS,au,1994-01-08,2213
103566,Michael Llodra,Left-Handed,190.0,FRA,fr,1980-06-13,2214
106246,Robin Kern,Right-Handed,188.0,GER,de,1993-10-26,2215
G0IB,Tom Gentzsch,Right-Handed,191.0,GER,de,2003-09-05,2216
105077,Albert Ramos,Left-Handed,188.0,ESP,es,1988-01-20,2217
102359,Andrew Richardson,Left-Handed,201.0,GBR,gb,1974-04-10,2218
101074,Carlos Di Laura,Left-Handed,175.0,PER,pe,1964-11-14,2219
105905,Danilo Petrovic,Right-Handed,203.0,SRB,rs,1992-02-06,2220
101682,David Adams,Right-Handed,188.0,RSA,za,1970-02-01,2221
101413,Felix Barrientos,Right-Handed,178.0,PHI,ph,1967-11-26,2222
126204,Gerardo Lopez Villasenor,Right-Handed,191.0,MEX,mx,1995-06-13,2223
105906,Kevin Krawietz,Right-Handed,188.0,GER,de,1992-01-30,2224
101088,Larry Scott,Right-Handed,188.0,USA,us,1964-11-29,2225
101955,Luis Herrera,Left-Handed,170.0,MEX,mx,1971-09-14,2226
102243,Marcelo Charpentier,Left-Handed,180.0,ARG,ar,1973-07-13,2227
101328,Mihnea Ion Nastase,Right-Handed,183.0,ROU,ro,1967-03-05,2228
208071,Oleksii Krutykh,Right-Handed,185.0,UKR,ua,2000-03-11,2229
100362,Peter Fleming,Right-Handed,196.0,USA,us,1955-02-28,2230
104579,Romain Jouan,Right-Handed,183.0,FRA,fr,1985-07-23,2231
100880,Russell Barlow,Left-Handed,173.0,AUS,au,1962-12-29,2232
R0EB,Valentin Royer,Right-Handed,188.0,FRA,fr,2001-05-30,2233
117361,Akira Santillan,Right-Handed,180.0,AUS,au,1997-06-08,2234
109054,Daniel Masur,Right-Handed,183.0,GER,de,1994-11-22,2235
124014,Ernesto Escobedo,Right-Handed,185.0,MEX,mx,1996-07-22,2236
105539,Evgeny Donskoy,Right-Handed,185.0,RUS,ru,1990-05-26,2237
102768,Federico Browne,Right-Handed,180.0,ARG,ar,1976-04-11,2238
C0E9,Flavio Cobolli,Right-Handed,183.0,ITA,it,2002-05-06,2239
104523,Frederico Gil,Right-Handed,173.0,POR,pt,1985-04-28,2240
102466,Jan Kroslak,Right-Handed,188.0,SVK,sk,1974-11-23,2241
100768,Nick Brown,Right-Handed,190.0,GBR,gb,1961-09-05,2242
100716,Norm Schellenger,Right-Handed,180.0,USA,us,1961-01-27,2243
101262,Rikard Bergh,Left-Handed,188.0,SWE,se,1966-06-18,2244
123795,Altug Celikbilek,Right-Handed,183.0,TUR,tr,1996-10-10,2245
105911,Andrea Collarini,Left-Handed,183.0,ARG,ar,1992-02-27,2246
101874,Ciprian Petre Porumb,Right-Handed,196.0,ROU,ro,1971-03-15,2247
100995,Eduardo Masso,Left-Handed,178.0,BEL,be,1964-01-27,2248
111574,Jc Aragone,Right-Handed,178.0,USA,us,1995-07-07,2249
102463,Lucas Arnold Ker,Right-Handed,180.0,ARG,ar,1974-10-29,2250
101991,Mauricio Hadad,Right-Handed,170.0,COL,co,1971-12-24,2251
101390,Ugo Biagianti,Left-Handed,173.0,ITA,it,1967-09-04,2252
105585,Ze Zhang,Right-Handed,188.0,CHN,cn,1990-07-26,2253
100740,Dan Cassidy,Right-Handed,178.0,USA,us,1961-06-01,2254
103926,Daniel Munoz de la Nava,Left-Handed,178.0,ESP,es,1982-02-23,2255
107085,Gerardo Vacarezza,Right-Handed,176.0,CHI,cl,1965-08-29,2256
104850,Jonathan Dasnieres De Veigy,Left-Handed,175.0,FRA,fr,1987-02-08,2257
100565,Lloyd Bourne,Right-Handed,190.0,USA,us,1958-11-13,2258
111506,Maxime Hamou,Right-Handed,185.0,FRA,fr,1995-07-06,2259
101438,Michael Bauer,Right-Handed,173.0,AUT,at,1968-02-04,2260
101086,Ronald Agenor,Right-Handed,180.0,USA,us,1964-11-17,2261
101350,Christian Feenstra,Right-Handed,183.0,NED,nl,1967-05-17,2262
100742,Christo Steyn,Right-Handed,185.0,RSA,za,1961-06-06,2263
LB66,Constant Lestienne,Right-Handed,180.0,FRA,fr,1992-05-23,2264
104736,Farrukh Dustov,Right-Handed,196.0,UZB,uz,1986-06-03,2265
110686,Finn Tearney,Right-Handed,183.0,NZL,nz,1990-10-29,2266
105671,Gastao Elias,Right-Handed,180.0,POR,pt,1990-12-24,2267
100525,Gilles Moretton,Right-Handed,190.0,FRA,fr,1958-03-05,2268
105938,Antoine Escoffier,Right-Handed,185.0,FRA,fr,1992-03-06,2269
105614,Bradley Klahn,Left-Handed,183.0,USA,us,1990-09-06,2270
101227,Daniel Marco,Right-Handed,178.0,ESP,es,1966-02-22,2271
103970,David Ferrer,Right-Handed,175.0,ESP,es,1982-05-06,2272
101503,Donni Leaycraft,Right-Handed,180.0,USA,us,1968-07-23,2273
112313,Hamilton Richardson,Right-Handed,183.0,USA,us,1933-09-15,2274
101543,Jeff Tarango,Left-Handed,180.0,USA,us,1968-11-30,2275
104325,Johannes Ager,Right-Handed,196.0,AUT,at,1984-04-01,2276
101731,Nuno Marques,Left-Handed,190.0,POR,pt,1970-04-11,2277
104297,Rogerio Dutra Silva,Right-Handed,178.0,BRA,br,1984-02-12,2278
202090,Adrian Andreev,Right-Handed,175.0,BUL,bg,2001-06-10,2279
102809,Axel Pretzsch,Right-Handed,185.0,GER,de,1976-07-08,2280
105999,Bowen Ouyang,Left-Handed,186.0,CHN,cn,1992-06-04,2281
100556,Brian Levine,Right-Handed,183.0,RSA,za,1958-09-06,2282
KE73,Dominik Koepfer,Left-Handed,180.0,GER,de,1994-04-29,2283
D0HX,Dylan Dietrich,Right-Handed,193.0,SUI,ch,2004-09-22,2284
102855,Jack Brasington,Right-Handed,188.0,USA,us,1976-09-14,2285
102998,Jan Michael Gambill,Right-Handed,190.0,USA,us,1977-06-21,2286
102192,Luis Adrian Morejon,Right-Handed,178.0,ECU,ec,1973-04-22,2287
100701,Marko Ostoja,Right-Handed,175.0,CRO,hr,1960-10-27,2288
BG23,Nikoloz Basilashvili,Right-Handed,185.0,GEO,ge,1992-02-23,2289
102669,Noam Behr,Left-Handed,188.0,ISR,il,1975-11-08,2290
103133,Olivier Mutis,Right-Handed,175.0,FRA,fr,1978-02-27,2291
104250,Prakash Amritraj,Right-Handed,188.0,IND,in,1983-10-27,2292
101222,Stefan Edberg,Right-Handed,188.0,SWE,se,1966-02-22,2293
103693,Thierry Ascione,Right-Handed,188.0,FRA,fr,1981-02-13,2294
S0IA,Dane Sweeny,Right-Handed,170.0,AUS,au,2001-02-13,2295
102796,Magnus Norman,Right-Handed,188.0,SWE,se,1976-06-04,2296
103369,Melle Van Gemerden,Right-Handed,183.0,NED,nl,1979-05-21,2297
101035,Menno Oosting,Right-Handed,180.0,NED,nl,1964-06-05,2298
200374,Nicolas Alvarez Varona,Right-Handed,188.0,ESP,es,2001-06-23,2299
103174,Noam Okun,Right-Handed,185.0,ISR,il,1978-05-02,2300
101668,Peter Nyborg,Right-Handed,190.0,SWE,se,1969-12-18,2301
100984,Peter Wright,Right-Handed,185.0,USA,us,1964-01-01,2302
100203,Phil Dent,Right-Handed,183.0,AUS,au,1950-03-19,2303
102963,Robert Lindstedt,Right-Handed,190.0,SWE,se,1977-04-03,2304
101172,Royce Deppe,Right-Handed,188.0,RSA,za,1965-08-26,2305
126106,Ryan Peniston,Left-Handed,180.0,GBR,gb,1995-11-27,2306
104217,Simon Stadler,Left-Handed,183.0,GER,de,1983-08-25,2307
200307,Tao Mu,Right-Handed,180.0,CHN,cn,2000-06-02,2308
M0FH,Tomas Machac,Right-Handed,183.0,CZE,cz,2000-10-14,2309
102978,Zbynek Mlynarik,Right-Handed,175.0,AUT,at,1977-05-17,2310
PH64,Andrea Pellegrino,Right-Handed,185.0,ITA,it,1997-03-24,2311
101424,Brent Haygarth,Right-Handed,185.0,RSA,za,1968-01-21,2312
101387,Claudio Pistolesi,Right-Handed,180.0,ITA,it,1967-08-27,2313
106032,Facundo Arguello,Right-Handed,178.0,ARG,ar,1992-08-20,2314
106249,Joao Domingues,Right-Handed,178.0,POR,pt,1993-10-30,2315
100555,Jose Luis Clerc,Right-Handed,185.0,ARG,ar,1958-09-20,2316
102629,Oscar Burrieza,Right-Handed,170.0,ESP,es,1975-08-16,2317
104149,Adrian Cruciat,Right-Handed,185.0,ROU,ro,1983-04-16,2318
104516,Arnau Brugues Davi,Left-Handed,183.0,ESP,es,1985-03-13,2319
103408,Brian Vahaly,Right-Handed,183.0,USA,us,1979-07-24,2320
102821,Cecil Mamiit,Right-Handed,173.0,PHI,ph,1976-07-18,2321
M0K4,Elmer Moller,Right-Handed,183.0,DEN,dk,2003-07-10,2322
106348,Evgeny Karlovskiy,Right-Handed,191.0,RUS,ru,1994-09-09,2323
101041,Geoff Roper,Right-Handed,183.0,CAN,ca,1964-06-19,2324
105271,Gonzalo Escobar,Left-Handed,178.0,ECU,ec,1989-02-01,2325
102300,Gouichi Motomura,Right-Handed,173.0,JPN,jp,1974-01-20,2326
101806,Marc Kevin Goellner,Right-Handed,196.0,GER,de,1970-10-09,2327
102959,Marko Tkalec,Right-Handed,178.0,SLO,si,1977-03-29,2328
100903,Mike Lee,Right-Handed,178.0,USA,us,1963-04-23,2329
100432,Robert Bettauer,Right-Handed,175.0,CAN,ca,1956-06-01,2330
RE44,Andrey Rublev,Right-Handed,188.0,RUS,ru,1997-10-21,2331
105572,Austin Krajicek,Left-Handed,188.0,USA,us,1990-07-18,2332
100452,Bill Scanlon,Right-Handed,185.0,USA,us,1956-12-02,2333
101444,Bonit Wiryawan,Right-Handed,173.0,INA,id,1968-02-15,2334
102053,Brian Macphie,Left-Handed,180.0,USA,us,1972-06-03,2335
103675,Diego Junqueira,Left-Handed,178.0,ARG,ar,1981-01-11,2336
102864,Frank Moser,Right-Handed,193.0,GER,de,1976-09-25,2337
103592,Jerome Haehnel,Right-Handed,185.0,FRA,fr,1980-08-14,2338
S0WT,Joel Schwaerzler,Left-Handed,188.0,AUT,at,2006-01-28,2339
105132,Jurgen Zopp,Right-Handed,190.0,EST,ee,1988-04-15,2340
100807,Marcelo Hennemann,Right-Handed,170.0,BRA,br,1962-04-11,2341
102984,Martin Garcia,Right-Handed,190.0,ARG,ar,1977-05-12,2342
101302,Ola Jonsson J092,Right-Handed,178.0,SWE,se,1966-11-17,2343
101198,Steve Kennedy,Right-Handed,183.0,USA,us,1965-11-13,2344
105501,Akash Wagh,Left-Handed,175.0,IND,in,1990-03-27,2345
100128,Cliff Richey,Right-Handed,175.0,USA,us,1947-01-15,2346
103543,David Marrero,Right-Handed,185.0,ESP,es,1980-05-03,2347
Z0A1,Giulio Zeppieri,Left-Handed,183.0,ITA,it,2001-12-08,2348
100899,Jorgen Windahl,Right-Handed,183.0,SWE,se,1963-03-29,2349
T0HA,Learner Tien,Left-Handed,180.0,USA,us,2005-12-02,2350
TA29,Marco Trungelliti,Right-Handed,178.0,ARG,ar,1990-01-31,2351
103516,Nathan Healey,Right-Handed,180.0,AUS,au,1980-03-05,2352
104965,Pavol Cervenak,Right-Handed,191.0,SVK,sk,1987-07-23,2353
100339,Victor Amaya,Left-Handed,201.0,USA,us,1954-07-14,2354
102030,Andrew Foster,Right-Handed,190.0,GBR,gb,1972-04-12,2355
100430,David Carter,Right-Handed,183.0,AUS,au,1956-05-06,2356
102554,Diego Moyano,Right-Handed,175.0,ARG,ar,1975-03-25,2357
103118,Ion Moldovan,Right-Handed,188.0,ROU,ro,1978-02-01,2358
102965,Jamie Delgado,Right-Handed,178.0,GBR,gb,1977-04-14,2359
102533,Jens Knippschild,Right-Handed,190.0,GER,de,1975-02-20,2360
103646,Lars Uebel,Right-Handed,180.0,GER,de,1980-11-06,2361
144923,Louis Wessels,Right-Handed,198.0,GER,de,1998-08-31,2362
100436,Nick Saviano,Left-Handed,180.0,USA,us,1956-07-09,2363
106398,Pedro Cachin,Right-Handed,185.0,ARG,ar,1995-05-04,2364
MO44,Pedro Martinez,Right-Handed,185.0,ESP,es,1997-04-27,2365
101247,Stephen Botfield,Right-Handed,180.0,GBR,gb,1966-04-15,2366
144652,William Blumberg,Right-Handed,188.0,USA,us,1998-02-15,2367
101522,Chi Wan Kim,Right-Handed,180.0,KOR,kr,1968-10-18,2368
J09X,Filip Cristian Jianu,Right-Handed,180.0,ROU,ro,2001-09-19,2369
H0DU,Gustavo Heide,Right-Handed,191.0,BRA,br,2002-02-28,2370
200666,Jie Cui,Right-Handed,183.0,CHN,cn,1998-02-13,2371
102501,Johan Landsberg,Right-Handed,183.0,SWE,se,1975-01-25,2372
100174,Manuel Orantes,Left-Handed,178.0,ESP,es,1949-02-28,2373
100475,Matt Mitchell,Right-Handed,180.0,USA,us,1957-03-24,2374
101106,Peter Lundgren,Right-Handed,185.0,SWE,se,1965-03-06,2375
101001,Tim Siegel,Right-Handed,175.0,USA,us,1964-02-24,2376
101765,Tomas Anzari,Right-Handed,180.0,CZE,cz,1970-07-23,2377
M0QI,Alex Michelsen,Right-Handed,193.0,USA,us,2004-08-26,2378
101356,Buff Farrow,Right-Handed,170.0,USA,us,1967-06-05,2379
103068,Chemseddine Belal,Right-Handed,180.0,MAR,ma,1977-11-15,2380
103350,Denis Golovanov,Left-Handed,188.0,RUS,ru,1979-03-31,2381
101590,Eui Jong Chang,Right-Handed,183.0,KOR,kr,1969-04-24,2382
103699,Fred Hemmes,Right-Handed,183.0,NED,nl,1981-02-17,2383
100532,Johan Kriek,Right-Handed,175.0,USA,us,1958-04-24,2384
100834,Karsten Schulz,Right-Handed,183.0,GER,de,1962-06-27,2385
100593,Miloslav Lacek,Left-Handed,175.0,CZE,cz,1959-04-27,2386
BU70,Remy Bertola,Right-Handed,175.0,SUI,ch,1998-08-31,2387
100857,Sergio Casal,Right-Handed,185.0,ESP,es,1962-09-12,2388
TE51,Stefanos Tsitsipas,Right-Handed,193.0,GRE,gr,1998-08-13,2389
100040,Bob Hewitt,Right-Handed,190.0,RSA,za,1940-01-26,2390
101076,Cesar Kist,Right-Handed,180.0,BRA,br,1964-11-21,2391
104368,Daniel King Turner,Right-Handed,190.0,NZL,nz,1984-06-02,2392
SU55,Denis Shapovalov,Left-Handed,185.0,CAN,ca,1999-04-16,2393
GF95,Hugo Grenier,Right-Handed,196.0,FRA,fr,1996-03-24,2394
100119,Ilie Nastase,Right-Handed,183.0,ROU,ro,1946-07-27,2395
100049,Jim Mcmanus,Left-Handed,175.0,USA,us,1940-09-22,2396
101971,Johan Anderson,Right-Handed,183.0,AUS,au,1971-10-06,2397
104721,Josselin Ouanna,Right-Handed,193.0,FRA,fr,1986-05-15,2398
100949,Mauro Menezes,Right-Handed,193.0,BRA,br,1963-08-04,2399
100921,Patrice Kuchna,Right-Handed,178.0,FRA,fr,1963-05-24,2400
104644,Riccardo Ghedin,Right-Handed,188.0,ITA,it,1985-12-10,2401
100308,Robert Trogolo,Right-Handed,180.0,RSA,za,1953-07-21,2402
106099,Salvatore Caruso,Right-Handed,185.0,ITA,it,1993-01-17,2403
200589,Sam Riffice,Right-Handed,188.0,USA,us,1999-04-07,2404
101233,Alex Antonitsch,Right-Handed,188.0,AUT,at,1966-03-07,2405
101642,Bart Wuyts,Right-Handed,178.0,BEL,be,1969-09-29,2406
105471,Cesar Ramirez,Right-Handed,180.0,MEX,mx,1990-02-26,2407
102153,German Puentes,Right-Handed,173.0,ESP,es,1973-01-12,2408
105128,Guillermo Olaso,Unknown,175.0,ESP,es,1988-04-22,2409
CI14,Jay Clarke,Right-Handed,183.0,GBR,gb,1998-07-27,2410
103238,Jean Claude Scherrer,Right-Handed,188.0,SUI,ch,1978-08-17,2411
101613,Malivai Washington,Right-Handed,180.0,USA,us,1969-07-03,2412
106207,Mate Pavic,Left-Handed,191.0,CRO,hr,1993-07-14,2413
104999,Mischa Zverev,Left-Handed,190.0,GER,de,1987-09-22,2414
104379,Todd Reid,Right-Handed,180.0,AUS,au,1984-06-12,2415
100253,Tom Gullikson,Left-Handed,180.0,USA,us,1951-10-01,2416
EA24,Tomas Martin Etcheverry,Right-Handed,196.0,ARG,ar,1999-07-19,2417
F0F1,Arthur Fils,Right-Handed,185.0,FRA,fr,2004-06-13,2418
100522,Chris Dunk,Right-Handed,193.0,USA,us,1958-02-03,2419
101184,Damir Buljevic,Right-Handed,196.0,CRO,hr,1965-09-29,2420
104252,Florian Mayer,Right-Handed,190.0,GER,de,1983-11-09,2421
100348,Gerard Toulon,Right-Handed,185.0,FRA,fr,1954-10-06,2422
101917,Grant Stafford,Right-Handed,188.0,RSA,za,1971-06-12,2423
100579,Heinz Gunthardt,Right-Handed,180.0,SUI,ch,1959-02-28,2424
100490,Jaroslav Navratil,Right-Handed,196.0,CZE,cz,1957-08-04,2425
HG86,Lloyd Harris,Right-Handed,193.0,RSA,za,1997-02-23,2426
104160,Lukas Dlouhy,Right-Handed,185.0,CZE,cz,1983-04-26,2427
B0U4,Nicolai Budkov Kjaer,Right-Handed,191.0,NOR,no,2006-09-01,2428
104500,Somdev Devvarman,Right-Handed,180.0,IND,in,1985-03-18,2429
101404,Thomas Muster,Left-Handed,180.0,AUT,at,1967-10-24,2430
105339,Yan Bai,Right-Handed,185.0,CHN,cn,1989-06-05,2431
102338,Yevgeny Kafelnikov,Right-Handed,190.0,RUS,ru,1974-03-15,2432
Z09Z,Beibit Zhukayev,Right-Handed,198.0,KAZ,kz,2000-10-13,2433
103684,Benedikt Dorsch,Right-Handed,178.0,GER,de,1981-01-12,2434
106331,Christopher Oconnell,Right-Handed,183.0,AUS,au,1994-06-12,2435
101058,Francisco Yunis,Right-Handed,190.0,ARG,ar,1964-08-22,2436
100368,Haroon Ismail,Right-Handed,178.0,ZIM,zw,1955-03-31,2437
101510,Henrik Holm,Right-Handed,183.0,SWE,se,1968-09-28,2438
F0BY,Jacob Fearnley,Right-Handed,183.0,GBR,gb,2001-07-15,2439
100244,John Alexander,Right-Handed,190.0,AUS,au,1951-07-17,2440
109745,Lew Hoad,Right-Handed,179.0,AUS,au,1934-11-25,2441
103967,Michael Lammer,Right-Handed,185.0,SUI,ch,1982-03-26,2442
100848,Alberto Tous,Right-Handed,175.0,ESP,es,1962-08-11,2443
100261,Brian Gottfried,Right-Handed,183.0,USA,us,1952-02-28,2444
100229,Dick Stockton,Right-Handed,188.0,USA,us,1951-02-28,2445
100440,Eddie Edwards,Right-Handed,190.0,RSA,za,1956-07-10,2446
100402,Francisco Gonzalez,Right-Handed,193.0,PAR,py,1955-12-24,2447
109957,Gerry Perry,Unknown,168.0,USA,us,1947-06-28,2448
104739,Guillermo Alcaide,Right-Handed,188.0,ESP,es,1986-06-21,2449
104714,Julian Reister,Right-Handed,188.0,GER,de,1986-04-09,2450
101685,Markus Naewie,Right-Handed,190.0,GER,de,1970-01-13,2451
100570,Marty Davis,Right-Handed,183.0,USA,us,1958-12-07,2452
100032,Patricio Rodriguez Chi,Right-Handed,188.0,CHI,cl,1939-01-08,2453
101751,Ross Matheson,Right-Handed,196.0,GBR,gb,1970-06-26,2454
SX91,Thiago Seyboth Wild,Right-Handed,185.0,BRA,br,2000-03-10,2455
100602,Vallis Wilder,Right-Handed,190.0,USA,us,1959-07-06,2456
105226,Attila Balazs,Right-Handed,180.0,HUN,hu,1988-10-03,2457
202358,Chun Hsin Tseng,Right-Handed,175.0,TPE,tw,2001-08-13,2458
105095,Evgeny Korolev,Right-Handed,185.0,KAZ,kz,1988-02-20,2459
101567,Hendrik Jan Davids,Left-Handed,183.0,NED,nl,1969-03-06,2460
104292,Izak Van Der Merwe,Right-Handed,196.0,RSA,za,1984-02-14,2461
101009,John Sobel,Right-Handed,173.0,USA,us,1964-03-13,2462
104476,Louk Sorensen,Right-Handed,175.0,IRL,ie,1985-02-11,2463
103676,Michael Yani,Right-Handed,185.0,USA,us,1981-01-12,2464
103429,Peter Luczak,Right-Handed,183.0,AUS,au,1979-10-07,2465
100623,Roger Knapp,Left-Handed,183.0,USA,us,1959-10-18,2466
104269,Fernando Verdasco,Left-Handed,188.0,ESP,es,1983-11-23,2467
101134,Fredrik Waern,Right-Handed,185.0,SWE,se,1965-06-05,2468
101436,George Cosac,Right-Handed,190.0,ROU,ro,1968-02-05,2469
101165,Mario Tabares,Right-Handed,180.0,CUB,cu,1965-08-09,2470
101672,Michael Geserer,Right-Handed,190.0,GER,de,1969-12-28,2471
105404,Michael Mcclune,Right-Handed,188.0,USA,us,1989-09-25,2472
101612,Roland Burtscher,Right-Handed,183.0,AUT,at,1969-06-30,2473
100163,Tom Leonard,Right-Handed,175.0,USA,us,1948-07-31,2474
102720,Tomas Zib,Right-Handed,178.0,CZE,cz,1976-02-25,2475
102446,Andrei Medvedev,Right-Handed,193.0,UKR,ua,1974-09-16,2476
100802,Charles Honey,Right-Handed,185.0,RSA,za,1962-02-22,2477
100486,Christophe Roger Vasselin,Right-Handed,188.0,FRA,fr,1957-08-09,2478
101696,Federico Mordegan,Right-Handed,170.0,ITA,it,1970-03-04,2479
102145,Francisco Cabello,Right-Handed,190.0,ARG,ar,1972-12-18,2480
126237,Gian Marco Moroni,Right-Handed,185.0,ITA,it,1998-03-13,2481
101055,Heiner Moraing,Right-Handed,190.0,GER,de,1964-08-13,2482
102687,Herbert Wiltschnig,Right-Handed,185.0,AUT,at,1975-12-16,2483
100772,Kelly Evernden,Right-Handed,175.0,NZL,nz,1961-09-23,2484
100907,Luca Bottazzi,Right-Handed,170.0,ITA,it,1963-05-06,2485
101031,Massimo Cierro,Right-Handed,173.0,ITA,it,1964-05-10,2486
126125,Maxime Janvier,Right-Handed,196.0,FRA,fr,1996-10-19,2487
101900,Nicklas Kulti,Right-Handed,190.0,SWE,se,1971-04-29,2488
102664,Petr Pala,Right-Handed,193.0,CZE,cz,1975-10-25,2489
100515,Shlomo Glickstein,Right-Handed,188.0,ISR,il,1958-01-30,2490
104025,Amer Delic,Right-Handed,196.0,BIH,ba,1982-08-02,2491
103096,Arnaud Clement,Right-Handed,173.0,FRA,fr,1978-01-02,2492
104460,Dustin Brown,Right-Handed,196.0,JAM,jm,1985-01-12,2493
102521,Hendrik Dreekmann,Right-Handed,188.0,GER,de,1975-02-20,2494
105967,Henri Laaksonen,Right-Handed,185.0,SUI,ch,1992-04-26,2495
104729,Ivan Nedelko,Right-Handed,185.0,RUS,ru,1986-05-31,2496
P0AY,Luka Pavlovic,Right-Handed,196.0,FRA,fr,2000-03-31,2497
101016,Marcos Aurelio Gorriz,Left-Handed,185.0,ESP,es,1964-04-03,2498
105806,Mirza Basic,Right-Handed,188.0,BIH,ba,1991-07-16,2499
EA13,Moez Echargui,Right-Handed,178.0,TUN,tn,1993-01-10,2500
F0HO,Thomas Faurel,Right-Handed,178.0,FRA,fr,2006-01-22,2501
BS86,Tomas Barrios Vera,Right-Handed,191.0,CHI,cl,1997-12-10,2502
100535,Tony Giammalva,Right-Handed,190.0,USA,us,1958-05-19,2503
101885,Wayne Arthurs,Left-Handed,190.0,AUS,au,1971-04-13,2504
100781,Bernhard Pils,Right-Handed,178.0,AUT,at,1961-10-31,2505
101018,Edoardo Mazza,Right-Handed,175.0,ITA,it,1964-03-31,2506
BF23,Facundo Bagnis,Left-Handed,183.0,ARG,ar,1990-02-28,2507
106110,Filip Horansky,Right-Handed,175.0,SVK,sk,1993-01-18,2508
101581,Jose Luis Aparisi,Right-Handed,178.0,ESP,es,1969-04-04,2509
100719,Juan Avendano,Right-Handed,178.0,ESP,es,1961-03-04,2510
104291,Malek Jaziri,Right-Handed,185.0,TUN,tn,1984-01-22,2511
102154,Marcos Ondruska,Right-Handed,183.0,RSA,za,1973-01-02,2512
200572,Nick Hardt,Right-Handed,185.0,DOM,do,2000-09-27,2513
105512,Alexander Sarkissian,Right-Handed,191.0,USA,us,1990-05-08,2514
144760,Amine Ahouda,Right-Handed,185.0,MAR,ma,1997-10-09,2515
S0ZE,Colton Smith,Right-Handed,183.0,USA,us,2003-03-05,2516
104180,Gilles Muller,Left-Handed,193.0,LUX,lu,1983-05-10,2517
105558,Guillaume Rufin,Right-Handed,188.0,FRA,fr,1990-06-15,2518
103868,Ivan Navarro,Right-Handed,183.0,ESP,es,1981-10-30,2519
101393,Jens Woehrmann,Right-Handed,180.0,GER,de,1967-09-30,2520
PF39,Lucas Pouille,Right-Handed,185.0,FRA,fr,1994-02-23,2521
102457,Miles Maclagan,Right-Handed,180.0,GBR,gb,1974-10-09,2522
101358,Olivier Delaitre,Right-Handed,170.0,FRA,fr,1967-07-02,2523
101138,Pat Cash,Right-Handed,183.0,AUS,au,1965-07-03,2524
105871,Sekou Bangoura,Right-Handed,183.0,USA,us,1991-11-19,2525
100585,Van Winitsky,Left-Handed,185.0,USA,us,1959-03-14,2526
101780,Alejo Mancisidor,Right-Handed,183.0,ESP,es,1970-08-06,2527
104890,Andreas Haider Maurer,Right-Handed,190.0,AUT,at,1987-04-22,2528
N0AE,Brandon Nakashima,Right-Handed,188.0,USA,us,2001-08-03,2529
101311,Kent Kinnear,Right-Handed,196.0,USA,us,1967-01-05,2530
103754,Mark Hilton,Left-Handed,170.0,GBR,gb,1981-05-08,2531
100471,Mark Vines,Left-Handed,170.0,USA,us,1957-03-12,2532
102422,Michael Hill,Right-Handed,188.0,AUS,au,1974-07-20,2533
100930,Paul Vojtischek,Right-Handed,188.0,GER,de,1963-06-27,2534
103171,Raemon Sluiter,Right-Handed,185.0,NED,nl,1978-05-09,2535
105733,Rhyne Williams,Right-Handed,185.0,USA,us,1991-04-24,2536
102563,Thomas Johansson,Right-Handed,180.0,SWE,se,1975-04-08,2537
105292,Alejandro Gonzalez,Right-Handed,190.0,COL,co,1989-03-02,2538
C0H0,Arthur Cazaux,Right-Handed,183.0,FRA,fr,2002-08-24,2539
101601,Brett Steven,Right-Handed,185.0,NZL,nz,1969-05-19,2540
104196,Carlos Cuadrado,Right-Handed,180.0,ESP,es,1983-07-07,2541
101114,Charles Beckman,Right-Handed,185.0,USA,us,1965-03-21,2542
100472,Craig Wittus,Right-Handed,180.0,USA,us,1957-03-08,2543
102780,Frederic Niemeyer,Right-Handed,190.0,CAN,ca,1976-05-29,2544
101775,Frederik Fetterlein,Right-Handed,190.0,DEN,dk,1970-07-25,2545
100747,Glenn Layendecker,Left-Handed,185.0,USA,us,1961-05-31,2546
105550,Guido Pella,Left-Handed,183.0,ARG,ar,1990-06-16,2547
102252,Ignacio Truyol,Right-Handed,170.0,ESP,es,1973-09-08,2548
102770,John Van Lottum,Right-Handed,185.0,NED,nl,1976-05-11,2549
104397,Laurent Recouderc,Right-Handed,178.0,FRA,fr,1984-07-16,2550
126845,Max Purcell,Right-Handed,185.0,AUS,au,1998-05-09,2551
100182,Mike Estep,Right-Handed,173.0,USA,us,1949-08-13,2552
103761,Tomas Cakl,Right-Handed,178.0,CZE,cz,1981-04-26,2553
106321,Xin Gao,Right-Handed,180.0,CHN,cn,1994-06-05,2554
148497,Bob Kaufman,Unknown,,USA,us,,2555
209754,Des Hill,Unknown,,IRL,ie,,2556
211311,F Nakano,Unknown,,JPN,jp,,2557
110183,Francois Pierson,Right-Handed,,FRA,fr,,2558
107128,Grant Saacks,Right-Handed,190.0,RSA,za,,2559
211113,H Gais,Unknown,,GER,de,,2560
211284,Harry Chambers,Unknown,,GBR,gb,,2561
211083,James Gilchrist Jr,Unknown,,AUS,au,,2562
207411,Jesper De Jong,Unknown,,,,,2563
103158,Johan Ortegren,Right-Handed,,SWE,se,1978-04-16,2564
110341,Jukka Narakka,Unknown,,FIN,fi,1954-02-18,2565
102575,Julien Chauvin,Right-Handed,,FRA,fr,1975-05-22,2566
100146,Jun Kamiwazumi,Right-Handed,,JPN,jp,1947-11-01,2567
209631,K French,Unknown,,GBR,gb,,2568
104385,Lars Poerschke,Right-Handed,,GER,de,1984-07-04,2569
107799,Miguel Olvera,Right-Handed,,ECU,ec,1938-12-21,2570
209728,Mike Hatfield,Unknown,,USA,us,,2571
211047,N Burlacher,Unknown,,GER,de,,2572
107875,Octavio Martinez,Right-Handed,,MEX,mx,,2573
211421,Peter Popovic,Unknown,,UNK,un,,2574
209654,R S Edwards,Unknown,,GBR,gb,,2575
109904,Rich Anderson,Unknown,,USA,us,,2576
110412,Robert Clarke,Right-Handed,,NZL,nz,,2577
108390,Thomas Prerovsky,Right-Handed,,AUT,at,1969-03-13,2578
102675,Timur Ganiev,Right-Handed,,UZB,uz,1975-11-27,2579
100987,Tom Fontana,Right-Handed,,USA,us,,2580
110392,Toshisuke Sakai,Right-Handed,,JPN,jp,,2581
209601,Unknown Orasz,Unknown,,,,,2582
209599,Unknown Rios,Unknown,,,,,2583
101764,Yu Hui Lien,Right-Handed,,TPE,tw,1970-07-02,2584
109773,Bernard De Troye,Right-Handed,,FRA,fr,,2585
147886,Codin Dumitrescu,Unknown,,ROU,ro,,2586
106913,Edgar Schurmann,Right-Handed,,SUI,ch,,2587
209813,Edouardo Prada,Unknown,,ARG,ar,,2588
146477,F M Rafecas,Unknown,,ESP,es,,2589
110173,Jan Coebergh,Unknown,,UNK,un,,2590
211351,Kent Woodward,Unknown,,USA,us,,2591
105059,Kento Takeuchi,Left-Handed,,JPN,jp,1988-01-10,2592
211374,P Sofoulis,Unknown,,AUS,au,,2593
202877,Paul Fitzgerald,Unknown,,AUS,au,,2594
108007,Phillip Tuckniss,Right-Handed,,ZIM,zw,1962-05-11,2595
210882,Piero Todaro,Unknown,,ITA,it,,2596
211004,Steve Mcdonald,Unknown,,USA,us,,2597
108357,Ted Williams,Right-Handed,,USA,us,,2598
210837,Tomas Jaci,Unknown,,SRB,rs,,2599
106853,David Smith,Right-Handed,180.0,USA,us,,2600
211035,Glen Mullins,Unknown,,USA,us,,2601
107157,Guy Fritz,Right-Handed,,USA,us,,2602
107179,Harvey Becker,Right-Handed,,GBR,gb,,2603
105220,Jun Chao Xu,Unknown,,CHN,cn,1988-09-22,2604
110144,K Shimamura,Right-Handed,,JPN,jp,,2605
107582,Luca Gasparini,Right-Handed,,ITA,it,1964-02-22,2606
107894,Omar Urbinati,Right-Handed,,ITA,it,,2607
209745,Ramon Gallardo,Unknown,,ESP,es,,2608
211216,Dennis Maddern,Unknown,,AUS,au,,2609
210769,Jacobus Coetzer,Unknown,,RSA,za,1943-04-28,2610
107357,Joe Meyers,Right-Handed,,USA,us,,2611
109976,Joe Osadca,Unknown,,CAN,ca,,2612
100758,John Van Nostrand,Right-Handed,,USA,us,1961-08-20,2613
211156,Kerlin Butchee,Unknown,,USA,us,,2614
211193,Manuel Pabon,Unknown,,COL,co,,2615
107640,Marcello Bassanelli,Left-Handed,,ITA,it,,2616
211290,Myron Grunberg,Unknown,,CAN,ca,,2617
100123,Patrick Hombergen,Right-Handed,,BEL,be,1946-09-29,2618
210905,Robbie Lissauer,Unknown,,NED,nl,,2619
211064,Urs Dietschi,Unknown,,SUI,ch,,2620
208972,Ardyanto Suta Wibawa,Unknown,,INA,id,,2621
113277,Arnaldo Moreira,Unknown,,BRA,br,,2622
106648,Brad Holland,Right-Handed,,USA,us,,2623
209711,D Morgan,Unknown,,AUS,au,,2624
202628,D Neilson,Unknown,,NZL,nz,,2625
208990,Elwyn Mccabe,Unknown,,AUS,au,1949-03-14,2626
206972,Fritz Kolbinger,Unknown,,AUT,at,,2627
211803,Heimo Tschernatsch,Unknown,,AUT,at,,2628
100389,Horace Reid,Right-Handed,,USA,us,1955-09-10,2629
102008,Johan Alven,Right-Handed,,SWE,se,1972-02-09,2630
107394,John Peckskamp,Right-Handed,,USA,us,,2631
102824,John Roddick,Right-Handed,,USA,us,1976-07-19,2632
100052,Keishiro Yanagi,Right-Handed,,JPN,jp,1941-03-08,2633
208989,Larry Rolle,Unknown,,UNK,un,,2634
107780,Michael Phillips,Right-Handed,,AUS,au,,2635
125684,Po Tao,Unknown,,HKG,hk,,2636
212419,R Bagot,Unknown,,GBR,gb,,2637
108131,Roberto Chavez,Right-Handed,,MEX,mx,,2638
112630,Ronnie Barnes,Right-Handed,,BRA,br,1941-01-15,2639
101599,Thierry Grin,Right-Handed,,SUI,ch,1969-05-30,2640
210869,Tom James,Unknown,,USA,us,,2641
108481,Vittorio Magnelli,Right-Handed,,ITA,it,1957-09-12,2642
110169,A Moscoso,Right-Handed,,CRC,cr,,2643
100791,Bruce Brescia,Right-Handed,,USA,us,1961-12-17,2644
209699,Bruno Schoenenberger,Unknown,,SUI,ch,,2645
106733,Chris Louw,Right-Handed,,RSA,za,,2646
148155,D Wall,Unknown,,GBR,gb,,2647
114985,Fred V Mcnair Iii,Unknown,,USA,us,,2648
110372,Horst Ritter,Unknown,,GER,de,,2649
100241,Joel Bailey,Right-Handed,,USA,us,1951-05-26,2650
208943,Miguel Oquendo,Unknown,,UNK,un,,2651
109930,Mike Sprenglemeyer,Right-Handed,,USA,us,1946-08-11,2652
100238,Rick Fisher,Right-Handed,,USA,us,1951-04-03,2653
100165,Steve Siegel,Right-Handed,,USA,us,1948-09-15,2654
210927,Terry Fahlenbock,Unknown,,CAN,ca,,2655
100193,Wanaro N'Godrella,Right-Handed,,FRA,fr,1949-10-25,2656
211313,William Altneu,Unknown,,USA,us,,2657
110232,Yukihiko Murata,Right-Handed,,JPN,jp,,2658
110087,Anthony Bull,Right-Handed,,USA,us,1947-05-01,2659
100296,Chris Gunning,Right-Handed,,NZL,nz,1953-02-11,2660
210870,Esteban Fillol,Unknown,,CHI,cl,,2661
109949,G Silberman,Unknown,,RSA,za,,2662
209607,Jim Oescher,Unknown,,USA,us,,2663
209795,L Cousins,Unknown,,,,,2664
102777,Larbi Rharnit,Right-Handed,,MAR,ma,1976-04-30,2665
100222,Mike Powers,Right-Handed,,USA,us,1950-10-21,2666
212416,N McDonough,Unknown,,RSA,za,,2667
100142,Peter Szoke,Right-Handed,,HUN,hu,1947-08-29,2668
108368,Tetsu Kuramitsu,Right-Handed,,JPN,jp,1944-08-01,2669
210844,Zacchi Biadene,Unknown,,ITA,it,,2670
209708,A Mcgrath,Unknown,,AUS,au,,2671
106269,Austin Smith,Unknown,,USA,us,1993-12-26,2672
112346,Bert Kearney,Right-Handed,,AUS,au,1931-02-25,2673
110067,Cliff Montgomery,Right-Handed,,USA,us,,2674
102400,Elia Grossi,Right-Handed,,ITA,it,1974-06-29,2675
106374,Filip Veger,Right-Handed,,CRO,hr,1994-12-30,2676
107034,Frank Falderbaum,Right-Handed,,GER,de,,2677
202607,Gerardo Wortelboer,Unknown,,ARG,ar,,2678
110248,Harry Turnbull,Left-Handed,,AUS,au,,2679
200368,Jack Mingjie Lin,Right-Handed,,CAN,ca,1999-04-26,2680
210779,Jerome Pienaar,Unknown,,RSA,za,,2681
209735,Jose Manuel Dominguez,Unknown,,ESP,es,,2682
110055,Kevin Long,Right-Handed,,USA,us,,2683
211105,Lee Steele,Unknown,,USA,us,,2684
107626,Manuel Rodriguez,Right-Handed,,CHI,cl,,2685
210980,Paul Barth,Unknown,,USA,us,,2686
110029,Peter Oatey,Right-Handed,,AUS,au,,2687
202761,Terry Hassall,Unknown,,USA,us,1948-10-01,2688
110286,Vicente Zarazua,Unknown,,MEX,mx,1944-09-24,2689
108571,Yuval Hirsch,Right-Handed,,ISR,il,1971-03-04,2690
211796,A Newton,Unknown,,AUS,au,,2691
211262,A Rolfe,Unknown,,AUS,au,,2692
109920,Bill Drake,Right-Handed,,USA,us,,2693
211006,Bill Small,Unknown,,USA,us,,2694
210880,Giuseppe Augello,Unknown,,ITA,it,,2695
109986,Glenn Mccoll,Right-Handed,,AUS,au,,2696
210805,Graham Holloway,Unknown,,AUS,au,,2697
107478,Kaoru Maruyama,Right-Handed,,JPN,jp,1965-03-04,2698
116827,Karl Hedrick,Unknown,,USA,us,,2699
100571,Mark Freedman,Right-Handed,,USA,us,1958-12-02,2700
100320,Mark Meyers,Right-Handed,,USA,us,1953-12-30,2701
208985,U Jadcyznski,Unknown,,UNK,un,,2702
109862,Alex Kurucz,Right-Handed,,GER,de,,2703
106491,Alexander Marcial,Right-Handed,,PHI,ph,1949-04-15,2704
148049,Carlos Schlettwein,Unknown,,MEX,mx,,2705
100505,Famiano Meneschincheri,Right-Handed,,ITA,it,1957-12-11,2706
209674,Frank Mcardle,Unknown,,IRL,ie,,2707
202621,G Harris,Unknown,,NZL,nz,,2708
211426,Jim Brown,Unknown,,USA,us,,2709
107398,John Trickey,Right-Handed,,AUS,au,,2710
107823,Mitsuru Motoi,Right-Handed,,JPN,jp,1941-09-07,2711
107867,Noel Jensen,Right-Handed,,AUS,au,1956-02-10,2712
109785,Oscar Rene Cruz,Unknown,,UNK,un,,2713
100267,Rayno Seegers,Right-Handed,,RSA,za,1952-04-01,2714
108407,Tom Christensen,Right-Handed,,DEN,dk,1949-09-30,2715
209640,B Morgan,Unknown,,GBR,gb,,2716
102100,Bartlomiej Dabrowski,Right-Handed,,POL,pl,1972-09-02,2717
209723,D Tomlinson,Unknown,,RSA,za,,2718
211198,Enrique Quimbaya,Unknown,,COL,co,,2719
211136,Francis Conquy,Unknown,,FRA,fr,,2720
201749,Graydon Garner,Right-Handed,,RSA,za,1945-07-30,2721
210900,Henk Nijeboer,Unknown,,NED,nl,,2722
107233,Ingo Wimmer,Right-Handed,,AUT,at,1962-06-06,2723
112374,Keith Wooldridge,Right-Handed,,GBR,gb,1943-10-31,2724
107688,Mark Greenan,Right-Handed,,CAN,ca,1966-07-09,2725
210785,P Bonfa,Unknown,,RSA,za,,2726
110306,Peter Bahr,Unknown,,AUT,at,,2727
100023,Ramanathan Krishnan,Right-Handed,,IND,in,1937-04-12,2728
110150,Raymond Mapp,Unknown,,UNK,un,,2729
100479,Reinhart Probst,Right-Handed,,GER,de,1957-05-23,2730
209776,Unknown Cimurri,Unknown,,ITA,it,,2731
209446,Unknown Seymour,Unknown,,,,,2732
101486,Victor Lopez Moron,Right-Handed,,ESP,es,1968-05-26,2733
108519,Will Coghlan,Right-Handed,,AUS,au,,2734
211348,Abbie Maynard,Unknown,,USA,us,,2735
100384,Alejandro Cortes,Right-Handed,,COL,co,1955-08-19,2736
211066,Bill Yeomans,Unknown,,USA,us,,2737
106710,Celso Sacomandi,Right-Handed,,BRA,br,1960-01-10,2738
125614,Eduardo Gorostiaga,Unknown,,BOL,bo,1945-06-16,2739
110127,Eric Derasse,Unknown,,FRA,fr,,2740
110418,Gabriel Neascu,Right-Handed,,BEL,be,,2741
110348,John Norgauer,Unknown,,USA,us,,2742
110788,Jose Garcia Requena,Unknown,,ESP,es,1955-08-28,2743
110384,Kehinde Ajayi,Right-Handed,,NGR,ng,,2744
125586,Kenneth Tsui,Unknown,,HKG,hk,1949-04-22,2745
209779,Lester Brown,Unknown,,USA,us,,2746
109839,Ricky Diaz,Right-Handed,,PUR,pr,,2747
110450,Rob Cadwaller,Unknown,,UNK,un,,2748
211250,Terry Sargeant,Unknown,,AUS,au,,2749
102755,Alex Witt,Right-Handed,,USA,us,1976-03-31,2750
106780,Cliff Skakle,Right-Handed,,USA,us,1956-02-26,2751
208953,D Belesson,Unknown,,UNK,un,,2752
103538,James Auckland,Right-Handed,,GBR,gb,1980-05-02,2753
107275,Jan Hordijk,Right-Handed,,NED,nl,1950-02-24,2754
123200,Kenzo Ukon,Unknown,,JPN,jp,1958-05-22,2755
103715,Kirill Ivanov Smolensky,Right-Handed,,RUS,ru,1981-03-11,2756
209715,Lee Langstroth,Unknown,,USA,us,,2757
100256,Luis Baraldi,Right-Handed,,MEX,mx,1951-11-01,2758
101417,Mario Rincon,Right-Handed,,COL,co,1967-12-04,2759
209837,Mark Wilson,Unknown,,GBR,gb,,2760
112637,Peter Scholl,Unknown,,GER,de,1934-11-04,2761
110261,R Vasselin,Unknown,,FRA,fr,,2762
209437,Tony Bowles,Unknown,,UNK,un,,2763
100355,Victor Eke,Right-Handed,,AUS,au,1954-12-10,2764
211213,Barry Brown,Unknown,,AUS,au,,2765
209664,D J Sheperd,Unknown,,GBR,gb,,2766
106905,Dusan Kulhaj,Right-Handed,,CZE,cz,,2767
145140,Fernando Casado,Unknown,,ESP,es,,2768
112603,Gerard Pilet,Unknown,,FRA,fr,1933-10-21,2769
211283,Gilles Hinchcliffe,Unknown,,GBR,gb,,2770
125713,Habib Saleh,Unknown,,IRI,ir,,2771
110101,J Fairchild,Right-Handed,,AUS,au,,2772
100277,Jacques Thamin,Right-Handed,,FRA,fr,1952-06-21,2773
110006,Jean Pierre Loizeau,Unknown,,FRA,fr,,2774
202804,Jeff Edwards,Unknown,,USA,us,,2775
109859,Jimmy Parker,Right-Handed,,USA,us,1943-03-10,2776
100634,Larry Gottfried,Right-Handed,,USA,us,1960-01-01,2777
210830,Leonardo Scrocchia,Unknown,,ITA,it,,2778
107819,Minoru Ueda,Right-Handed,,JPN,jp,1957-06-27,2779
202673,Raul Contreras,Right-Handed,,MEX,mx,1943-09-28,2780
109804,Rod Brent,Right-Handed,,AUS,au,,2781
109792,Vittorio Crotta,Right-Handed,,ITA,it,1946-04-27,2782
110330,Bob Joyner,Unknown,,UNK,un,,2783
202757,David Cantrell,Unknown,,USA,us,,2784
100541,Jan Kallquist,Right-Handed,,SWE,se,1958-06-08,2785
209433,Jeremy Smith,Unknown,,RSA,za,,2786
110424,Joaquin Castellano,Unknown,,ESP,es,,2787
202541,John Andrews,Unknown,,USA,us,1952-05-25,2788
B0QQ,Karim Bennani,Unknown,,MAR,ma,2007-09-04,2789
103988,Mariano Albert Ferrando,Right-Handed,,ESP,es,1982-04-29,2790
110185,Michael Hickey,Right-Handed,,IRL,ie,,2791
201644,Rob Wallace,Right-Handed,,GBR,gb,,2792
211067,Sergio Capece,Unknown,,ITA,it,,2793
110050,Tony Pickard,Unknown,,GBR,gb,1934-09-16,2794
100007,Abe Segal,Left-Handed,,RSA,za,1930-11-14,2795
110407,Bob Helmers,Right-Handed,,USA,us,,2796
114943,Bob Stuckert,Unknown,,USA,us,,2797
105294,Dennis Lajola,Right-Handed,,USA,us,1989-02-13,2798
102347,Dmitri Tomashevich,Right-Handed,,UZB,uz,1974-03-12,2799
107022,Francesco Michelotti,Right-Handed,,ITA,it,1969-11-02,2800
211302,G Rorn,Unknown,,CAN,ca,,2801
210849,Giambattista Cicivelli,Unknown,,ITA,it,,2802
112992,Isao Kobayashi,Unknown,,JPN,jp,1941-11-24,2803
208987,J Zimincer,Unknown,,UNK,un,,2804
100641,Jan Van Langendonck,Right-Handed,,BEL,be,1960-02-15,2805
211438,Just Barth,Unknown,,NED,nl,,2806
110307,Klaus Kreuzhuber,Unknown,,AUT,at,,2807
103914,Omar Awadhy,Right-Handed,,UAE,ae,1982-01-22,2808
209686,Patrice Wiman,Unknown,,USA,us,,2809
202860,Ron Bohrnstedt,Unknown,,USA,us,1947-08-14,2810
112538,Russell Seymour,Unknown,,RSA,za,1930-07-28,2811
110175,Thedy Stalder,Unknown,,SUI,ch,1939-03-30,2812
105131,Tim Goransson,Unknown,,SWE,se,1988-04-25,2813
209771,Unknown Terrade,Unknown,,ITA,it,,2814
116876,Walter Johnson,Unknown,,USA,us,1944-07-15,2815
108577,Zhao Xie,Right-Handed,,CHN,cn,1959-07-05,2816
109820,Alan Mills,Right-Handed,,GBR,gb,1935-11-17,2817
106874,Dick Bosse,Right-Handed,,RSA,za,1967-09-01,2818
202701,Eugene Mccabe,Unknown,,AUS,au,,2819
210836,Fabrizio Berliri,Unknown,,ITA,it,,2820
210922,Geoff Harris,Unknown,,CAN,ca,,2821
107115,Goran Bergstrand,Right-Handed,,SWE,se,,2822
209444,Jeremie Malan,Unknown,,RSA,za,,2823
103102,John Hui,Right-Handed,,HKG,hk,1978-01-12,2824
110001,John Yeomans,Unknown,,USA,us,1944-06-10,2825
209780,Lindsay Murphy,Unknown,,GBR,gb,1947-05-01,2826
209554,M Patterson,Unknown,,,,,2827
109262,Milan Vopicka,Right-Handed,,CZE,cz,,2828
103546,Patricio Arquez,Right-Handed,,ARG,ar,1980-04-26,2829
107998,Phil Gunning,Right-Handed,,USA,us,,2830
103986,Radoslav Lukaev,Right-Handed,,BUL,bg,1982-05-09,2831
148481,Richard Howell,Unknown,,USA,us,,2832
110057,Ross Mcghie,Unknown,,UNK,un,,2833
208995,S Fine,Unknown,,UNK,un,,2834
110432,Selim Var,Unknown,,TUR,tr,,2835
211034,Stewart Richter,Unknown,,USA,us,,2836
106562,Tony Hammond,Right-Handed,,AUS,au,1950-04-15,2837
110451,U Sacoldelli,Unknown,,UNK,un,,2838
109958,Viorel Marcu,Unknown,,ROU,ro,,2839
202955,Bill Tym,Unknown,,USA,us,1940-04-17,2840
106651,Brad Rowe,Right-Handed,,USA,us,,2841
209624,C Wijono,Unknown,,INA,id,,2842
110284,Ciccio Gorla,Unknown,,ITA,it,,2843
211257,D Graham,Unknown,,AUS,au,,2844
117040,Esteban Reyes,Unknown,,MEX,mx,1937-04-24,2845
106970,Eylon Sinai,Right-Handed,,ISR,il,1963-03-13,2846
100085,Hans Joachim Ploetz,Right-Handed,,GER,de,1944-03-12,2847
112620,Iyo Pimentel,Unknown,,VEN,ve,1933-02-24,2848
211418,J O'Brien,Unknown,,IRL,ie,,2849
107328,Jeremy Cohen,Right-Handed,,USA,us,1955-03-16,2850
209556,M Bonner,Unknown,,,,,2851
107724,Masaru Suishu,Right-Handed,,JPN,jp,1956-06-30,2852
105987,Mikhail Biryukov,Right-Handed,,RUS,ru,1992-05-30,2853
109749,Pancho Guzman,Right-Handed,,ECU,ec,1946-05-29,2854
210879,Stefano Paterno,Unknown,,ITA,it,,2855
114606,Ted Beards,Unknown,,GBR,gb,,2856
110446,Bertram Knowles,Unknown,,UNK,un,,2857
100237,Bill Freer,Right-Handed,,RSA,za,1951-04-12,2858
142939,Dave Shaw,Unknown,,USA,us,,2859
112315,Don Candy,Unknown,,AUS,au,1929-04-25,2860
100385,Filip Krajcik,Right-Handed,,AUT,at,1955-08-27,2861
211181,Gilchrist Berg,Unknown,,USA,us,,2862
113563,Greg Grant,Unknown,,USA,us,,2863
104393,Gregoire Burquier,Left-Handed,,FRA,fr,1984-07-11,2864
210988,Jack Steinorth,Unknown,,USA,us,,2865
109812,Jan Leschly,Left-Handed,,DEN,dk,1940-10-08,2866
101225,Jens Peter,Left-Handed,,GER,de,1966-02-19,2867
107459,Juan Manuel Hidalgo,Right-Handed,,ESP,es,,2868
202661,Mario Brenner,Unknown,,GER,de,,2869
110387,Martin Goldberg,Right-Handed,,USA,us,,2870
212422,P Eckert,Unknown,,AUS,au,,2871
100210,Steve Docherty,Right-Handed,,AUS,au,1950-05-15,2872
112389,Tony Richards,Unknown,,AUS,au,,2873
210951,Yit Louie,Unknown,,USA,us,,2874
108565,Young Min Kwon,Right-Handed,,KOR,kr,1964-11-29,2875
109840,Benjamin Janse Sims,Right-Handed,,USA,us,,2876
116865,Bodo Nitsche,Unknown,,GER,de,1938-09-17,2877
212420,C Francis,Unknown,,GBR,gb,,2878
148496,Dave Perchonock,Unknown,,USA,us,,2879
209441,Dennis Breetzke,Unknown,,RSA,za,,2880
106937,Emilio Marturano,Right-Handed,,ITA,it,1967-06-20,2881
210762,Francisco Rodriguez,Unknown,,ESP,es,,2882
209550,G Miles,Unknown,,,,,2883
107062,Gary Thoroughood,Right-Handed,,AUS,au,,2884
100301,Jim Delaney,Right-Handed,,USA,us,1953-04-01,2885
107420,Jorge Todero,Right-Handed,,ARG,ar,,2886
209677,M J R Hales,Unknown,,GBR,gb,,2887
110034,Merv Guse,Right-Handed,,AUS,au,,2888
110234,Noriyuki Washida,Right-Handed,,JPN,jp,,2889
107871,Nunil Velasco,Right-Handed,,COL,co,,2890
100204,Pancho Walthall,Left-Handed,,USA,us,1950-03-04,2891
100584,Peter Lamb,Right-Handed,,RSA,za,1959-04-07,2892
210919,Peter Yates,Unknown,,CAN,ca,,2893
210982,Robert Mcivor,Unknown,,USA,us,,2894
108268,Sivagnanam Suresh,Right-Handed,,SRI,lk,,2895
100200,Antonio Zugarelli,Right-Handed,,ITA,it,1950-02-17,2896
211445,Barry Wratten,Unknown,,RSA,za,,2897
211203,Bob Fowler,Unknown,,AUS,au,,2898
211442,Conrad Johnson,Unknown,,RSA,za,,2899
102348,Hideki Kaneko,Right-Handed,,JPN,jp,1974-03-07,2900
112293,Jimmy Moore,Unknown,,AUS,au,1938-06-14,2901
107704,Mark Shires,Right-Handed,,USA,us,,2902
101670,Martin Schaffl,Right-Handed,,AUT,at,1969-12-27,2903
104830,Matteo Marrai,Unknown,,ITA,it,1986-12-04,2904
109876,Peter Lamp,Right-Handed,,RUS,ru,1944-03-09,2905
100287,Robin Drysdale,Right-Handed,,GBR,gb,1952-09-24,2906
112611,Vladimir Petrovic,Unknown,,YUG,rs,1929-06-02,2907
209628,A Webb,Unknown,,GBR,gb,,2908
101699,Alois Beust,Right-Handed,,FRA,fr,1970-02-25,2909
103337,Ben Qiang Zhu,Right-Handed,,CHN,cn,1979-03-30,2910
114970,Bob Barker,Unknown,,USA,us,1929-12-30,2911
106694,Carlos Chabalgoity,Right-Handed,,BRA,br,1965-03-10,2912
210863,Dave Shibley,Unknown,,USA,us,,2913
100212,F D Robbins,Right-Handed,,USA,us,1950-07-12,2914
210969,Frank Cornell Jr,Unknown,,USA,us,,2915
110283,Gary Kesl,Unknown,,USA,us,1939-11-11,2916
210895,Gunther Prell,Unknown,,GER,de,,2917
102207,Jan Weinzierl,Right-Handed,,GER,de,1973-05-19,2918
116790,Jim Rombeau,Unknown,,USA,us,1948-12-26,2919
210968,John Kern,Unknown,,USA,us,,2920
110182,L Palman,Right-Handed,,UNK,un,,2921
100097,Nicholas Kalogeropoulos,Right-Handed,,GRE,gr,1945-03-11,2922
211805,Paul Pavich,Unknown,,AUT,at,,2923
210993,Phil Brooks,Unknown,,USA,us,,2924
108025,R Elangovan,Right-Handed,,IND,in,,2925
209695,R Frost,Unknown,,GBR,gb,,2926
110310,Robert Garmany,Unknown,,USA,us,,2927
102956,Sultan Khalfan,Right-Handed,,QAT,qa,1977-04-21,2928
110096,B Yoranssen,Right-Handed,,SWE,se,,2929
106700,Carlos Gomez,Right-Handed,,COL,co,,2930
113265,Donald Fontana,Unknown,,CAN,ca,1931-02-03,2931
208949,Enrique Molina,Unknown,,UNK,un,,2932
101976,Federico Dondo,Right-Handed,,URU,uy,1971-11-22,2933
210831,Francesco Dalessio,Unknown,,ITA,it,,2934
104284,Frank Condor,Unknown,,ESP,es,1984-02-12,2935
146312,G Thorpe,Unknown,,AUS,au,,2936
148208,Larry Hall,Unknown,,USA,us,,2937
110164,Max Franklin,Unknown,,GBR,gb,,2938
148466,Mike Cmaylo,Unknown,,USA,us,,2939
107960,Pedro Cordeiro,Right-Handed,,POR,pt,1963-02-27,2940
102161,Robert Kroll,Right-Handed,,GER,de,1973-01-13,2941
100099,Thomaz Koch,Left-Handed,,BRA,br,1945-05-22,2942
210957,Todd Overgard,Unknown,,USA,us,,2943
106238,Andres Artunedo Martinavarro,Right-Handed,,ESP,es,1993-10-17,2944
103037,Andrew Carlson,Left-Handed,,USA,us,1977-09-03,2945
102832,Andrian Raturandang,Right-Handed,,INA,id,1976-08-15,2946
110444,Andy Lloyd,Right-Handed,,USA,us,,2947
148464,Bohn Smith,Unknown,,USA,us,,2948
208108,Brian Shi,Right-Handed,,USA,us,2000-03-18,2949
100412,Bruce Nichols,Right-Handed,,USA,us,1956-01-08,2950
207531,Caleb Chakravarthi,Unknown,,USA,us,1999-02-08,2951
106695,Carlos Claverie,Right-Handed,,VEN,ve,1963-02-12,2952
109931,Dick Leach,Right-Handed,,USA,us,1940-03-22,2953
104383,Diogo Rocha,Right-Handed,,POR,pt,1984-06-25,2954
209585,J Walsh,Unknown,,IRL,ie,,2955
110197,James Mcardle,Unknown,,IRL,ie,1920-05-02,2956
209741,Luis Moreira,Unknown,,BRA,br,,2957
102083,Nick Gould,Right-Handed,,GBR,gb,1972-08-08,2958
104261,Peng Sun,Right-Handed,,CHN,cn,1983-10-30,2959
107968,Per Hegna,Right-Handed,,NOR,no,1945-08-08,2960
207027,Shukry Moubarek,Unknown,,EGY,eg,1942-12-03,2961
108315,Steve Mott,Right-Handed,,USA,us,1954-12-05,2962
209663,C Graham,Unknown,,GBR,gb,,2963
110356,F Settelmeyer,Right-Handed,,GER,de,,2964
104695,Fritz Wolmarans,Right-Handed,,RSA,za,1986-03-09,2965
110180,Gaetano Di Maso,Right-Handed,,ITA,it,1945-03-16,2966
100166,Gene Stuart Malin,Right-Handed,,USA,us,1948-10-12,2967
212412,J. Ockenden,Unknown,,GBR,gb,,2968
210979,James Cameron,Unknown,,USA,us,,2969
107277,Jan Pisecky,Right-Handed,,CZE,cz,,2970
211165,Jaroslav Vrba,Unknown,,SVK,sk,,2971
148484,Joe Tillerson,Unknown,,USA,us,,2972
211175,Johan Jepson,Unknown,,AUS,au,,2973
209653,R Mortoire,Unknown,,GBR,gb,,2974
109981,Richard Evans,Unknown,,USA,us,1950-07-15,2975
100036,Rudy Hernando,Right-Handed,,USA,us,1939-06-17,2976
210889,Siegfried Kipka,Unknown,,GER,de,,2977
110442,Vartan Tetikbas,Unknown,,TUR,tr,,2978
211053,Adel Talaat Farid,Unknown,,SUD,sd,,2979
209759,Anthony Ensor,Unknown,,IRL,ie,,2980
202531,Antonio Barranco,Unknown,,ESP,es,,2981
101892,Axel Finnberg,Right-Handed,,GER,de,1971-04-19,2982
106718,Cheng Fong Chang,Right-Handed,,CHN,cn,1972-05-26,2983
110247,Colin Mchugo,Right-Handed,,GBR,gb,1945-12-25,2984
211157,Eugene Speni,Unknown,,USA,us,,2985
107031,Francois Servelle,Right-Handed,,FRA,fr,,2986
110947,Frank Saloman,Unknown,,RHO,zw,1943-01-01,2987
107180,Harvey Spiegel,Right-Handed,,USA,us,,2988
110297,K Brebnor,Unknown,,UNK,un,,2989
109836,Ken Weatherley,Right-Handed,,GBR,gb,1947-12-26,2990
107614,M Harner,Right-Handed,,USA,us,,2991
107969,Per Jemsby,Right-Handed,,SWE,se,,2992
209796,Richard Levine,Unknown,,GBR,gb,,2993
110033,Rodney Harvey,Right-Handed,,AUS,au,,2994
211245,Skip Taylor,Unknown,,USA,us,,2995
210794,T Long,Unknown,,RSA,za,,2996
110129,Denis Grozdanovitch,Unknown,,FRA,fr,,2997
207077,Des Early,Unknown,,IRL,ie,,2998
110210,Donald Lutz,Unknown,,USA,us,1949-03-11,2999
202793,Fabrizio Gasparini,Unknown,,ITA,it,1953-12-26,3000
210816,Gerardo Clarac,Unknown,,VEN,ve,,3001
109995,Herbert Rapp,Unknown,,USA,us,1948-10-13,3002
209694,J Lascelle,Unknown,,GBR,gb,,3003
209746,JL Cue,Unknown,,ESP,es,,3004
107345,Jin So Lee,Right-Handed,,KOR,kr,,3005
102868,Jonathan Printzlau,Right-Handed,,DEN,dk,1976-10-14,3006
211422,Juan Cruz,Unknown,,PUR,pr,,3007
210875,Mike Strickland,Unknown,,USA,us,,3008
211195,Paul Novoa,Unknown,,PAN,pa,,3009
209540,Philip Holton,Unknown,,AUS,au,,3010
208978,Richard Hillage,Unknown,,UNK,un,,3011
202721,Roland Stiegler,Unknown,,AUT,at,,3012
104036,Simon Rea,Left-Handed,,NZL,nz,1982-08-19,3013
209673,T Grane,Unknown,,,,,3014
211102,Tommy Lile,Unknown,,USA,us,,3015
103753,Boris Bachert,Right-Handed,,GER,de,1981-05-15,3016
209634,D Carter,Unknown,,GBR,gb,,3017
210810,Desmond Shaw,Unknown,,NZL,nz,,3018
109988,Dick Knight,Right-Handed,,USA,us,1948-05-30,3019
210962,Don Jacobus,Unknown,,USA,us,,3020
109807,Garry Slater,Right-Handed,,NZL,nz,,3021
207026,Ivon Savy,Unknown,,VEN,ve,1948-08-12,3022
100183,Jim Ward,Right-Handed,,USA,us,1949-08-12,3023
210955,John Haak,Unknown,,USA,us,,3024
211019,John Leles,Unknown,,USA,us,,3025
108814,Konstantinos Effraimoglou,Right-Handed,,GRE,gr,1962-12-17,3026
107590,Luis Borfiga,Right-Handed,,MON,mc,1954-11-07,3027
105426,Michael Linzer,Right-Handed,,AUT,at,1989-11-05,3028
107798,Miguel Merz,Right-Handed,,ESA,sv,1967-06-28,3029
107803,Miguel Soares,Right-Handed,,POR,pt,1957-07-31,3030
209812,Oscar Valdivieso,Unknown,,ARG,ar,,3031
108101,Robbie Smith,Right-Handed,,USA,us,,3032
211251,S Keliani,Unknown,,AUS,au,,3033
148453,Tony Goold,Unknown,,GBR,gb,,3034
210850,U Bighini,Unknown,,ITA,it,,3035
109764,Bernard Paul,Right-Handed,,FRA,fr,,3036
110192,Bernd Kube,Unknown,,GER,de,,3037
210986,Bob Dunning,Unknown,,USA,us,,3038
211299,Chris Wells,Unknown,,IRL,ie,,3039
212421,David Morrison,Unknown,,AUS,au,,3040
148429,Hartmut Bielefeld,Unknown,,FRG,de,1937-10-04,3041
211804,Jesus Oroquieta,Unknown,,,,,3042
202754,Ken Hiskins,Unknown,,AUS,au,,3043
100168,Kenneth McMillan,Right-Handed,,USA,us,1948-11-26,3044
211379,M White,Unknown,,AUS,au,,3045
147908,Mike Beene,Unknown,,USA,us,1947-09-04,3046
107864,Nobuya Tamura,Right-Handed,,JPN,jp,1951-11-26,3047
112342,Paul Hearnden,Unknown,,AUS,au,,3048
102276,Sandeep Kirtane,Right-Handed,,IND,in,1973-11-14,3049
108326,Steven Wright,Right-Handed,,AUS,au,,3050
100419,Todd Lundy,Right-Handed,,USA,us,1956-03-17,3051
211074,U Prezioso,Unknown,,ITA,it,,3052
117263,William Alvarez,Right-Handed,,COL,co,1935-01-09,3053
148476, Cross,Unknown,,USA,us,,3054
106561,Anthony Fawcett,Right-Handed,,RSA,za,,3055
211236,Bob Powell,Unknown,,GBR,gb,,3056
106650,Brad Properjohn,Right-Handed,,AUS,au,1963-01-19,3057
106670,Bruce Steel,Right-Handed,,USA,us,,3058
211022,Chuck Bleckinger,Unknown,,USA,us,,3059
100507,Curt Stalder,Right-Handed,,USA,us,1957-12-05,3060
109766,Frank Tutvin,Right-Handed,,USA,us,,3061
145427,Fritz Sehmrau,Unknown,,GER,de,,3062
109799,Geoff Pollard,Right-Handed,,AUS,au,1934-02-07,3063
117264,Hernando Salas,Unknown,,COL,co,,3064
210799,J Glassen,Unknown,,AUS,au,,3065
104275,Josko Topic,Unknown,,CRO,hr,1983-12-16,3066
110313,K Tsui,Unknown,,PHI,ph,,3067
107944,Paul Groth,Right-Handed,,USA,us,,3068
211167,Pavel Brechja,Unknown,,CZE,cz,,3069
108520,William Kyriakos,Right-Handed,,BRA,br,,3070
106631,Bo Holmstrom,Right-Handed,,SWE,se,1943-05-30,3071
101556,Carl Turich,Right-Handed,,AUS,au,1969-01-16,3072
110141,Chang Rung Wu,Right-Handed,,TPE,tw,1957-07-20,3073
100407,Dale Collings,Right-Handed,,AUS,au,1955-12-29,3074
107309,Jean Loup Rouyer,Right-Handed,,FRA,fr,1945-08-15,3075
114610,John Pickens,Unknown,,USA,us,,3076
110476,Mousa Shanan Zayed,Unknown,,QAT,qa,1994-03-14,3077
107928,Pat Serret,Right-Handed,,AUS,au,,3078
100622,Patrizio Parrini,Right-Handed,,ITA,it,1959-10-05,3079
110357,R Buckley,Unknown,,AUS,au,,3080
109912,Ricky Buwalda,Right-Handed,,RSA,za,,3081
108352,Takeshi Omono,Right-Handed,,JPN,jp,,3082
110095,V Popanen,Right-Handed,,USA,us,,3083
102790,Yu Zheng,Right-Handed,,CHN,cn,1976-06-17,3084
211226,A Berwitz,Unknown,,GBR,gb,,3085
103328,Andres Pedroso,Right-Handed,,USA,us,1979-03-16,3086
114611,Barry Butcher,Unknown,,RSA,za,,3087
210904,Bert Van Slooten,Unknown,,NED,nl,,3088
100357,Bhanu Nunna,Right-Handed,,IND,in,1954-11-19,3089
106661,Brett Hibbert,Right-Handed,,NZL,nz,,3090
109845,C Munoz,Right-Handed,,CRC,cr,,3091
109941,David Epstein,Right-Handed,,AUS,au,,3092
100152,David Lloyd,Right-Handed,,GBR,gb,1948-01-08,3093
110345,Drew Meyers,Right-Handed,,USA,us,,3094
148494,E Morales,Unknown,,ESP,es,,3095
109829,Eduardo Soriano,Unknown,,ARG,ar,1924-05-13,3096
211414,Howard Humphries,Unknown,,AUS,au,,3097
202880,Jiri Zigmund,Unknown,,TCH,cz,1947-12-26,3098
211231,Keith Stephens,Unknown,,GBR,gb,,3099
211127,Kinantan Sangitan,Unknown,,INA,id,,3100
209811,Peter Adolph,Unknown,,USA,us,,3101
209027,Peter Rigg,Unknown,,AUS,au,,3102
109768,Pierre Darmon,Right-Handed,,FRA,fr,1934-01-20,3103
109869,Ross Olivieri,Right-Handed,,AUS,au,,3104
209612,Steve Beeland,Unknown,,USA,us,,3105
108416,Tom Lee,Right-Handed,,USA,us,,3106
100234,Allan McDonald,Right-Handed,,AUS,au,1951-03-08,3107
106657,Brant Bailey,Right-Handed,,USA,us,,3108
211425,Brian Parrott,Unknown,,USA,us,,3109
110636,Clay Thompson,Right-Handed,,USA,us,1992-05-31,3110
105941,Felipe Rios,Right-Handed,,CHI,cl,1992-03-08,3111
210966,Fred Suessmann,Unknown,,USA,us,,3112
107068,Gavorielle Marcu,Right-Handed,,ROU,ro,,3113
107301,Jay Harvey,Right-Handed,,AUS,au,,3114
210916,Joe Becknell,Unknown,,USA,us,,3115
211427,King Thaxton,Unknown,,USA,us,,3116
209643,P Mortoire,Unknown,,GBR,gb,,3117
100225,Peter Doerner,Right-Handed,,AUS,au,1950-12-05,3118
100710,Phil Lehnhoff,Right-Handed,,USA,us,1961-01-17,3119
102171,Reinhard Wawra,Right-Handed,,AUT,at,1973-03-05,3120
210953,Robert Hill,Unknown,,USA,us,,3121
109897,Ross Walker,Unknown,,USA,us,,3122
148436, Degodos,Unknown,,,,,3123
110368,Arthur Whitaker,Unknown,,UNK,un,,3124
210784,Byron Humphrey,Unknown,,RSA,za,,3125
109848,Danny Obryant,Right-Handed,,USA,us,,3126
106897,Doug King,Right-Handed,,USA,us,,3127
103913,Ian Flanagan,Unknown,,GBR,gb,1982-02-18,3128
107231,Ilyas Ghouse,Right-Handed,,IND,in,,3129
100352,John Lucas,Right-Handed,,USA,us,1954-11-21,3130
110249,Karl Fichtel,Unknown,,GER,de,,3131
102693,Leonardo Olguin,Right-Handed,,ARG,ar,1975-12-08,3132
211378,Mark Pinchbeck,Unknown,,AUS,au,,3133
209656,P Corne,Unknown,,GBR,gb,,3134
209662,P D R Williams,Unknown,,GBR,gb,,3135
108053,Ray Kelly,Right-Handed,,AUS,au,,3136
211076,U Morgaver,Unknown,,ITA,it,,3137
108512,Wes Horskins,Right-Handed,,AUS,au,1963-06-03,3138
209792,AJ Mitha,Unknown,,,,,3139
109779,Adrian Pena,Right-Handed,,COL,co,,3140
209638,Alan Fawcett,Unknown,,RHO,zw,,3141
211039,Clem Robertson,Unknown,,AUS,au,,3142
110318,Dave George,Unknown,,USA,us,1947-01-16,3143
211007,Dean Schlobohm,Unknown,,USA,us,,3144
103306,Florian Allgauer,Right-Handed,,ITA,it,1979-01-12,3145
210929,Frank Barrett,Unknown,,CAN,ca,,3146
109870,Gary Penberthy,Right-Handed,,AUS,au,1947-02-13,3147
110038,Gary Teagle,Right-Handed,,AUS,au,,3148
146491,Joe Huey,Unknown,,USA,us,,3149
109883,Kirk Watson,Unknown,,UNK,un,,3150
103924,Marc Fornell Mestres,Right-Handed,,ESP,es,1982-03-04,3151
211449,Morris Shongwe,Unknown,,RSA,za,,3152
107917,Pancho Musalem,Right-Handed,,CHI,cl,,3153
209635,Robert Armytage,Unknown,,GBR,gb,,3154
211106,Ron Fick,Unknown,,USA,us,,3155
210777,Ryan Meara,Unknown,,RSA,za,,3156
209773,Unknown Salsi,Unknown,,ITA,it,,3157
109903,Whitney Reed,Right-Handed,,USA,us,1932-08-29,3158
148432, Nocentini,Unknown,,,,,3159
106551,Andy Mccurry,Right-Handed,,USA,us,,3160
102140,Bruno Fragoso,Right-Handed,,POR,pt,1972-12-19,3161
101800,Daniele Balducci,Right-Handed,,ITA,it,1970-10-04,3162
210937,Denis Galesi,Unknown,,CAN,ca,,3163
209819,Hans Van Scheltema,Unknown,,NED,nl,,3164
211294,Ian Perkin,Unknown,,GBR,gb,,3165
209440,Jan Botha,Unknown,,RSA,za,,3166
109910,Jim Mclennan,Unknown,,USA,us,,3167
110244,Liu Shuhua,Right-Handed,,CHN,cn,,3168
108367,Tertius Reynders,Right-Handed,,RSA,za,1966-08-01,3169
209527,Unknown Doherty,Unknown,,,,,3170
209777,Unknown Vinti,Unknown,,ITA,it,,3171
148438, Botteau,Unknown,,FRA,fr,,3172
209557,Alan Gooch,Unknown,,AUS,au,,3173
101122,Alberto Paris,Right-Handed,,LUX,lu,1965-04-12,3174
110952,Alfredo Vaz Pinto,Unknown,,POR,pt,1939-04-05,3175
106610,Beejong Sisson,Right-Handed,,PHI,ph,1957-03-13,3176
109918,Bill Wright,Right-Handed,,USA,us,,3177
110069,Billy Knight,Left-Handed,,GBR,gb,1935-12-18,3178
110455,Brad Hibbert,Right-Handed,,NZL,nz,,3179
100578,Brent Pirow,Right-Handed,,RSA,za,1959-03-03,3180
109964,Brian Flood,Unknown,,CAN,ca,,3181
100077,Daniel Contet,Right-Handed,,FRA,fr,1943-12-01,3182
115036,Dave Snyder,Unknown,,USA,us,1934-12-28,3183
210835,Dusan Korac,Unknown,,SRB,rs,,3184
208958,Fernando Demattei,Unknown,,ARG,ar,,3185
103437,Francesco Piccari,Right-Handed,,ITA,it,1979-09-26,3186
208957,Gerardo Miceli,Unknown,,ARG,ar,,3187
209544,J Bougher,Unknown,,,,,3188
109899,Jack Darrah,Right-Handed,,USA,us,,3189
109943,K Casey,Unknown,,AUS,au,,3190
110018,Keith Diepraam,Right-Handed,,RSA,za,1942-10-15,3191
210945,Mark Elliott,Unknown,,USA,us,,3192
107825,Mohammad Hossein Akbari,Right-Handed,,IRI,ir,,3193
211082,N O Stafford,Unknown,,AUS,au,,3194
112345,Noel Holland,Unknown,,AUS,au,1940-05-12,3195
100533,Paul Avis,Right-Handed,,RSA,za,1958-04-30,3196
148180,Pedro Sotomayor,Unknown,,ESP,es,,3197
211111,Peter Lund,Unknown,,DEN,dk,,3198
109894,Pierre Lamarche,Right-Handed,,CAN,ca,1947-01-05,3199
209750,Reinhard Mattern,Unknown,,GER,de,,3200
146700,Rene Bertrand,Unknown,,FRA,fr,,3201
100732,Ricardo Rivera,Right-Handed,,ARG,ar,1961-04-15,3202
202552,Simon Partridge,Unknown,,GBR,gb,1948-09-17,3203
108349,Takehiko Nishiwaki,Right-Handed,,JPN,jp,,3204
145863,Ulrich Schamberger,Unknown,,FRG,de,1935-03-19,3205
108593,Wing Luen Wong,Unknown,,HKG,hk,1981-04-05,3206
208996,A Galbraith,Unknown,,UNK,un,,3207
210877,Agostino Serra,Unknown,,ITA,it,,3208
109987,Al Bunis,Unknown,,USA,us,1924-02-19,3209
106682,Carey Brading,Right-Handed,,USA,us,,3210
110048,Clay Iles,Right-Handed,,GBR,gb,1942-12-25,3211
211093,Dave Hill,Unknown,,USA,us,,3212
202547,Erik Stenninger,Unknown,,SWE,se,1956-03-05,3213
100298,George Hardie,Left-Handed,,USA,us,1953-03-17,3214
110264,H Lerke,Unknown,,GER,de,,3215
211303,H M Bond,Unknown,,RSA,za,,3216
146416,Jose Fuster,Unknown,,ESP,es,,3217
210826,Kenneth De Koning,Unknown,,RSA,za,,3218
110036,Laurie Weatherhog,Right-Handed,,AUS,au,,3219
101259,Mike Baroch,Right-Handed,,AUS,au,1966-06-07,3220
114978,Morton Stern,Unknown,,USA,us,,3221
125700,Nematollah Nemati,Unknown,,IRI,ir,,3222
112996,Patrick Beraud,Unknown,,FRA,fr,1948-12-26,3223
110068,Paul Cranis,Right-Handed,,USA,us,,3224
211298,Rob Wheatley,Unknown,,USA,us,,3225
102668,Tapio Nurminen,Right-Handed,,FIN,fi,1975-10-27,3226
108415,Tom Kreiss,Right-Handed,,USA,us,,3227
210890,Wolf Dieter Deckert,Unknown,,GER,de,,3228
211272,Bert Leach,Unknown,,AUS,au,,3229
206954,Budiman Aznar,Unknown,,INA,id,,3230
106716,Chang Hong Ni,Right-Handed,,CHN,cn,,3231
106768,Claude England,Right-Handed,,NZL,nz,1955-07-13,3232
100189,Dale Power,Right-Handed,,CAN,ca,1949-10-20,3233
202716,Frank Briscoe,Unknown,,RSA,za,1948-05-15,3234
110222,Iman Sutarli,Unknown,,UNK,un,,3235
100009,Istvan Gulyas,Right-Handed,,HUN,hu,1931-11-19,3236
209736,Juan Carlos Arroyo,Unknown,,ESP,es,,3237
209439,Kenny Smith,Unknown,,RSA,za,,3238
114969,Les Dodson,Unknown,,USA,us,1937-03-08,3239
148434,M Cauvin,Unknown,,FRA,fr,,3240
104732,Phillip Simmonds,Right-Handed,,USA,us,1986-06-12,3241
105104,Robin Roshardt,Right-Handed,,SUI,ch,1988-03-20,3242
110121,Robyn Ray,Unknown,,USA,us,1944-07-10,3243
108250,Shanker Krishnan,Right-Handed,,IND,in,1958-04-14,3244
110435,Ziya Isikustun,Unknown,,TUR,tr,,3245
114614,Alfonso Ochoa,Unknown,,MEX,mx,,3246
211434,E Youatt,Unknown,,GBR,gb,,3247
211263,G Young,Unknown,,AUS,au,,3248
110231,Hachiro Shibata,Right-Handed,,JPN,jp,,3249
110999,Hussain Akbari,Right-Handed,,IRI,ir,1950-01-08,3250
107228,Igor Flego,Right-Handed,,CRO,hr,1962-01-07,3251
209841,J Fannin,Unknown,,USA,us,,3252
210855,Joe Brandi,Unknown,,USA,us,,3253
211169,Kenneth Hennep,Unknown,,CUW,cw,,3254
107649,Marco Alciati,Right-Handed,,ITA,it,1961-12-27,3255
107696,Mark Jeffrey,Right-Handed,,AUS,au,1967-04-15,3256
208946,Marty Pincus,Unknown,,USA,us,,3257
100190,Norman Holmes,Right-Handed,,USA,us,1949-10-29,3258
211441,R Speeny,Unknown,,USA,us,,3259
110056,Ray Keenan,Unknown,,UNK,un,,3260
110202,Roger Becker,Right-Handed,,GBR,gb,1934-03-07,3261
108453,Ulf Eriksson,Right-Handed,,SWE,se,,3262
110243,X Zhao,Right-Handed,,CHN,cn,,3263
108580,Zoltan Ilin,Right-Handed,,SRB,rs,1955-02-26,3264
112608,Armando Vieira,Unknown,,BRA,br,1925-05-01,3265
100678,Bill Gilmour,Right-Handed,,AUS,au,1960-05-31,3266
211419,Bob Levine,Unknown,,USA,us,,3267
211248,Don Hodgskins,Unknown,,USA,us,,3268
106923,Eduardo Mandarino,Right-Handed,,ESP,es,,3269
110190,Franco Belli,Right-Handed,,ITA,it,,3270
100131,Guillermo Oropez,Right-Handed,,USA,us,1947-02-24,3271
107167,Hans Goransson,Right-Handed,,SWE,se,,3272
210989,John Trauth,Unknown,,USA,us,,3273
211377,Keith Simpson,Unknown,,AUS,au,,3274
107841,Naomi Uemura,Right-Handed,,JPN,jp,,3275
209747,Pedro Figar,Unknown,,ESP,es,,3276
209438,Peter Tudhope,Unknown,,RSA,za,,3277
100014,Trevor Fancutt,Right-Handed,,RSA,za,1934-07-28,3278
110074,Alan Frost,Right-Handed,,AUS,au,,3279
101445,Alessandro Baldoni,Right-Handed,,ITA,it,1968-03-15,3280
211163,Bernd Osterhorn,Unknown,,GER,de,,3281
117328,Constantin Nastase,Unknown,,ROU,ro,,3282
210873,Harry Coe,Unknown,,USA,us,,3283
112526,Ian C Vermaak,Unknown,,RSA,za,1933-04-06,3284
100112,John Clifton,Right-Handed,,GBR,gb,1946-03-22,3285
103792,Joji Miyao,Unknown,,JPN,jp,1981-07-19,3286
209676,P Smith,Unknown,,GBR,gb,,3287
102208,Rob Givone,Right-Handed,,USA,us,1973-06-02,3288
209429,Robert Morrison,Unknown,,RSA,za,,3289
202523,Simon Clarke,Unknown,,AUS,au,,3290
210832,Antonio Rasicci,Unknown,,ITA,it,,3291
211277,Atilio Rosetti,Unknown,,USA,us,,3292
106642,Bojidar Pampoulov,Right-Handed,,BUL,bg,1949-05-09,3293
106951,Eric Baer,Right-Handed,,USA,us,,3294
110382,G Halabi,Right-Handed,,EGY,eg,,3295
109896,Jim Boyce,Unknown,,CAN,ca,1951-07-13,3296
104106,Ludovic Walter,Unknown,,FRA,fr,1983-01-17,3297
107810,Mike Kreiss,Right-Handed,,USA,us,,3298
104640,Pablo Galdon,Right-Handed,,ARG,ar,1985-12-03,3299
110301,Patrick Platzer,Right-Handed,,AUT,at,,3300
148454,Paul Sussams,Unknown,,GBR,gb,,3301
110293,Peter Schlotz,Unknown,,UNK,un,,3302
110178,Richard Kasten,Unknown,,UNK,un,,3303
108147,Rodrigo Faria,Right-Handed,,BRA,br,,3304
210852,U Corsi,Unknown,,ITA,it,,3305
109955,Antonio Capella,Right-Handed,,ESP,es,,3306
110426,Arif Kocak,Unknown,,TUR,tr,1950-02-24,3307
110292,Eddie Knol,Unknown,,UNK,un,,3308
103448,Gabriel Trujillo Soler,Right-Handed,,ESP,es,1979-10-29,3309
105325,Germain Gigounon,Right-Handed,,BEL,be,1989-05-24,3310
101386,Glenn Wilson,Right-Handed,,NZL,nz,1967-09-04,3311
I0BF,Ivan Ivanov,Right-Handed,,BUL,bg,2008-10-31,3312
210773,Johann Scholtemeyer,Unknown,,RSA,za,,3313
148141,John Gilbert,Unknown,,USA,us,,3314
202749,Jose Carlos Olcese,Unknown,,ESP,es,1953-06-14,3315
110346,Larry Dodge,Unknown,,USA,us,,3316
112473,Lew Gerrard,Right-Handed,,NZL,nz,1938-05-10,3317
101385,Mario Carnevale,Right-Handed,,ITA,it,1967-09-01,3318
102537,Melvin Tong,Right-Handed,,HKG,hk,1975-02-26,3319
202627,Michael Mooney,Unknown,,NZL,nz,1958-06-03,3320
104485,Nick Van Der Meer,Unknown,,NED,nl,1985-02-17,3321
107862,Nigel Orourke,Right-Handed,,CAN,ca,1958-10-23,3322
209546,R Hunt,Unknown,,,,,3323
211118,R Roesner,Unknown,,AUT,at,,3324
211016,Roger Cooper,Unknown,,USA,us,,3325
100167,Sever Muresan,Right-Handed,,ROU,ro,1948-11-10,3326
209423,Stan Myerson,Unknown,,RSA,za,,3327
209639,A G Barker,Unknown,,GBR,gb,,3328
110358,C Sakolsky,Unknown,,USA,us,,3329
102528,Carlos Drada,Left-Handed,,COL,co,1975-03-12,3330
107118,Gordon Jones,Right-Handed,,USA,us,,3331
102808,Kalle Flygt,Right-Handed,,SWE,se,1976-07-09,3332
107729,Massimo Rivaroli,Right-Handed,,ITA,it,,3333
110242,R Mayer,Right-Handed,,USA,us,,3334
110224,Robert Bedard,Unknown,,CAN,ca,1931-10-08,3335
212418,T Ellis,Unknown,,GBR,gb,,3336
108421,Toma Ovici,Right-Handed,,ROU,ro,1949-06-19,3337
110194,Uwe Gottschalk,Unknown,,GER,de,,3338
109977,William Harris,Right-Handed,,USA,us,1947-02-10,3339
148459, Junvelet,Unknown,,,,,3340
110448,Bob Adams,Unknown,,UNK,un,,3341
104896,Bruno Agostinelli,Right-Handed,,CAN,ca,1987-04-23,3342
147610,Carlos Carriedo,Unknown,,USA,us,,3343
106703,Carlos Lopez,Right-Handed,,MEX,mx,,3344
106723,Chip Tolleson,Right-Handed,,USA,us,,3345
148485,Ernest Cox,Unknown,,USA,us,,3346
100351,Freddie De Jesus,Right-Handed,,PUR,pr,1954-11-08,3347
100723,Jacques Hervet,Right-Handed,,FRA,fr,1961-03-11,3348
211120,Jannick Niessner,Unknown,,GER,de,,3349
107436,Jose Guerrero,Right-Handed,,ESP,es,,3350
211208,K Franzi,Unknown,,USA,us,,3351
209833,K Stevens,Unknown,,,,,3352
107488,Keith Hancock,Right-Handed,,AUS,au,1953-03-09,3353
209805,Ken Kelleher,Unknown,,IRL,ie,,3354
100228,Kjell Johansson,Right-Handed,,SWE,se,1951-02-23,3355
210782,L Traut,Unknown,,RSA,za,,3356
109961,Lester Sack,Unknown,,USA,us,,3357
101384,Marco Filippeschi,Right-Handed,,ITA,it,1967-08-22,3358
100396,Martin Robinson,Left-Handed,,GBR,gb,1955-11-06,3359
102948,Oliver Freelove,Right-Handed,,GBR,gb,1977-03-10,3360
108026,R Kiesling,Right-Handed,,USA,us,,3361
110021,Raul Peralta,Right-Handed,,ARG,ar,1940-07-08,3362
105300,Sergio Gutierrez Ferrol,Right-Handed,,ESP,es,1989-04-10,3363
209528,Willie Walsh,Unknown,,,,,3364
148122,Alfredo Alvarez,Unknown,,MEX,mx,,3365
106684,Carl Axel Hageskog,Right-Handed,,SWE,se,,3366
210854,Domenico Urso,Unknown,,ITA,it,,3367
107035,Frank Hamonet,Right-Handed,,FRA,fr,1965-05-24,3368
211254,G Kenway,Unknown,,AUS,au,,3369
113220,Georges Deniau,Right-Handed,,FRA,fr,1933-01-13,3370
211087,Giovanni Travia,Unknown,,ITA,it,,3371
101970,Iztok Bozic,Right-Handed,,SLO,si,1971-09-28,3372
209614,Jack Lowe,Unknown,,USA,us,,3373
100102,Joaquin Loyo Mayo,Right-Handed,,MEX,mx,1945-08-21,3374
100494,John Picken,Right-Handed,,CAN,ca,1957-09-14,3375
110802,Julio Van Kerckhoven,Unknown,,ARG,ar,,3376
103076,Justin Oneal,Right-Handed,,USA,us,1977-11-01,3377
202567,Lenny Schloss,Right-Handed,,USA,us,,3378
100381,Michael Greenberg,Right-Handed,,USA,us,1955-06-18,3379
100083,Nicola Spear,Right-Handed,,SRB,rs,1944-03-03,3380
103053,Nikos Rovas,Right-Handed,,GRE,gr,1977-10-21,3381
110011,Peter Macdonald,Right-Handed,,AUS,au,,3382
210861,Victor Ebbessen,Unknown,,USA,us,,3383
148444, Sicilia,Unknown,,ESP,es,,3384
211196,Carlos Espinosa,Unknown,,COL,co,,3385
202611,Eduardo Cisneros,Unknown,,ARG,ar,,3386
100334,Ernie Ewert,Right-Handed,,AUS,au,1954-07-07,3387
202946,Gordon Birt,Unknown,,RSA,za,1944-07-23,3388
202513,John Holladay,Right-Handed,,USA,us,1954-04-01,3389
104253,Juan Martin Aranguren,Right-Handed,,ARG,ar,1983-10-15,3390
211031,Lou Cabnet,Unknown,,USA,us,,3391
209623,R Hayes,Unknown,,GBR,gb,,3392
103978,Rabie Chaki,Ambidextrous,,MAR,ma,1982-05-13,3393
109924,Takao Yamamoto,Right-Handed,,JPN,jp,1952-02-07,3394
101485,Tanakorn Srichaphan,Right-Handed,,THA,th,1968-06-13,3395
112344,Wayne Reid,Unknown,,AUS,au,1938-02-05,3396
210814,Yoshihiko Shimazaki,Unknown,,JPN,jp,,3397
104847,Adrien Bossel,Left-Handed,,SUI,ch,1987-01-12,3398
100227,Alvin Gardiner,Right-Handed,,AUS,au,1951-03-13,3399
109973,Andre Cote,Unknown,,CAN,ca,,3400
210881,Bob Kerr,Unknown,,AUS,au,,3401
109997,Carlos Schettwein,Unknown,,UNK,un,,3402
109811,Chum Steele Iii,Right-Handed,,USA,us,1944-02-25,3403
211020,Clyde Witt,Unknown,,USA,us,,3404
202909,Frank McDonald,Unknown,,RSA,za,1948-03-08,3405
211278,G Mandel,Unknown,,GBR,gb,,3406
211078,Gaetano Mele,Unknown,,ITA,it,,3407
210838,Giuseppe Tartari,Unknown,,ITA,it,,3408
211199,Hernando Leguizamon,Unknown,,COL,co,,3409
110177,Jan Hajer,Unknown,,NED,nl,1942-04-14,3410
107607,Lukas Thomas,Right-Handed,,CZE,cz,,3411
208981,M Williams,Unknown,,UNK,un,,3412
110258,Milan Tajenar,Unknown,,CZE,cz,,3413
104684,Navdeep Singh,Right-Handed,,IND,in,1986-03-26,3414
107884,Oliver Ploner,Right-Handed,,AUT,at,,3415
110203,Pancho Castillo,Right-Handed,,COL,co,,3416
109790,Paolo Lazzari,Unknown,,ITA,it,,3417
211045,Per Erik Dahl,Unknown,,NOR,no,,3418
108310,Steve Tidball,Right-Handed,,USA,us,1947-01-05,3419
102406,Thomas Dupre,Right-Handed,,FRA,fr,1974-07-02,3420
103282,Tiago Sousa,Right-Handed,,POR,pt,1978-11-15,3421
202733,Zdravko Mincek,Unknown,,YUG,rs,,3422
109778,Alfredo Acuna,Unknown,,PER,pe,1946-12-11,3423
106662,Brian Benson,Right-Handed,,AUS,au,,3424
211420,Dean Nogrady,Unknown,,USA,us,,3425
211013,Hank Scoble,Unknown,,USA,us,,3426
147896,Jorge Llimos,Unknown,,ESP,es,,3427
148207,Keith Nielsen,Unknown,,USA,us,,3428
109813,Ken Fletcher,Right-Handed,,AUS,au,1940-07-20,3429
211309,Kishiya Matsumoto,Unknown,,JPN,jp,,3430
102165,Srinath Prahlad,Right-Handed,,IND,in,1973-01-26,3431
209844,Unknown Rodrigues,Unknown,,,,,3432
125687,Bien Dimalanta,Left-Handed,,PHI,ph,1949-03-30,3433
211018,Don Beer,Unknown,,USA,us,,3434
147890,Josef Kerekes,Unknown,,ROU,ro,,3435
100470,Juan Carlos Andrade,Right-Handed,,ESP,es,1957-03-23,3436
112627,Juan Manuel Couder,Unknown,,ESP,es,1934-11-06,3437
115136,Juan Notz,Unknown,,VEN,ve,1939-11-23,3438
107678,Marius Masencamp,Right-Handed,,RSA,za,1966-10-09,3439
106311,Marko Tepavac,Right-Handed,,SRB,rs,1994-04-21,3440
110189,Richard Bray,Unknown,,USA,us,,3441
100399,Rocky Maguire,Right-Handed,,USA,us,1955-11-24,3442
147988,Rolf Harms,Unknown,,FRG,de,1943-05-31,3443
208992,U Lindorff,Unknown,,UNK,un,,3444
108498,Warren Girle,Right-Handed,,AUS,au,,3445
106510,Aly El Dawoudi,Right-Handed,,EGY,eg,1949-10-05,3446
104256,Clement Reix,Unknown,,FRA,fr,1983-10-25,3447
209604,Colin Diederichs,Unknown,,RSA,za,,3448
102273,David Salvador Estepa,Right-Handed,,ESP,es,1973-11-20,3449
116793,Frank Conner,Unknown,,USA,us,,3450
107038,Frank Salazar,Right-Handed,,USA,us,,3451
107252,J Spinnenweber,Right-Handed,,USA,us,,3452
100125,John Cooper,Right-Handed,,AUS,au,1946-11-10,3453
109837,John De Mendoza,Right-Handed,,GBR,gb,1949-09-07,3454
110325,John Zweig,Unknown,,USA,us,,3455
109879,Jose Luis Arillla,Right-Handed,,ESP,es,1941-03-13,3456
209716,Ralph Geiger,Unknown,,GER,de,,3457
210996,Robert Dickerson,Unknown,,USA,us,,3458
100304,Robert Kreiss,Right-Handed,,USA,us,1953-05-16,3459
100318,Roger Guedes,Right-Handed,,BRA,br,1953-11-21,3460
108381,Thomas Andersen,Right-Handed,,DEN,dk,1972-03-11,3461
108385,Thomas Emmrich,Right-Handed,,GBR,gb,,3462
108410,Tom Frisher,Right-Handed,175.0,ISR,il,,3463
108441,Torquato Rossini,Right-Handed,,ITA,it,,3464
100361,Willie Davies,Right-Handed,,GBR,gb,1955-01-08,3465
209734,Antonio Solana,Unknown,,ESP,es,,3466
106277,Ariez Elyaas Deen Heshaam,Right-Handed,,MAS,my,1994-01-12,3467
110100,B Larsen,Right-Handed,,SWE,se,,3468
106788,Craig Tregonning,Right-Handed,,AUS,au,,3469
210834,Gaetano Longo,Unknown,,ITA,it,,3470
110146,Geoff Griffiths,Unknown,,UNK,un,,3471
100239,Hans Engert,Right-Handed,,GER,de,1951-05-20,3472
107178,Haruo Nakano,Right-Handed,,JPN,jp,1965-03-12,3473
107221,Ian Peter Budge,Right-Handed,,AUS,au,,3474
211223,John Harrison,Unknown,,GBR,gb,,3475
211002,John Reed,Unknown,,USA,us,1943-12-05,3476
105515,Jordi Samper Montana,Unknown,,ESP,es,1990-05-21,3477
211037,Larry Le Roy,Unknown,,AUS,au,,3478
110085,Mario Obando,Right-Handed,,CRC,cr,,3479
104508,Robert Yim,Left-Handed,,USA,us,1985-04-01,3480
100738,Schalk Van Der Merwe,Right-Handed,,RSA,za,1961-05-19,3481
209608,Sven Ginman,Unknown,,SWE,se,,3482
105252,Takahiro Ittogi,Right-Handed,,JPN,jp,1989-01-21,3483
211381,Toshiyuki Nakasawa,Unknown,,JPN,jp,,3484
108522,William Mcgehee,Right-Handed,,USA,us,,3485
209576,B Akbari,Unknown,,IRI,ir,,3486
204611,Brian Bowman,Right-Handed,,AUS,au,,3487
107078,George Rudman,Right-Handed,,RSA,za,1949-10-06,3488
113464,Ivor Warwick,Unknown,,GBR,gb,,3489
103061,Jan Boruszewski,Right-Handed,,GER,de,1977-10-07,3490
108136,Roberto Raffa,Right-Handed,,ITA,it,,3491
108198,Salvador Cabeza,Right-Handed,,ESP,es,,3492
106335,Alexios Halebian,Left-Handed,,USA,us,1994-06-25,3493
110221,B Dimalanta,Unknown,,UNK,un,,3494
208939,Bob Abbott,Unknown,,USA,us,,3495
114601,Charlie Applewhaite,Unknown,,GBR,gb,,3496
107051,Gabriel Mattos,Right-Handed,,BRA,br,,3497
100219,Geoff Masters,Right-Handed,,AUS,au,1950-10-25,3498
100341,Gonzalo Nunez,Right-Handed,,USA,us,1954-08-18,3499
110160,Greg Peebles,Right-Handed,,USA,us,,3500
111135,Greg Perkins,Right-Handed,,AUS,au,,3501
100828,John Davis,Right-Handed,,USA,us,1962-06-03,3502
210848,Mario De Cesaris,Unknown,,ITA,it,,3503
107895,Orlando Agudelo,Right-Handed,,COL,co,,3504
107924,Paschoal Penetta,Right-Handed,,BRA,br,,3505
209714,R Watts,Unknown,,AUS,au,,3506
103059,Radovan Chrz,Right-Handed,,CZE,cz,1977-10-10,3507
148051,Ricardo Narcio,Unknown,,MEX,mx,,3508
108184,Ruby Hoskowetz,Right-Handed,,AUT,at,1946-11-06,3509
211349,Stephen Taylor Sr,Unknown,,IRL,ie,,3510
210891,Willi Busold,Unknown,,GER,de,,3511
104126,Adam Kennedy,Right-Handed,,AUS,au,1983-03-04,3512
100217,Bob Mckinley,Right-Handed,,USA,us,1950-09-01,3513
208988,Buddy Gallagher,Unknown,,UNK,un,,3514
211129,Christian Bimes,Unknown,,FRA,fr,,3515
209526,Derek Pollock,Unknown,,IRL,ie,,3516
211428,Dick Moffatt,Unknown,,USA,us,,3517
103033,Helder Lopes,Right-Handed,,POR,pt,1977-08-31,3518
146703,Igor Scherbatoff,Unknown,,FRA,fr,,3519
110209,Jackie Cooper,Unknown,,USA,us,1944-08-05,3520
211108,James Provines,Unknown,,USA,us,,3521
207056,Jesus Hernandez,Unknown,,PHI,ph,,3522
112401,John Blizard,Right-Handed,,AUS,au,,3523
125672,Kenneth Reid,Unknown,,IRL,ie,,3524
110193,Lothar Lanz,Unknown,,GER,de,,3525
107905,Otto Oberparleiter,Right-Handed,,AUT,at,,3526
209567,Peter Gray,Unknown,,RSA,za,,3527
103782,Rameez Junaid,Right-Handed,,AUS,au,1981-06-13,3528
210862,Richard Browne,Unknown,,USA,us,,3529
209539,Rob Kilderry,Unknown,,AUS,au,,3530
108249,Shamil Tarpischev,Right-Handed,,RUS,ru,1948-03-29,3531
102892,Susheel Narla,Right-Handed,,IND,in,1976-12-19,3532
108446,Trevor Little,Right-Handed,,AUS,au,,3533
209700,Wolfgang Spannagel,Unknown,,GER,de,,3534
209641,A J Gould,Unknown,,GBR,gb,,3535
147982,Al Chassard,Unknown,,USA,us,,3536
112403,Barry Mcmillan,Unknown,,AUS,au,,3537
107091,Gewan Maharaj,Right-Handed,,IND,in,1950-08-16,3538
100659,Helmar Stiegler,Right-Handed,,AUT,at,1960-03-30,3539
109907,Henry Kamakana,Right-Handed,,USA,us,1942-10-23,3540
101980,Howard Joffe,Right-Handed,,RSA,za,1971-11-09,3541
100271,Jean Francois Caujolle,Left-Handed,,FRA,fr,1952-04-17,3542
100647,Kiyotaka Tachibana,Right-Handed,,JPN,jp,1960-03-09,3543
211430,Roy Pigeon,Unknown,,GBR,gb,,3544
211276,A Brogden,Unknown,,GBR,gb,,3545
109866,A Difrancesco,Right-Handed,,AUS,au,,3546
106629,Birger Andersson,Right-Handed,,SWE,se,1951-03-28,3547
209552,D Watts,Unknown,,,,,3548
102062,Guillaume Marx,Right-Handed,,FRA,fr,1972-05-30,3549
202762,J Adams,Unknown,,USA,us,,3550
148456,Jorge Gisbert,Unknown,,ESP,es,,3551
210764,Juan Carlos Santiago,Unknown,,ARG,ar,1953-05-21,3552
211096,Kay Terry,Unknown,,USA,us,,3553
107577,Lorenzo Soriano,Right-Handed,,ARG,ar,,3554
110010,Manuel Valleramos,Right-Handed,,PHI,ph,,3555
109800,Mathias Werren,Right-Handed,,SUI,ch,1944-06-10,3556
210972,Mitch Finkelstein,Unknown,,USA,us,,3557
201525,Peter Dyson,Right-Handed,,AUS,au,,3558
101060,Peter Smith,Right-Handed,188.0,USA,us,,3559
102376,Radovan Svetlik,Right-Handed,,CZE,cz,1974-04-26,3560
100114,Ray Ruffels,Right-Handed,,AUS,au,1946-04-27,3561
209651,S Joseph,Unknown,,GBR,gb,,3562
110881,Shu Hua Liu,Unknown,,CHN,cn,1962-11-15,3563
108376,Thierry Quintin,Right-Handed,,ARG,ar,,3564
104161,Tomislav Peric,Right-Handed,,CRO,hr,1983-04-25,3565
108500,Warren Green,Right-Handed,,RSA,za,,3566
109966,Warren Jacques,Right-Handed,,AUS,au,1938-03-16,3567
210983,William Willerson,Unknown,,USA,us,,3568
109963,Bob Bardsley,Unknown,,CAN,ca,,3569
106828,Dave Kanter,Right-Handed,,USA,us,1952-01-09,3570
109917,Dick Horowitz,Unknown,,UNK,un,,3571
209691,F R Burns,Unknown,,GBR,gb,,3572
110411,Florian Merkel,Unknown,,GER,de,,3573
110273,Jaime Subirats,Unknown,,MEX,mx,,3574
110404,James Smith,Right-Handed,,GBR,gb,,3575
107297,Javier Ordaz,Right-Handed,,MEX,mx,1955-05-08,3576
110246,Joe Mesmer,Right-Handed,,USA,us,,3577
211059,Mark Taylor,Unknown,,USA,us,,3578
100111,Ray Keldie,Right-Handed,,AUS,au,1946-01-27,3579
109998,Robin Fry,Unknown,,USA,us,1950-02-19,3580
109989,Ron Goldman,Right-Handed,,USA,us,1943-02-17,3581
114741,Sam Match,Unknown,,USA,us,1923-02-08,3582
211227,A Amer,Unknown,,SUD,sd,,3583
112436,Allan Kendall,Unknown,,AUS,au,1928-11-05,3584
109909,Bobby Siska,Unknown,,USA,us,1942-12-08,3585
100138,Dan Bleckinger,Right-Handed,,USA,us,1947-06-26,3586
104612,Daniel Yoo,Left-Handed,,KOR,kr,1985-10-29,3587
210956,Don Shirk,Unknown,,USA,us,,3588
106983,Fabrizio Fanucci,Right-Handed,,ITA,it,1956-10-04,3589
211800,George Szakacz,Unknown,,,,,3590
211172,Jean Scuvie,Unknown,,BEL,be,,3591
101307,Jeff Brown,Right-Handed,193.0,USA,us,,3592
110092,Mac Clafin,Right-Handed,,USA,us,1950-11-29,3593
102190,Philippe Moggio,Left-Handed,,COL,co,1973-04-17,3594
103923,Radoslaw Nijaki,Right-Handed,,POL,pl,1982-02-26,3595
108054,Raymond Pascale,Right-Handed,,USA,us,1955-09-13,3596
108118,Robert Machan,Right-Handed,,HUN,hu,1948-11-10,3597
109775,Robert Wilson,Right-Handed,,GBR,gb,1935-12-03,3598
125659,Ahmed Hassan,Unknown,,EGY,eg,1949-04-09,3599
209445,Alvin Schwarz,Unknown,,RSA,za,,3600
110145,B Kronruge,Right-Handed,,USA,us,,3601
110337,David Seigel,Right-Handed,,USA,us,,3602
209719,Dennis Hayes,Unknown,,RSA,za,,3603
112632,Dieter Ecklebe,Unknown,,GER,de,1939-11-19,3604
104478,Hyun Woo Nam,Right-Handed,,KOR,kr,1985-01-10,3605
109865,J Gordon,Right-Handed,,AUS,au,,3606
107413,Jorge Cano,Right-Handed,,ARG,ar,,3607
110263,M Borgener,Unknown,,SUI,ch,,3608
109887,Ma Ilahi,Right-Handed,,PAK,pk,,3609
209572,P Michau,Unknown,,RSA,za,,3610
107940,Paul Chaput,Right-Handed,,FRA,fr,,3611
108214,Scott Clark,Right-Handed,,NZL,nz,1977-06-04,3612
116816,Terry Neudecker,Unknown,,USA,us,,3613
210936,Terry Whelpton,Unknown,,CAN,ca,,3614
210885,Van Hill,Unknown,,USA,us,,3615
209587,B Moran,Unknown,,IRL,ie,,3616
211009,Dave Hinchman,Unknown,,USA,us,,3617
101663,Eugenio Rossi,Right-Handed,,ITA,it,1969-11-13,3618
107000,Fernando Dalla Fontana,Right-Handed,,ARG,ar,1958-05-17,3619
210883,G Buzzoni,Unknown,,ITA,it,,3620
107111,Glenn Hamilton,Right-Handed,,AUS,au,,3621
148065,Gunther Bosch,Unknown,,ROU,ro,1937-03-10,3622
101722,Han Cheol Shin,Right-Handed,,KOR,kr,1970-04-18,3623
110305,Heinz Hamza,Unknown,,AUT,at,,3624
107480,Karel Demuynck,Right-Handed,,BEL,be,1965-04-17,3625
107599,Luis Riba,Right-Handed,,ESP,es,,3626
211228,Mark Simmons,Unknown,,GBR,gb,,3627
116848,Mike Carpenter,Unknown,,CAN,ca,,3628
211265,Paul Harkin,Unknown,,AUS,au,,3629
102416,Reed Cordish,Left-Handed,,USA,us,1974-07-15,3630
210995,Tom Simonson,Unknown,,USA,us,,3631
100451,Tony Graham,Right-Handed,,USA,us,1956-12-04,3632
110219,Widyo Tetuko,Unknown,,UNK,un,,3633
103878,Zach Dailey,Unknown,,USA,us,1981-12-04,3634
212436,B A Hopkins,Unknown,,RSA,za,,3635
110013,B Chaffey,Unknown,,USA,us,,3636
210843,Giovanni Biccai,Unknown,,ITA,it,,3637
103564,Jakub Herm Zahlava,Right-Handed,,GER,de,1980-06-10,3638
124990,Jay Paulson,Unknown,,USA,us,1950-05-12,3639
107400,John Whiteford,Right-Handed,,GBR,gb,1957-02-02,3640
211306,Kevin Miller,Unknown,,AUS,au,,3641
204575,Kristien Cee,Right-Handed,,USA,us,,3642
211201,Kurt Wodak,Unknown,,COL,co,,3643
100476,Nigel Sears,Right-Handed,,GBR,gb,1957-04-06,3644
110295,Piet Veentjer,Unknown,,UNK,un,,3645
209774,Randall Verdieck,Unknown,,USA,us,,3646
100528,Randy Druz,Right-Handed,,USA,us,1958-03-05,3647
143108,Rob Simpson,Unknown,,USA,us,,3648
115144,Stan Ellis,Unknown,,USA,us,,3649
100317,Stephen Warboys,Right-Handed,,GBR,gb,1953-11-15,3650
209682,A H Davies,Unknown,,GBR,gb,,3651
112409,Andre Thielemans,Unknown,,BEL,be,1937-06-28,3652
106603,B Hochstadter,Right-Handed,,USA,us,,3653
208597,Chak Lam Coleman Wong,Right-Handed,,HKG,hk,2004-07-02,3654
112715,Crawford Henry,Right-Handed,,USA,us,1937-06-01,3655
106906,Dusan Prchlik,Right-Handed,,CZE,cz,1974-07-02,3656
110198,H Sheridan,Unknown,,UNK,un,,3657
202842,Henry Whitesell,Unknown,,USA,us,,3658
107383,John Fraser,Right-Handed,,AUS,au,1935-08-31,3659
107511,Khaled Baligh,Right-Handed,,EGY,eg,1959-02-01,3660
110353,Moharram Ali Khodai,Unknown,,IRI,ir,1957-11-09,3661
209782,Peter Becroft,Unknown,,NZL,nz,,3662
101437,Seung Ho Ji,Right-Handed,,KOR,kr,1968-02-07,3663
111143,Alex Geuer,Unknown,,GER,de,,3664
211033,Barry Conway,Unknown,,USA,us,,3665
100596,Bill Cowan,Right-Handed,,CAN,ca,1959-05-29,3666
115023,Dick Ogden,Unknown,,USA,us,1939-06-23,3667
211012,Don Lawrie,Unknown,,USA,us,,3668
110355,Ernesto Ruiz Bry,Right-Handed,,ARG,ar,,3669
210872,Jason Morton,Unknown,,USA,us,,3670
208969,John Wright,Unknown,,UNK,un,,3671
209737,Julian Olave,Unknown,,ESP,es,,3672
210860,Louis Gordon,Unknown,,RSA,za,,3673
108002,Philippe Lacombrade,Right-Handed,,FRA,fr,,3674
108047,Randy Jones,Right-Handed,,USA,us,,3675
110184,Robert Haillet,Right-Handed,,FRA,fr,1931-10-22,3676
108418,Tom Mott,Right-Handed,,USA,us,1957-04-28,3677
210841,Vincenzo Labellarte,Unknown,,ITA,it,,3678
108505,Wayne Pascoe,Right-Handed,,AUS,au,1955-05-12,3679
148441, Gardet,Unknown,,FRA,fr,,3680
112981,Alberto Arilla,Unknown,,ESP,es,1938-01-24,3681
211125,Brad Cornell,Unknown,,GER,de,,3682
110320,Butch Kirkorian,Unknown,,USA,us,,3683
211275,Eulicio Silva,Unknown,,BRA,br,,3684
211440,Fried Schmitz,Unknown,,NED,nl,,3685
145274,Herbert Schmidt,Unknown,,GDR,de,,3686
100291,Ian Harris,Right-Handed,,USA,us,1952-11-28,3687
209838,Ian Parkin,Unknown,,,,,3688
209568,J Rudman,Unknown,,RSA,za,,3689
211043,John Satchwell Smith,Unknown,,GBR,gb,,3690
210808,Kevin Ocarroll,Unknown,,NZL,nz,,3691
107549,Lars Samuelson,Right-Handed,,SWE,se,,3692
146000,Miguel Carbo,Unknown,,ESP,es,,3693
110443,Murat Gurler,Unknown,,TUR,tr,1959-04-02,3694
209549,N Trotter,Unknown,,,,,3695
211149,Reid Robson,Unknown,,USA,us,,3696
103642,Shan Jiang,Right-Handed,,CHN,cn,1980-10-24,3697
202534,Sixto Cambra,Unknown,,ESP,es,,3698
108348,Takayoshi Shibuya,Right-Handed,,JPN,jp,1958-03-04,3699
209553,V Bercham,Unknown,,,,,3700
110430,Ahmet Gencsoy,Unknown,,TUR,tr,,3701
209703,Alan Koth,Unknown,,,,,3702
100105,Allan Stone,Right-Handed,,AUS,au,1945-10-15,3703
106627,Bill Shivar,Right-Handed,,USA,us,,3704
110433,Cumhur Ongen,Unknown,,TUR,tr,,3705
109927,G Turner Howard,Right-Handed,,USA,us,1947-08-15,3706
100572,Ney Keller,Right-Handed,,BRA,br,1958-12-28,3707
110449,Rob Danner,Unknown,,UNK,un,,3708
100683,Robert Crames,Right-Handed,,USA,us,1960-07-11,3709
143672,William Mason,Unknown,,AUS,au,,3710
102982,Yaoki Ishii,Right-Handed,,JPN,jp,1977-05-08,3711
100072,Bailey Brown,Right-Handed,,USA,us,1943-07-05,3712
100079,Bill Bowrey,Right-Handed,,AUS,au,1944-01-13,3713
211153,Bob Bushman Jr,Unknown,,USA,us,,3714
210780,D Conradie,Unknown,,RSA,za,,3715
129148,Frantisek Stejskal,Unknown,,CZE,cz,,3716
109784,Lance Lumsden,Right-Handed,,JAM,jm,1939-11-21,3717
100346,Paul Kronk,Right-Handed,,AUS,au,1954-10-21,3718
210760,Pete Smith,Unknown,,USA,us,,3719
T0JZ,Radu David Turcanu,Left-Handed,,ROU,ro,2006-03-17,3720
101575,Sulistyo Wibowo,Right-Handed,,INA,id,1969-03-22,3721
103109,Talal Ouahabi,Right-Handed,,MAR,ma,1978-01-24,3722
109875,Victor Egorov,Right-Handed,,UKR,ua,,3723
148447, Urquijo,Unknown,,ESP,es,,3724
110331,Allen Morris,Unknown,,UNK,un,,3725
106582,Armand Molino,Right-Handed,,USA,us,,3726
105914,Ashley Hewitt,Right-Handed,,GBR,gb,,3727
210947,Charles White,Unknown,,USA,us,,3728
124487,Ernesto Vazquez Barreira,Right-Handed,,ESP,es,1953-11-26,3729
106966,Etsuo Uchiyama,Right-Handed,,JPN,jp,1952-07-02,3730
209689,G Mcvicar,Unknown,,GBR,gb,,3731
109975,George Andrews,Unknown,,CAN,ca,,3732
107159,Hajime Nihonmatsu,Right-Handed,,JPN,jp,1962-08-03,3733
211222,J M Learmont,Unknown,,GBR,gb,,3734
210809,Keith Woolcott,Unknown,,NZL,nz,,3735
148063,Luis Alberich,Unknown,,ESP,es,,3736
209705,Neville Nette,Unknown,,AUS,au,,3737
107978,Peter Dellavedova,Right-Handed,,AUS,au,,3738
104234,Predrag Rusevski,Right-Handed,,MKD,mk,1983-08-29,3739
211099,Ricky Raybin,Unknown,,USA,us,,3740
101427,Ruben Gajardo,Right-Handed,,CHI,cl,1968-01-31,3741
211100,Scott Barksdale,Unknown,,USA,us,,3742
108247,Shai Friedman,Right-Handed,,ISR,il,,3743
106158,Suk Young Jeong,Right-Handed,,KOR,kr,1993-04-30,3744
104272,Torsten Popp,Right-Handed,,GER,de,1983-12-11,3745
211794,Yuichiro Kimoto,Unknown,,JPN,jp,,3746
106641,Bobby Webb,Right-Handed,,USA,us,,3747
115151,Bobby Wertheimer,Unknown,,USA,us,,3748
106671,Bruno Capineri,Right-Handed,,ITA,it,1961-11-21,3749
102478,Jorg Schors,Right-Handed,,GER,de,1974-11-27,3750
210790,M Blakeway,Unknown,,RSA,za,,3751
100310,Mike Myburg,Right-Handed,,RSA,za,1953-06-28,3752
109743,Paul Hutchins,Right-Handed,,GBR,gb,1945-04-27,3753
108085,Richard Hawkes,Right-Handed,,NZL,nz,1940-12-05,3754
202720,Waldemar Timm,Unknown,,GER,de,1946-11-28,3755
146590,J Bentley,Unknown,,GBR,gb,,3756
113492,Jimmy Tattersall,Unknown,,GBR,gb,1940-04-30,3757
100608,John Benson,Right-Handed,,USA,us,1959-08-06,3758
107378,John Burrman,Right-Handed,,USA,us,1953-03-02,3759
107486,Keith Begley,Right-Handed,,AUS,au,,3760
107721,Martin Valenti,Right-Handed,,ESP,es,,3761
107953,Paul Smith,Right-Handed,,NZL,nz,,3762
210933,Peter Bartkowicz,Unknown,,USA,us,,3763
211010,Pit Omaley,Unknown,,USA,us,,3764
108228,Sebastien Gerard,Right-Handed,,FRA,fr,,3765
211073,Sergio Zaglia,Unknown,,ITA,it,,3766
108293,Stefano Mezzadri,Right-Handed,,SUI,ch,,3767
108322,Steven Harley,Right-Handed,,NZL,nz,,3768
100095,Tony Bardsley,Right-Handed,,CAN,ca,1945-03-18,3769
211220,A Saywell,Unknown,,AUS,au,,3770
104828,Alejandro Kon,Unknown,,ARG,ar,,3771
211305,C R Evans,Unknown,,GBR,gb,,3772
211180,D Pond,Unknown,,AUS,au,,3773
209784,Ian Baudinet,Unknown,,NZL,nz,,3774
100148,Ismail El Shafei,Right-Handed,,EGY,eg,1947-12-14,3775
112612,Jack Frost,Unknown,,USA,us,1934-11-23,3776
107258,Jack Kruger,Right-Handed,,USA,us,,3777
212434,Jacques Sellschop,Unknown,,RSA,za,,3778
110285,John Adams,Unknown,,UNK,un,,3779
148433,Ljuben Vodeb,Unknown,,YUG,rs,,3780
109851,Manuel Gallardo,Unknown,,MEX,mx,,3781
202879,Max Cocks,Unknown,,AUS,au,,3782
101886,Ohad Weinberg,Right-Handed,,ISR,il,1971-04-08,3783
100508,Peter Spang,Right-Handed,,GER,de,1957-12-09,3784
108012,Piero Toci,Right-Handed,,ITA,it,,3785
110214,Samudra Sangitan,Unknown,,UNK,un,1952-01-16,3786
109991,Tom Loring,Unknown,,USA,us,,3787
208961,U Stebler,Unknown,,UNK,un,,3788
100216,Charles Owens,Right-Handed,,USA,us,1950-08-27,3789
110072,Ed Grubb,Right-Handed,,USA,us,1946-07-04,3790
107028,Francisco Pinto,Right-Handed,,BRA,br,,3791
100336,Guillermo Aubone,Left-Handed,,ARG,ar,1954-06-30,3792
209584,Gustavo Castillo,Unknown,,COL,co,,3793
100171,John Yuill,Right-Handed,,RSA,za,1948-12-13,3794
101869,Juan Luis Tati Rascon,Right-Handed,,ESP,es,1971-03-14,3795
116785,Les Buck,Unknown,,USA,us,1946-12-23,3796
211241,Tom Hauser,Unknown,,USA,us,,3797
108494,Walter Redondo,Right-Handed,,USA,us,1958-07-01,3798
148450, Arguilo,Unknown,,ESP,es,,3799
103748,Jan Minar,Right-Handed,,CZE,cz,1981-05-08,3800
107390,John Molin,Right-Handed,,USA,us,,3801
100150,Lito Alvarez,Right-Handed,,ARG,ar,1948-01-10,3802
110054,Paul Thompson,Unknown,,UNK,un,,3803
110023,Richard Coulthard,Right-Handed,,AUS,au,,3804
101625,Steve Herdoiza,Right-Handed,,USA,us,1969-07-24,3805
110002,Tom Karp,Right-Handed,,USA,us,1946-11-19,3806
100712,Tres Cushing,Right-Handed,,USA,us,1961-01-08,3807
110008,Uriel Oquendo Sr,Unknown,,COL,co,,3808
148431, Collet,Unknown,,FRA,fr,,3809
106454,Akira Kawaguchi,Right-Handed,,JPN,jp,,3810
100463,Ben Mckown,Right-Handed,,USA,us,1957-02-05,3811
211244,Bill Wallace,Unknown,,USA,us,,3812
106728,Chris Ellis,Right-Handed,,AUS,au,,3813
211128,Daniel Moreau,Unknown,,FRA,fr,,3814
211429,E Mcalpine,Unknown,,GBR,gb,,3815
107119,Gordon Simmonds,Right-Handed,,RSA,za,,3816
113287,Gustavo Rueda,Unknown,,COL,co,,3817
110381,Ibrahim Mahmoud,Right-Handed,,EGY,eg,1949-01-26,3818
100293,John Marks,Right-Handed,,AUS,au,1953-01-02,3819
210884,Keith Ajegbo,Unknown,,GBR,gb,,3820
211044,Keith Spurgeon,Unknown,,GBR,gb,,3821
107495,Ken Barton,Right-Handed,,AUS,au,,3822
110170,M Fallas,Right-Handed,,CRC,cr,,3823
105831,Marko Djokovic,Right-Handed,,SRB,rs,1991-09-24,3824
D0DT,Martin Damm,Left-Handed,203.0,USA,us,,3825
202616,Octavio Piva,Unknown,,BRA,br,,3826
202652,Peter Holenstein,Unknown,,SUI,ch,,3827
111136,Terry Ryan,Right-Handed,,RSA,za,1942-04-29,3828
106468,Alberto Martorell,Right-Handed,,ESP,es,1950-08-07,3829
210845,Andrea Filippucci,Unknown,,ITA,it,,3830
209785,Andy Moffat,Unknown,,USA,us,,3831
104914,Ervin Eleskovic,Right-Handed,,SWE,se,1987-06-06,3832
209717,Jay Isqur,Unknown,,USA,us,,3833
100046,Larry Nagler,Right-Handed,,USA,us,1940-07-04,3834
211137,Mike Kernodie,Unknown,,USA,us,,3835
112405,Peter Richardson,Unknown,,AUS,au,,3836
211235,R Giles,Unknown,,GBR,gb,,3837
113229,Reynaldo Garrido,Unknown,,CUB,cu,1934-09-04,3838
210897,Ron Van Gelder,Unknown,,NED,nl,1943-02-27,3839
101576,Ryuso Tsujino,Right-Handed,,JPN,jp,1969-02-27,3840
208960,U Warfield,Unknown,,UNK,un,,3841
112995,Vyacheslav Egorov,Unknown,,URS,ru,1938-10-15,3842
210763,A Marquez,Unknown,,MEX,mx,,3843
147407,B L Thomas,Unknown,,AUS,au,,3844
100550,Brad Guan,Right-Handed,,AUS,au,1958-08-15,3845
209593,G Doughty,Unknown,,IRL,ie,,3846
209764,Giuseppe Belli,Unknown,,ITA,it,,3847
209756,Ian Mckenzie,Unknown,,IRL,ie,,3848
107262,Jacques Grandjean,Right-Handed,,BEL,be,1954-03-12,3849
109911,Jose Cordon,Unknown,,UNK,un,,3850
211240,M Hill,Unknown,,GBR,gb,,3851
210867,Mike Reilly,Unknown,,USA,us,,3852
209625,Paul Spengler,Unknown,,RSA,za,,3853
101111,Rudiger Benz,Right-Handed,,GER,de,1965-03-10,3854
108235,Sergej Skakun,Right-Handed,,RUS,ru,,3855
211436,Tadayuki Sawamatsu,Unknown,,JPN,jp,,3856
108455,Ulf Pettersson,Right-Handed,,SWE,se,,3857
110103,Benito Schon,Unknown,,MEX,mx,,3858
110086,Bob Goeltz,Right-Handed,,USA,us,1949-04-26,3859
208947,Enrique Bruix,Unknown,,UNK,un,,3860
202882,Greg Parker,Unknown,,AUS,au,1957-08-24,3861
210827,Hank Emnes,Unknown,,CUW,cw,,3862
100789,Ivan Dupasquier,Right-Handed,,SUI,ch,1961-12-22,3863
110377,Joe Rush,Unknown,,USA,us,,3864
107439,Jose Maria Blasi,Right-Handed,,ESP,es,,3865
202674,Keith Brebnor,Unknown,,RSA,za,1947-09-05,3866
101081,Massimo Zampieri,Right-Handed,,ITA,it,1964-11-21,3867
103131,Michihisa Onoda,Right-Handed,,JPN,jp,1978-02-23,3868
107830,Munawar Iqbal,Right-Handed,,PAK,pk,1948-03-29,3869
103405,Rodolfo Rake,Right-Handed,,PER,pe,1979-07-20,3870
100316,Scott Carnahan,Right-Handed,,USA,us,1953-11-13,3871
102818,Sergi Duran,Right-Handed,,ESP,es,1976-07-21,3872
108256,Shoichi Horiuchi,Right-Handed,,JPN,jp,1960-02-02,3873
108525,William Durham,Right-Handed,,AUS,au,,3874
110427,Yildirak Das,Unknown,,TUR,tr,,3875
106452,Akifumi Machidori,Right-Handed,,JPN,jp,1954-03-18,3876
209732,Alberto Riba,Unknown,,,,,3877
110187,Chuck De Voe,Right-Handed,,USA,us,,3878
148045,Dieter Bruns,Unknown,,FRG,de,,3879
109960,Harry Fauquier,Right-Handed,,CAN,ca,1942-01-06,3880
103621,Igor Levine,Unknown,,RUS,ru,1980-08-26,3881
107374,John Antonas,Right-Handed,,BAH,bs,1951-10-01,3882
100614,Massimo Grassotti,Right-Handed,,ITA,it,1959-09-09,3883
209536,Maurice Pollock,Unknown,,IRL,ie,,3884
209765,Mauro Rezzonico,Unknown,,ITA,it,,3885
110040,R Campbell,Right-Handed,,AUS,au,,3886
110123,Steve Fiske,Unknown,,USA,us,1948-09-19,3887
108314,Steve Messmer,Right-Handed,,USA,us,,3888
103403,Takahiro Terachi,Right-Handed,,JPN,jp,1979-07-20,3889
100141,Zeljko Franulovic,Right-Handed,,CRO,hr,1947-07-18,3890
210906,A Lautenschlager,Unknown,,GER,de,,3891
209835,Arlo Elkins,Unknown,,USA,us,,3892
210864,Bob Sprengelmeyer,Unknown,,USA,us,,3893
106765,Christopher Wolff,Right-Handed,,USA,us,,3894
202705,Danny Sullivan,Unknown,,RSA,za,1952-05-25,3895
104975,Evgeny Kirillov,Right-Handed,,RUS,ru,1987-07-19,3896
212430,Hector Aguilar,Unknown,,MEX,mx,,3897
209560,Howard Broun,Unknown,,NZL,nz,,3898
107216,Ian Bersin,Right-Handed,,AUS,au,,3899
211266,Ian Middleton,Unknown,,AUS,au,,3900
211202,J Collins,Unknown,,AUS,au,,3901
110216,Jacky Wullur,Unknown,,UNK,un,,3902
109984,Joe Foley,Unknown,,USA,us,,3903
211138,Jorge Ramirez,Unknown,,MEX,mx,,3904
107450,Juan Rivera,Right-Handed,,ARG,ar,,3905
211026,Ken Jantz,Unknown,,USA,us,,3906
107903,Osuma Nakamura,Right-Handed,,JPN,jp,,3907
107904,Oswaldo Cruz,Right-Handed,,BRA,br,,3908
104037,Phillip Harboe,Right-Handed,,CHI,cl,1982-08-02,3909
100257,Ross Case,Right-Handed,,AUS,au,1951-11-11,3910
209770,S Matteoli,Unknown,,ITA,it,,3911
103702,Stefano Ianni,Right-Handed,,ITA,it,1981-02-28,3912
102769,Andres Schneiter,Right-Handed,,ARG,ar,1976-05-15,3913
106539,Andrew Mclean,Right-Handed,,AUS,au,1969-08-26,3914
106789,Craig Venter,Right-Handed,,RSA,za,1961-07-11,3915
106802,Dan Rastland,Right-Handed,,SWE,se,,3916
211300,Doug Rees,Unknown,,GBR,gb,,3917
102067,Emanuel Rasberger,Right-Handed,,CRO,hr,1972-06-20,3918
110294,Evert Schneider,Unknown,,NED,nl,1942-03-09,3919
211069,Gian Enrico Maggi,Unknown,,ITA,it,,3920
107861,Nicolas Romero,Right-Handed,,ESP,es,1970-01-06,3921
109789,Rich Hillway,Unknown,,USA,us,,3922
202896,Rohan Summers,Unknown,178.0,RSA,za,,3923
101322,Shigeru Ota,Right-Handed,,JPN,jp,1967-02-04,3924
100140,Steve Faulk,Right-Handed,,USA,us,1947-06-14,3925
209575,A Saul,Unknown,,RSA,za,,3926
211188,Alvaro Espinoza,Unknown,,COL,co,,3927
211261,F Wrathrall,Unknown,,AUS,au,,3928
100812,Gerald Mild,Right-Handed,,AUT,at,1962-04-16,3929
211312,J Plain,Unknown,,AUS,au,,3930
107529,Kouichi Sayama,Right-Handed,,JPN,jp,1961-07-01,3931
148446,M Camara,Unknown,,ESP,es,,3932
110405,Michael Mitchell,Unknown,,AUS,au,,3933
211350,Mustafa Gengsoy,Unknown,,TUR,tr,,3934
211005,Richard Ravreby,Unknown,,USA,us,,3935
108370,Theo Gorter,Right-Handed,,NED,nl,1956-07-21,3936
102842,Toby Mitchell,Right-Handed,,AUS,au,1976-08-25,3937
106623,Bill Csipkay,Right-Handed,,USA,us,,3938
106875,Dick Klitch,Right-Handed,,USA,us,,3939
101566,Fabien Cousin,Right-Handed,,BEL,be,1969-02-06,3940
212424,G Smith,Unknown,,AUS,au,,3941
211171,Graeme Scott,Unknown,,AUS,au,,3942
211200,Guillermo Van Der Hans,Unknown,,PAN,pa,,3943
100059,Isao Watanabe,Right-Handed,,JPN,jp,1941-12-25,3944
208976,J Hill,Unknown,,UNK,un,,3945
209803,John Manderson,Unknown,,AUS,au,,3946
211110,Kurt Hubalek,Unknown,,GER,de,,3947
147875,Larry Buhrman,Unknown,,USA,us,1946-05-17,3948
110321,Paul Sidone,Unknown,,USA,us,,3949
103510,Rob Steckley,Right-Handed,,CAN,ca,1980-03-15,3950
211233,S Pearson,Unknown,,GBR,gb,,3951
211029,Steve Turpin,Unknown,,USA,us,,3952
103348,Timo Fleischfresser,Unknown,,GER,de,1979-03-24,3953
109868,A Luttrell,Right-Handed,,AUS,au,,3954
211286,Conrad Hamilton,Unknown,,GBR,gb,,3955
106929,Eiji Takeuchi,Right-Handed,,JPN,jp,1959-05-22,3956
211089,Giulio Massara,Unknown,,ITA,it,,3957
148489,H Bonner,Unknown,,SUI,ch,,3958
109972,Hector Gonzalez,Unknown,,MEX,mx,,3959
202695,Igor Tihonenko,Unknown,,URS,ru,,3960
147469,J Alonso,Unknown,,ESP,es,,3961
209794,James Flanagan,Unknown,,GBR,gb,,3962
107355,Joe Globisch,Right-Handed,,USA,us,,3963
112919,Jozsef Asboth,Unknown,,HUN,hu,1917-10-03,3964
211054,Klaus Doring,Unknown,,GER,de,,3965
105175,Kristijan Mesaros,Right-Handed,,CRO,hr,1988-07-31,3966
107651,Marco Bellini,Right-Handed,,ITA,it,1961-08-10,3967
100226,Mike Machette,Right-Handed,,USA,us,1951-01-31,3968
210803,R Naylor,Unknown,,AUS,au,,3969
211432,A Matthews,Unknown,,GBR,gb,,3970
106567,Antonio Domenech,Right-Handed,,ESP,es,,3971
110012,Assen Dishkov,Right-Handed,,BUL,bg,,3972
107039,Frank Schmitz,Right-Handed,,GER,de,,3973
107058,Gary Drake,Right-Handed,,GBR,gb,,3974
142805,John Evans,Unknown,,USA,us,,3975
202938,Josef Solc,Unknown,,TCH,cz,,3976
209630,Larry Kroll,Unknown,,USA,us,,3977
109937,Robert Potthast,Right-Handed,,USA,us,,3978
101260,Sean Cole,Right-Handed,,GBR,gb,1966-06-22,3979
109751,Sever Dron,Right-Handed,,ROU,ro,1944-06-26,3980
108265,Simon Robinson,Right-Handed,198.0,NZL,nz,,3981
109802,Allen Shapter,Right-Handed,,AUS,au,1941-11-07,3982
208970,Andrew Mcgrath,Unknown,,UNK,un,,3983
112491,Colin Zeeman,Unknown,,RSA,za,,3984
209783,Don Turner,Right-Handed,,NZL,nz,1949-04-26,3985
107109,Glenn Busby,Right-Handed,,AUS,au,1957-01-23,3986
110304,Joel Ostroff,Unknown,,AUT,at,,3987
209538,Junjo Kawamuri,Right-Handed,,JPN,jp,,3988
210896,M Boerma,Unknown,,NED,nl,,3989
107621,Manuel Diaz,Right-Handed,,USA,us,1953-04-03,3990
109746,Michele Leclercq,Right-Handed,,FRA,fr,,3991
100439,Mike Barr,Right-Handed,,USA,us,1956-07-09,3992
102897,Nir Welgreen,Right-Handed,,ISR,il,1977-01-02,3993
110440,Orhan Atas,Unknown,,TUR,tr,,3994
110093,Thomas Werner,Right-Handed,,GER,de,1956-05-21,3995
209603,Tony Ortiz,Unknown,,USA,us,1949-12-02,3996
211133,U Clermont,Unknown,,FRA,fr,,3997
110111,Antonio Mennella,Unknown,,ITA,it,,3998
209801,Chris Walsh,Unknown,,AUS,au,,3999
148143,Ciccio Goria,Unknown,,ITA,it,,4000
110114,D Sullivan,Unknown,,RSA,za,,4001
210839,Djordje Djuranovic,Unknown,,ITA,it,,4002
109906,Don Kierbow,Unknown,,USA,us,1934-07-15,4003
210812,Frank Schwanner,Unknown,,NZL,nz,,4004
107149,Gunther Vanderveeren,Right-Handed,,BEL,be,,4005
110350,Harold Hunt,Right-Handed,,AUS,au,,4006
107259,Jack Oates,Right-Handed,,USA,us,,4007
107281,Jan Zabrodsky,Right-Handed,,SWE,se,,4008
107427,Jose Schmidt,Right-Handed,,BRA,br,,4009
209551,K Lonsdale,Unknown,,,,,4010
211826,Lucio Baltazar,Unknown,,MEX,mx,,4011
107791,Michal Lewandowski,Left-Handed,,POL,pl,,4012
103600,Mohammad Ghareeb,Right-Handed,,KUW,kw,1980-08-24,4013
211123,Norbert Gruber,Unknown,,AUT,at,,4014
209434,R Orford,Unknown,,AUS,au,,4015
102206,Stephane Matheu,Right-Handed,,FRA,fr,1973-05-13,4016
100327,Willem Prinsloo,Left-Handed,,RSA,za,1954-03-17,4017
112613,A Rodney Mandelstam,Unknown,,RSA,za,1942-05-12,4018
106440,Abdel Aslam Mahmoudi,Right-Handed,,ALG,dz,1936-01-12,4019
106568,Antonio Hartmann,Right-Handed,,CHI,cl,1957-11-14,4020
209431,Basil Wheeler,Unknown,,RSA,za,,4021
106971,Ezio Di Matteo,Right-Handed,,ITA,it,1948-11-28,4022
211152,Frank Bussey,Unknown,,USA,us,,4023
107082,Gerard Wimmer,Right-Handed,,AUT,at,1953-03-30,4024
209669,J Young,Unknown,,IRL,ie,,4025
211121,John Bryant,Unknown,,RSA,za,,4026
109970,John Swann,Unknown,,CAN,ca,,4027
100391,Larry Davidson,Right-Handed,,USA,us,1955-08-27,4028
107657,Marco Gudino,Right-Handed,,ECU,ec,,4029
100388,Peter Pearson,Right-Handed,,USA,us,1955-08-28,4030
107993,Peter Pokorny,Right-Handed,,AUT,at,1940-08-24,4031
112970,Ronnie Fisher,Unknown,,USA,us,,4032
210825,Siegfried Krips,Unknown,,CUW,cw,,4033
108342,Tadeusz Nowicki,Right-Handed,,POL,pl,1946-08-11,4034
109939,Ted Hoehn,Right-Handed,,USA,us,1942-02-26,4035
208973,U Suwito,Unknown,,UNK,un,,4036
145341,Wilhelm Buchholz,Unknown,,GER,de,,4037
S1AJ,Ziga Sesko,Unknown,,SVN,si,2008-07-28,4038
210925,David Dinelle,Unknown,,USA,us,,4039
110870,Francois Godbout,Unknown,,CAN,ca,1938-04-25,4040
107255,Jacek Niedzwiedzki,Right-Handed,,POL,pl,1951-02-04,4041
110082,Jack Waltz,Right-Handed,,USA,us,1945-02-16,4042
107397,John Stoddart,Right-Handed,,AUS,au,1962-12-14,4043
104445,Jose Antonio Sanchez De Luna,Right-Handed,,ESP,es,1984-11-10,4044
111137,Klaas Visscher,Unknown,,NED,nl,,4045
209753,M Munoz,Unknown,,ESP,es,,4046
100147,Marcello Lara,Right-Handed,,MEX,mx,1947-11-11,4047
107711,Markus Nagel,Right-Handed,,GER,de,,4048
109933,Martin Carlstein,Right-Handed,,SWE,se,1942-06-11,4049
109864,P Rickey,Right-Handed,,AUS,au,,4050
109926,Ron Barnes,Unknown,,BRA,br,,4051
110133,S Johansson,Right-Handed,,SWE,se,,4052
108304,Stephen Myers,Right-Handed,,AUS,au,1955-02-13,4053
211229,Alan Jackson,Unknown,,GBR,gb,,4054
106722,Chip Fisher,Right-Handed,,USA,us,1953-05-03,4055
100053,Colin Stubs,Right-Handed,,AUS,au,1941-03-04,4056
208983,D Robert,Unknown,,UNK,un,,4057
110063,Frank Parker,Right-Handed,,USA,us,1916-03-07,4058
210774,G Marais,Unknown,,RSA,za,,4059
211055,Helmut Quack,Unknown,,GER,de,,4060
209588,J Drury Byrne,Unknown,,IRL,ie,,4061
211027,Jay Rubinow,Unknown,,USA,us,,4062
107318,Jeff Davis,Right-Handed,,USA,us,,4063
209617,Jiri Medonos,Unknown,,CZE,cz,,4064
107563,Leon Naude,Right-Handed,,RSA,za,1954-11-24,4065
107761,Max Wunschig,Right-Handed,,GER,de,1950-05-02,4066
100242,Mike Collins,Right-Handed,,GBR,gb,1951-05-08,4067
210938,Mike Durkin,Unknown,,USA,us,,4068
209707,Mike Lorenzo,Unknown,,AUS,au,,4069
110445,Milos Dimitrijevic,Unknown,,UNK,un,,4070
211314,Nestor Grammatica,Unknown,,THA,th,,4071
110434,Oguz Eroglu,Unknown,,TUR,tr,,4072
100458,Pedro Gonzalez,Right-Handed,,PUR,pr,1956-12-22,4073
107970,Per Larsson,Right-Handed,,SWE,se,,4074
109753,Pierre Jauffret,Right-Handed,,FRA,fr,,4075
100625,Scott Lipton,Left-Handed,,USA,us,1959-09-18,4076
108518,William Blaze,Right-Handed,,USA,us,,4077
105551,Anil Yuksel,Left-Handed,,TUR,tr,1990-05-29,4078
112416,Brenton Higgins,Unknown,,AUS,au,,4079
209842,C Whittle,Unknown,,,,,4080
211292,D Sheal,Unknown,,USA,us,,4081
212407,David Berns,Unknown,,USA,us,,4082
210771,Ewie Cronje,Unknown,,RSA,za,,4083
210948,Gary Hippenstiel,Unknown,,USA,us,,4084
210902,Jan Mulder,Unknown,,NED,nl,,4085
209594,P Coyle,Unknown,,IRL,ie,,4086
100159,Vladimir Korotkov,Right-Handed,,RUS,ru,1948-05-26,4087
106611,Ben Bishop,Right-Handed,,USA,us,,4088
106614,Bengt Lundstedt,Right-Handed,,SWE,se,,4089
110363,G Irshai,Right-Handed,,UNK,un,,4090
211413,Garry Forbes,Unknown,,AUS,au,,4091
210999,Glen Grissillo,Unknown,,USA,us,,4092
107133,Greg Ewansky,Right-Handed,,USA,us,,4093
107271,Jamie Harty,Right-Handed,,AUS,au,1965-04-27,4094
211126,Johannes Siegwart,Unknown,,AUT,at,,4095
210923,Luis Roa,Unknown,,COL,co,,4096
109781,Peter Marmureanu,Right-Handed,,ROU,ro,1941-06-27,4097
147446,Peter Rode,Unknown,,FRG,de,1934-05-12,4098
202776,Robert Millington,Unknown,,GBR,gb,1953-05-18,4099
100124,Steve Turner,Right-Handed,,USA,us,1946-11-22,4100
209432,Anthony Niland,Unknown,,UNK,un,,4101
212437,Bill Udemans,Unknown,,RSA,za,,4102
148430,Ernst Schultze,Unknown,,FRG,de,,4103
106978,Fabio Di Mauro,Right-Handed,,ITA,it,,4104
112494,Gene Russo,Unknown,,AUS,au,1946-02-05,4105
204615,Ian Hewitt,Right-Handed,,GBR,gb,,4106
110327,Jose Maria Gisbert,Unknown,,ESP,es,1945-02-26,4107
107460,Juan Pablo Etchecoin,Right-Handed,,BRA,br,,4108
111444,Karim Hossam,Right-Handed,,EGY,eg,1994-04-19,4109
107660,Marco Morales,Right-Handed,,CHI,cl,,4110
110163,Reginald Bennett,Unknown,,GBR,gb,1937-09-21,4111
102323,Regis Lavergne,Right-Handed,,FRA,fr,1974-02-23,4112
108115,Robert Lamarche,Right-Handed,,USA,us,,4113
148181,S Roig,Unknown,,ESP,es,,4114
104595,Sascha Kloer,Right-Handed,,GER,de,1985-08-21,4115
106447,Adolfo Gonzalez,Right-Handed,,MEX,mx,1952-01-23,4116
100235,Antonio Munoz,Right-Handed,,ESP,es,1951-04-06,4117
109996,Bob Alloo,Right-Handed,,USA,us,1949-06-11,4118
210868,Carl Johnson,Unknown,,USA,us,,4119
110420,E Chavez,Unknown,,UNK,un,,4120
107200,Herve Bardot,Right-Handed,,FRA,fr,,4121
110035,J May,Right-Handed,,AUS,au,,4122
202917,Lew Grinnan,Unknown,,CAN,ca,,4123
108084,Richard Gallien,Right-Handed,,USA,us,,4124
100500,Rohun Beven,Right-Handed,,GBR,gb,1957-10-15,4125
100577,Rory Chappell,Right-Handed,,RSA,za,1959-01-28,4126
109791,S Saggoni,Unknown,,UNK,un,,4127
108248,Shai Puni,Right-Handed,,ISR,il,,4128
108306,Stephen Thompson,Right-Handed,,AUS,au,,4129
110135,U Zerngibl,Right-Handed,,UNK,un,,4130
202622,W Thom,Unknown,,NZL,nz,,4131
209668,Anthony Brennan,Unknown,,IRL,ie,,4132
113481,Basil Bucknell,Unknown,,GBR,gb,1922-07-18,4133
211036,Conway Unger,Unknown,,USA,us,,4134
211065,Dale Fritz,Unknown,,USA,us,,4135
107168,Hans Hansson,Right-Handed,,AUS,au,,4136
112448,Jack May,Unknown,,AUS,au,1925-11-24,4137
100220,Jiri Hrebec,Right-Handed,,CZE,cz,1950-09-20,4138
109821,Jorgen Ulrich,Right-Handed,,DEN,dk,1935-09-20,4139
209755,L Turner,Unknown,,IRL,ie,,4140
115142,Mike Crane,Unknown,,USA,us,,4141
102760,Rene Nicklisch,Right-Handed,,GER,de,1976-04-02,4142
211799,Rolf Durr,Unknown,,AUT,at,,4143
210778,Theo Snyman,Unknown,,RSA,za,,4144
109985,Tico Carrero,Right-Handed,,PUR,pr,1948-09-28,4145
208951,Andres Escobar,Unknown,,UNK,un,,4146
103497,Artem Derepasko,Right-Handed,,RUS,ru,1980-01-31,4147
109969,Bob French,Unknown,,CAN,ca,,4148
210876,Clint Murphy,Unknown,,USA,us,,4149
209525,Des Foley,Unknown,,IRL,ie,,4150
210998,Jack Tesch,Unknown,,USA,us,,4151
211296,Jorge Berman,Unknown,,MEX,mx,,4152
147747,Juan Cabezon,Unknown,,ESP,es,,4153
107654,Marco Consolini,Right-Handed,,ITA,it,,4154
103948,Maximilian Abel,Right-Handed,,GER,de,1982-04-04,4155
209627,R Lovell,Unknown,,GBR,gb,,4156
209642,R Walker,Unknown,,GBR,gb,,4157
210828,Roy Macdonald,Unknown,,CUW,cw,,4158
103112,Ruben Fernandez,Right-Handed,,ESP,es,1978-02-02,4159
100444,Werner Zirngibl,Right-Handed,,GER,de,1956-10-10,4160
102778,Abdul Hamid Makhkamov,Right-Handed,,UZB,uz,1976-05-22,4161
110223,Albert Simangunsong,Unknown,,UNK,un,,4162
109846,Audley Bell,Unknown,,JAM,jm,,4163
108997,Clint Bowles,Left-Handed,,USA,us,1988-11-30,4164
208974,D Hardiman,Unknown,,UNK,un,,4165
148192,Dumitru Viziru,Unknown,,ROU,ro,,4166
110275,Gianni Capozza,Unknown,,ITA,it,1946-04-15,4167
109880,Hendrick Sepp,Right-Handed,,RUS,ru,,4168
109788,Jim Landin,Unknown,,USA,us,,4169
107541,Larry Collins,Right-Handed,,USA,us,,4170
202646,Lee Merry,Unknown,,USA,us,,4171
211249,M Rana,Unknown,,KEN,ke,,4172
107717,Martin Koek,Right-Handed,,NED,nl,,4173
100333,Shigeyuki Nishio,Right-Handed,,JPN,jp,1954-06-27,4174
112619,Tony Palafox,Unknown,,MEX,mx,1936-05-06,4175
110228,Toshio Iwazawa,Right-Handed,,JPN,jp,,4176
209421,Wayne Bryan,Unknown,,USA,us,,4177
114735,Arnold Saul,Unknown,,USA,us,,4178
110090,Bob Marcher,Right-Handed,,BRA,br,1946-01-31,4179
211003,Bob Murio,Unknown,,USA,us,,4180
100039,Boro Jovanovic,Right-Handed,,CRO,hr,1939-10-28,4181
110323,Charles Hoeveler,Unknown,,USA,us,,4182
211264,Gundars Tilmanis,Unknown,,AUS,au,,4183
114747,Harry Hoffman Jr,Unknown,,USA,us,,4184
107205,Hisham Nasser,Right-Handed,,EGY,eg,1958-08-03,4185
107230,Ilan Sher,Right-Handed,,ISR,il,1957-07-29,4186
107245,Ivano Cappelloni,Right-Handed,,ITA,it,,4187
107456,Juan Herrera,Right-Handed,,ESP,es,,4188
105122,Karlis Lejnieks,Right-Handed,,LAT,lv,1988-04-21,4189
100498,Klaus Eberhard,Right-Handed,,GER,de,1957-10-21,4190
110116,O Escribano,Unknown,,ARG,ar,,4191
202703,Rauty Krog,Unknown,,RSA,za,1945-02-17,4192
108254,Shinya Tanaka,Right-Handed,,JPN,jp,,4193
116780,Steve Wilkinson,Unknown,,USA,us,1941-04-11,4194
109886,Ted Gorski,Unknown,,UNK,un,,4195
108428,Tomer Zimmerman,Right-Handed,,ISR,il,1966-12-30,4196
148225, Ganguelin,Unknown,,FRA,fr,,4197
100178,Bob Giltinan,Right-Handed,,AUS,au,1949-04-27,4198
100344,Eric Friedler,Right-Handed,,USA,us,1954-09-25,4199
211132,G Daumas,Unknown,,FRA,fr,,4200
147750,Guillermo Castanon,Unknown,,ESP,es,,4201
109752,Ingo Buding,Right-Handed,,GER,de,1942-01-18,4202
202874,Junzo Kawamori,Unknown,,JPN,jp,1941-12-10,4203
116783,Lamar Roemer,Unknown,,USA,us,1946-04-30,4204
209427,Lou Sylvester,Unknown,,RSA,za,1941-11-14,4205
209646,P Scott,Unknown,,GBR,gb,,4206
147928,Rick Evans,Unknown,,USA,us,,4207
212429,Ruben Baltazar,Unknown,,MEX,mx,,4208
108231,Segun Balogun,Right-Handed,,NGR,ng,,4209
110279,Tomas Gonzalez,Unknown,,PER,pe,,4210
100455,Tony Lloyd,Right-Handed,,GBR,gb,1957-01-08,4211
210829,Valerio Vettesi,Unknown,,ITA,it,,4212
211114,Bill Atkins,Unknown,,USA,us,,4213
100180,Bill Lloyd,Right-Handed,,AUS,au,1949-06-02,4214
210824,Donnie Haseth,Unknown,,CUW,cw,,4215
117308,Eduardo Zuleta,Right-Handed,,ECU,ec,1935-11-26,4216
208965,Glenn Gerstmar,Unknown,,USA,us,,4217
112508,Graham Primrose,Unknown,,AUS,au,1939-03-28,4218
210886,Heinz Frank,Unknown,,GER,de,,4219
115019,Hugh Tierney,Unknown,,USA,us,,4220
107334,Jerry Van Linge,Right-Handed,,USA,us,,4221
211230,Keith Eckersall,Unknown,,GBR,gb,,4222
105707,Nicolaas Scholtz,Right-Handed,,RSA,za,1991-03-09,4223
109952,Osamu Yanagihara,Unknown,,JPN,jp,,4224
209843,P Finn,Unknown,,,,,4225
211091,Paolo Lagana,Unknown,,ITA,it,,4226
209713,Paul Deuble,Unknown,,AUS,au,,4227
212413,R Burn,Unknown,,GBR,gb,,4228
110098,S Hegna,Right-Handed,,SWE,se,,4229
211307,Tij Syma,Unknown,,JPN,jp,,4230
209443,A Hill,Unknown,,RSA,za,,4231
106500,Alfonso Gonzalez,Right-Handed,,MEX,mx,,4232
210802,D Carswell,Unknown,,AUS,au,,4233
102221,Diego Lozano,Right-Handed,,ESP,es,1973-05-22,4234
109832,Ezzat Nemati,Unknown,,UAE,ae,,4235
211183,Glen Chanceler,Unknown,,USA,us,,4236
107132,Greg Braun,Right-Handed,,AUS,au,,4237
110032,H Nielson,Right-Handed,,AUS,au,,4238
208993,Hal Gorman,Unknown,,UNK,un,,4239
209808,Holger Osinski,Unknown,,,,,4240
107326,Jeff Twist,Right-Handed,,AUS,au,,4241
110402,Kevin Mccollum,Unknown,,UNK,un,,4242
112498,Ronald Mckenzie,Unknown,,NZL,nz,1922-12-18,4243
211098,Tim Pateracki,Unknown,,USA,us,,4244
109967,Vic Rollins,Unknown,,CAN,ca,,4245
148490,Volker Hauffe,Unknown,,FRG,de,,4246
106856,Davn Santiago,Right-Handed,,ARG,ar,,4247
110268,Ernesto Aguirre,Unknown,,CHI,cl,,4248
100615,Gianluca Rinaldini,Right-Handed,,ITA,it,1959-08-30,4249
148170,John Edmond,Unknown,,USA,us,,4250
211293,John Edmonds,Unknown,,GBR,gb,,4251
210796,Neil Dryden,Unknown,,RSA,za,,4252
100103,Peter Curtis,Right-Handed,,GBR,gb,1945-09-16,4253
148445, Herraiz,Unknown,,ESP,es,,4254
110005,Bryan Burrell,Unknown,,UNK,un,,4255
210942,Chuck Alloo,Right-Handed,,USA,us,1948-02-16,4256
209422,Colin Rees,Unknown,,RSA,za,,4257
202566,Gil Howard,Unknown,,USA,us,1939-10-30,4258
210976,Gordon Sawyer,Unknown,,USA,us,,4259
110792,Hocine Younes,Unknown,,ALG,dz,1948-06-06,4260
209823,J Logan,Unknown,,USA,us,,4261
107312,Jean Pierre Olivier,Right-Handed,,FRA,fr,,4262
100462,Jeff Etterbeek,Right-Handed,,USA,us,1957-01-18,4263
107429,Jose Castanon,Right-Handed,,ESP,es,1946-09-24,4264
210984,Larry Axtell,Unknown,,USA,us,,4265
209718,Peter Wilson,Unknown,,RSA,za,,4266
111087,Remzi Aydin,Unknown,,TUR,tr,1948-11-24,4267
108063,Renato Joaquim,Right-Handed,,BRA,br,,4268
108533,Wouter Fok,Right-Handed,,NED,nl,1954-10-06,4269
110396,Alberto Capitan,Unknown,,ESP,es,,4270
100373,Christopher Sylvan,Right-Handed,,USA,us,1955-03-27,4271
110107,David Segal,Unknown,,USA,us,,4272
106947,Enrique Haro,Right-Handed,,MEX,mx,,4273
211192,Esteban Vallely,Unknown,,COL,co,,4274
107056,Garth Haynes,Right-Handed,,USA,us,1958-08-03,4275
110277,Giorgio Bologna,Unknown,,ITA,it,,4276
202551,Graeme Notman,Unknown,,GBR,gb,1949-10-11,4277
110171,Jim Hodges,Right-Handed,,USA,us,1958-01-18,4278
211147,Juan Alberto Rios,Unknown,,PUR,pr,,4279
211424,Les Van Dorpie,Unknown,,USA,us,,4280
107699,Mark Lewis,Right-Handed,,NZL,nz,1961-06-04,4281
210791,N Folker,Unknown,,RSA,za,,4282
110042,Neal Higgins,Right-Handed,,AUS,au,,4283
108154,Roger Mckee,Right-Handed,,USA,us,,4284
104156,Sunil Kumar,Right-Handed,,IND,in,1983-04-23,4285
209543,Tim Clayton,Unknown,,AUS,au,,4286
108429,Tony Bujan,Right-Handed,,USA,us,1970-10-15,4287
208967,U Hamilton,Unknown,,UNK,un,,4288
211109,Wilhelm Burgemeister,Unknown,,GER,de,,4289
211937,Andre Viscolo,Unknown,,SUI,ch,,4290
145307,Arthur Schroder,Unknown,,FRG,de,,4291
148443,B Hauffe,Unknown,,GER,de,,4292
109150,David Wright,Right-Handed,,ECU,ec,,4293
110043,Gavin Hogben,Right-Handed,,AUS,au,,4294
112410,Geoff Sara,Unknown,,AUS,au,,4295
110142,H Brenner,Right-Handed,,GER,de,,4296
107204,Hiroyuki Bamba,Right-Handed,,JPN,jp,,4297
211187,Jaime Salas,Unknown,,COL,co,,4298
107313,Jean Pierre Richer,Right-Handed,,BEL,be,1956-09-27,4299
107455,Juan Hernandez,Right-Handed,,MEX,mx,,4300
211057,Klaus Unverdross,Unknown,,GER,de,,4301
107630,Marc Albert,Right-Handed,,NED,nl,1960-07-20,4302
107866,Noel Freitas,Right-Handed,,BRA,br,1957-01-09,4303
211793,Peter Hay,Unknown,,AUS,au,,4304
210967,Phil Meyer,Unknown,,USA,us,,4305
108141,Rocky Vasquez,Right-Handed,,USA,us,,4306
108172,Romeo Rafon,Right-Handed,,PHI,ph,,4307
105626,Takanyi Garanganga,Right-Handed,,ZIM,zw,1990-10-12,4308
148475,Tom Mozola,Unknown,,USA,us,,4309
210853,U Tatarelli,Unknown,,ITA,it,,4310
210960,Will James,Unknown,,USA,us,,4311
211030,Bob Reynolds,Unknown,,USA,us,,4312
110031,Brian Connor,Right-Handed,,AUS,au,,4313
210992,Bruce Kellock,Unknown,,USA,us,,4314
212428,Federico Cervantes,Unknown,,MEX,mx,,4315
107145,Guido Possamai,Right-Handed,,ITA,it,,4316
116798,Jim Hobson,Unknown,,USA,us,1946-05-07,4317
112383,John Lockington,Unknown,,AUS,au,,4318
101982,Jordi Mas,Right-Handed,,ESP,es,1971-11-24,4319
103149,Mathias Hellstrom,Right-Handed,,SWE,se,1978-03-18,4320
209644,R Jenkin,Unknown,,GBR,gb,,4321
209600,Unknown Alvarez,Unknown,,,,,4322
106512,Amani Jumatano,Right-Handed,,BUR,bf,1952-01-07,4323
100382,Chris Kachel,Right-Handed,,AUS,au,1955-06-28,4324
113151,Colin Robertson,Unknown,,AUS,au,,4325
211301,F J Vetter,Unknown,,USA,us,,4326
102996,Franz Stauder,Right-Handed,,GER,de,1977-06-08,4327
100223,Jeff Simpson,Right-Handed,,NZL,nz,1950-11-05,4328
110047,John Ward,Unknown,,GBR,gb,1933-09-09,4329
109801,Ken Stuart,Right-Handed,,USA,us,,4330
210888,Klaus Klein,Unknown,,GER,de,,4331
116820,Michael Mullan,Unknown,,USA,us,,4332
209447,R Gray,Unknown,,RSA,za,,4333
209698,S G Laing,Unknown,,GBR,gb,,4334
110254,S Teterion,Right-Handed,,RUS,ru,,4335
110406,Terry Hassell,Unknown,,UNK,un,,4336
108372,Thibault Kuentz,Right-Handed,,FRA,fr,,4337
108379,Thies Roepcke,Right-Handed,,GER,de,1954-07-27,4338
108436,Tony Richey,Right-Handed,,JAM,jm,,4339
113401,Vivian Gotto,Unknown,,IRL,ie,1921-09-16,4340
104803,Younes Rachidi,Right-Handed,,MAR,ma,1986-10-08,4341
211086,A Farina,Unknown,,ITA,it,,4342
110365,Alan Haswell,Right-Handed,,AUS,au,,4343
209435,Andre Makkink,Unknown,,RSA,za,,4344
202822,Bill Heinbecker,Unknown,,USA,us,,4345
106702,Carlos Lando,Right-Handed,,ARG,ar,1956-09-09,4346
100322,Emilio Montano,Right-Handed,,MEX,mx,1954-01-18,4347
110408,F Briscoe,Unknown,,RSA,za,,4348
107130,Graziano Risi,Right-Handed,,ITA,it,,4349
102983,Henrik Andersson,Right-Handed,,SWE,se,1977-05-31,4350
100387,Jiri Prucha,Right-Handed,,CZE,cz,1955-08-20,4351
145990,Jose Oriol Serrano,Unknown,,ESP,es,,4352
210767,Kerneels Kasch,Unknown,,RSA,za,,4353
105401,Matteo Trevisan,Right-Handed,,ITA,it,1989-08-26,4354
210789,Peter Jubber,Unknown,,RSA,za,,4355
211439,Ragesh Batra,Unknown,,IND,in,,4356
110117,Roberto Graetz,Unknown,,ARG,ar,,4357
100558,Rodney Crowley,Right-Handed,,USA,us,1958-10-29,4358
100262,Rolf Norberg,Right-Handed,,SWE,se,1952-02-05,4359
211444,Sheppard Mojanaga,Unknown,,RSA,za,,4360
201618,Uli Heyne,Right-Handed,,GER,de,,4361
104334,Alberto Brizzi,Right-Handed,,ITA,it,1984-03-27,4362
110130,Andrzej Licis,Right-Handed,,POL,pl,1932-01-08,4363
100902,Christian Jessel,Right-Handed,,GER,de,1963-04-06,4364
109806,David Brown,Unknown,,CAN,ca,,4365
101694,David Franco,Right-Handed,,ESP,es,1970-02-06,4366
147467,F Agullo,Unknown,,ESP,es,,4367
209846,Francois Synnaeghal,Unknown,,CAN,ca,,4368
107137,Greg Muller,Right-Handed,,RSA,za,,4369
107273,Jan Eric Palm,Right-Handed,,SWE,se,,4370
100188,John Fort,Right-Handed,,USA,us,1949-10-03,4371
107544,Larry Loeb,Right-Handed,,USA,us,,4372
107591,Luis Bruguera,Right-Handed,,ESP,es,,4373
210806,Michael Hewitt,Unknown,,AUS,au,,4374
108045,Randall King,Right-Handed,,HKG,hk,1950-04-11,4375
110278,Roberto Saya,Unknown,,ITA,it,,4376
110361,T Carey,Unknown,,USA,us,,4377
109925,Yoshito Nakamura,Right-Handed,,JPN,jp,,4378
147468, Mazariegos,Unknown,,ESP,es,,4379
106558,Aniceto Alvarez,Right-Handed,,ESP,es,,4380
115080,Bernard Gerhardt,Unknown,,USA,us,,4381
110410,Bob Folz,Unknown,,USA,us,,4382
211144,Dale Leprevost,Unknown,,USA,us,,4383
100208,Dick R Bohrnstedt,Right-Handed,,USA,us,1950-05-25,4384
110359,E Vasquez,Unknown,,UNK,un,,4385
211052,Eberhard Wensky,Unknown,,GER,de,,4386
107001,Fernando Gentil,Right-Handed,,BRA,br,1950-04-11,4387
145886,Gabriel Alberti,Unknown,,ESP,es,,4388
209670,Gerry Doherty,Unknown,,IRL,ie,,4389
107315,Jean Van Rensburg,Right-Handed,,RSA,za,1962-11-14,4390
113460,Jeffrey Jf Robinson,Unknown,,GBR,gb,,4391
210801,P Colquhoun,Unknown,,AUS,au,,4392
110265,Perry Wright,Unknown,,USA,us,1957-03-21,4393
211072,Salvatore Sanges,Unknown,,ITA,it,,4394
102116,Sang Hoon Lee,Right-Handed,,KOR,kr,1972-10-22,4395
101815,Sergio Gomez Barrio,Right-Handed,,ESP,es,1970-11-21,4396
108297,Stephane Andriolo,Right-Handed,,FRA,fr,1971-12-05,4397
110862,Stojan Velev,Unknown,,BUL,bg,1948-03-10,4398
109978,Tony Pospisil,Unknown,,CAN,ca,,4399
209620,V Rudj,Unknown,,RUS,ru,,4400
102584,Alexandre Strambini,Right-Handed,,SUI,ch,1975-06-03,4401
106930,Eleuterio Martins,Right-Handed,,BRA,br,1960-10-02,4402
105830,Hicham Khaddari,Right-Handed,,MAR,ma,1991-09-01,4403
209582,Les Nicholson,Unknown,,,,,4404
208944,M Fuster,Unknown,,UNK,un,,4405
103092,Nuno Matias,Right-Handed,,POR,pt,1977-12-20,4406
147696,P Neck,Unknown,,AUS,au,,4407
110045,Peter Mockler,Right-Handed,,IRL,ie,,4408
211051,Peter Ristau,Unknown,,GER,de,,4409
110128,Pierre Dufour,Right-Handed,,CAN,ca,,4410
102173,Rainer Falenti,Right-Handed,,AUT,at,1973-03-09,4411
117236,Raymundo Deyro,Unknown,,PHI,ph,1928-03-16,4412
110025,Robert Layton,Right-Handed,,AUS,au,,4413
210914,Robin Elliott,Unknown,,CAN,ca,,4414
102015,Tomislav Prpic,Right-Handed,,CRO,hr,1972-02-20,4415
106518,Anders Henricsson,Right-Handed,,SWE,se,,4416
122318,Antonio Gonzalez,Unknown,,ESP,es,,4417
109857,Brian Cheney,Right-Handed,,USA,us,,4418
209763,Bruno Chimenti,Unknown,,ITA,it,,4419
110097,D Perensby,Right-Handed,,SWE,se,,4420
104208,Damian Patriarca,Right-Handed,,ARG,ar,1983-07-25,4421
109756,Ference Komaromi,Right-Handed,,HUN,hu,1936-11-02,4422
107009,Fernando Vasquez,Right-Handed,,ESP,es,,4423
209693,K C Cook,Unknown,,GBR,gb,,4424
109892,Kenneth Andersson,Unknown,,SWE,se,,4425
100305,Mark Farrell,Right-Handed,,GBR,gb,1953-05-21,4426
107756,Maurizio Bonaiti,Right-Handed,,ITA,it,,4427
107807,Mike Fedderly,Right-Handed,,USA,us,1959-09-03,4428
212411,P.F. Kingham,Unknown,,GBR,gb,,4429
209687,R G Moore,Unknown,,GBR,gb,,4430
147638,Stuart Creed,Unknown,,GBR,gb,1950-03-24,4431
210798,W Field,Unknown,,AUS,au,,4432
211221,Alan Frey,Unknown,,USA,us,,4433
109810,Dave Simmonds,Unknown,,NZL,nz,,4434
100268,Denis Naegelen,Right-Handed,,FRA,fr,1952-04-07,4435
211042,Freddy Field,Unknown,,GBR,gb,,4436
209565,G Nel,Unknown,,RSA,za,,4437
148472,Gary Ogden,Unknown,,USA,us,,4438
107177,Harry Brittain,Right-Handed,,CAN,ca,,4439
107311,Jean Paul Meyer,Right-Handed,,FRA,fr,1950-01-09,4440
210940,Les Bourne,Unknown,,CAN,ca,,4441
109928,Luis Garcia,Unknown,,UNK,un,,4442
112371,Peter Keller,Unknown,,AUS,au,1944-10-25,4443
209645,R W Davies,Unknown,,GBR,gb,,4444
109815,Stanley Matthews,Right-Handed,,GBR,gb,1945-12-25,4445
108443,Toshitsugu Mori,Right-Handed,,JPN,jp,1970-01-28,4446
110438,Umit Center,Unknown,,TUR,tr,,4447
117340,Wieslaw Nowicki,Unknown,,POL,pl,1942-07-09,4448
111006,William Brown,Unknown,,IRL,ie,,4449
211161,A G Purnell,Unknown,,GBR,gb,,4450
109849,A Hernandez,Right-Handed,,MEX,mx,,4451
209731,Antonio Martinez,Unknown,,ESP,es,,4452
209665,B L Jones,Unknown,,GBR,gb,,4453
210997,Bob Goldbeck,Unknown,,USA,us,,4454
108999,Dan Cantwell,Right-Handed,,USA,us,,4455
106899,Douglas Palm,Right-Handed,,SWE,se,1955-06-05,4456
109878,Franco Bartoni,Right-Handed,,ITA,it,1948-11-06,4457
210985,Fred Martin,Unknown,,USA,us,,4458
104228,Guillem Burniol,Right-Handed,,ESP,es,1983-09-04,4459
110367,I Brady,Unknown,,UNK,un,,4460
110324,Jack Acheson,Unknown,,USA,us,1946-10-24,4461
211437,John Lowman,Unknown,,USA,us,,4462
109935,John Sharpe,Right-Handed,,AUS,au,1939-06-20,4463
109861,P Gorostiaga,Unknown,,ARG,ar,,4464
110060,Peter Fletcher,Unknown,,UNK,un,,4465
100104,Richard Russell,Right-Handed,,JAM,jm,1945-09-26,4466
211243,Rick Chase,Unknown,,USA,us,,4467
102577,Steven Randjelovic,Right-Handed,,AUS,au,1975-05-14,4468
102883,Tom Spinks,Right-Handed,,GBR,gb,1976-11-14,4469
211447,Tony Van Zyl,Unknown,,RSA,za,,4470
211225,V Gillespie,Unknown,,GBR,gb,,4471
108993,Abdulla Hajji,Unknown,,QAT,qa,1991-01-05,4472
202871,Barry Geraghty,Unknown,,AUS,au,,4473
100034,Christian Kuhnke,Left-Handed,,GER,de,1939-04-29,4474
210971,Don Fahrney,Unknown,,USA,us,,4475
211224,Eddie Fox,Unknown,,GBR,gb,,4476
211124,Gerhard Suhr,Unknown,,GER,de,,4477
107102,Giovanni Lelli Mami,Right-Handed,,ITA,it,,4478
209564,L Ploughman,Unknown,,RSA,za,,4479
148479,Larry Eichenbaum,Unknown,,USA,us,,4480
110389,M Laimina,Unknown,,ESP,es,,4481
103027,Markus Menzler,Right-Handed,,GER,de,1977-08-26,4482
109983,Pedro Langre,Unknown,,MEX,mx,,4483
201701,Reijo Tuomola,Right-Handed,,FIN,fi,,4484
208975,Richard Stott,Unknown,,UNK,un,,4485
110083,Rupert Dorey,Right-Handed,,GBR,gb,,4486
209534,Unknown Fearmon,Unknown,,,,,4487
209778,Win Irwin,Unknown,,USA,us,,4488
211164,Wolfgang Truller,Unknown,,GER,de,,4489
209548,A D'Orsongna,Unknown,,,,,4490
109852,Amable Plaza,Unknown,,VEN,ve,,4491
106665,Brian Millar,Right-Handed,,CAN,ca,1954-10-07,4492
106859,Dean Martin Jr,Right-Handed,,USA,us,1951-12-23,4493
110276,Ernst Blanke,Unknown,,AUT,at,1945-01-17,4494
209533,Harry Sheridan,Unknown,,IRL,ie,,4495
109968,John Mcmanus,Unknown,,CAN,ca,,4496
103179,Jurek Stasiak,Right-Handed,,AUS,au,1978-05-09,4497
209685,L B Taylor,Unknown,,GBR,gb,,4498
107633,Marc Krippendorf,Right-Handed,,SUI,ch,1964-02-14,4499
110148,Mark Lyndon,Unknown,,UNK,un,,4500
210987,Ronald Kahn,Unknown,,USA,us,,4501
108191,S Viljoen,Right-Handed,,RSA,za,,4502
110987,Saeed Meer,Right-Handed,,PAK,pk,1947-12-02,4503
102735,Cedric Kauffmann,Right-Handed,,FRA,fr,1976-03-16,4504
110030,Christian Janssens,Right-Handed,,BEL,be,,4505
105679,Eduardo Struvay,Right-Handed,,COL,co,1991-01-13,4506
106968,Eugenio Castigliano,Right-Handed,,ITA,it,1946-02-13,4507
210917,Greg Harris,Unknown,,CAN,ca,,4508
107375,John Arbanas,Right-Handed,,AUS,au,1970-02-20,4509
109835,John Gardner,Right-Handed,,AUS,au,,4510
211234,John Howarth,Unknown,,GBR,gb,,4511
109780,Lars Olander,Right-Handed,,SWE,se,1942-07-15,4512
110213,Marcus Kramer,Right-Handed,,USA,us,,4513
109759,Michael Sangster,Right-Handed,,GBR,gb,1940-10-11,4514
209591,Noel Lennon,Unknown,,IRL,ie,,4515
105402,Peerakiat Siriluethaiwattana,Left-Handed,,THA,th,1989-08-19,4516
210912,Peter Ehrlich,Unknown,,NED,nl,,4517
125676,Pieter Soeters,Unknown,,NED,nl,1947-06-27,4518
109860,Ryan Moore,Unknown,,USA,us,,4519
100410,Tim Garcia,Right-Handed,,USA,us,1956-01-20,4520
110073,Anthony Billington,Right-Handed,,GBR,gb,1909-12-17,4521
100132,Armistead Neely,Right-Handed,,USA,us,1947-04-08,4522
109947,Bill Glaves,Unknown,,USA,us,,4523
210939,Bob Howes,Unknown,,CAN,ca,,4524
112380,C Bothwell,Unknown,,AUS,au,,4525
106715,Chaim Arlozorov,Right-Handed,,ISR,il,1957-03-30,4526
106878,Didier Frantz,Right-Handed,,FRA,fr,,4527
103371,Emin Agaev,Right-Handed,,AZE,az,1979-06-01,4528
109847,Fritz Schunck,Right-Handed,,USA,us,,4529
209696,G R D Porteus,Unknown,,GBR,gb,,4530
100442,Gianni Marchetti,Right-Handed,,ITA,it,1956-08-01,4531
202759,Greg Hilley,Unknown,,USA,us,1947-11-16,4532
100196,Haroon Rahim,Right-Handed,,PAK,pk,1949-11-25,4533
107217,Ian Crookenden,Left-Handed,,NZL,nz,1944-01-09,4534
211024,Jack Adolphson,Unknown,,USA,us,,4535
204660,Jose Miguel Ayala,Unknown,,CHI,cl,,4536
107627,Manuel Ruiz,Right-Handed,,MEX,mx,,4537
107829,Morten Ronneberg,Right-Handed,,NOR,no,1964-10-03,4538
210775,Pierre Manidis,Unknown,,RSA,za,,4539
100328,Rand Evett,Right-Handed,,USA,us,1954-03-31,4540
142823,Richard Cooper,Unknown,,CAN,ca,,4541
209592,Ronan Fearon,Unknown,,IRL,ie,,4542
209430,Ruan Kruger,Unknown,,RSA,za,,4543
109863,U Timm,Right-Handed,,USA,us,,4544
209748,Walter Lanz,Unknown,,GER,de,,4545
209649,A Fine,Unknown,,GBR,gb,,4546
209816,Andres Funes,Unknown,,ARG,ar,,4547
106758,Christophe Lesage,Right-Handed,,FRA,fr,,4548
109905,Chuck Darley,Unknown,,USA,us,1946-07-15,4549
101814,Colin Beecher,Right-Handed,,GBR,gb,1970-10-17,4550
110873,Compton Russell,Unknown,,CAR,cw,,4551
106832,David Collins,Right-Handed,,GBR,gb,,4552
100589,Harald Theissen,Right-Handed,,GER,de,1959-04-11,4553
107391,John Muller,Right-Handed,,RSA,za,,4554
109824,Julian Krinsky,Right-Handed,,RSA,za,,4555
211205,Lew Sulloway,Unknown,,USA,us,,4556
202509,Lynton Franzi,Unknown,,AUS,au,,4557
209762,Maurizio Aracri,Unknown,,ITA,it,,4558
209602,Miguel Braschi,Unknown,,PUR,pr,,4559
208977,Nick Lee,Unknown,,UNK,un,,4560
209633,P Frymann,Unknown,,GBR,gb,,4561
100177,Pavel Hutka,Right-Handed,,CZE,cz,1949-03-14,4562
108060,Remi Gilberton,Right-Handed,,FRA,fr,,4563
148478,Rob Rippner,Unknown,,USA,us,,4564
209573,B Johnston,Unknown,,RSA,za,,4565
103805,Catalin Gard,Right-Handed,,ROU,ro,1981-08-04,4566
209730,Chuck Saacke,Unknown,,USA,us,,4567
210981,Dick Peters,Unknown,,USA,us,,4568
104469,Erling Tveit,Left-Handed,,NOR,no,1985-01-07,4569
110379,Jim Sheperd,Unknown,,USA,us,,4570
204652,Luigi Chiaiese,Right-Handed,,ITA,it,,4571
105231,Luka Belic,Right-Handed,,CRO,hr,1988-11-01,4572
100017,Mal Anderson,Right-Handed,,AUS,au,1935-04-06,4573
102490,Pantelis Moschoutis,Right-Handed,,GRE,gr,1974-12-16,4574
108039,Raimo Ojala,Right-Handed,,FIN,fi,,4575
108364,Terry Bennett,Right-Handed,,USA,us,,4576
208968,Bill Lefgron,Unknown,,UNK,un,,4577
104823,Bruno Rodriguez,Right-Handed,,MEX,mx,1986-11-08,4578
109834,Dan Birchmore,Right-Handed,,USA,us,,4579
210978,Don Mays,Unknown,,USA,us,,4580
100004,Giuseppe Merlo,Right-Handed,,ITA,it,1927-10-27,4581
202881,Ian Pollard,Unknown,,AUS,au,1953-07-17,4582
148493,J E Guerra,Unknown,,ESP,es,,4583
211094,Jerry Stewart,Unknown,,USA,us,,4584
210811,Jim Mitchell,Unknown,,NZL,nz,,4585
209761,Jock Eitel Reetz,Unknown,,GER,de,,4586
100753,Juan Carlos Ayala,Right-Handed,,CHI,cl,1961-07-15,4587
102036,Marco Osorio,Right-Handed,,MEX,mx,1972-04-21,4588
107725,Masayoshi Takeyari,Right-Handed,,JPN,jp,1963-08-09,4589
110239,Nick Boyne,Unknown,,NZL,nz,,4590
107898,Osamu Ishiguro,Right-Handed,,JPN,jp,1936-09-07,4591
209834,R Beaver,Unknown,,USA,us,,4592
100155,Ramiro Benavides,Right-Handed,,BOL,bo,1947-02-14,4593
209606,Dave Michau,Unknown,,RSA,za,,4594
211232,Gary Dudic,Unknown,,GBR,gb,,4595
110052,Geoff Bluett,Right-Handed,,GBR,gb,1941-06-09,4596
209618,Ivan Mikysa,Unknown,,USA,us,,4597
147424,J L Sartorius,Unknown,,ESP,es,,4598
209595,John Schaefer,Unknown,,,,,4599
202950,Michael Appleton,Unknown,,GBR,gb,1959-10-27,4600
211014,Mike Adams,Unknown,,USA,us,,4601
110328,Pedro Loewe,Unknown,,ESP,es,,4602
108021,Pietro Marzano,Right-Handed,,ITA,it,1949-09-11,4603
210913,Ron Cornell,Unknown,,USA,us,1950-08-17,4604
211107,Scott Bristol,Unknown,,USA,us,,4605
209569,Steve Le Roux,Unknown,,RSA,za,,4606
106542,Andrew Rae,Right-Handed,,AUS,au,,4607
109881,Atet Wijono,Right-Handed,,INA,id,1951-03-30,4608
110428,Bedri Baykam,Unknown,,TUR,tr,,4609
210944,Bill Carroll,Unknown,,GBR,gb,,4610
209563,Bokkie Niemand,Unknown,,RSA,za,,4611
111138,Dennis Matthews,Unknown,,UNK,un,,4612
102920,Diego Hipperdinger,Right-Handed,,ESP,es,1977-01-30,4613
102363,Filippo Veglio,Right-Handed,,SUI,ch,1974-03-25,4614
100086,Frantisek Pala,Left-Handed,,CZE,cz,1944-04-06,4615
210974,James Hicks,Unknown,,USA,us,,4616
107362,Joel Ross,Right-Handed,,USA,us,,4617
202598,Jorge Kon,Unknown,,ARG,ar,,4618
112972,Miecyslav Rybarczyk,Unknown,,POL,pl,1941-09-08,4619
100101,Mike Belkin,Right-Handed,,CAN,ca,1945-07-13,4620
202915,Mohammed Arif Elahi,Unknown,,PAK,pk,,4621
107893,Omar Laimina,Right-Handed,,MAR,ma,1952-01-22,4622
103290,Radim Zitko,Right-Handed,,CZE,cz,1978-12-12,4623
101959,Robert Eriksson,Right-Handed,,SWE,se,1971-10-05,4624
110208,Rolf Spitzer,Unknown,,SUI,ch,1950-09-11,4625
110789,Sebti Bounaib,Unknown,,ALG,dz,1950-01-12,4626
209426,Sidney Gordon,Unknown,,RSA,za,1948-04-08,4627
110252,Terry Suyderhoud,Right-Handed,,GER,de,,4628
112265,W Marsden,Unknown,,AUS,au,,4629
210943,Bill Strei,Unknown,,USA,us,,4630
147936,Bob Dow,Unknown,,USA,us,,4631
106835,David Egdes,Right-Handed,,RSA,za,,4632
210898,Dick Stradmeijer,Unknown,,NED,nl,,4633
210994,Donald Sea,Unknown,,USA,us,,4634
210920,Grant Copley,Unknown,,CAN,ca,,4635
209681,John Anthony Southworth,Unknown,,GBR,gb,,4636
103751,Jonas Froberg,Unknown,,SWE,se,1981-04-16,4637
107818,Miles Walker,Right-Handed,,USA,us,1961-08-14,4638
211058,Pete Sammis,Unknown,,USA,us,,4639
110153,Phil Tovey,Unknown,,UNK,un,,4640
110037,Rodney Sellick,Right-Handed,,AUS,au,,4641
108343,Taghi Akbari,Right-Handed,,IRI,ir,1945-12-16,4642
202832,Tokio Nishiwaki,Unknown,,JPN,jp,1947-11-26,4643
210975,Tony Madrid,Unknown,,USA,us,,4644
108501,Warrick Jones,Right-Handed,,USA,us,,4645
148440, Hambersen,Unknown,,,,,4646
110383,C Floe,Right-Handed,,USA,us,,4647
211032,Dave Barton,Unknown,,USA,us,,4648
209751,Dieter Stoffer,Unknown,,GER,de,,4649
106901,Dragan Stojovic,Right-Handed,,YUG,rs,,4650
110364,Fabrizio Matteoli,Unknown,,ITA,it,,4651
202510,Grant Kerr,Unknown,,AUS,au,,4652
109362,Helson Barros,Right-Handed,,BRA,br,,4653
110099,J Kirs,Right-Handed,,SWE,se,,4654
100070,Jan Kukal,Right-Handed,,CZE,cz,1942-10-14,4655
212423,Jim O'Toole,Unknown,,AUS,au,,4656
147369,Jose Maria Minguella,Unknown,,ESP,es,,4657
120389,Juan Fernandez,Unknown,,ARG,ar,,4658
110860,Kiril Yashmakov,Unknown,,BUL,bg,1946-02-02,4659
104993,Martin Vaisse,Unknown,,FRA,fr,1987-09-05,4660
110256,Micky Dominguez,Unknown,,PHI,ph,1947-10-11,4661
202588,Oscar Escribano,Unknown,,ARG,ar,1939-04-26,4662
211291,R Turley,Unknown,,GBR,gb,,4663
108043,Ralph Kok,Right-Handed,,NED,nl,1967-11-06,4664
122279,Romain Bogaerts,Unknown,,BEL,be,1994-01-12,4665
208979,Stephen Jones,Unknown,,UNK,un,,4666
204613,Terry Saunders,Right-Handed,,AUS,au,,4667
211295,C Webster,Unknown,,GBR,gb,,4668
106749,Christoph Geukens,Right-Handed,,BEL,be,,4669
109932,Chuck Mckinley,Right-Handed,,USA,us,1941-01-20,4670
210795,G Roberts,Unknown,,RSA,za,,4671
210930,George Czuczka,Unknown,,CAN,ca,,4672
100056,Harald Elschenbroich,Right-Handed,,GER,de,1941-07-25,4673
110991,Jaidip Mukerjea,Right-Handed,,IND,in,1942-05-24,4674
102428,Johan Hede,Right-Handed,,SWE,se,1974-07-14,4675
109793,Mario Caimo,Unknown,,ITA,it,,4676
101240,Martin Hipp,Right-Handed,,GER,de,1966-04-07,4677
104953,Nikolai Fidirko,Right-Handed,,BLR,by,1987-07-07,4678
100207,Noel Phillips,Right-Handed,,AUS,au,1950-04-13,4679
110964,Periclis Gavrilidis,Unknown,,GRE,gr,1954-05-25,4680
211297,Peter Bretherton,Unknown,,GBR,gb,,4681
108192,Sachio Kato,Right-Handed,,JPN,jp,1948-09-13,4682
104473,Walter Trusendi,Unknown,,ITA,it,1985-01-08,4683
100108,Chris Bovett,Right-Handed,,GBR,gb,1946-01-02,4684
104282,Dennis Peschek,Right-Handed,,GER,de,1984-01-17,4685
210963,Enver Mehmedbasich,Unknown,,USA,us,,4686
208938,Gary Johnson,Unknown,,USA,us,,4687
134338,Howard Ho,Right-Handed,,NZL,nz,,4688
211141,Ian Russell,Unknown,,USA,us,,4689
110395,J Cabeza,Unknown,,ESP,es,,4690
209562,J Sacks,Unknown,,RSA,za,,4691
107425,Jose Moreno,Right-Handed,,ESP,es,1953-09-16,4692
100122,Julian Ganzabal,Right-Handed,,ARG,ar,1946-09-24,4693
103472,Karim Maamoun,Right-Handed,,EGY,eg,1979-11-29,4694
109916,Larry Miller,Unknown,,UNK,un,,4695
107561,Leif Johansson,Right-Handed,,SWE,se,1952-01-04,4696
211038,Lindsay Straney,Unknown,,AUS,au,,4697
211079,Luigi Compagna,Unknown,,ITA,it,,4698
211256,R Gates,Unknown,,AUS,au,,4699
211186,Ramon Blanco,Unknown,,VEN,ve,,4700
148439, Lassalle,Unknown,,FRA,fr,,4701
100405,Fernando Maynetto,Right-Handed,,PER,pe,1955-12-08,4702
209679,Geoff Stubbs,Unknown,,GBR,gb,,4703
112415,Jim Ryan,Unknown,,AUS,au,,4704
107381,John Eagleton,Right-Handed,,RSA,za,,4705
209727,Keith Watson,Unknown,,USA,us,,4706
108361,Teodor Batchev,Right-Handed,,BUL,bg,1963-07-22,4707
102922,Tomas Catar,Right-Handed,,SVK,sk,1977-01-26,4708
208986,U Akhtar,Unknown,,UNK,un,,4709
106453,Akinori Naguro,Right-Handed,,JPN,jp,1947-01-01,4710
110066,Allen Quay,Right-Handed,,USA,us,,4711
209675,B Sweeney,Unknown,,IRL,ie,,4712
108124,Bob Stock,Right-Handed,,USA,us,1944-11-18,4713
211443,Brian Copley,Unknown,,RSA,za,,4714
110143,Bryan Borea,Right-Handed,,UNK,un,,4715
112169,Don Thompson,Unknown,,USA,us,,4716
209791,Gary Cruth,Unknown,,AUS,au,,4717
211068,Giovanni Cierro,Unknown,,ITA,it,1951-09-21,4718
209613,Herbert Browne,Unknown,,USA,us,,4719
211178,Ian Pomerenke,Unknown,,AUS,au,,4720
101654,Michael Shyjan,Right-Handed,,USA,us,1969-12-01,4721
211797,R Sutton,Unknown,,,,,4722
100359,Richard Lewis,Left-Handed,,GBR,gb,1954-12-26,4723
108354,Talito Corrales,Right-Handed,,ESP,es,,4724
209436,Theo Du Plessis,Unknown,,RSA,za,,4725
100985,Tim Pawsat,Right-Handed,,USA,us,1964-01-01,4726
210924,Tom Simpkins,Unknown,,CAN,ca,,4727
211179,Allen Monahan,Unknown,,AUS,au,,4728
210761,Bo Svensson,Unknown,,SWE,se,,4729
211189,Charles Caudle,Unknown,,COL,co,,4730
211104,Danny Cox,Unknown,,USA,us,,4731
211260,F Starbuck,Unknown,,AUS,au,,4732
209688,G Atwell,Unknown,,GBR,gb,,4733
209671,J Williamson,Unknown,,IRL,ie,,4734
208950,Jaime Bartoli,Unknown,,UNK,un,,4735
211112,Joaquin Tort,Unknown,,ESP,es,,4736
104361,Michel Koning,Right-Handed,,NED,nl,1984-05-11,4737
211238,R N Faulkner,Unknown,,GBR,gb,,4738
100524,Shozo Shiraishi,Right-Handed,,JPN,jp,1958-02-04,4739
108460,Valerio Baiardo,Right-Handed,,ITA,it,1959-09-30,4740
102055,Bertrand Madsen,Right-Handed,,HAI,ht,1972-06-01,4741
210833,Bruno Orecchio,Unknown,,ITA,it,,4742
210787,Bryan Desatnik,Unknown,,RSA,za,,4743
211191,Carlos Angel,Unknown,,COL,co,,4744
204581,Chris Chapin,Right-Handed,,USA,us,1950-04-30,4745
208963,David Borelli,Unknown,,USA,us,1951-02-13,4746
110019,Francois Matheu,Right-Handed,,FRA,fr,,4747
210847,Gaetano Scagnolari,Unknown,,ITA,it,,4748
209529,Gerry Waldron,Unknown,,IRL,ie,,4749
211416,Goran Berglund,Unknown,,SWE,se,,4750
102086,Igor Kornienko,Right-Handed,,RUS,ru,1972-07-20,4751
148455,Jose Maria Mateu,Unknown,,ESP,es,,4752
107468,Julian Stamatov,Right-Handed,,BUL,bg,1963-04-03,4753
102336,Kotaro Miyachi,Right-Handed,,JPN,jp,1974-03-08,4754
110431,Nezih Gunal,Unknown,,TUR,tr,,4755
110413,Norberto Herrero,Unknown,,UNK,un,1946-12-02,4756
111100,Ramon Funtera,Unknown,,PHI,ph,1948-09-04,4757
108135,Roberto Meneschincheri,Right-Handed,,ITA,it,,4758
209637,T Ayling,Unknown,,GBR,gb,,4759
209666,C Ryan,Unknown,,IRL,ie,,4760
211273,Charlie Shaw,Unknown,,AUS,au,,4761
110166,Chiradip Mukerjea,Right-Handed,,IND,in,1953-09-16,4762
110058,David Mitchell,Unknown,,USA,us,,4763
110398,E Neemati,Unknown,,IRI,ir,,4764
209760,Erwin Jager,Unknown,,GER,de,,4765
210817,F De Koenig,Unknown,,SUR,sr,,4766
210910,Frits Luyk,Unknown,,NED,nl,,4767
112872,Fritz Kuhlmann,Unknown,,GER,de,1906-11-12,4768
210911,Hans Hartoch,Unknown,,NED,nl,,4769
107235,Ionel Santeiu,Right-Handed,,ROU,ro,1948-04-04,4770
211150,James Vuille,Unknown,,USA,us,,4771
112585,Jean Claude Molinari,Unknown,,FRA,fr,1931-09-19,4772
107358,Joe Ragland,Right-Handed,,USA,us,,4773
210952,Ken Mordoff,Unknown,,USA,us,,4774
209806,Michael Probst,Unknown,,,,,4775
107853,Nick Barone,Right-Handed,,USA,us,,4776
210964,Robert Ouwendijk,Unknown,,USA,us,,4777
209769,Unknown Daniele,Unknown,,ITA,it,,4778
209566,A Sapire,Unknown,,RSA,za,,4779
117251,Andres Hammersley,Unknown,,CHI,cl,1919-11-06,4780
211269,Bob Brett,Unknown,,AUS,au,,4781
106638,Bob Weise W055,Right-Handed,,USA,us,1957-08-06,4782
109948,Clive Brebnor,Right-Handed,,RSA,za,1943-02-21,4783
110215,Diko Murdono,Unknown,,INA,id,,4784
209793,Don O'Connell,Unknown,,IRL,ie,,4785
109854,Gerry Gomes,Unknown,,UNK,un,,4786
210949,Harwood White,Unknown,,USA,us,,4787
100506,Howard Schoenfield,Right-Handed,,USA,us,1957-12-21,4788
210901,Huub Weyerman,Unknown,,NED,nl,,4789
110078,James Pressly,Right-Handed,,USA,us,1947-09-25,4790
107298,Javier Restrepo,Right-Handed,,COL,co,1953-03-10,4791
145890,Juan Cruz Gangutia,Unknown,,ESP,es,,4792
211792,Kevin Keele,Unknown,,AUS,au,,4793
110861,Ljuben Genov,Unknown,,BUL,bg,1945-09-09,4794
209652,M S Palmer,Unknown,,GBR,gb,,4795
203037,Mark Harner,Unknown,,USA,us,,4796
103590,Michael Quintero,Right-Handed,,COL,co,1980-08-02,4797
209692,N L Reevell,Unknown,,GBR,gb,,4798
211281,P Sullivan,Unknown,,GBR,gb,,4799
101989,Patrik Langvardt,Right-Handed,,DEN,dk,1971-12-28,4800
209767,Unknown Marchiori,Unknown,,ITA,it,,4801
103677,Andreas Fasching,Unknown,,AUT,at,1981-01-23,4802
110009,Birger Folke,Right-Handed,,SWE,se,,4803
110317,Charles Chang,Unknown,,UNK,un,,4804
106829,David Betous,Right-Handed,,FRA,fr,,4805
202899,Francisco Castillo,Unknown,,COL,co,1943-06-02,4806
105894,Javier Marti,Right-Handed,,ESP,es,1992-01-17,4807
100071,Jean Claude Barclay,Right-Handed,,FRA,fr,1943-01-23,4808
100306,Michael Wayman,Right-Handed,,GBR,gb,1953-06-01,4809
107852,Nick Badenhorst,Right-Handed,,RSA,za,,4810
107865,Noel Callaghan,Right-Handed,,AUS,au,,4811
210786,O J Oosthuysen,Unknown,,RSA,za,,4812
110044,Owen Worley,Right-Handed,,AUS,au,,4813
209590,Paul Fitz Simmons,Unknown,,IRL,ie,,4814
109999,Peter Van Lingen,Unknown,,RSA,za,1943-03-15,4815
108193,Sadao Kosugi,Right-Handed,,JPN,jp,1950-11-19,4816
209789,Wei Leung,Unknown,,,,,4817
148460, Inmeli,Unknown,,,,,4818
100612,Alvaro Margets,Right-Handed,,ESP,es,1959-08-19,4819
105601,Cristobal Saavedra Corvalan,Right-Handed,,CHI,cl,1990-08-03,4820
211048,Erhard Jung,Unknown,,GER,de,,4821
109950,Francois Van Der Merwe,Right-Handed,,RSA,za,,4822
110983,Hadiman Hadiman,Unknown,,INA,id,1950-12-11,4823
211148,Jack Staton,Unknown,,USA,us,,4824
107497,Kenichi Kiyomiya,Right-Handed,,JPN,jp,1967-11-17,4825
107768,Michael Burgener,Right-Handed,,SUI,ch,1949-07-05,4826
107850,Nial Brash,Right-Handed,,USA,us,,4827
202715,Peter Mors,Unknown,,RSA,za,1942-03-03,4828
114613,Shyam Minotra,Unknown,,IND,in,1946-10-22,4829
210965,Bill Williams,Unknown,,USA,us,,4830
106697,Carlos Feldstedt,Right-Handed,,CHI,cl,,4831
211085,Claudio Narbone,Unknown,,ITA,it,,4832
211242,Craig Duncan,Unknown,,USA,us,,4833
110309,F Kolik,Unknown,,AUT,at,,4834
101858,Gilles Bastie,Right-Handed,,FRA,fr,1971-03-13,4835
107158,H Hsu,Right-Handed,,CHN,cn,,4836
210892,Hannes Muehlenburg,Unknown,,GER,de,,4837
104294,Hao Lu,Right-Handed,,CHN,cn,1984-02-07,4838
109828,Hector Romani,Unknown,,UNK,un,1950-06-27,4839
107238,Ivan Camus,Right-Handed,,CHI,cl,1963-02-05,4840
211001,Jaime Collaco,Unknown,,USA,us,,4841
211151,Jeff Frank,Unknown,,USA,us,,4842
110272,Lothar Pawlik,Unknown,,GER,de,,4843
107677,Mario Piuk,Right-Handed,,ITA,it,,4844
107918,Panomkorn Pladchunil,Right-Handed,,THA,th,1962-06-24,4845
108991,Sergei Petrouchevsky,Unknown,,RUS,ru,1980-04-22,4846
110137,U Fischtel,Unknown,,UNK,un,,4847
208997,A Simcox,Unknown,,UNK,un,,4848
202883,Adi Kourim,Unknown,,AUS,au,,4849
104951,Aljoscha Thron,Right-Handed,,GER,de,1987-07-16,4850
110274,Alvaro Pena,Unknown,,COL,co,,4851
106801,Dale Ogden,Right-Handed,,USA,us,,4852
110281,Guiliano Fanfani,Unknown,,ITA,it,,4853
109902,John Stefanki,Unknown,,USA,us,,4854
107639,Marcel Van Der Merwe,Right-Handed,,RSA,za,,4855
107653,Marco Cacopardo,Right-Handed,,USA,us,,4856
107728,Massimo Di Domenico,Right-Handed,,ITA,it,1945-12-27,4857
111064,Nils Elvik,Unknown,,NOR,no,1945-02-13,4858
108079,Rich Andrews,Right-Handed,,USA,us,,4859
211185,Richard Rae,Unknown,,NZL,nz,,4860
211075,U Spinelli,Unknown,,ITA,it,,4861
212406,William Finger,Unknown,,USA,us,,4862
106455,Akira Motomura,Right-Handed,,JPN,jp,,4863
112296,Alan Lane,Unknown,,AUS,au,,4864
210950,Don Gale,Unknown,,USA,us,,4865
110965,Epaminondas Argyriou,Unknown,,GRE,gr,1944-01-21,4866
103485,Ivan Beros,Right-Handed,,CRO,hr,1980-01-25,4867
107285,Janos Guti,Right-Handed,,HUN,hu,,4868
112337,John Hillebrand,Unknown,,AUS,au,1939-10-14,4869
110332,Keith Stoneman,Unknown,,UNK,un,,4870
110207,L Maeso,Right-Handed,,ESP,es,,4871
108110,Robert Hubbard,Right-Handed,,USA,us,1956-05-01,4872
109772,Sergio Palmieri,Right-Handed,,ITA,it,1945-12-27,4873
106583,Armando Cornejo,Right-Handed,,CHI,cl,1946-10-04,4874
104627,Boy Westerhof,Right-Handed,,NED,nl,1985-11-09,4875
110081,Brian Marcus,Right-Handed,,USA,us,1947-10-01,4876
100545,Deon Joubert,Left-Handed,,RSA,za,1958-07-17,4877
103975,Eric Nunez,Right-Handed,,USA,us,1982-04-15,4878
100260,Gary Groslimond,Right-Handed,,USA,us,1952-01-05,4879
210908,Hans Docher,Unknown,,NED,nl,,4880
209621,J Jetson,Unknown,,AUS,au,,4881
202878,Ken Jorgenson,Unknown,,AUS,au,,4882
110452,Kosti Killa,Unknown,,CAN,ca,,4883
107557,Lawrence Hall,Right-Handed,,AUS,au,,4884
102256,Nick Weal,Right-Handed,,GBR,gb,1973-09-05,4885
110151,Praful Ghatage,Unknown,,UNK,un,,4886
108351,Takeshi Murakami,Right-Handed,,JPN,jp,1965-03-09,4887
211017,Tom Pucci,Unknown,,USA,us,,4888
106594,Attila Korpas,Right-Handed,,GER,de,1945-09-04,4889
210857,B Smit,Unknown,,RSA,za,,4890
147963,Claus Glattbach,Unknown,,GER,de,,4891
106797,Cyril Rudman,Right-Handed,,RSA,za,,4892
106867,Derek Schroder,Right-Handed,,RSA,za,,4893
112969,Giordano Majoli,Unknown,,ITA,it,1943-10-25,4894
211097,Gordon Blaylock,Unknown,,USA,us,,4895
112347,John Stephens,Unknown,,AUS,au,,4896
100425,Junie Chatman,Right-Handed,,USA,us,1956-03-31,4897
107487,Keith Gilbert,Right-Handed,,GBR,gb,,4898
100133,Pat Cramer,Right-Handed,,RSA,za,1947-04-04,4899
210941,Tom Kiss,Unknown,,USA,us,,4900
211204,Tracy Lake,Unknown,,AUS,au,,4901
108567,Yuji Tezuka,Right-Handed,,JPN,jp,1943-08-21,4902
211287,A March,Unknown,,GBR,gb,,4903
100527,Chris Bradnam,Right-Handed,,GBR,gb,1958-03-03,4904
211000,David Kamen,Unknown,,USA,us,,4905
211310,Frank Harris,Unknown,,AUS,au,,4906
148442,Fritz Kuhlmann Jr,Unknown,,FRG,de,,4907
109818,Gordon Forbes,Right-Handed,,RSA,za,1934-03-06,4908
103653,Jasper Smit,Right-Handed,,NED,nl,1980-12-07,4909
202589,Jose Prats,Unknown,,ARG,ar,,4910
212432,Juan Figueroa,Unknown,,MEX,mx,,4911
208971,Keith Bardellini,Unknown,,UNK,un,,4912
107759,Max Pettman,Right-Handed,,AUS,au,,4913
112528,Ricky Morea,Unknown,,ARG,ar,1924-05-13,4914
211025,Rowland Fellows,Unknown,,USA,us,,4915
209828,A Jackson,Unknown,,,,,4916
209523,Cecil Pedlow,Unknown,,IRL,ie,,4917
102119,Chih Jung Chen,Right-Handed,,TPE,tw,1972-10-19,4918
211415,Cole Gromley,Unknown,,USA,us,2000-01-21,4919
102557,Daniel Willman,Unknown,,NZL,nz,1975-03-22,4920
109994,Dave Harmon,Unknown,,USA,us,,4921
211182,Homer Shoop,Unknown,,USA,us,,4922
212426,I Kuba,Unknown,,AUS,au,,4923
107324,Jeff Robinson,Right-Handed,,USA,us,,4924
105821,Riccardo Bellotti,Right-Handed,,ITA,it,1991-08-20,4925
202624,T Mooney,Unknown,,NZL,nz,,4926
210851,U Lucci,Unknown,,ITA,it,,4927
117302,Albert Gaertner,Unknown,,RSA,za,1939-04-05,4928
102077,Alexander Shvec,Right-Handed,,BLR,by,1972-07-03,4929
103616,Andre Van Der Merwe B,Right-Handed,,RSA,za,,4930
104535,Daniel Garza,Right-Handed,,MEX,mx,1985-05-07,4931
116803,Fred Berli,Unknown,,SUI,ch,,4932
210918,Geoff Dyer,Unknown,,CAN,ca,,4933
102912,Igor Tchelychev,Right-Handed,,RUS,ru,1977-02-09,4934
211155,Jay Kimball,Unknown,,USA,us,,4935
110212,King Van Nostrand,Right-Handed,,USA,us,,4936
211092,Ned Saxman,Unknown,,USA,us,,4937
211280,R Louie,Unknown,,USA,us,,4938
211376,Richard Garey,Unknown,,AUS,au,,4939
108295,Stephan Bienz,Right-Handed,,SUI,ch,1966-08-03,4940
108331,Suehiro Ito,Right-Handed,,JPN,jp,,4941
209547,Andy Fanowries,Unknown,,,,,4942
110322,Dean Penero,Unknown,,USA,us,1946-03-30,4943
110271,Dieter Schultheiss,Unknown,,AUT,at,1941-01-02,4944
106967,Ettore Rossetti,Right-Handed,,ITA,it,,4945
106996,Felix Ponte,Right-Handed,,PER,pe,,4946
209505,Francisco Gallardo,Unknown,,,,,4947
210931,Greg Shave,Unknown,,CAN,ca,,4948
110257,Hansjorg Elzer,Unknown,,GER,de,,4949
100513,Hugo Roverano,Right-Handed,,URU,uy,1958-01-09,4950
209657,J C Edwards,Unknown,,GBR,gb,,4951
210946,John Spiegel,Unknown,,USA,us,,4952
110241,Mike Prineas,Unknown,,USA,us,,4953
110065,P Hagna,Right-Handed,,NOR,no,,4954
105189,Pavel Chekhov,Right-Handed,,RUS,ru,1988-08-10,4955
108227,Sebastian Soresini,Right-Handed,,ITA,it,,4956
100044,Sergei Likhachev,Right-Handed,,RUS,ru,1940-04-13,4957
202826,Shirzad Akbari,Unknown,,IRI,ir,,4958
212425,T McCarthy,Unknown,,AUS,au,,4959
104839,Yassine Idmbarek,Unknown,,MAR,ma,1986-12-18,4960
211258,A Mountfield,Unknown,,AUS,au,,4961
101811,Bill Barber,Right-Handed,,USA,us,1970-11-05,4962
210932,David Rollins,Unknown,,USA,us,,4963
104140,Dawid Olejniczak,Right-Handed,,POL,pl,1983-03-07,4964
101094,Eduardo Oncins,Right-Handed,,BRA,br,1965-01-03,4965
106964,Ernie Mccabe,Right-Handed,,AUS,au,,4966
116802,Eugene Cantin,Unknown,,USA,us,1945-01-17,4967
145877,Federico Couder,Unknown,,ESP,es,,4968
209578,G Loader,Unknown,,,,,4969
110120,Gary Rose,Right-Handed,,USA,us,1945-08-14,4970
109891,Hakar Zahr,Right-Handed,,SWE,se,1948-05-06,4971
107172,Harald Mair,Right-Handed,,AUT,at,,4972
211289,J Haussels,Unknown,,GER,de,,4973
202707,Jannie Louw,Unknown,,RSA,za,1949-12-20,4974
209589,Jimmy Casey,Unknown,,IRL,ie,,4975
109844,John Williams,Unknown,,GBR,gb,1949-03-12,4976
111033,Kiyoshi Tanabe,Unknown,,JPN,jp,1948-05-25,4977
100181,Larry Turville,Right-Handed,,USA,us,1949-07-10,4978
148473,Lew Smolin,Unknown,,USA,us,,4979
126914,Louis Pretorius,Right-Handed,,RSA,za,,4980
101508,Magnus Zeile,Right-Handed,,SWE,se,1968-08-13,4981
110380,Manlio Bartoni,Unknown,,ITA,it,,4982
103763,Martin Slanar,Right-Handed,,AUT,at,1981-05-07,4983
202876,Pieter Verstraeten,Unknown,,BEL,be,,4984
108133,Roberto Lombardi,Right-Handed,,ITA,it,1950-02-25,4985
110165,Ruben Porges,Unknown,,UNK,un,1954-09-21,4986
108579,Zlatko Ivancic,Right-Handed,,CRO,hr,,4987
106438,A Uehara,Right-Handed,,JPN,jp,,4988
211237,B A Razik,Unknown,,SUD,sd,,4989
106615,Bernard Balleret,Right-Handed,,MON,mc,1954-06-14,4990
210807,Bill Shippey,Unknown,,USA,us,,4991
109758,Christian Duxin,Right-Handed,,FRA,fr,,4992
211115,Constantin Popovici,Unknown,,ROU,ro,,4993
100145,Dick Dell,Right-Handed,,USA,us,1947-10-01,4994
110229,Haruhiko Matsunaga,Right-Handed,,JPN,jp,,4995
211217,J Green,Unknown,,AUS,au,,4996
209742,J Griman,Unknown,,ESP,es,,4997
201518,Jeff Young,Right-Handed,,AUS,au,,4998
115124,Leif Beck,Unknown,,USA,us,,4999
104558,Mohammed Abdulla,Unknown,,QAT,qa,1985-05-30,5000
147451,O S Morris,Unknown,,RSA,za,,5001
129924,Robert Lee,Unknown,,GBR,gb,,5002
108130,Roberto Carruthers,Right-Handed,,ARG,ar,,5003
209821,Rod Flores,Unknown,,MEX,mx,,5004
209739,Teodoro Gurrea,Unknown,,ESP,es,,5005
202501,Wataru Fujii,Unknown,,JPN,jp,1965-04-20,5006
100491,Alan Chandronnait,Right-Handed,,USA,us,1957-09-04,5007
110312,Alan Ho,Unknown,,UNK,un,,5008
110061,Allan Burns,Unknown,,NZL,nz,,5009
110280,Allan Skelton,Unknown,,CAN,ca,,5010
106591,Asher Kahn,Right-Handed,,USA,us,1953-07-06,5011
110167,C Mora,Right-Handed,,CRC,cr,,5012
109767,Claude De Gronckel,Right-Handed,,BEL,be,1943-05-22,5013
211417,Dwight Frerichs,Unknown,,USA,us,,5014
110289,Geoff Paish,Unknown,,GBR,gb,1922-01-26,5015
100302,Joaquim Rasgado Jr,Right-Handed,,BRA,br,1953-04-05,5016
209744,Jose Manuel Villota,Unknown,,ESP,es,,5017
103984,Julien Mathieu,Right-Handed,,FRA,fr,1982-04-24,5018
125585,Louis Hsu,Unknown,,HKG,hk,1945-01-16,5019
110049,Mel Baleson,Unknown,,RSA,za,,5020
209597,Mervyn Webster,Unknown,,RSA,za,,5021
211056,Pertii Manisto,Unknown,,FIN,fi,,5022
202561,Steve Stefanki,Unknown,,USA,us,1950-10-28,5023
108345,Taisen Kanai,Right-Handed,,JPN,jp,1952-05-26,5024
100288,Tenny Svensson,Right-Handed,,SWE,se,1952-10-01,5025
108422,Tomas Fort,Right-Handed,,RUS,ru,,5026
210973,Tony Barbaria,Unknown,,USA,us,,5027
112592,Tut Bartzen,Left-Handed,,USA,us,1927-12-04,5028
109755,V Kazarevitch,Right-Handed,,RUS,ru,,5029
110437,Ali Gorec,Unknown,,TUR,tr,,5030
109971,Bill Monan,Unknown,,USA,us,,5031
106896,Doug Ditmer,Right-Handed,,USA,us,1957-02-06,5032
102756,Eduardo Rincon,Right-Handed,,COL,co,1976-04-28,5033
115164,Ernesto Rios,Unknown,,ARG,ar,1932-03-01,5034
107147,Guillermo Minutella,Right-Handed,,ARG,ar,1964-07-21,5035
110053,Ian Beverly,Unknown,,NZL,nz,,5036
102203,Jonathan Leach,Right-Handed,,USA,us,1973-05-12,5037
202958,Peter Cawthorn,Unknown,,AUS,au,,5038
108275,Spencer Segura,Right-Handed,,USA,us,,5039
108335,Supoj Meesawad,Right-Handed,,THA,th,,5040
109822,Thomas Lejus,Right-Handed,,RUS,ru,1941-09-08,5041
112402,Brian White,Unknown,,AUS,au,,5042
100218,Butch Palmer,Right-Handed,,USA,us,1950-09-21,5043
110441,Cahit Atas,Unknown,,TUR,tr,1949-10-01,5044
100335,David Parker,Right-Handed,,USA,us,1954-06-20,5045
109962,Doug Tough,Unknown,,CAN,ca,,5046
110112,Francesco Giordano,Unknown,,ITA,it,,5047
107123,Graeme Thomson,Right-Handed,,AUS,au,,5048
101352,Jae Sik Kim,Right-Handed,,KOR,kr,1967-05-28,5049
112985,Jean Pierre Courcol,Unknown,,FRA,fr,1944-04-14,5050
209721,John Bozas,Unknown,,RSA,za,,5051
211011,John Hays,Unknown,,USA,us,,5052
103287,Krystian Pfeiffer,Unknown,,POL,pl,1978-12-17,5053
211122,L Lebowitz,Unknown,,AUT,at,,5054
109951,Moon Il Kim,Unknown,,KOR,kr,1947-04-14,5055
110338,Neil Golden,Right-Handed,,USA,us,,5056
102367,Nicolas Kischkewitz,Right-Handed,,FRA,fr,1974-04-08,5057
106430,Patrick Ciorcila,Right-Handed,,ROU,ro,1996-10-21,5058
108321,Steven Alger,Left-Handed,188.0,BER,bm,,5059
108398,Tim Clements,Right-Handed,,AUS,au,,5060
100019,Wieslaw Gasiorek,Right-Handed,,POL,pl,1936-02-01,5061
109890,A Macdonald,Right-Handed,,AUS,au,,5062
148179,A Wicke,Unknown,,ESP,es,,5063
209729,Alcides Procopio Jr,Unknown,,BRA,br,,5064
209659,B Mortoire,Unknown,,GBR,gb,,5065
106619,Bertalan Csoknyai,Right-Handed,,HUN,hu,,5066
210776,D Hillen,Unknown,,RSA,za,,5067
211448,Danny Beukes,Unknown,,RSA,za,,5068
106910,Eddie Cruz,Right-Handed,,PHI,ph,,5069
148495,F Bannazar,Unknown,,ESP,es,,5070
100278,Frank Gebert,Right-Handed,,GER,de,1952-06-17,5071
102688,Jason Smith,Right-Handed,,AUS,au,,5072
110453,Javier Roch,Right-Handed,,ESP,es,,5073
109803,John Brown,Right-Handed,,AUS,au,1940-07-19,5074
211081,John Byrne,Unknown,,AUS,au,,5075
212415,M Court,Unknown,,GBR,gb,,5076
210800,Max Byrne,Unknown,,AUS,au,,5077
110088,Mike Marcin,Right-Handed,,USA,us,,5078
209839,N Gillasby,Unknown,,,,,5079
201293,Paul Sullivan,Right-Handed,,USA,us,1941-05-09,5080
211130,Phil Jones,Unknown,,USA,us,,5081
108008,Phillip Williamson,Right-Handed,,USA,us,1965-06-18,5082
210871,Bob Perrin,Unknown,,USA,us,,5083
209541,Brian Ford,Unknown,,AUS,au,,5084
209648,C J Bendall,Unknown,,GBR,gb,,5085
104317,David Luque Velasco,Unknown,,ESP,es,1984-03-25,5086
114605,David Phillips,Unknown,,RSA,za,1942-07-17,5087
109757,Detler Herdy,Right-Handed,,AUT,at,1941-10-24,5088
206946,Enrique Perez Alvarez,Unknown,,URU,uy,1942-04-07,5089
100303,Henry Bunis,Right-Handed,,USA,us,1953-04-28,5090
209611,Jim Bochte,Unknown,,USA,us,,5091
148483,John Powers,Unknown,,USA,us,,5092
100264,Lajos Levai,Right-Handed,,YUG,rs,1952-03-12,5093
208948,Luiz Flor,Unknown,,UNK,un,,5094
104305,Luka Gregorc,Right-Handed,,SLO,si,1984-03-05,5095
110168,Mario Delgado,Right-Handed,,CRC,cr,1955-05-23,5096
102285,Nasser Ghanim Al Khulaifi,Right-Handed,,QAT,qa,1973-11-25,5097
110270,Rauno Suominen,Unknown,,FIN,fi,1939-05-23,5098
108253,Shinichi Sakamoto,Right-Handed,,JPN,jp,1954-04-23,5099
209829,A Ferguson,Unknown,,,,,5100
110007,B Moreau,Unknown,,FRA,fr,,5101
211270,G Calmin,Unknown,,AUS,au,,5102
209524,Harry Barniville,Unknown,,IRL,ie,,5103
100206,Kenichi Hirai,Right-Handed,,JPN,jp,1950-04-20,5104
202687,Narendra Singh,Unknown,,IND,in,1947-05-18,5105
109850,Nick Fleury,Unknown,,NED,nl,1945-06-06,5106
211071,Nino Monda,Unknown,,ITA,it,,5107
145999,Ramon Barril,Unknown,,ESP,es,,5108
100735,Stevenson Clarke,Right-Handed,,USA,us,1961-05-12,5109
110039,Sutarjo Sugiarto,Right-Handed,,INA,id,1937-02-22,5110
108387,Thomas Furst,Right-Handed,,GER,de,,5111
106883,Dimitru Haradau,Right-Handed,,ROU,ro,1951-12-22,5112
211116,F Strizik,Unknown,,AUT,at,,5113
100299,James Chico Hagey,Right-Handed,,USA,us,1953-03-02,5114
100156,Jasjit Singh,Right-Handed,,IND,in,1948-02-10,5115
202928,Jean Bergmann,Unknown,,FRA,fr,,5116
109929,John Hammill,Right-Handed,,RSA,za,1941-08-27,5117
209586,K Kelkher,Unknown,,IRL,ie,,5118
101953,Kentaro Masuda,Right-Handed,,JPN,jp,1971-09-07,5119
209647,R P Tuck,Unknown,,GBR,gb,,5120
147290,Reinhard Pieper,Unknown,,FRG,de,,5121
110157,Robert Lidgey,Unknown,,UNK,un,,5122
100082,Roger Dowdeswell,Right-Handed,,ZIM,zw,1944-02-26,5123
100080,Szabolcz Baranyi,Right-Handed,,HUN,hu,1944-02-29,5124
104167,Todd Widom,Right-Handed,,USA,us,1983-05-25,5125
101707,Yuval Karutzi,Right-Handed,,ISR,il,1970-03-03,5126
200553,Alen Avidzba,Right-Handed,,RUS,ru,2000-03-09,5127
100198,Alvaro Betancur,Right-Handed,,COL,co,1950-01-12,5128
106527,Andreas Fikas,Right-Handed,,GRE,gr,1972-04-06,5129
117249,Carlos Fernandes,Right-Handed,,BRA,br,1936-03-01,5130
102596,Christian Hill,Right-Handed,,USA,us,1975-06-12,5131
211253,Clyde Smithwick,Unknown,,AUS,au,,5132
105782,Enrique Lopez Perez,Right-Handed,,ESP,es,1991-06-13,5133
102454,Hyeong Keun Song,Right-Handed,,KOR,kr,1974-10-21,5134
109786,Jack Gorsuch,Unknown,,USA,us,1956-08-12,5135
210961,Jim White,Unknown,,USA,us,,5136
107437,Jose Llamas,Right-Handed,,MEX,mx,,5137
107719,Martin Lorenzoni,Right-Handed,,ITA,it,,5138
202699,Mazizat Sofyan,Unknown,,INA,id,1938-02-21,5139
210788,Pete Spiller,Unknown,,RSA,za,,5140
110936,Sergio Cruz,Unknown,,POR,pt,1954-09-04,5141
209545,Trevor Baker,Unknown,,AUS,au,,5142
100063,Billy Higgins,Right-Handed,,USA,us,1942-04-25,5143
109858,Dick Johnson,Unknown,,USA,us,,5144
209609,Don Bitler,Unknown,,USA,us,,5145
116801,Jack Jackson,Unknown,,USA,us,,5146
146467,Juan Ignacio Muntanola,Unknown,,ESP,es,,5147
110336,Kanyab Derafshidjavan,Unknown,,IRI,ir,1954-05-11,5148
100594,Kevin Kerns,Right-Handed,,USA,us,1959-05-15,5149
147006,Maurice Pugnaire,Unknown,,FRA,fr,,5150
112975,Norman Perry,Unknown,,USA,us,1938-05-21,5151
112291,Peter Mcpherson,Unknown,,AUS,au,,5152
108096,Rick Rozen,Right-Handed,,USA,us,,5153
100401,Sean Sorensen,Right-Handed,,IRL,ie,1955-12-13,5154
110108,Ted Schroeder,Right-Handed,,USA,us,1921-07-30,5155
211274,William Shivar,Unknown,,GBR,gb,,5156
104501,Xin Yuan Yu,Left-Handed,,CHN,cn,1985-03-11,5157
211802, Grund,Unknown,,,,,5158
209752,Bill Light,Unknown,,USA,us,,5159
106706,Cary Leeds,Right-Handed,,USA,us,,5160
110131,D Gueddes,Right-Handed,,GER,de,,5161
211101,Dave Hicks,Unknown,,USA,us,,5162
112411,Doug Smith,Unknown,,AUS,au,,5163
202781,Hans Nordstrom,Unknown,,SWE,se,1949-03-28,5164
104099,Israel Matos Gil,Unknown,,ESP,es,1982-12-16,5165
103256,Ivan Vajda,Right-Handed,,CRO,hr,1978-09-28,5166
101065,Joel Figueras,Right-Handed,,ESP,es,1964-10-01,5167
101228,Jorg Muller,Left-Handed,,GER,de,,5168
210792,M Cairns,Unknown,,RSA,za,,5169
110957,Peter Jackson,Unknown,,IRL,ie,1934-10-27,5170
110369,Phil Martin,Unknown,,AUS,au,,5171
209574,Roy Schwegman,Unknown,,RSA,za,,5172
108350,Takeshi Koura,Right-Handed,,JPN,jp,1942-12-20,5173
199999,U Unknown,Unknown,,UNK,un,,5174
104781,Yuichi Ito,Right-Handed,,JPN,jp,1986-08-24,5175
211142,Art Faust,Unknown,,USA,us,,5176
114598,Bill Bond,Right-Handed,,USA,us,,5177
211194,Blas Gonzalez,Unknown,,COL,co,,5178
211015,Bob Mcguire,Unknown,,USA,us,,5179
106783,Corey Wittenberg,Right-Handed,,USA,us,,5180
100209,George Taylor,Right-Handed,,USA,us,1950-05-28,5181
209772,Giuseppe Verri,Unknown,,ITA,it,,5182
100251,Grover Raz Reid,Right-Handed,,USA,us,1951-09-02,5183
114621,Humphrey Truman,Unknown,,GBR,gb,1935-08-22,5184
209615,Lornie Kuhle,Unknown,,USA,us,,5185
107828,Morees Dubruyn,Right-Handed,,RSA,za,,5186
211139,Phil Scanlon,Unknown,,USA,us,,5187
109923,Roberto Aubone,Unknown,,ARG,ar,1939-04-15,5188
104519,Roman Vogeli,Right-Handed,,CZE,cz,1985-03-23,5189
117315,Stepan Koudelka,Unknown,,TCH,cz,1945-03-10,5190
108401,Tim Vann,Right-Handed,,USA,us,,5191
102332,Adolf Musil,Right-Handed,,CZE,cz,1974-03-07,5192
101771,Ashley Naumann,Right-Handed,,AUS,au,1970-07-18,5193
100289,Byron Bertram,Right-Handed,,RSA,za,1952-11-08,5194
110186,Davor Stolcer,Right-Handed,,YUG,rs,,5195
107049,Gabriel Auroux,Right-Handed,,ARG,ar,,5196
110370,Geoff Olsson,Unknown,,AUS,au,,5197
211423,John Solow,Unknown,,USA,us,,5198
100109,Jun Kuki,Right-Handed,,JPN,jp,1945-12-30,5199
100194,Larry Parker,Right-Handed,,USA,us,1949-10-26,5200
209738,Pedro Barrios,Unknown,,ESP,es,,5201
108245,Sergio Speciale,Right-Handed,,VEN,ve,,5202
210959,Tom Muench,Unknown,,USA,us,,5203
109882,U Naharaj,Right-Handed,,UNK,un,,5204
211061,Alex Coxe,Unknown,,USA,us,,5205
109640,Andrea Basso,Left-Handed,,ITA,it,1993-11-12,5206
100749,Dave Siegler,Right-Handed,,USA,us,1961-07-12,5207
211255,Donald Forsythe,Unknown,,AUS,au,,5208
100414,Gunther Gnettner,Right-Handed,,GER,de,1956-01-30,5209
209817,Gustavo Herrero,Unknown,,ARG,ar,,5210
109871,Harry Fritz,Right-Handed,,CAN,ca,1951-02-26,5211
110326,John Tidball,Left-Handed,,USA,us,1947-01-16,5212
107454,Juan Diaz,Right-Handed,,USA,us,,5213
210970,Larry Goldbeck,Unknown,,USA,us,,5214
104807,Mehdi Ziadi,Right-Handed,,MAR,ma,1986-10-08,5215
109874,Paul Dogherty,Right-Handed,,AUS,au,,5216
209710,Roland Russo,Unknown,,AUS,au,,5217
211239,Samir Farid,Unknown,,SUD,sd,,5218
110386,T Tang,Right-Handed,,TPE,tw,,5219
212408,T. Farquhar,Unknown,,USA,us,,5220
210818,Arseny Markoff,Unknown,,VEN,ve,,5221
209781,Barry Smith,Unknown,,NZL,nz,,5222
209596,Bobby Odasz,Unknown,,,,,5223
109761,Eric Drossart,Right-Handed,,BEL,be,1942-03-03,5224
209809,Herbert Loerke,Unknown,,GER,de,,5225
100583,Jeff Robbins,Right-Handed,,USA,us,1959-03-19,5226
113245,Jerry Dewitts,Right-Handed,,USA,us,1931-07-10,5227
103167,Jocelyn Robichaud,Right-Handed,,CAN,ca,1978-04-15,5228
114603,John Crump,Unknown,,GBR,gb,1940-08-30,5229
211215,M Billows,Unknown,,AUS,au,,5230
209720,Michael Reynolds,Unknown,,RSA,za,,5231
210909,Nico Welschen,Unknown,,NED,nl,,5232
100561,Peter Smylie,Right-Handed,,AUS,au,1958-11-16,5233
208959,U Michod,Unknown,,UNK,un,,5234
209425,Alfred Schwartz,Unknown,,RSA,za,,5235
112993,Bronislaw Lewandowski,Right-Handed,,POL,pl,1947-09-30,5236
210894,Dieter Kapfhammer,Unknown,,GER,de,,5237
106917,Edson Krause,Right-Handed,,BRA,br,,5238
131584,Federico Castelnuovo,Unknown,,ITA,it,,5239
107071,Gene Hamilton,Right-Handed,,USA,us,,5240
209684,Geoff Roberts,Unknown,,GBR,gb,,5241
100118,Ivan Molina,Left-Handed,,COL,co,1946-07-17,5242
112517,Jaroslav Drobny,Unknown,,TCH,cz,1921-10-23,5243
110260,R Bortulan,Unknown,,SUI,ch,,5244
209680,R E Williams,Unknown,,GBR,gb,,5245
210793,Reg Trevaskis,Unknown,,RSA,za,,5246
108266,Simone Ercoli,Right-Handed,,ITA,it,,5247
102282,Tetsuya Chaen,Right-Handed,,JPN,jp,1973-11-08,5248
211119,Theodore Sperry,Unknown,,USA,us,,5249
110299,Vjeran Friscic,Unknown,,CRO,hr,,5250
104778,Andrey Kumantsov,Right-Handed,,RUS,ru,1986-08-12,5251
114616,Butch Krikorian,Unknown,,USA,us,1922-07-06,5252
209832,C Lane,Unknown,,AUS,au,,5253
100169,Ian Fletcher,Right-Handed,,AUS,au,1949-01-03,5254
109898,Jon Hainline,Right-Handed,,USA,us,1948-05-19,5255
212733,Matthew Forbes,Unknown,,USA,us,2006-05-09,5256
107911,Peter Gerads,Right-Handed,,NED,nl,,5257
100295,Richard Legendre,Right-Handed,,CAN,ca,1953-01-25,5258
210907,Rob Kuypers,Unknown,,NED,nl,,5259
209790,Tau Po,Unknown,,HKG,hk,,5260
108362,Terje Larsen,Left-Handed,,SWE,se,,5261
209702,William Krulewitz,Unknown,,,,,5262
109901,Cliff Mayne,Unknown,,USA,us,1933-09-26,5263
212002,Jack Teal,Unknown,,USA,us,,5264
210815,Javier Sanjines,Unknown,,USA,us,,5265
125716,Jim Buckley,Unknown,,IRL,ie,1937-04-27,5266
110077,Keith Reynolds,Right-Handed,,GBR,gb,,5267
111141,Luis Rojas,Unknown,,CRC,cr,,5268
107617,Magnus Nilsson,Right-Handed,,SWE,se,,5269
110349,Marc Bolle,Right-Handed,,BEL,be,1949-07-22,5270
102805,Matthew Breen,Right-Handed,,AUS,au,1976-07-17,5271
100465,Mike Shore,Right-Handed,,USA,us,1957-01-23,5272
108459,Vadim Borisov,Right-Handed,,RUS,ru,1955-05-11,5273
208952,Ben Anzola,Unknown,,UNK,un,,5274
106676,Bullus Hussaini,Right-Handed,,NGR,ng,,5275
114599,Cliff Buchholz,Right-Handed,,USA,us,,5276
209825,D Beasant,Unknown,,,,,5277
125625,David Tate,Unknown,,CAR,cw,,5278
106945,Enrique Caviglia,Right-Handed,,ARG,ar,1956-11-21,5279
107015,Flavio Mazzocchi,Right-Handed,,ITA,it,,5280
110152,Graham Thompson,Unknown,,UNK,un,,5281
110132,Hugh Thomson,Right-Handed,,USA,us,,5282
210921,Jack Skelton,Unknown,,CAN,ca,,5283
107672,Mario Calautti,Right-Handed,,ITA,it,1962-10-15,5284
102194,Min Kyu Han,Right-Handed,,KOR,kr,1973-04-23,5285
101992,Pietro Angelini,Right-Handed,,ITA,it,1972-01-04,5286
110373,Rafael Osuna,Right-Handed,,MEX,mx,1938-10-14,5287
209787,Timothy Phillips,Unknown,,GBR,gb,,5288
110422,A El Ghani,Unknown,,UAE,ae,,5289
110094,Bill Bennion,Unknown,,USA,us,,5290
100433,Fritz Don,Right-Handed,,NED,nl,1956-06-17,5291
101167,Jaime Cortes,Right-Handed,,COL,co,1965-07-31,5292
110302,Johann Futternecht,Unknown,,AUT,at,,5293
110084,John De Zeeuw,Right-Handed,,RSA,za,1948-10-08,5294
148458,Lars Lindlon,Unknown,,FIN,fi,,5295
210842,Paolo Bodo,Unknown,,ITA,it,,5296
107981,Peter Hampton,Right-Handed,,NZL,nz,1957-05-27,5297
108018,Pierre Lemoine,Right-Handed,,FRA,fr,,5298
100371,Robert Baumgartner,Right-Handed,,GER,de,1955-04-15,5299
108190,S Eummongkol,Right-Handed,,THA,th,,5300
108243,Sergio Ribeiro,Right-Handed,,BRA,br,,5301
212431,Antonio Richeran,Unknown,,MEX,mx,,5302
110062,Bobby Heald,Right-Handed,,USA,us,,5303
110298,Christer Holm,Unknown,,UNK,un,1940-09-29,5304
211046,Helmuth Rudzinski,Unknown,,GER,de,,5305
210770,Jannie De Villiers,Unknown,,RSA,za,,5306
202620,Jose Villarete,Unknown,,PHI,ph,,5307
209722,Larry Cousins,Unknown,,RSA,za,,5308
103834,Levar Harper Griffith,Right-Handed,,USA,us,1981-10-03,5309
103663,Matias Boeker,Right-Handed,,USA,us,1980-12-30,5310
102502,Paul Harsanyi,Unknown,,USA,us,1975-01-07,5311
211206,Ross Hewitt,Unknown,,USA,us,,5312
100149,Toshiro Sakai,Right-Handed,,JPN,jp,1947-12-27,5313
110162,U Pickthall,Unknown,,UNK,un,,5314
209768,Unknown Quartarolo,Unknown,,ITA,it,,5315
104439,Vadim Davletshin,Unknown,,RUS,ru,1984-10-24,5316
202792,Carlo Borea,Unknown,,ITA,it,1954-05-21,5317
106686,Carlo Zugarelli,Right-Handed,,ITA,it,,5318
106751,Christoph Meyer,Right-Handed,,SUI,ch,,5319
212435,Desmond McKenzie,Unknown,,ZIM,zw,,5320
208991,Don Brosseau,Unknown,183.0,UNK,un,,5321
107215,Hugo Varela,Right-Handed,,ARG,ar,,5322
105084,James Lemke,Right-Handed,,AUS,au,1988-02-18,5323
107388,John Marinov,Right-Handed,,AUS,au,,5324
209758,John O'Shea,Unknown,,IRL,ie,,5325
210766,Juan Carlos Martinez,Unknown,,ARG,ar,1941-03-01,5326
100642,Juan Carlos Yunis,Right-Handed,,ARG,ar,1960-02-14,5327
209788,Ling Fong,Unknown,,HKG,hk,,5328
211190,Luis Lopez,Unknown,,COL,co,,5329
101931,Marcus Hilpert,Right-Handed,,GER,de,1971-07-15,5330
209626,R Pinchin,Unknown,,GBR,gb,,5331
211070,Riccardo Capece,Unknown,,ITA,it,,5332
100547,Rocky Royer,Right-Handed,,USA,us,1958-07-19,5333
104789,Sherif Sabry,Unknown,,EGY,eg,1986-09-16,5334
211821,Vinay Dhawan,Unknown,,IND,in,,5335
210804,Walter Hodsdon,Unknown,,AUS,au,,5336
200816, Bye1,Unknown,,UNK,un,,5337
209814,Alejandro Harms,Unknown,,ARG,ar,1949-11-12,5338
110291,Boris Breskvar,Unknown,,SLO,si,,5339
102865,Doug Bohaboy,Right-Handed,,USA,us,1976-09-30,5340
202923,Eric Huet,Unknown,,FRA,fr,1948-11-01,5341
110419,John Corse,Unknown,,USA,us,1960-03-14,5342
208945,Jose L Asensio,Unknown,,UNK,un,,5343
107612,M Arenzon,Right-Handed,,BRA,br,,5344
103609,Matthew Behrmann,Right-Handed,,USA,us,1980-08-26,5345
109884,Mervyn Rose,Left-Handed,,AUS,au,1930-02-23,5346
148211,Peter Anton Biner,Unknown,,SUI,ch,,5347
108303,Stephen Meyers,Right-Handed,,AUS,au,,5348
109938,Tom Mozur,Right-Handed,,USA,us,1947-10-05,5349
209632,V Skacel,Unknown,,GBR,gb,,5350
110245,X Menn,Right-Handed,,TPE,tw,,5351
145887, Santaella,Unknown,,ESP,es,,5352
110110,Andras Szocsik,Unknown,,HUN,hu,,5353
114958,Bill Demas,Unknown,,USA,us,1933-02-09,5354
209442,Craig Gold,Unknown,,RSA,za,,5355
110155,Jeremy Bond,Unknown,,UNK,un,,5356
148457,Jorge Justo,Unknown,,ESP,es,,5357
110237,Kiyoshi Miyanami,Right-Handed,,JPN,jp,,5358
147939,Leonhardt Scheuermann,Unknown,,USA,us,,5359
211184,Richard Berner,Unknown,,USA,us,,5360
211285,Richard Gilmore,Unknown,,USA,us,,5361
211279,S Carr,Unknown,,GBR,gb,,5362
110027,Takesji Tsujimoto,Right-Handed,,JPN,jp,,5363
100283,Andre Zietsmann,Right-Handed,,RSA,za,1952-09-02,5364
210928,Andy Scheiman,Unknown,,CAN,ca,,5365
209697,J A Underwood,Unknown,,GBR,gb,,5366
202557,John Penero,Unknown,,USA,us,,5367
107434,Jose Fernandez,Right-Handed,,CHI,cl,,5368
109770,Joseph Mateo,Right-Handed,,FRA,fr,,5369
109831,K Javan,Unknown,,IRI,ir,,5370
110201,K Reid,Unknown,,UNK,un,,5371
110233,Kunio Tsukamoto,Right-Handed,,JPN,jp,,5372
100211,Louk Sanders,Right-Handed,,NED,nl,1950-06-13,5373
209580,Luis Alberto Ayala,Unknown,,CHI,cl,,5374
211214,M Mulveney,Unknown,,AUS,au,,5375
211154,Mike Panayotti,Unknown,,USA,us,,5376
202686,Balaram Singh,Unknown,,IND,in,,5377
210934,Dawood Khan,Unknown,,CAN,ca,,5378
106950,Enzo Vattuone,Right-Handed,,ITA,it,1956-05-25,5379
210915,Frank Korpas,Unknown,,CAN,ca,,5380
211008,James Couture,Unknown,,USA,us,,5381
211246,James Shaffer,Unknown,,USA,us,,5382
107302,Jay Royappa,Right-Handed,,IND,in,,5383
211177,L Stevens,Unknown,,AUS,au,,5384
210926,Laurie Strong,Unknown,,CAN,ca,,5385
104418,Matthew Smith,Right-Handed,,GBR,gb,,5386
107851,Nicholas Sido,Right-Handed,,FRA,fr,,5387
148488,P Kunzler,Unknown,,SUI,ch,,5388
109827,Patricio Apey,Unknown,,CHI,cl,1939-08-31,5389
209827,Pieter Burki,Unknown,,NED,nl,,5390
110206,Yenesi Allen,Right-Handed,,NIG,ne,,5391
110397,Abdelkader Madani,Unknown,,ALG,dz,,5392
100516,Andrew Jarrett,Right-Handed,,GBR,gb,1958-01-25,5393
148449,B Cursach,Unknown,,ESP,es,,5394
110262,B Renault,Unknown,,FRA,fr,,5395
210813,Eric White,Unknown,,NZL,nz,,5396
116770,Fred Drilling,Unknown,,USA,us,1943-01-12,5397
211259,G Donald,Unknown,,AUS,au,,5398
100068,Herb Fitzgibbon,Right-Handed,,USA,us,1942-07-24,5399
101202,Ian Aler,Right-Handed,,USA,us,1965-12-15,5400
209733,Ignacio Garcia Atance,Unknown,,ESP,es,1945-11-02,5401
110849,Luis Augusto Garcia,Unknown,,MEX,mx,,5402
211049,Manfred Gastler,Unknown,,GER,de,,5403
100248,Max Hurlimann,Right-Handed,,SUI,ch,1951-09-02,5404
107815,Mike Styles,Right-Handed,,RSA,za,1951-10-12,5405
107840,Nandan Bal,Right-Handed,,IND,in,1959-09-21,5406
108995,Otakar Jurecka,Right-Handed,,CZE,cz,1965-11-15,5407
102630,Slimane Saoudi,Left-Handed,,ALG,dz,1975-08-11,5408
106537,Andres Molina,Right-Handed,,ARG,ar,,5409
106876,Dick Metz,Right-Handed,,USA,us,1958-01-11,5410
102581,Goran Oresic,Right-Handed,,CRO,hr,1975-06-01,5411
211252,Guy Tytherleigh,Unknown,,AUS,au,,5412
109922,Harald Neuner,Right-Handed,,GER,de,1954-04-14,5413
209420,Helmut Fickentscher,Unknown,,GER,de,,5414
110059,James Ferguson,Unknown,,AUS,au,,5415
110172,John Segal,Unknown,,UNK,un,,5416
100161,Jurgen Fassbender,Right-Handed,,GER,de,1948-06-26,5417
148210,Marcel Kunzler,Unknown,,SUI,ch,,5418
110409,Mark Joffey,Right-Handed,,USA,us,,5419
100050,Martin Mulligan,Right-Handed,,AUS,au,1940-11-23,5420
100413,Ulrich Marten,Right-Handed,,GER,de,1956-01-20,5421
211779,Ulrich Trettin,Unknown,,GDR,de,,5422
210991,Allan Hitchcock,Unknown,,USA,us,,5423
106550,Andy Lucchesi,Right-Handed,,USA,us,,5424
109979,Bill Mcdonnell,Unknown,,CAN,ca,,5425
106630,Bjorn Wahlstrom,Right-Handed,,SWE,se,,5426
209537,Brendan O'Shea,Unknown,,AUS,au,,5427
209749,Gottfried Dallwitz,Unknown,,GER,de,,5428
210772,H Pienaar,Unknown,,RSA,za,,5429
100421,Jan Norback,Right-Handed,,SWE,se,1956-03-13,5430
103365,Javier Garcia Sintes,Right-Handed,,ESP,es,1979-06-07,5431
208940,Leonzio Collas,Unknown,,PER,pe,,5432
210819,Lubin Taborda,Unknown,,COL,co,,5433
210783,M Ellis,Unknown,,RSA,za,,5434
211176,Michael Stewart,Unknown,,AUS,au,,5435
110196,Peter Ledbetter,Unknown,,IRL,ie,1944-07-14,5436
113274,Alberto Lazzarino,Unknown,,ITA,it,,5437
106517,Anatoli Volkov,Right-Handed,,RUS,ru,1948-03-23,5438
211431,Bob Smith,Unknown,,GBR,gb,,5439
209532,Brendan Kelly,Unknown,,IRL,ie,,5440
209815,Emery Neale,Unknown,,USA,us,,5441
211174,G Moore,Unknown,,AUS,au,,5442
107170,Hans Priller,Right-Handed,,AUT,at,,5443
100370,Helmut Beermann,Right-Handed,,GER,de,1955-04-04,5444
100400,Hubertus Hoyt,Right-Handed,,USA,us,1955-11-17,5445
148463,Jon Ragland,Unknown,,USA,us,,5446
211063,M Pine,Unknown,,SUI,ch,,5447
209581,Mark Conti,Unknown,,,,,5448
209530,Paul Fitzsimmons,Unknown,,,,,5449
202870,Peter Avery,Unknown,,AUS,au,1949-02-20,5450
100051,Premjit Lall,Right-Handed,,IND,in,1940-11-17,5451
211267,Roger Ashcroft,Unknown,,AUS,au,,5452
110362,S Sullivan,Unknown,,RSA,za,,5453
108252,Shinichi Nishino,Right-Handed,,JPN,jp,1962-02-06,5454
110347,Terry Ehlers,Unknown,,USA,us,,5455
108377,Thierry Stevaux,Right-Handed,,BEL,be,1956-06-26,5456
210903,Albert Lansdorp,Unknown,,NED,nl,,5457
106493,Alexander Windisch,Right-Handed,,GER,de,1968-04-02,5458
112318,Clive Wilderspin,Unknown,,AUS,au,1930-03-14,5459
211140,Craig Parsons,Unknown,,USA,us,,5460
103162,Dejan Petrovic,Right-Handed,,SRB,rs,1978-04-07,5461
210990,Gene Ward,Unknown,,USA,us,,5462
104503,Guillermo Hormazabal,Right-Handed,,CHI,cl,1985-03-08,5463
109838,Hank Irvine,Right-Handed,,ZIM,zw,1943-09-08,5464
210797,J Pugh,Unknown,,AUS,au,,5465
106325,Jabor Al Mutawa,Unknown,,QAT,qa,1994-05-28,5466
109809,John Mills,Unknown,,NZL,nz,,5467
107618,Malcolm Elley,Right-Handed,,NZL,nz,,5468
112450,Mike Green,Unknown,,USA,us,1937-02-27,5469
107855,Nick Mohtadi,Right-Handed,,CAN,ca,,5470
202693,Nimish Desai,Unknown,,IND,in,,5471
202515,Pancho Segura,Right-Handed,,ECU,ec,1921-07-09,5472
100154,Peter Kanderal,Right-Handed,,SUI,ch,1948-02-05,5473
110080,Pierce Kelly,Right-Handed,,USA,us,1947-08-18,5474
110282,Roberto Valerio,Unknown,,ITA,it,,5475
211077,Salvatore Buia,Unknown,,ITA,it,,5476
211168,Thomas Sarach,Unknown,,GER,de,,5477
110236,Toyokazu Tomogane,Right-Handed,,JPN,jp,,5478
208964,U Savoldelli,Unknown,,UNK,un,,5479
211308,W Bell,Unknown,,AUS,au,,5480
212427,William Hodson,Unknown,,AUS,au,,5481
100197,Alejandro Pierola,Right-Handed,,CHI,cl,1949-12-21,5482
110436,Ali Yenilmez,Unknown,,TUR,tr,1958-07-20,5483
110015,Doug Verdieck,Unknown,,USA,us,,5484
116879,Ed Turville,Unknown,,USA,us,1944-06-29,5485
106916,Edoardo Artaldi,Right-Handed,,ITA,it,1964-11-15,5486
209820,Frans De Kort,Unknown,,NED,nl,,5487
208966,Jim Corn,Unknown,,USA,us,,5488
211135,John Damon,Unknown,,USA,us,,5489
207073,John Mcgrath,Unknown,,IRL,ie,,5490
211207,Kevin Furst,Unknown,,USA,us,,5491
209661,M M Griffiths,Unknown,,GBR,gb,,5492
104283,Minh Quan Do,Right-Handed,,VIE,vn,1984-01-15,5493
100057,Pierre Barthes,Right-Handed,,FRA,fr,1941-09-25,5494
103817,Yu Jr Wang,Left-Handed,,CHN,cn,1981-08-06,5495
108994,Andrew Park,Right-Handed,,USA,us,1980-01-25,5496
209629,Bill Joiner,Unknown,,AUS,au,,5497
100164,Bill Lofgren,Right-Handed,,USA,us,1948-08-16,5498
211040,D Stanford,Unknown,,AUS,au,,5499
110403,Geoffery Newton,Unknown,,GBR,gb,1951-07-23,5500
211021,Howard Jameson,Unknown,,USA,us,,5501
100245,Jeff Austin,Right-Handed,,USA,us,1951-07-19,5502
100045,John Paish,Left-Handed,,GBR,gb,1940-04-11,5503
107484,Kazuya Morita,Right-Handed,,JPN,jp,,5504
100184,Lars Elvstrom,Right-Handed,,DEN,dk,1949-08-24,5505
116777,Lex Wood,Unknown,,USA,us,,5506
103007,Mounir El Aarej,Right-Handed,,MAR,ma,1977-07-06,5507
212433,Nabor Valadez,Unknown,,MEX,mx,,5508
109942,R Carter,Unknown,,AUS,au,,5509
209678,S J Parry,Unknown,,GBR,gb,,5510
109744,Sergio Tacchini,Right-Handed,,ITA,it,1938-09-15,5511
102902,Thomas Blake,Right-Handed,,USA,us,1977-01-26,5512
110230,Yoshiya Hamano,Right-Handed,,JPN,jp,,5513
209571,A Jammond,Unknown,,AUS,au,,5514
209655,A Jordan,Unknown,,GBR,gb,,5515
110288,Abdel Ghani,Unknown,,UNK,un,,5516
117312,Andras Szikszay,Unknown,,HUN,hu,1936-06-12,5517
211197,Anibal Leal,Unknown,,COL,co,,5518
103164,Artemi Tchernenko,Right-Handed,,RUS,ru,1978-04-24,5519
110917,Carl Edvard Hedelund,Unknown,,DEN,dk,1941-03-25,5520
110296,Felix Morey,Unknown,,ESP,es,,5521
110159,Gaurav Misra,Right-Handed,,IND,in,1950-02-08,5522
107092,Geza Varga,Right-Handed,,HUN,hu,1944-12-12,5523
211117,I Burkman,Unknown,,AUT,at,,5524
100557,Jai Dilouie,Right-Handed,,USA,us,1958-10-07,5525
209775,Massimo Pelosini,Unknown,,ITA,it,,5526
101957,Milen Velev,Right-Handed,,BUL,bg,1971-09-29,5527
110253,Nicolas Sotiriu,Right-Handed,,ROU,ro,,5528
202869,Ray Wilson,Unknown,,AUS,au,,5529
211848,Roger Power,Unknown,,GBR,gb,,5530
106505,Ali Madani,Right-Handed,,IRI,ir,1964-01-28,5531
100626,Andy Garcia,Right-Handed,175.0,USA,us,,5532
109826,Dave Bohrnstedt,Right-Handed,,USA,us,,5533
210859,Jon Daly,Unknown,,RSA,za,,5534
210887,Kurt Ring,Unknown,,GER,de,,5535
209725,Lou Monte,Unknown,,USA,us,,5536
100466,Maurice Hunter,Right-Handed,,USA,us,1957-02-02,5537
102545,Pedro Braga,Right-Handed,,BRA,br,1975-04-01,5538
100588,Pender Murphy,Right-Handed,,USA,us,1959-03-21,5539
110022,Steve Wedderburn,Right-Handed,,AUS,au,,5540
103026,Teo Susnjak,Right-Handed,,NZL,nz,1977-08-19,5541
103847,Adrian Bohane,Left-Handed,,USA,us,1981-10-20,5542
208956,Carlos Romero,Unknown,,ARG,ar,,5543
209672,D O'Keefe,Unknown,,IRL,ie,,5544
107183,Hatem Mcdadi,Right-Handed,,CAN,ca,1964-02-09,5545
125701,Issa Khodaei,Unknown,,IRI,ir,1947-06-18,5546
210866,Jim Lewallen,Unknown,,USA,us,,5547
110391,Maurice Claitte,Right-Handed,,FRA,fr,,5548
101596,Mohamed Ridaoui,Right-Handed,,USA,us,1969-04-26,5549
110102,Phil Siviter,Right-Handed,,GBR,gb,1953-03-29,5550
202898,Quentin Pretorius,Unknown,,RSA,za,1944-08-16,5551
209831,Rick Jordan,Unknown,,USA,us,,5552
101863,Roberto Alvarez,Right-Handed,,ARG,ar,1971-03-17,5553
202760,Ron Myers,Unknown,,USA,us,,5554
103422,Sebastian Fitz,Right-Handed,,GER,de,1979-08-27,5555
104287,Steven Korteling,Unknown,,NED,nl,1984-01-18,5556
108378,Thierry Van Den Daele,Right-Handed,,FRA,fr,1966-05-28,5557
125578,Tomas Lynch,Unknown,,ARG,ar,1950-01-22,5558
101295,Toshihisa Tsuchihashi,Right-Handed,,JPN,jp,1966-11-12,5559
108547,Yair Werthimer,Right-Handed,,ISR,il,,5560
100175,Zan Guerry,Right-Handed,,USA,us,1949-02-16,5561
108992,Alexei Belov,Right-Handed,,RUS,ru,1972-05-29,5562
125636,Alfredo Millet,Unknown,,MEX,mx,,5563
212414,D Powell,Unknown,,GBR,gb,,5564
114944,Dick Moody,Unknown,,USA,us,,5565
211090,Girolamo Polimeni,Unknown,,ITA,it,,5566
110314,Jeck Chu,Unknown,,UNK,un,,5567
107463,Juan Torralbo,Right-Handed,,ESP,es,,5568
104023,Nicolas Renavand,Right-Handed,,FRA,fr,1982-07-08,5569
202911,Richard Howes,Unknown,,AUS,au,,5570
147667,Rob Cadwallader,Unknown,,AUS,au,,5571
100340,Sam Vuille,Right-Handed,,USA,us,1954-07-24,5572
110134,U Calle,Right-Handed,,UNK,un,,5573
148491, Belzunce,Unknown,,ESP,es,,5574
148487, Panizza,Unknown,,ITA,it,,5575
211282,A Chappell,Unknown,,RSA,za,,5576
106458,Alain Brichant,Right-Handed,,BEL,be,1953-05-22,5577
106564,Anton Ivanov,Right-Handed,,UZB,uz,,5578
113169,Emilio Martinez,Unknown,,ESP,es,,5579
110401,Fritz Gildemeister,Unknown,,CHI,cl,,5580
211145,Garth Omaley,Unknown,,USA,us,,5581
100136,Humphrey Hose,Right-Handed,,VEN,ve,1947-06-06,5582
100994,Joe Heldmann,Right-Handed,,USA,us,1964-01-23,5583
100563,Joel Hoffman,Right-Handed,,USA,us,1958-10-18,5584
110374,John Allgood,Unknown,,USA,us,,5585
209555,K Tobin,Unknown,,AUS,au,,5586
109765,Marco Gilardelli,Right-Handed,,ITA,it,,5587
107892,Olle Palmer,Right-Handed,,SWE,se,1955-11-08,5588
107997,Phil Davies,Right-Handed,,AUS,au,,5589
211134,S Silberling,Unknown,,USA,us,,5590
110751,Sebastian Fanselow,Right-Handed,,GER,de,1992-02-01,5591
103475,Thomas Messmer,Right-Handed,,GER,de,1979-12-20,5592
108394,Tim Anderson,Right-Handed,,USA,us,,5593
109915,U McDonald,Right-Handed,,UNK,un,,5594
102772,Yu Zhang,Right-Handed,,CHN,cn,1976-04-17,5595
211160,A S Svensson,Unknown,,SWE,se,,5596
110124,Alain Bouteleux,Unknown,,FRA,fr,,5597
210874,Bill Cantrell,Unknown,,USA,us,,5598
106674,Bruno Renoult,Right-Handed,,FRA,fr,,5599
112451,Cedric Mason,Unknown,,AUS,au,,5600
209650,D B Huges,Unknown,,GBR,gb,,5601
208942,Enrique Guerrero,Unknown,,ECU,ec,,5602
102467,Fazaluddin Syed,Right-Handed,,IND,in,1974-10-21,5603
110191,Francois Battegay,Unknown,,FRA,fr,,5604
100762,Freddie Sauer,Right-Handed,,RSA,za,1961-08-24,5605
210856,Gustav Reinach,Unknown,,RSA,za,1938-10-09,5606
125612,Heinz Grimm,Unknown,,SUI,ch,1934-08-23,5607
109805,Ian Bidmeade,Right-Handed,,AUS,au,,5608
110399,J Tobin,Unknown,,IRI,ir,,5609
100374,Javier Soler,Left-Handed,,ESP,es,1955-04-03,5610
100258,Jorge Andrew,Right-Handed,,VEN,ve,1951-11-28,5611
100064,Juan Gisbert,Right-Handed,,ESP,es,1942-04-19,5612
209845,Kyoichi Sakamoto,Unknown,,JPN,jp,,5613
211088,Luigi Bianco,Unknown,,ITA,it,,5614
212409,Martin Venning,Unknown,,GBR,gb,,5615
101877,Milan Trneny,Right-Handed,,CZE,cz,1971-03-12,5616
202767,Richard Finger,Unknown,,USA,us,1956-05-02,5617
210977,Robert Delauer,Unknown,,USA,us,,5618
108263,Silvio Moine,Right-Handed,,ITA,it,1967-07-17,5619
209743,Alberto Comas,Unknown,,ESP,es,,5620
147522,Bob Speicher,Unknown,,USA,us,1947-03-06,5621
202543,Borut Skulj,Unknown,,SLO,si,1938-10-24,5622
211041,D Tunnock,Unknown,,AUS,au,,5623
211028,Dennis Kylur,Unknown,,USA,us,,5624
211433,E H Woodruff,Unknown,,GBR,gb,,5625
209740,E Torriente,Unknown,,ESP,es,,5626
101046,Eric Wilborts,Right-Handed,,NED,nl,1964-07-19,5627
106980,Fabio Moscino,Right-Handed,,ITA,it,1961-02-22,5628
107063,Gaston Escofet,Right-Handed,,ESP,es,,5629
110024,Gondo Widjojo,Right-Handed,,INA,id,1946-02-21,5630
145426,Guenther Winn,Right-Handed,,FRG,de,,5631
101032,Henry Somerville,Right-Handed,,USA,us,1964-05-09,5632
108998,Patrick Osnua,Right-Handed,,USA,us,1974-01-09,5633
209424,Piet Snyman,Unknown,,RSA,za,,5634
110290,Piet Van Eysden,Unknown,,NED,nl,,5635
210768,Terry Rosenberg,Unknown,,RSA,za,,5636
110375,Tom Chivington,Unknown,,USA,us,,5637
109885,U Montona,Right-Handed,,UNK,un,,5638
110238,A Whittaker,Right-Handed,,UNK,un,,5639
209807,Andreas Trenkle,Unknown,,,,,5640
106589,Arthur Carrington,Right-Handed,,USA,us,,5641
110439,Beyazit Anbar,Unknown,,TUR,tr,1948-01-19,5642
106634,Bob Brien,Right-Handed,,USA,us,,5643
208962,Dave Ranney,Unknown,,USA,us,,5644
106837,David Hall,Right-Handed,,USA,us,,5645
211159,G Bredberg,Unknown,,GBR,gb,,5646
211383,G Sharpe,Unknown,,AUS,au,,5647
110046,Gaylard Dunn,Right-Handed,,AUS,au,,5648
210846,Gerardo Bonardi,Unknown,,ITA,it,,5649
114777,Jack Tuero,Unknown,,USA,us,,5650
100129,Jean Baptiste Chanfreau,Right-Handed,,FRA,fr,1947-02-16,5651
125717,Jurg Siegrist,Unknown,,SUI,ch,1943-06-21,5652
148480,Mike Elkenberry,Unknown,,USA,us,,5653
212410,Peter Bendall,Unknown,,GBR,gb,,5654
211218,R Stubbins,Unknown,,AUS,au,,5655
109965,Roy Sprengelmeyer,Unknown,,USA,us,,5656
202623,S Menzies,Unknown,,NZL,nz,,5657
210865,Stan Shanbron,Unknown,,USA,us,,5658
211158,Steve Woodley,Unknown,,GBR,gb,,5659
109872,T Hall,Right-Handed,,AUS,au,,5660
202769,Tim Cooper,Unknown,,USA,us,1951-10-05,5661
100290,Timothy Noonan,Right-Handed,,USA,us,1952-12-04,5662
108434,Tony Parun,Right-Handed,,NZL,nz,1949-09-13,5663
208980,U Thomas,Unknown,,UNK,un,,5664
115150,Andres Donnadieu,Unknown,,MEX,mx,1936-09-17,5665
208955,Antonio Garoni,Unknown,,ARG,ar,,5666
106621,Bidynt Goswami,Right-Handed,,IND,in,,5667
114941,Bill Cullen,Unknown,,USA,us,,5668
100416,Bill Maze,Right-Handed,,USA,us,1956-02-15,5669
101505,Darren Kirk,Right-Handed,,GBR,gb,1968-08-26,5670
107093,Gil Kovalski,Right-Handed,,ISR,il,,5671
211146,Juan Ortiz,Unknown,,PUR,pr,,5672
108996,Mahmoud Nader Al Baloushi,Unknown,,UAE,ae,1980-06-21,5673
211050,Markku Autio,Unknown,,FIN,fi,,5674
110119,Ricardo Aubone,Unknown,,UNK,un,,5675
101231,Ryan Blake,Right-Handed,,USA,us,1966-02-23,5676
101616,Serge Soulie,Right-Handed,,FRA,fr,1969-07-17,5677
209619,Victor Palman,Unknown,,RUS,ru,,5678
102885,Vishal Uppal,Right-Handed,,IND,in,1976-11-27,5679
148451, Wright,Unknown,,USA,us,,5680
211212,A Boss,Unknown,,AUS,au,,5681
110113,Andre Van Der Merwe A,Unknown,,RSA,za,,5682
145647,Detlev Irmler,Unknown,,FRG,de,1941-02-21,5683
208941,Francisco Tormo,Unknown,,UNK,un,,5684
100473,Glenn Petrovic,Right-Handed,,USA,us,1957-03-20,5685
107284,Janos Benyik,Right-Handed,,HUN,hu,1951-06-22,5686
209786,KS Leung,Unknown,,HKG,hk,,5687
110385,O Issara,Right-Handed,,THA,th,,5688
103995,Pedro Leao,Right-Handed,,POR,pt,1982-05-12,5689
211798,Peter Pilsl,Unknown,,AUT,at,,5690
104681,Sebastian Rieschick,Right-Handed,,GER,de,1986-03-12,5691
110316,William Koo,Unknown,,HKG,hk,,5692
100170,Bernard Mignot,Right-Handed,,BEL,be,1948-12-29,5693
100488,Chris Delaney,Right-Handed,,USA,us,1957-07-27,5694
106900,Dragan Savic,Right-Handed,,YUG,rs,,5695
110041,Henry Ladyman,Right-Handed,,AUS,au,,5696
109914,Jackie Saul,Right-Handed,,RSA,za,,5697
110017,John McDonald,Right-Handed,,NZL,nz,1931-04-09,5698
117334,Jozef Orlikowski,Unknown,,POL,pl,1934-09-20,5699
109825,Koji Watanabe,Right-Handed,,JPN,jp,1942-02-21,5700
110390,Nikola Soear,Right-Handed,,YUG,rs,,5701
147368,Pedro Garriga Nogues,Unknown,,ESP,es,,5702
104948,Petar Jelenic,Right-Handed,,CRO,hr,1987-06-28,5703
103021,Ricardo Schlachter,Right-Handed,,BRA,br,1977-07-16,5704
106066,Victor Baluda,Right-Handed,,RUS,ru,1992-10-13,5705
148452, Taylor,Unknown,,USA,us,,5706
211080,Brian Wilkinson,Unknown,,AUS,au,,5707
106865,Dennis Gibson,Right-Handed,,USA,us,,5708
210954,Don Wilson,Unknown,,USA,us,,5709
106911,Eddie Myers,Right-Handed,,AUS,au,1960-06-02,5710
107024,Francisco Ferrer,Right-Handed,,ESP,es,,5711
211173,Gary Hale,Unknown,,NZL,nz,,5712
110388,J Luna,Unknown,,ESP,es,,5713
109959,Jim Bentley,Unknown,,CAN,ca,,5714
107353,Joe Bouquin,Right-Handed,,USA,us,1950-10-25,5715
107379,John Chris Lewis,Right-Handed,,USA,us,1956-04-14,5716
107473,Justedjo Tarik,Right-Handed,,INA,id,1953-09-28,5717
102224,Miguel Pastura,Right-Handed,,ARG,ar,1973-07-02,5718
100559,Mike Gandolfo,Right-Handed,,USA,us,1958-10-09,5719
107877,Oded Yaacov,Right-Handed,,ISR,il,,5720
211268,Paul Carey,Unknown,,AUS,au,,5721
107954,Paul Van Min,Right-Handed,,NED,nl,1951-10-03,5722
211435,Pavel Sevcik,Unknown,,CZE,cz,1950-04-29,5723
102469,Solon Peppas,Right-Handed,,GRE,gr,1974-11-23,5724
100838,Steve Wood,Right-Handed,,AUS,au,1962-07-14,5725
209802,Terence Musgrove,Unknown,,AUS,au,,5726
209598,Unknown Stern,Unknown,,,,,5727
109953,Yoshimito Miyashita,Unknown,,JPN,jp,,5728
110414,Carlos Junquet,Unknown,,UNK,un,,5729
106741,Christian Camradt,Left-Handed,,DEN,dk,1969-08-31,5730
100330,David Imonitie,Right-Handed,,NGR,ng,1954-05-09,5731
110934,Frithjof Prydz,Unknown,,NOR,no,1943-08-15,5732
110199,Kevin Menton,Unknown,,UNK,un,,5733
112457,Lennart Bergelin,Unknown,,SWE,se,1925-07-09,5734
107645,Marcelo Grassi,Right-Handed,,ITA,it,,5735
104893,Maxime Authom,Right-Handed,,BEL,be,1987-05-05,5736
110188,Michele Pirro,Unknown,,ITA,it,,5737
110179,Mikael Stig,Unknown,,UNK,un,,5738
211211,Oscar Salas,Unknown,,CUW,cw,,5739
211023,Pete Daschmans,Unknown,,USA,us,,5740
100042,Ryoichi Mori,Right-Handed,,JPN,jp,1940-01-31,5741
110360,Scott Shannon,Unknown,,USA,us,,5742
B0T6,Thijs Boogaard,Right-Handed,183.0,,,2008-07-05,5743
100130,Vladimir Zednik,Right-Handed,,CZE,cz,1947-02-03,5744
108503,Wayne Cowley,Right-Handed,,AUS,au,1953-12-31,5745
148482, Uncapher,Unknown,,USA,us,,5746
209660,A M Thomas,Unknown,,GBR,gb,,5747
209804,Chris Greendale,Unknown,,,,,5748
101056,Chuck Willenborg,Right-Handed,,USA,us,1964-09-11,5749
211304,D J Hardman,Unknown,,GBR,gb,,5750
106887,Dominic Durand,Right-Handed,,FRA,fr,,5751
209757,Don Ernst,Unknown,,IRL,ie,,5752
100694,Eric Riley,Right-Handed,,USA,us,1960-10-01,5753
211166,George Kesel,Unknown,,USA,us,,5754
148474,Gerry Thompson,Unknown,,USA,us,,5755
107279,Jan Simbera,Right-Handed,,CZE,cz,,5756
145324,John Crooke,Unknown,,GBR,gb,,5757
117307,Juan Arredondo,Unknown,,MEX,mx,,5758
100454,Mehl Ampon,Right-Handed,,USA,us,1956-12-27,5759
107809,Mike Harrington,Right-Handed,,USA,us,,5760
107880,Ola Hellgren,Right-Handed,,SWE,se,1959-05-02,5761
211382,Peter Mcgrath,Unknown,,AUS,au,,5762
108036,Rafael Ruiz,Right-Handed,,ESP,es,,5763
100801,Richard Akel,Left-Handed,,USA,us,1962-02-13,5764
211143,Rodney Kop,Unknown,,USA,us,,5765
108229,Sebastien Hette,Right-Handed,,FRA,fr,1972-07-12,5766
108257,Shoichi Tatsuno,Right-Handed,,JPN,jp,1958-10-13,5767
110378,Steve Avoyer,Unknown,,USA,us,1948-05-09,5768
108317,Steve Rogul,Right-Handed,,USA,us,1957-02-10,5769
211060,Steve Zalenski,Unknown,,USA,us,,5770
106466,Alberto Franco,Right-Handed,,PER,pe,,5771
106531,Andrei Dirzu,Right-Handed,,ROU,ro,1959-02-19,5772
210893,Bernd Loibl,Unknown,,GER,de,,5773
110174,Fred Blatter,Unknown,,SUI,ch,1949-10-28,5774
147676,Georghe Boaghe,Unknown,,ROU,ro,,5775
109900,Greg Shephard,Right-Handed,,USA,us,1947-09-25,5776
211271,Hans Finkentscher,Unknown,,GER,de,,5777
107261,Jacques Bonnemaison,Right-Handed,,FRA,fr,,5778
100331,Jean Louis Haillet,Right-Handed,,FRA,fr,1954-05-23,5779
110319,John Levin,Unknown,,USA,us,,5780
102316,Jong Woong Yoon,Right-Handed,,KOR,kr,1974-02-04,5781
110004,Josef Stabholz,Right-Handed,,ISR,il,1945-08-15,5782
209712,P Arndt,Unknown,,AUS,au,,5783
211384,R Kaplan,Unknown,,AUS,au,,5784
211103,Randy Jobson,Unknown,,USA,us,,5785
110089,Steve Stockton,Right-Handed,,USA,us,1946-04-30,5786
108341,Tadeu Luiz,Right-Handed,,BRA,br,,5787
108477,Vincenzo Franchitti,Right-Handed,,ITA,it,1950-05-22,5788
211380,A Davis,Unknown,,AUS,au,,5789
202875,Allan Wall,Unknown,,AUS,au,1946-05-26,5790
109842,Bill Bartlett,Right-Handed,,USA,us,1958-03-20,5791
211170,Bo Wade,Unknown,,USA,us,,5792
202680,David Whyte,Right-Handed,,AUS,au,,5793
106892,Donald Watt,Right-Handed,,GBR,gb,,5794
107026,Francisco Mastelli,Right-Handed,,ARG,ar,1952-04-18,5795
100246,Frank Puncec,Right-Handed,,RSA,za,1951-07-29,5796
107074,George Berner,Right-Handed,,FIN,fi,1948-05-05,5797
210958,George Tittmann,Unknown,,USA,us,,5798
100566,Hitoshi Shirato,Right-Handed,,JPN,jp,1958-11-18,5799
114987,Jack D Neer,Unknown,,USA,us,1933-09-18,5800
100187,Luis Felipe Tavares,Right-Handed,,BRA,br,1949-10-10,5801
211131,M Lusinchi,Unknown,,FRA,fr,,5802
107669,Marian Laudin,Right-Handed,,NED,nl,,5803
107760,Max Senior,Right-Handed,,AUS,au,,5804
110136,P Moore,Right-Handed,,UNK,un,,5805
100224,Peter Campbell,Right-Handed,,AUS,au,1950-11-30,5806
148152,Ross Maskell,Unknown,,,,,5807
209658,T L Darcy,Unknown,,GBR,gb,,5808
125579,Tapio Jokinen,Unknown,,FIN,fi,1935-02-28,5809
101448,Tasos Bavelas,Left-Handed,,GRE,gr,1968-02-28,5810
100092,Alex Metreveli,Right-Handed,,RUS,ru,1944-12-04,5811
110344,B Newman,Unknown,,USA,us,,5812
115020,Bob Potthast,Unknown,,USA,us,,5813
109990,David Mehl,Unknown,,USA,us,,5814
101669,Gary Henderson,Right-Handed,,GBR,gb,1969-12-26,5815
110300,Hans Zollner,Unknown,,AUT,at,,5816
102595,Helge Koll,Right-Handed,,NOR,no,1975-06-03,5817
107223,Ichiro Nakanishi,Right-Handed,,JPN,jp,1958-07-28,5818
110020,Jean Lovera,Right-Handed,,FRA,fr,,5819
112708,Julian Mayers,Unknown,,RSA,za,,5820
208982,Mike Rowe,Unknown,,UNK,un,,5821
211288,N Wynward,Unknown,,GBR,gb,,5822
202579,Ned Weld,Right-Handed,,USA,us,,5823
109754,Petr Strobl,Right-Handed,,CZE,cz,1941-04-03,5824
109877,Rainer Kuhlmey,Right-Handed,,GER,de,,5825
108405,Toby Crabel,Right-Handed,,USA,us,1955-06-01,5826
110394,A Simmons,Unknown,,USA,us,,5827
148486,Arthur Watson,Unknown,,USA,us,,5828
211095,Ben Varn,Unknown,,USA,us,,5829
106613,Bengt Aberg,Right-Handed,,SWE,se,,5830
100349,Glen Holroyd,Right-Handed,,USA,us,1954-10-10,5831
210765,Jesus Villela,Unknown,,MEX,mx,,5832
210935,Jim Ebbitt,Unknown,,CAN,ca,,5833
146629,Jose Ignacio Bel,Unknown,,ESP,es,,5834
211795,K Stanley,Unknown,,AUS,au,,5835
110205,Lawrence Awopegba,Right-Handed,,NIG,ne,,5836
110447,Leo Rolle,Unknown,,UNK,un,1948-03-27,5837
100554,Matthew McDonald,Right-Handed,,USA,us,1958-09-23,5838
103746,Miguel Gallardo Valles,Right-Handed,,MEX,mx,1981-05-11,5839
100429,Miguel Mir,Right-Handed,,ESP,es,1956-05-06,5840
AC39,Mubarak Shannan Zayid,Right-Handed,,QAT,qa,1995-04-14,5841
107985,Peter Langsford,Right-Handed,,AUS,au,1954-07-03,5842
109913,Ralph Sender,Unknown,,UNK,un,,5843
100842,Randolf Scheller,Right-Handed,,GER,de,1962-08-02,5844
102210,Rene Hanak,Right-Handed,,CZE,cz,1973-05-20,5845
211375,Toizo Hosoi,Unknown,,JPN,jp,,5846
110064,U Hoigshoidt,Right-Handed,,UNK,un,,5847
110366,U Walsh,Right-Handed,,USA,us,,5848
103427,Yew Ming Si,Unknown,,MAS,my,1979-09-28,5849
148492, Follder,Unknown,,,,,5850
110251,A Trenkle,Unknown,,GER,de,,5851
100469,Ashok Amritraj,Right-Handed,,IND,in,1957-03-08,5852
106616,Bernard Montrenaud,Right-Handed,,FRA,fr,,5853
110122,Bud Guion,Unknown,,UNK,un,,5854
106690,Carlos Behar,Right-Handed,,COL,co,1956-02-14,5855
209824,E Topham,Unknown,,,,,5856
209428,Errol Kilov,Unknown,,RSA,za,,5857
110181,Hans Nerell,Right-Handed,,SWE,se,1944-10-29,5858
107201,Hidehiko Tanizawa,Right-Handed,,JPN,jp,1971-12-19,5859
209840,J Frederick,Unknown,,USA,us,,5860
110454,Jose Andrade,Right-Handed,,ESP,es,,5861
100480,Josef Brabenec,Right-Handed,,CAN,ca,1957-05-29,5862
107744,Matti Timonen,Right-Handed,,FIN,fi,1953-10-20,5863
210781,Nigel Smuts,Unknown,,RSA,za,,5864
125613,Oscar Chiarella,Unknown,,BOL,bo,,5865
209690,R D J Lee,Unknown,,GBR,gb,,5866
108173,Ron Dutton,Right-Handed,,NZL,nz,,5867
210899,Siebe Huizinga,Unknown,,NED,nl,,5868
110226,Tau Luu,Unknown,,HKG,hk,,5869
108430,Tony Dawson,Right-Handed,,AUS,au,,5870
100230,Welry Fritz,Right-Handed,,CAN,ca,1951-03-02,5871
110079,Brian Stephenson,Right-Handed,,USA,us,,5872
100265,Cliff Letcher,Right-Handed,,AUS,au,1952-03-11,5873
211446,Dainis Riekstins,Unknown,,RSA,za,,5874
211084,Emanuele Scarfiotti,Unknown,,ITA,it,,5875
106969,Evgeni Zhelyazkov,Right-Handed,,BUL,bg,,5876
104014,Lee Childs,Right-Handed,,GBR,gb,1982-06-25,5877
110028,Mick Marchment,Right-Handed,,AUS,au,,5878
148435,Mike Bolton,Unknown,,CAN,ca,,5879
100041,Ned Neely,Right-Handed,,USA,us,1940-01-27,5880
103402,Peter Clarke,Right-Handed,188.0,IRL,ie,,5881
108466,Vicente Castano,Right-Handed,,ESP,es,,5882
148477,Warren Farmer,Unknown,,USA,us,,5883
209836,B Wheadley,Unknown,,USA,us,,5884
110000,Bill Colson,Right-Handed,,USA,us,1950-06-20,5885
100677,Bob Blazekovic,Right-Handed,,USA,us,1960-06-30,5886
100510,Franco Merlone,Right-Handed,,ITA,it,1957-12-27,5887
210878,Giuseppe Arancio,Unknown,,ITA,it,,5888
109808,Graham Oliver,Unknown,,NZL,nz,,5889
100275,Hartmut Kirchhubel,Right-Handed,,GER,de,1952-05-27,5890
212417,I Smith,Unknown,,AUS,au,,5891
209535,John Mulvey,Unknown,,IRL,ie,,5892
209726,Lex Hester,Unknown,,USA,us,,5893
148437,M Laferre,Unknown,,FRA,fr,,5894
211247,Peter Daub,Unknown,,USA,us,,5895
108017,Pierre Joly,Right-Handed,,FRA,fr,,5896
209683,R L Cross,Unknown,,GBR,gb,,5897
101994,Remus Farcas,Right-Handed,,ROU,ro,1971-12-30,5898
210858,Richard Jooste,Unknown,,RSA,za,,5899
108162,Roland Steigler,Right-Handed,,AUT,at,,5900
148448, Sanchez Prieto,Unknown,,ESP,es,,5901
101433,Austen Brice,Right-Handed,,GBR,gb,1968-01-25,5902
202619,Chris Burr,Unknown,,CAN,ca,,5903
104456,Colin Ebelthite,Right-Handed,,AUS,au,1984-12-14,5904
100031,Dimitri Sturdza,Right-Handed,,SUI,ch,1938-11-23,5905
202713,Graham Silberman,Unknown,,RSA,za,1956-05-25,5906
211801,Jochen Rosner,Unknown,,GER,de,,5907
110106,John Eastburn,Unknown,,AUS,au,,5908
211219,M Harrison,Unknown,,AUS,au,,5909
107700,Mark Long,Right-Handed,,NZL,nz,,5910
108831,Michael Walker,Unknown,,HKG,hk,1966-05-21,5911
107965,Pekka Saila,Right-Handed,,FIN,fi,1942-01-18,5912
100107,Robert Rheinberger,Right-Handed,,AUS,au,1945-12-17,5913
210840,Roberto Matteoli,Unknown,,ITA,it,,5914
101662,Selvam Veerasingam,Right-Handed,,MAS,my,1969-12-14,5915
100464,Warren Maher,Right-Handed,,AUS,au,1957-02-10,5916
