COD_TOURNEY_ID,DES_TOURNEY_NAME,DES_TOURNEY_LEVEL,NUM_TOURNEY_DRAW_SIZE,DES_TOURNEY_SURFACE,FLAG_TOURNEY_IS_INDOOR,DES_TOURNEY_STATUS,DATE_TOURNEY_START,REF_YEAR,DATE_INGESTION,SK_TOURNEY
1968-2016,London 3,Other,8,Hard,No,Finished,1968-11-18,1968,2026-08-22,1
1968-2029,Dublin,Other,32,Grass,No,Finished,1968-07-08,1968,2026-08-22,2
1968-2030,Haverford,Other,64,Grass,No,Finished,1968-07-22,1968,2026-08-22,3
1968-2058,New York 1,Other,32,Carpet,Yes,Finished,1968-03-25,1968,2026-08-22,4
1968-2066,Macon,Other,32,Hard,No,Finished,1968-02-19,1968,2026-08-22,5
1968-243,Perth,Other,-1,-,No,Finished,1968-01-01,1968,2026-08-22,6
1968-260,Durban 1,Other,64,Hard,No,Finished,1968-01-08,1968,2026-08-22,7
1968-301,Auckland,Other,32,Grass,No,Finished,1968-01-29,1968,2026-08-22,8
1968-303,Buenos Aires,Other,16,Clay,No,Finished,1968-11-11,1968,2026-08-22,9
1968-308,Munich,Other,64,Clay,No,Finished,1968-07-29,1968,2026-08-22,10
1968-311,London,Other,64,Grass,No,Finished,1968-06-17,1968,2026-08-22,11
1968-313,Bristol,Other,-1,-,No,Finished,1968-06-10,1968,2026-08-22,12
1968-314,Gstaad,Other,32,Clay,No,Finished,1968-07-15,1968,2026-08-22,13
1968-316,Bastad 1,Other,32,Clay,No,Finished,1968-07-08,1968,2026-08-22,14
1968-317,Hilversum,Other,64,Clay,No,Finished,1968-07-22,1968,2026-08-22,15
1968-319,Kitzbuehel,Other,32,Clay,No,Finished,1968-08-19,1968,2026-08-22,16
1968-325,Palermo,Other,32,Clay,No,Finished,1968-04-15,1968,2026-08-22,17
1968-344,Caracas,Other,64,Hard,No,Finished,1968-03-11,1968,2026-08-22,18
1968-347,Bournemouth,Other,32,Clay,No,Finished,1968-04-22,1968,2026-08-22,19
1968-355,Salisbury,Other,64,Hard,No,Finished,1968-02-12,1968,2026-08-22,20
1968-3940,Barranquilla,Other,32,Clay,No,Finished,1968-03-04,1968,2026-08-22,21
1968-3943,Boston 2,Other,128,Grass,No,Finished,1968-08-12,1968,2026-08-22,22
1968-401,Philadelphia WCT,Other,16,Carpet,Yes,Finished,1968-02-05,1968,2026-08-22,23
1968-405,Houston 2,Other,32,Clay,No,Finished,1968-04-15,1968,2026-08-22,24
1968-410,Monte Carlo,Other,64,Clay,No,Finished,1968-04-15,1968,2026-08-22,25
1968-414,Hamburg,Other,64,Clay,No,Finished,1968-08-12,1968,2026-08-22,26
1968-416,Rome,Masters 1000,128,Clay,No,Finished,1968-05-06,1968,2026-08-22,27
1968-417,Boston 1,Other,16,Grass,No,Finished,1968-06-10,1968,2026-08-22,28
1968-421,Toronto,Masters 1000,64,Clay,No,Finished,1968-08-12,1968,2026-08-22,29
1968-422,Cincinnati,Masters 1000,16,Clay,No,Finished,1968-07-01,1968,2026-08-22,30
1968-423,Los Angeles,Other,64,Hard,No,Finished,1968-09-09,1968,2026-08-22,31
1968-424,Berkeley,Other,128,Hard,No,Finished,1968-09-16,1968,2026-08-22,32
1968-425,Barcelona,Other,64,Clay,No,Finished,1968-06-03,1968,2026-08-22,33
1968-426,Johannesburg 1,Other,64,Hard,No,Finished,1968-04-01,1968,2026-08-22,34
1968-430,Wembley 3,Other,16,Hard,No,Finished,1968-11-11,1968,2026-08-22,35
1968-436,Charlotte,Other,16,Clay,No,Finished,1968-04-15,1968,2026-08-22,36
1968-520,Roland Garros,Grand Slam,128,Clay,No,Finished,1968-05-27,1968,2026-08-22,37
1968-540,Wimbledon,Grand Slam,128,Grass,No,Finished,1968-06-24,1968,2026-08-22,38
1968-560,US Open,Grand Slam,96,Grass,No,Finished,1968-08-26,1968,2026-08-22,39
1968-580,Australian Chps.,Grand Slam,64,Grass,No,Finished,1968-01-15,1968,2026-08-22,40
1968-583,Manchester,Other,-1,-,No,Finished,1968-06-03,1968,2026-08-22,41
1968-653,Fort Worth NTL,Other,8,Hard,No,Finished,1968-08-12,1968,2026-08-22,42
1968-654,Sacramento,Other,64,Hard,No,Finished,1968-05-27,1968,2026-08-22,43
1968-681,Miami WCT,Other,8,Carpet,Yes,Finished,1968-02-05,1968,2026-08-22,44
1968-6811,Los Angeles NTL,Other,16,Carpet,Yes,Finished,1968-07-15,1968,2026-08-22,45
1968-6816,Corpus Christi NTL,Other,8,Hard,No,Finished,1968-09-30,1968,2026-08-22,46
1968-6817,San Juan,Other,32,Hard,No,Finished,1968-04-01,1968,2026-08-22,47
1968-6818,St. Petersburg,Other,32,Clay,No,Finished,1968-04-08,1968,2026-08-22,48
1968-6832,Midland NTL,Other,8,Hard,No,Finished,1968-09-23,1968,2026-08-22,49
1968-707,South Orange,Other,64,Grass,No,Finished,1968-07-29,1968,2026-08-22,50
1968-713,Hobart,Other,8,Grass,No,Finished,1968-12-30,1968,2026-08-22,51
1968-717,Milwaukee,Other,64,Clay,No,Finished,1968-07-15,1968,2026-08-22,52
1968-7308,Adelaide,Other,64,Grass,No,Finished,1968-11-18,1968,2026-08-22,53
1968-7310,Beckenham,Other,64,Grass,No,Finished,1968-06-10,1968,2026-08-22,54
1968-802,Richmond,Other,8,Hard,No,Finished,1968-01-29,1968,2026-08-22,55
1968-9206,New York 3,Other,8,Carpet,Yes,Finished,1968-11-25,1968,2026-08-22,56
1968-9240,Berlin,Other,32,Clay,No,Finished,1968-05-27,1968,2026-08-22,57
1968-9277,Curacao,Other,32,Hard,No,Finished,1968-03-18,1968,2026-08-22,58
1968-9278,New Orleans 2,Other,16,Carpet,Yes,Finished,1968-12-23,1968,2026-08-22,59
1968-9282,New York NTL,Other,8,Carpet,Yes,Finished,1968-05-13,1968,2026-08-22,60
1968-9287,Binghamton NTL,Other,4,Hard,No,Finished,1968-08-05,1968,2026-08-22,61
1968-9288,Southampton,Other,64,Grass,No,Finished,1968-08-05,1968,2026-08-22,62
1968-9291,Newport WCT,Other,8,Grass,No,Finished,1968-08-12,1968,2026-08-22,63
1968-9295,Sydney WCT,Other,8,Carpet,Yes,Finished,1968-01-15,1968,2026-08-22,64
1968-9296,WCT World Cup,Other,8,Carpet,Yes,Finished,1968-01-29,1968,2026-08-22,65
1968-9297,Shreveport WCT,Other,8,Hard,No,Finished,1968-02-05,1968,2026-08-22,66
1968-9298,Houston WCT,Other,8,Carpet,Yes,Finished,1968-02-12,1968,2026-08-22,67
1968-9299,New Orleans WCT,Other,8,Carpet,Yes,Finished,1968-02-12,1968,2026-08-22,68
1968-9300,Orlando WCT,Other,8,Carpet,Yes,Finished,1968-02-19,1968,2026-08-22,69
1968-9301,Tulsa WCT,Other,8,Carpet,Yes,Finished,1968-02-26,1968,2026-08-22,70
1968-9302,Sao Paulo NTL 1,Other,4,Clay,No,Finished,1968-03-18,1968,2026-08-22,71
1968-9303,San Diego WCT,Other,8,Carpet,Yes,Finished,1968-03-18,1968,2026-08-22,72
1968-9304,Buenos Aires NTL,Other,4,Clay,No,Finished,1968-03-18,1968,2026-08-22,73
1968-9305,Bogota NTL,Other,4,Clay,No,Finished,1968-03-25,1968,2026-08-22,74
1968-9306,Los Altos Hills WCT,Other,8,Carpet,Yes,Finished,1968-03-25,1968,2026-08-22,75
1968-9307,Bakersfield WCT,Other,8,Carpet,Yes,Finished,1968-04-01,1968,2026-08-22,76
1968-9308,Fresno WCT,Other,8,Carpet,Yes,Finished,1968-04-01,1968,2026-08-22,77
1968-9309,Hollywood NTL,Other,16,Clay,No,Finished,1968-04-08,1968,2026-08-22,78
1968-9310,Paris NTL,Other,8,Hard,No,Finished,1968-04-15,1968,2026-08-22,79
1968-9311,Wembley NTL 1,Other,4,Hard,No,Finished,1968-04-15,1968,2026-08-22,80
1968-9312,Evansville WCT,Other,8,Carpet,Yes,Finished,1968-04-15,1968,2026-08-22,81
1968-9313,Wembley NTL 2,Other,8,Hard,No,Finished,1968-04-29,1968,2026-08-22,82
1968-9314,Minneapolis WCT,Other,8,Carpet,Yes,Finished,1968-04-29,1968,2026-08-22,83
1968-9315,Buffalo WCT,Other,8,Carpet,Yes,Finished,1968-05-06,1968,2026-08-22,84
1968-9316,Baltimore WCT,Other,8,Carpet,Yes,Finished,1968-05-27,1968,2026-08-22,85
1968-9317,Paris 2,Other,32,Clay,No,Finished,1968-07-01,1968,2026-08-22,86
1968-9318,Bastad WCT,Other,4,Clay,No,Finished,1968-07-22,1968,2026-08-22,87
1968-9319,Cannes WCT,Other,8,Hard,No,Finished,1968-07-29,1968,2026-08-22,88
1968-9320,Pretoria WCT,Other,16,Clay,No,Finished,1968-09-23,1968,2026-08-22,89
1968-9321,Johannesburg WCT,Other,16,Hard,No,Finished,1968-09-30,1968,2026-08-22,90
1968-9322,Durban WCT,Other,16,Hard,No,Finished,1968-09-30,1968,2026-08-22,91
1968-9323,East London WCT,Other,16,Hard,No,Finished,1968-10-07,1968,2026-08-22,92
1968-9324,Port Elizabeth WCT,Other,16,Hard,No,Finished,1968-10-07,1968,2026-08-22,93
1968-9325,Cape Town WCT,Other,16,Hard,No,Finished,1968-10-07,1968,2026-08-22,94
1968-9326,Kimberley WCT,Other,16,Clay,No,Finished,1968-10-14,1968,2026-08-22,95
1968-9327,Sao Paulo NTL 2,Other,4,Clay,No,Finished,1968-10-21,1968,2026-08-22,96
1968-9328,La Paz NTL,Other,4,Clay,No,Finished,1968-10-21,1968,2026-08-22,97
1968-9329,Lima NTL,Other,4,Clay,No,Finished,1968-10-28,1968,2026-08-22,98
1968-9330,Vienna WCT,Other,4,Hard,No,Finished,1968-11-04,1968,2026-08-22,99
1968-9331,Nashville,Other,6,Carpet,Yes,Finished,1968-12-02,1968,2026-08-22,100
1968-9332,London 2,Other,32,Hard,No,Finished,1968-11-11,1968,2026-08-22,101
1968-9333,Tampa,Other,16,Clay,No,Finished,1968-04-08,1968,2026-08-22,102
1968-9334,Lugano,Other,64,Clay,No,Finished,1968-06-10,1968,2026-08-22,103
1968-9335,Indianapolis,Other,64,Clay,No,Finished,1968-07-08,1968,2026-08-22,104
1968-9336,La Jolla,Other,32,Hard,No,Finished,1968-09-30,1968,2026-08-22,105
1968-9337,Parioli,Other,64,Clay,No,Finished,1968-03-25,1968,2026-08-22,106
1968-9338,Catania,Other,32,Clay,No,Finished,1968-04-08,1968,2026-08-22,107
1968-9339,Naples,Other,64,Clay,No,Finished,1968-04-22,1968,2026-08-22,108
1968-9341,Brisbane,Other,64,Grass,No,Finished,1968-12-09,1968,2026-08-22,109
1968-9343,Bloemfontein,Other,64,Hard,No,Finished,1968-01-08,1968,2026-08-22,110
1968-9346,Cape Town,Other,-1,-,No,Finished,1968-01-01,1968,2026-08-22,111
1968-9347,Reggio Calabria,Other,64,Clay,No,Finished,1968-04-29,1968,2026-08-22,112
1968-9348,Mexico City,Other,-1,-,No,Finished,1968-03-18,1968,2026-08-22,113
1968-T101,Bombay,Other,-1,Clay,No,Finished,1967-12-25,1967,2026-08-22,114
1968-T102,Calcutta,Other,-1,-,No,Finished,1967-12-25,1967,2026-08-22,115
1968-T103,Port Elizabeth,Other,-1,-,No,Finished,1968-01-01,1968,2026-08-22,116
1968-T104,San Juan,Other,-1,-,No,Finished,1968-01-08,1968,2026-08-22,117
1968-T105,Bremen Indoors,Other,-1,Carpet,Yes,Finished,1968-01-22,1968,2026-08-22,118
1968-T107,Pittsburgh Indoors,Other,-1,Carpet,Yes,Finished,1968-02-05,1968,2026-08-22,119
1968-T108,Concord Indoors,Other,-1,Carpet,Yes,Finished,1968-02-26,1968,2026-08-22,120
1968-T109,Munich Indoors,Other,-1,Carpet,Yes,Finished,1968-02-26,1968,2026-08-22,121
1968-T110,Long Island Indoors,Other,-1,Carpet,Yes,Finished,1968-02-26,1968,2026-08-22,122
1968-T111,Phoenix,Other,-1,-,No,Finished,1968-03-11,1968,2026-08-22,123
1968-T112,Cannes,Other,-1,-,No,Finished,1968-03-18,1968,2026-08-22,124
1968-T113,Madrid,Other,-1,Clay,No,Finished,1968-04-15,1968,2026-08-22,125
1968-T114,Los Angeles SoCal Chps,Other,-1,-,No,Finished,1968-05-06,1968,2026-08-22,126
1968-T115,Oakland,Other,-1,-,No,Finished,1968-07-22,1968,2026-08-22,127
1968-T116,La Coruna,Other,-1,Clay,No,Finished,1968-07-22,1968,2026-08-22,128
1968-T119,Viareggio,Other,-1,Clay,No,Finished,1968-08-12,1968,2026-08-22,129
1968-T120,Ortisei,Other,-1,Clay,No,Finished,1968-08-19,1968,2026-08-22,130
1968-T121,Aberavon,Other,-1,Carpet,Yes,Finished,1968-10-28,1968,2026-08-22,131
1968-T125,Barcelona Nationals,Other,-1,Clay,No,Finished,1968-11-11,1968,2026-08-22,132
1968-T130,Woodside,Other,-1,-,No,Finished,1968-01-15,1968,2026-08-22,133
1968-T131,Helsinki,Other,-1,-,No,Finished,1968-06-03,1968,2026-08-22,134
1968-T132,Saltsjoebaden,Other,-1,-,No,Finished,1968-06-10,1968,2026-08-22,135
1968-T133,San Antonio Collegiate,Other,-1,-,No,Finished,1968-06-17,1968,2026-08-22,136
1968-T134,King's Cup 2R,Other,-1,Carpet,Yes,Finished,1968-07-08,1968,2026-08-22,137
1968-T137,Montana Vermala,Other,-1,-,No,Finished,1968-07-29,1968,2026-08-22,138
1968-T139,Senigallia,Other,-1,-,No,Finished,1968-08-05,1968,2026-08-22,139
1968-T140,Scheveningen,Other,-1,Clay,No,Finished,1968-08-12,1968,2026-08-22,140
1968-T142,Quebec City,Other,-1,-,No,Finished,1968-08-26,1968,2026-08-22,141
1968-T143,Bucharest,Other,-1,-,No,Finished,1968-08-26,1968,2026-08-22,142
1968-T144,Mamaia,Other,-1,-,No,Finished,1968-09-02,1968,2026-08-22,143
1968-T145,Las Vegas,Other,-1,-,No,Finished,1968-09-09,1968,2026-08-22,144
1968-T146,Belgrade,Other,-1,Clay,No,Finished,1968-09-16,1968,2026-08-22,145
1968-T150,Madrid Real,Other,-1,-,No,Finished,1968-09-30,1968,2026-08-22,146
1968-T160,Kings Cup SF,Other,-1,Carpet,Yes,Finished,1968-12-02,1968,2026-08-22,147
1968-T161,Kings Cup Final,Other,-1,Carpet,Yes,Finished,1968-12-02,1968,2026-08-22,148
1968-T162,Valencia,Other,-1,-,No,Finished,1968-12-30,1969,2026-08-22,149
1968-T166,Cannes Chps,Other,-1,-,No,Finished,1968-04-15,1968,2026-08-22,150
1968-T167,Hanau,Other,-1,-,No,Finished,1968-08-19,1968,2026-08-22,151
1968-T168,Narberth,Other,-1,Hard,No,Finished,1968-09-30,1968,2026-08-22,152
1969-2016,London-4,Other,8,Carpet,Yes,Finished,1969-11-10,1969,2026-08-22,153
1969-2029,Dublin,Other,32,Grass,No,Finished,1969-07-07,1969,2026-08-22,154
1969-2030,Haverford,Other,64,Grass,No,Finished,1969-08-11,1969,2026-08-22,155
1969-2036,Omaha,Other,16,Hard,No,Finished,1969-01-20,1969,2026-08-22,156
1969-2047,Jacksonville,Other,32,Clay,No,Finished,1969-03-31,1969,2026-08-22,157
1969-2058,New York,Other,32,Carpet,Yes,Finished,1969-03-24,1969,2026-08-22,158
1969-2066,Macon,Other,64,Carpet,Yes,Finished,1969-02-17,1969,2026-08-22,159
1969-243,Perth,Other,32,Grass,No,Finished,1968-12-30,1968,2026-08-22,160
1969-260,Durban,Other,64,Hard,No,Finished,1969-04-14,1969,2026-08-22,161
1969-301,Auckland,Other,32,Grass,No,Finished,1969-01-27,1969,2026-08-22,162
1969-303,Buenos Aires,Other,32,Clay,No,Finished,1969-11-10,1969,2026-08-22,163
1969-308,Munich,Other,64,Clay,No,Finished,1969-07-21,1969,2026-08-22,164
1969-311,London / Queen's Club,Other,128,Grass,No,Finished,1969-06-16,1969,2026-08-22,165
1969-314,Gstaad,Other,32,Clay,No,Finished,1969-07-21,1969,2026-08-22,166
1969-317,Hilversum,Other,32,Hard,No,Finished,1969-07-28,1969,2026-08-22,167
1969-319,Kitzbuhel,Other,64,Clay,No,Finished,1969-08-11,1969,2026-08-22,168
1969-332,Cologne,Other,8,Hard,No,Finished,1969-10-13,1969,2026-08-22,169
1969-338,Sydney,Other,32,Grass,No,Finished,1969-01-13,1969,2026-08-22,170
1969-342,Aix-en-Provence,Other,64,Clay,No,Finished,1969-07-14,1969,2026-08-22,171
1969-355,Salisbury,Other,64,Hard,No,Finished,1969-02-10,1969,2026-08-22,172
1969-388,Dallas,Other,32,Carpet,Yes,Finished,1969-04-21,1969,2026-08-22,173
1969-389,Denver,Other,6,Hard,No,Finished,1969-10-13,1969,2026-08-22,174
1969-3936,Melbourne,Other,8,Grass,No,Finished,1969-01-06,1969,2026-08-22,175
1969-3938,Bournemouth,Other,8,Clay,No,Finished,1969-04-28,1969,2026-08-22,176
1969-3939,Caracas,Other,8,Clay,No,Finished,1969-03-03,1969,2026-08-22,177
1969-3940,Barranquilla,Other,8,Clay,No,Finished,1969-03-10,1969,2026-08-22,178
1969-3942,Bristol,Other,8,Grass,No,Finished,1969-06-09,1969,2026-08-22,179
1969-3943,Boston,Other,8,Carpet,Yes,Finished,1969-07-07,1969,2026-08-22,180
1969-3944,Bastad,Other,8,Clay,No,Finished,1969-07-07,1969,2026-08-22,181
1969-401,Philadelphia WCT,Other,32,Carpet,Yes,Finished,1969-02-03,1969,2026-08-22,182
1969-405,Houston,Other,32,Clay,No,Finished,1969-04-14,1969,2026-08-22,183
1969-406,Brussels,Other,32,Clay,No,Finished,1969-05-12,1969,2026-08-22,184
1969-410,Monte Carlo,Other,64,Clay,No,Finished,1969-04-14,1969,2026-08-22,185
1969-412,Atlanta,Other,8,Hard,No,Finished,1969-09-08,1969,2026-08-22,186
1969-413,Las Vegas,Other,32,Hard,No,Finished,1969-10-06,1969,2026-08-22,187
1969-414,Hamburg,Other,64,Clay,No,Finished,1969-08-11,1969,2026-08-22,188
1969-416,Rome,Masters 1000,128,Clay,No,Finished,1969-05-19,1969,2026-08-22,189
1969-417,Boston,Other,128,Grass,No,Finished,1969-08-11,1969,2026-08-22,190
1969-418,Washington,Other,64,Clay,No,Finished,1969-07-07,1969,2026-08-22,191
1969-421,Toronto,Masters 1000,64,Clay,No,Finished,1969-08-04,1969,2026-08-22,192
1969-422,Cincinnati,Masters 1000,96,Clay,No,Finished,1969-07-14,1969,2026-08-22,193
1969-423,Los Angeles,Other,64,Hard,No,Finished,1969-09-15,1969,2026-08-22,194
1969-424,Berkeley,Other,64,Hard,No,Finished,1969-09-29,1969,2026-08-22,195
1969-425,Barcelona,Other,64,Clay,No,Finished,1969-05-12,1969,2026-08-22,196
1969-426,Johannesburg,Other,128,Hard,No,Finished,1969-03-31,1969,2026-08-22,197
1969-429,Stockholm Open,Other,32,Hard,No,Finished,1969-11-24,1969,2026-08-22,198
1969-430,Wembley,Other,32,Carpet,Yes,Finished,1969-11-17,1969,2026-08-22,199
1969-436,Charlotte,Other,32,Clay,No,Finished,1969-04-07,1969,2026-08-22,200
1969-520,Roland Garros,Grand Slam,128,Clay,No,Finished,1969-05-26,1969,2026-08-22,201
1969-540,Wimbledon,Grand Slam,128,Grass,No,Finished,1969-06-23,1969,2026-08-22,202
1969-560,US Open,Grand Slam,128,Grass,No,Finished,1969-08-25,1969,2026-08-22,203
1969-580,Australian Open,Grand Slam,64,Grass,No,Finished,1969-01-20,1969,2026-08-22,204
1969-652,St. Louis,Other,4,Hard,No,Finished,1969-08-04,1969,2026-08-22,205
1969-653,Fort Worth,Other,16,Hard,No,Finished,1969-08-11,1969,2026-08-22,206
1969-654,Sacramento,Other,16,Hard,No,Finished,1969-05-26,1969,2026-08-22,207
1969-681,Hollywood,Other,16,Clay,No,Finished,1969-02-10,1969,2026-08-22,208
1969-6811,Los Angeles 1,Other,16,Carpet,Yes,Finished,1969-03-03,1969,2026-08-22,209
1969-6817,San Juan,Other,64,Hard,No,Finished,1969-03-31,1969,2026-08-22,210
1969-6818,St. Petersburg,Other,64,Clay,No,Finished,1969-03-17,1969,2026-08-22,211
1969-6832,Midland,Other,4,Hard,No,Finished,1969-09-29,1969,2026-08-22,212
1969-6833,Tucson,Other,8,Hard,No,Finished,1969-09-29,1969,2026-08-22,213
1969-707,South Orange,Other,64,Grass,No,Finished,1969-07-28,1969,2026-08-22,214
1969-713,Hobart,Other,32,Grass,No,Finished,1968-12-30,1968,2026-08-22,215
1969-717,Indianapolis,Other,64,Clay,No,Finished,1969-07-21,1969,2026-08-22,216
1969-7302,Paris,Other,32,Carpet,Yes,Finished,1969-11-03,1969,2026-08-22,217
1969-7310,Beckenham,Other,64,Grass,No,Finished,1969-06-09,1969,2026-08-22,218
1969-802,Richmond,Other,8,Carpet,Yes,Finished,1969-01-27,1969,2026-08-22,219
1969-818,Chicago,Other,16,Carpet,Yes,Finished,1969-09-08,1969,2026-08-22,220
1969-9240,Berlin,Other,64,Clay,No,Finished,1969-05-19,1969,2026-08-22,221
1969-9277,Curacao,Other,16,Hard,No,Finished,1969-02-24,1969,2026-08-22,222
1969-9278,New Orleans,Other,8,Carpet,Yes,Finished,1969-12-22,1969,2026-08-22,223
1969-9280,Oakland,Other,16,Carpet,Yes,Finished,1969-02-17,1969,2026-08-22,224
1969-9281,Japanese Championships,Other,10,Carpet,Yes,Finished,1969-04-28,1969,2026-08-22,225
1969-9282,New York 2,Other,8,Carpet,Yes,Finished,1969-05-12,1969,2026-08-22,226
1969-9283,Amsterdam,Other,8,Clay,No,Finished,1969-05-19,1969,2026-08-22,227
1969-9284,London 2,Other,4,Hard,No,Finished,1969-05-19,1969,2026-08-22,228
1969-9285,Milwaukee,Other,8,Clay,No,Finished,1969-07-14,1969,2026-08-22,229
1969-9286,Portschach,Other,8,Clay,No,Finished,1969-07-28,1969,2026-08-22,230
1969-9287,Binghamton,Other,4,Hard,No,Finished,1969-08-04,1969,2026-08-22,231
1969-9288,Southampton,Other,64,Grass,No,Finished,1969-08-04,1969,2026-08-22,232
1969-9291,Newport,Other,8,Grass,No,Finished,1969-08-18,1969,2026-08-22,233
1969-9292,Anaheim,Other,8,Carpet,Yes,Finished,1969-04-21,1969,2026-08-22,234
1969-9293,Baltimore,Other,6,Grass,No,Finished,1969-08-18,1969,2026-08-22,235
1969-9294,Barcelona 2,Other,4,Clay,No,Finished,1969-11-03,1969,2026-08-22,236
1969-9330,Vienna,Other,8,Hard,No,Finished,1969-11-10,1969,2026-08-22,237
1969-9341,Brisbane,Other,64,Grass,No,Finished,1969-12-01,1969,2026-08-22,238
1969-9830,Pittsburgh,Other,8,Clay,No,Finished,1969-01-27,1969,2026-08-22,239
1969-9831,Buffalo,Other,8,Hard,No,Finished,1969-02-03,1969,2026-08-22,240
1970-2016,London 3,Other,8,Carpet,Yes,Finished,1970-11-09,1970,2026-08-22,241
1970-2029,Dublin,Other,32,Grass,No,Finished,1970-07-06,1970,2026-08-22,242
1970-2030,Merion,Other,64,Grass,No,Finished,1970-08-17,1970,2026-08-22,243
1970-2036,Omaha,Other,16,Hard,No,Finished,1970-01-26,1970,2026-08-22,244
1970-2047,Jacksonville,Other,32,Clay,No,Finished,1970-03-23,1970,2026-08-22,245
1970-2048,Vancouver,Other,16,Carpet,Yes,Finished,1970-09-28,1970,2026-08-22,246
1970-2049,Eastbourne,Other,32,Grass,No,Finished,1970-06-15,1970,2026-08-22,247
1970-2050,Newport,Other,64,Grass,No,Finished,1970-06-29,1970,2026-08-22,248
1970-2058,New York,Other,8,Carpet,Yes,Finished,1970-02-09,1970,2026-08-22,249
1970-2063,Casablanca WCT,Other,16,-,No,Finished,1970-06-01,1970,2026-08-22,250
1970-2066,Macon,Other,32,Carpet,Yes,Finished,1970-02-23,1970,2026-08-22,251
1970-2067,Phoenix,Other,32,Hard,No,Finished,1970-10-12,1970,2026-08-22,252
1970-260,Durban,Other,64,Hard,No,Finished,1970-04-06,1970,2026-08-22,253
1970-301,Auckland,Other,32,Grass,No,Finished,1970-01-26,1970,2026-08-22,254
1970-303,Buenos Aires,Other,32,Clay,No,Finished,1970-11-02,1970,2026-08-22,255
1970-308,Munich,Other,32,Clay,No,Finished,1970-08-03,1970,2026-08-22,256
1970-311,London / Queen's Club,Other,64,Grass,No,Finished,1970-06-15,1970,2026-08-22,257
1970-313,Bristol,Other,32,Grass,No,Finished,1970-06-08,1970,2026-08-22,258
1970-314,Gstaad,Other,32,Clay,No,Finished,1970-07-13,1970,2026-08-22,259
1970-316,Bastad,Other,32,Clay,No,Finished,1970-07-06,1970,2026-08-22,260
1970-317,Hilversum,Other,64,Hard,No,Finished,1970-07-27,1970,2026-08-22,261
1970-319,Kitzbuehel,Other,64,Clay,No,Finished,1970-08-03,1970,2026-08-22,262
1970-343,Columbus,Other,8,Hard,No,Finished,1970-08-10,1970,2026-08-22,263
1970-344,Caracas,Other,32,Hard,No,Finished,1970-03-09,1970,2026-08-22,264
1970-347,Bournemouth,Other,32,Clay,No,Finished,1970-04-20,1970,2026-08-22,265
1970-350,Nottingham,Other,64,Grass,No,Finished,1970-06-08,1970,2026-08-22,266
1970-352,Paris Indoor,Other,32,Carpet,Yes,Finished,1970-11-09,1970,2026-08-22,267
1970-355,Salisbury,Other,64,Hard,No,Finished,1970-02-09,1970,2026-08-22,268
1970-388,Dallas,Other,32,Carpet,Yes,Finished,1970-04-20,1970,2026-08-22,269
1970-389,Denver,Other,8,Hard,No,Finished,1970-10-05,1970,2026-08-22,270
1970-3936,Melbourne,Other,64,Grass,No,Finished,1970-01-05,1970,2026-08-22,271
1970-3940,Barranquilla,Other,64,Clay,No,Finished,1970-03-16,1970,2026-08-22,272
1970-3941,Sydney,Other,32,Grass,No,Finished,1970-03-16,1970,2026-08-22,273
1970-401,Philadelphia WCT,Other,64,Carpet,Yes,Finished,1970-02-02,1970,2026-08-22,274
1970-405,Houston,Other,32,Clay,No,Finished,1970-04-20,1970,2026-08-22,275
1970-406,Brussels,Other,32,Clay,No,Finished,1970-05-11,1970,2026-08-22,276
1970-410,Monte Carlo,Other,64,Clay,No,Finished,1970-04-13,1970,2026-08-22,277
1970-412,Atlanta,Other,16,Hard,No,Finished,1970-05-04,1970,2026-08-22,278
1970-413,Las Vegas,Other,16,Hard,No,Finished,1970-05-11,1970,2026-08-22,279
1970-414,Hamburg,Other,64,Clay,No,Finished,1970-08-17,1970,2026-08-22,280
1970-416,Rome,Masters 1000,32,Clay,No,Finished,1970-05-11,1970,2026-08-22,281
1970-417,Boston,Other,32,Hard,No,Finished,1970-08-03,1970,2026-08-22,282
1970-418,Washington,Other,64,Hard,No,Finished,1970-07-13,1970,2026-08-22,283
1970-419,Indianapolis,Other,64,Clay,No,Finished,1970-07-27,1970,2026-08-22,284
1970-421,Montreal / Toronto,Masters 1000,32,Clay,No,Finished,1970-08-10,1970,2026-08-22,285
1970-422,Cincinnati,Masters 1000,64,Clay,No,Finished,1970-07-20,1970,2026-08-22,286
1970-423,Los Angeles,Other,64,Hard,No,Finished,1970-09-14,1970,2026-08-22,287
1970-424,Berkeley,Other,64,Hard,No,Finished,1970-09-28,1970,2026-08-22,288
1970-425,Barcelona,Other,64,Clay,No,Finished,1970-09-28,1970,2026-08-22,289
1970-426,Johannesburg,Other,64,Hard,No,Finished,1970-03-23,1970,2026-08-22,290
1970-429,Stockholm Open,Other,32,Hard,No,Finished,1970-10-26,1970,2026-08-22,291
1970-430,Wembley,Other,32,Carpet,Yes,Finished,1970-11-16,1970,2026-08-22,292
1970-436,Charlotte,Other,32,Clay,No,Finished,1970-04-13,1970,2026-08-22,293
1970-520,Roland Garros,Grand Slam,128,Clay,No,Finished,1970-04-27,1970,2026-08-22,294
1970-540,Wimbledon,Grand Slam,128,Grass,No,Finished,1970-06-22,1970,2026-08-22,295
1970-560,US Open,Grand Slam,128,Grass,No,Finished,1970-08-31,1970,2026-08-22,296
1970-580,Australian Open,Grand Slam,64,Grass,No,Finished,1970-01-19,1970,2026-08-22,297
1970-605,Masters,Masters 1000,6,Carpet,Yes,Finished,1970-12-07,1970,2026-08-22,298
1970-652,St. Louis WCT,Other,32,Carpet,Yes,Finished,1970-06-01,1970,2026-08-22,299
1970-653,Fort Worth,Other,16,Hard,No,Finished,1970-08-17,1970,2026-08-22,300
1970-654,Sacramento,Other,16,Hard,No,Finished,1970-05-04,1970,2026-08-22,301
1970-657,Hampton,Other,32,Carpet,Yes,Finished,1970-03-02,1970,2026-08-22,302
1970-663,Louisville,Other,16,Hard,No,Finished,1970-07-27,1970,2026-08-22,303
1970-681,Miami,Other,8,Clay,No,Finished,1970-02-09,1970,2026-08-22,304
1970-6811,Los Angeles,Other,8,Carpet,Yes,Finished,1970-02-23,1970,2026-08-22,305
1970-6812,Wembley,Other,16,Carpet,Yes,Finished,1970-03-02,1970,2026-08-22,306
1970-6816,Corpus Christi,Other,8,Hard,No,Finished,1970-02-16,1970,2026-08-22,307
1970-6817,San Juan,Other,64,Hard,No,Finished,1970-03-23,1970,2026-08-22,308
1970-6818,St. Petersburg,Other,64,Clay,No,Finished,1970-04-06,1970,2026-08-22,309
1970-6830,Hoylake,Other,64,Grass,No,Finished,1970-07-13,1970,2026-08-22,310
1970-6831,Leicester,Other,16,Grass,No,Finished,1970-07-13,1970,2026-08-22,311
1970-6832,Midland,Other,8,Hard,No,Finished,1970-10-05,1970,2026-08-22,312
1970-6833,Tucson,Other,16,Hard,No,Finished,1970-10-12,1970,2026-08-22,313
1970-707,South Orange,Other,64,Hard,No,Finished,1970-08-31,1970,2026-08-22,314
1970-717,Indianapolis,Other,64,Clay,No,Finished,1970-07-27,1970,2026-08-22,315
1970-7308,Adelaide,Other,64,Grass,No,Finished,1970-12-14,1970,2026-08-22,316
1970-7310,Beckenham,Other,64,Grass,No,Finished,1970-06-08,1970,2026-08-22,317
1970-802,Richmond,Other,8,Carpet,Yes,Finished,1970-02-09,1970,2026-08-22,318
1970-8025,Manchester,Other,8,Grass,No,Finished,1970-06-01,1970,2026-08-22,319
1970-9205,Cambridge,Other,5,Clay,No,Finished,1970-03-09,1970,2026-08-22,320
1970-9238,Kansas City,Other,8,Hard,No,Finished,1970-04-27,1970,2026-08-22,321
1970-9240,Berlin,Other,64,Clay,No,Finished,1970-05-11,1970,2026-08-22,322
1970-9277,Curacao,Other,32,Hard,No,Finished,1970-03-23,1970,2026-08-22,323
1970-9278,New Orleans,Other,8,Carpet,Yes,Finished,1970-12-21,1970,2026-08-22,324
1970-9289,Champions Classic,Other,9,Carpet,Yes,Finished,1970-07-13,1970,2026-08-22,325
1970-9290,Australian Round Robin,Other,5,Grass,No,Finished,1969-12-29,1970,2026-08-22,326
1970-9291,Newport 2,Other,8,Grass,No,Finished,1970-08-24,1970,2026-08-22,327
1970-9341,Brisbane,Other,64,Grass,No,Finished,1970-11-09,1970,2026-08-22,328
1971-2010,Paris,Other,32,Clay,No,Finished,1971-04-26,1971,2026-08-22,329
1971-2011,Tehran WCT,Other,32,Clay,No,Finished,1971-05-10,1971,2026-08-22,330
1971-2016,London 3,Other,8,Carpet,Yes,Finished,1971-11-15,1971,2026-08-22,331
1971-2026,Madrid,Other,64,Clay,No,Finished,1971-05-03,1971,2026-08-22,332
1971-2029,Dublin,Other,32,Grass,No,Finished,1971-07-05,1971,2026-08-22,333
1971-2030,Merion,Other,64,Hard,No,Finished,1971-08-16,1971,2026-08-22,334
1971-2036,Omaha,Other,16,Carpet,Yes,Finished,1971-01-25,1971,2026-08-22,335
1971-2044,Quebec WCT,Other,32,-,No,Finished,1971-07-26,1971,2026-08-22,336
1971-2047,Jacksonville,Other,32,Clay,No,Finished,1971-04-12,1971,2026-08-22,337
1971-2048,Vancouver WCT,Other,32,-,No,Finished,1971-10-04,1971,2026-08-22,338
1971-2049,Eastbourne,Other,32,Grass,No,Finished,1971-06-14,1971,2026-08-22,339
1971-2050,Newport,Other,32,Grass,No,Finished,1971-07-05,1971,2026-08-22,340
1971-2051,Tanglewood,Other,64,Hard,No,Finished,1971-07-19,1971,2026-08-22,341
1971-2058,New York,Other,32,-,No,Finished,1971-02-08,1971,2026-08-22,342
1971-2061,Des Moines,Other,16,Carpet,Yes,Finished,1971-04-05,1971,2026-08-22,343
1971-2065,Catania,Other,64,Clay,No,Finished,1971-04-19,1971,2026-08-22,344
1971-2066,Macon,Other,64,Hard,No,Finished,1971-03-01,1971,2026-08-22,345
1971-260,Durban,Other,64,Hard,No,Finished,1971-03-29,1971,2026-08-22,346
1971-262,London,Other,32,Hard,No,Finished,1971-03-22,1971,2026-08-22,347
1971-301,Auckland,Other,32,Hard,No,Finished,1971-03-01,1971,2026-08-22,348
1971-303,Buenos Aires,Other,32,Clay,No,Finished,1971-11-29,1971,2026-08-22,349
1971-308,Munich,Other,32,Clay,No,Finished,1971-07-05,1971,2026-08-22,350
1971-311,Queen's Club,Other,64,Grass,No,Finished,1971-06-14,1971,2026-08-22,351
1971-312,Bologna WCT,Other,64,Carpet,Yes,Finished,1971-11-08,1971,2026-08-22,352
1971-313,Bristol,Other,32,Grass,No,Finished,1971-06-07,1971,2026-08-22,353
1971-314,Gstaad,Other,32,Clay,No,Finished,1971-07-05,1971,2026-08-22,354
1971-316,Bastad,Other,32,Clay,No,Finished,1971-07-05,1971,2026-08-22,355
1971-317,Hilversum,Other,64,Hard,No,Finished,1971-08-02,1971,2026-08-22,356
1971-319,Kitzbuhel,Other,32,Clay,No,Finished,1971-07-19,1971,2026-08-22,357
1971-325,Palermo,Other,64,Clay,No,Finished,1971-04-12,1971,2026-08-22,358
1971-332,Cologne WCT,Other,32,Carpet,Yes,Finished,1971-10-11,1971,2026-08-22,359
1971-338,Sydney Outdoor,Other,32,Hard,No,Finished,1971-01-18,1971,2026-08-22,360
1971-343,Columbus,Other,32,Hard,No,Finished,1971-07-26,1971,2026-08-22,361
1971-344,Caracas,Other,32,Clay,No,Finished,1971-03-15,1971,2026-08-22,362
1971-347,Bournemouth,Other,32,Clay,No,Finished,1971-05-17,1971,2026-08-22,363
1971-352,Paris Indoor,Other,32,Clay,Yes,Finished,1971-11-08,1971,2026-08-22,364
1971-355,Salisbury,Other,64,Hard,No,Finished,1971-02-15,1971,2026-08-22,365
1971-388,Dallas WCT,Other,32,Carpet,Yes,Finished,1971-04-26,1971,2026-08-22,366
1971-389,Denver,Other,8,Carpet,Yes,Finished,1971-04-19,1971,2026-08-22,367
1971-3936,Melbourne,Other,64,Grass,No,Finished,1971-01-18,1971,2026-08-22,368
1971-401,Philadelphia WCT,Other,32,Carpet,Yes,Finished,1971-02-08,1971,2026-08-22,369
1971-405,Houston,Other,32,Clay,No,Finished,1971-04-19,1971,2026-08-22,370
1971-406,Brussels,Other,32,Clay,No,Finished,1971-05-17,1971,2026-08-22,371
1971-410,Monte Carlo,Other,32,Clay,No,Finished,1971-04-05,1971,2026-08-22,372
1971-414,Hamburg,Other,32,Clay,No,Finished,1971-05-17,1971,2026-08-22,373
1971-416,Rome,Masters 1000,64,Clay,No,Finished,1971-05-03,1971,2026-08-22,374
1971-417,Boston WCT,Other,32,Hard,No,Finished,1971-08-02,1971,2026-08-22,375
1971-418,Washington WCT,Other,64,Clay,No,Finished,1971-07-12,1971,2026-08-22,376
1971-421,Montreal / Toronto,Masters 1000,64,Clay,No,Finished,1971-08-09,1971,2026-08-22,377
1971-422,Cincinnati,Masters 1000,64,Clay,No,Finished,1971-08-02,1971,2026-08-22,378
1971-423,Los Angeles,Other,64,Hard,No,Finished,1971-09-20,1971,2026-08-22,379
1971-424,Berkeley,Other,64,Hard,No,Finished,1971-09-27,1971,2026-08-22,380
1971-425,Barcelona WCT,Other,64,Clay,No,Finished,1971-10-18,1971,2026-08-22,381
1971-426,Johannesburg,Other,128,Hard,No,Finished,1971-04-05,1971,2026-08-22,382
1971-429,Stockholm Open,Other,64,Hard,No,Finished,1971-11-01,1971,2026-08-22,383
1971-430,Wembley,Other,32,Hard,No,Finished,1971-11-01,1971,2026-08-22,384
1971-436,Charlotte,Other,32,Hard,No,Finished,1971-04-12,1971,2026-08-22,385
1971-520,Roland Garros,Grand Slam,128,Clay,No,Finished,1971-05-17,1971,2026-08-22,386
1971-540,Wimbledon,Grand Slam,128,Grass,No,Finished,1971-06-21,1971,2026-08-22,387
1971-560,US Open,Grand Slam,128,Grass,No,Finished,1971-08-30,1971,2026-08-22,388
1971-580,Australian Open,Grand Slam,64,Grass,No,Finished,1971-03-01,1971,2026-08-22,389
1971-583,Manchester,Other,128,Grass,No,Finished,1971-05-31,1971,2026-08-22,390
1971-605,Masters,Masters 1000,7,Carpet,Yes,Finished,1971-11-29,1971,2026-08-22,391
1971-610,Dallas,Other,8,Carpet,Yes,Finished,1971-11-15,1971,2026-08-22,392
1971-6120,Nice,Other,64,Clay,No,Finished,1971-03-29,1971,2026-08-22,393
1971-653,Fort Worth WCT,Other,32,Hard,No,Finished,1971-08-16,1971,2026-08-22,394
1971-654,Sacramento,Other,64,Hard,No,Finished,1971-09-20,1971,2026-08-22,395
1971-657,Hampton,Other,32,Hard,No,Finished,1971-03-01,1971,2026-08-22,396
1971-663,Louisville WCT,Other,32,Clay,No,Finished,1971-07-19,1971,2026-08-22,397
1971-681,Miami WCT,Other,32,Hard,No,Finished,1971-03-29,1971,2026-08-22,398
1971-6817,San Juan,Other,32,Hard,No,Finished,1971-03-22,1971,2026-08-22,399
1971-6818,St. Petersburg,Other,64,Clay,No,Finished,1971-04-05,1971,2026-08-22,400
1971-6832,Midland,Other,8,Hard,No,Finished,1971-09-20,1971,2026-08-22,401
1971-6834,Senigallia,Other,64,Clay,No,Finished,1971-08-02,1971,2026-08-22,402
1971-707,South Orange,Other,64,Hard,No,Finished,1971-08-30,1971,2026-08-22,403
1971-713,Hobart,Other,32,Hard,No,Finished,1971-01-04,1971,2026-08-22,404
1971-717,Indianapolis,Other,64,Clay,No,Finished,1971-08-09,1971,2026-08-22,405
1971-724,Hilton Head,Other,4,Clay,No,Finished,1971-08-23,1971,2026-08-22,406
1971-7310,Beckenham,Other,64,Grass,No,Finished,1971-06-07,1971,2026-08-22,407
1971-802,Richmond,Other,16,Hard,No,Finished,1971-02-01,1971,2026-08-22,408
1971-818,Chicago WCT,Other,32,Carpet,Yes,Finished,1971-04-26,1971,2026-08-22,409
1971-9205,Boston,Other,6,Carpet,Yes,Finished,1971-04-19,1971,2026-08-22,410
1971-9211,Washington 1,Other,16,Carpet,Yes,Finished,1971-02-01,1971,2026-08-22,411
1971-9237,Pensacola,Other,32,Hard,No,Finished,1971-03-22,1971,2026-08-22,412
1971-9238,Kansas City,Other,8,Hard,No,Finished,1971-04-26,1971,2026-08-22,413
1971-9240,Berlin,Other,32,Clay,No,Finished,1971-05-24,1971,2026-08-22,414
1971-9289,Champions Classic,Other,9,Carpet,Yes,Finished,1971-03-15,1971,2026-08-22,415
1971-9341,Brisbane,Other,64,Grass,No,Finished,1971-12-06,1971,2026-08-22,416
1972-2013,Adelaide-2,Other,64,Grass,No,Finished,1972-12-11,1972,2026-08-22,417
1972-2016,London,Other,32,Carpet,Yes,Finished,1972-11-13,1972,2026-08-22,418
1972-2022,Roanoke,Other,16,Carpet,Yes,Finished,1972-01-17,1972,2026-08-22,419
1972-2026,Madrid,Other,32,Clay,No,Finished,1972-04-10,1972,2026-08-22,420
1972-2029,Dublin,Other,32,Grass,No,Finished,1972-07-10,1972,2026-08-22,421
1972-2030,Merion,Other,64,Hard,No,Finished,1972-08-21,1972,2026-08-22,422
1972-2036,Omaha,Other,16,Hard,No,Finished,1972-01-31,1972,2026-08-22,423
1972-2043,Seattle,Other,32,-,No,Finished,1972-09-11,1972,2026-08-22,424
1972-2044,Quebec WCT,Other,32,-,No,Finished,1972-04-10,1972,2026-08-22,425
1972-2047,Jacksonville,Other,16,Hard,No,Finished,1973-01-15,1973,2026-08-22,426
1972-2048,Vancouver WCT,Other,32,-,No,Finished,1972-10-16,1972,2026-08-22,427
1972-2049,Eastbourne,Other,32,Grass,No,Finished,1972-06-19,1972,2026-08-22,428
1972-2051,Tanglewood,Other,32,-,No,Finished,1972-07-24,1972,2026-08-22,429
1972-2052,Montreal WCT,Other,32,-,No,Finished,1972-09-11,1972,2026-08-22,430
1972-2053,Alamo WCT,Other,32,-,No,Finished,1972-09-25,1972,2026-08-22,431
1972-2054,Essen WCT,Other,32,Carpet,Yes,Finished,1972-10-23,1972,2026-08-22,432
1972-2056,Rome WCT,Other,16,Carpet,Yes,Finished,1972-11-20,1972,2026-08-22,433
1972-2057,Los Angeles,Other,32,-,No,Finished,1972-02-14,1972,2026-08-22,434
1972-2058,New York,Other,64,-,No,Finished,1972-02-28,1972,2026-08-22,435
1972-2061,Des Moines,Other,16,-,No,Finished,1972-01-31,1972,2026-08-22,436
1972-2062,Kansas City,Other,16,-,No,Finished,1972-01-31,1972,2026-08-22,437
1972-2064,London Indoor,Other,16,Hard,Yes,Finished,1972-01-17,1972,2026-08-22,438
1972-2066,Macon,Other,32,Carpet,Yes,Finished,1972-03-27,1972,2026-08-22,439
1972-254,Johannesburg-2,Other,16,Hard,No,Finished,1972-11-27,1972,2026-08-22,440
1972-301,Auckland,Other,32,Grass,No,Finished,1971-12-06,1971,2026-08-22,441
1972-302,Toronto WCT,Other,32,Carpet,Yes,Finished,1972-02-14,1972,2026-08-22,442
1972-303,Buenos Aires,Other,32,Clay,No,Finished,1972-11-27,1972,2026-08-22,443
1972-311,Queen's Club,Other,64,Grass,No,Finished,1972-06-19,1972,2026-08-22,444
1972-313,Bristol,Other,32,Grass,No,Finished,1972-06-12,1972,2026-08-22,445
1972-314,Gstaad,Other,32,Clay,No,Finished,1972-07-10,1972,2026-08-22,446
1972-316,Bastad,Other,32,Clay,No,Finished,1972-07-10,1972,2026-08-22,447
1972-317,Hilversum,Other,64,Hard,No,Finished,1972-07-31,1972,2026-08-22,448
1972-319,Kitzbuhel,Other,32,Clay,No,Finished,1972-07-17,1972,2026-08-22,449
1972-320,Cleveland WCT,Other,32,Hard,No,Finished,1972-08-07,1972,2026-08-22,450
1972-326,Brisbane,Other,64,Hard,No,Finished,1972-11-27,1972,2026-08-22,451
1972-338,Sydney,Other,32,Grass,No,Finished,1972-01-03,1972,2026-08-22,452
1972-343,Columbus,Other,32,Hard,No,Finished,1972-07-17,1972,2026-08-22,453
1972-344,Caracas,Other,32,Hard,No,Finished,1972-03-13,1972,2026-08-22,454
1972-347,Bournemouth,Other,32,Clay,No,Finished,1972-05-08,1972,2026-08-22,455
1972-355,Salisbury,Other,64,Hard,No,Finished,1972-02-14,1972,2026-08-22,456
1972-389,Denver WCT,Other,32,Carpet,Yes,Finished,1972-04-24,1972,2026-08-22,457
1972-401,Philadelphia WCT,Other,32,Carpet,Yes,Finished,1972-02-07,1972,2026-08-22,458
1972-405,Houston WCT,Other,32,Clay,No,Finished,1972-04-03,1972,2026-08-22,459
1972-406,Brussels,Other,32,Clay,No,Finished,1972-05-08,1972,2026-08-22,460
1972-407,Rotterdam WCT,Other,32,Carpet,Yes,Finished,1972-11-13,1972,2026-08-22,461
1972-410,Monte Carlo,Other,32,Clay,No,Finished,1972-03-27,1972,2026-08-22,462
1972-413,Las Vegas WCT,Other,32,Hard,No,Finished,1972-05-01,1972,2026-08-22,463
1972-414,Hamburg,Other,32,Clay,No,Finished,1972-06-05,1972,2026-08-22,464
1972-416,Rome,Masters 1000,64,Clay,No,Finished,1972-04-24,1972,2026-08-22,465
1972-417,Boston WCT,Other,32,Hard,No,Finished,1972-07-03,1972,2026-08-22,466
1972-418,Washington WCT,Other,32,Clay,No,Finished,1972-07-10,1972,2026-08-22,467
1972-419,Indianapolis,Other,64,Clay,No,Finished,1972-08-07,1972,2026-08-22,468
1972-421,Montreal / Toronto,Masters 1000,128,Clay,No,Finished,1972-08-14,1972,2026-08-22,469
1972-422,Cincinnati,Masters 1000,64,Clay,No,Finished,1972-07-31,1972,2026-08-22,470
1972-423,Los Angeles WCT,Other,64,Hard,No,Finished,1972-09-18,1972,2026-08-22,471
1972-424,Albany,Other,64,Carpet,Yes,Finished,1972-09-25,1972,2026-08-22,472
1972-425,Barcelona,Other,32,Clay,No,Finished,1972-10-23,1972,2026-08-22,473
1972-426,Johannesburg,Other,32,Hard,No,Finished,1972-04-03,1972,2026-08-22,474
1972-429,Stockholm,Other,64,Hard,No,Finished,1972-10-30,1972,2026-08-22,475
1972-436,Charlotte WCT,Other,32,Clay,No,Finished,1972-04-17,1972,2026-08-22,476
1972-508,Gothenberg WCT,Other,32,Carpet,Yes,Finished,1972-10-30,1972,2026-08-22,477
1972-520,Roland Garros,Grand Slam,64,Clay,No,Finished,1972-05-22,1972,2026-08-22,478
1972-540,Wimbledon,Grand Slam,128,Grass,No,Finished,1972-06-26,1972,2026-08-22,479
1972-560,US Open,Grand Slam,128,Grass,No,Finished,1972-08-28,1972,2026-08-22,480
1972-580,Australian Open,Grand Slam,64,Grass,No,Finished,1971-12-20,1971,2026-08-22,481
1972-583,Manchester,Other,128,Grass,No,Finished,1972-06-05,1972,2026-08-22,482
1972-605,Masters,Masters 1000,8,Carpet,Yes,Finished,1972-11-27,1972,2026-08-22,483
1972-610,Dallas WCT,Other,8,Carpet,Yes,Finished,1972-05-08,1972,2026-08-22,484
1972-6120,Nice,Other,64,Clay,No,Finished,1972-04-17,1972,2026-08-22,485
1972-652,St. Louis WCT,Other,32,Carpet,Yes,Finished,1972-06-26,1972,2026-08-22,486
1972-653,Fort Worth WCT,Other,32,Hard,No,Finished,1972-08-14,1972,2026-08-22,487
1972-654,Sacramento,Other,32,-,No,Finished,1972-09-11,1972,2026-08-22,488
1972-657,Hampton,Other,32,Hard,No,Finished,1972-02-28,1972,2026-08-22,489
1972-663,Louisville WCT,Other,32,Clay,No,Finished,1972-07-24,1972,2026-08-22,490
1972-681,Miami WCT,Other,32,Hard,No,Finished,1972-02-28,1972,2026-08-22,491
1972-6817,San Juan,Other,7,Hard,No,Finished,1972-03-27,1972,2026-08-22,492
1972-6832,Midland,Other,8,Hard,No,Finished,1972-10-02,1972,2026-08-22,493
1972-706,Bretton Woods,Other,32,Hard,No,Finished,1972-07-03,1972,2026-08-22,494
1972-707,South Orange,Other,32,Hard,No,Finished,1972-08-28,1972,2026-08-22,495
1972-710,Washington,Other,32,Carpet,Yes,Finished,1972-03-06,1972,2026-08-22,496
1972-713,Hobart,Other,16,Grass,No,Finished,1972-01-10,1972,2026-08-22,497
1972-724,Hilton Head,Other,16,Clay,No,Finished,1972-03-20,1972,2026-08-22,498
1972-7302,Paris Indoor,Other,32,Hard,Yes,Finished,1972-10-30,1972,2026-08-22,499
1972-7308,Adelaide,Other,64,Grass,No,Finished,1972-01-17,1972,2026-08-22,500
1972-7310,Beckenham,Other,64,Grass,No,Finished,1972-06-12,1972,2026-08-22,501
1972-802,Richmond WCT,Other,32,Carpet,Yes,Finished,1972-01-31,1972,2026-08-22,502
1972-816,Baltimore,Other,16,Hard,No,Finished,1972-01-03,1972,2026-08-22,503
1972-818,Chicago WCT,Other,32,Carpet,Yes,Finished,1972-03-13,1972,2026-08-22,504
1972-9037,Tokyo,Other,8,Hard,No,Finished,1972-10-02,1972,2026-08-22,505
1972-9205,Hartford,Other,6,Carpet,Yes,Finished,1972-03-06,1972,2026-08-22,506
1972-9206,New York,Other,32,Carpet,Yes,Finished,1972-12-04,1972,2026-08-22,507
1972-9215,Cleveland,Other,32,Carpet,Yes,Finished,1972-08-07,1972,2026-08-22,508
1972-9216,Hong Kong,Other,32,Hard,No,Finished,1972-03-27,1972,2026-08-22,509
1972-9238,Kansas City,Other,8,Hard,No,Finished,1972-05-01,1972,2026-08-22,510
1973-2011,Tehran,Other,64,Clay,No,Finished,1973-10-22,1973,2026-08-22,511
1973-2016,London,Other,32,Carpet,Yes,Finished,1973-11-12,1973,2026-08-22,512
1973-2022,Roanoke,Other,16,Hard,No,Finished,1973-01-15,1973,2026-08-22,513
1973-2026,Madrid,Other,64,Clay,No,Finished,1973-04-23,1973,2026-08-22,514
1973-2029,Dublin,Other,32,Hard,No,Finished,1973-07-09,1973,2026-08-22,515
1973-2030,Merion,Other,64,Grass,No,Finished,1973-08-13,1973,2026-08-22,516
1973-2032,Christchurch,Other,32,-,No,Finished,1973-11-12,1973,2026-08-22,517
1973-2036,Omaha,Other,32,Hard,No,Finished,1973-01-22,1973,2026-08-22,518
1973-2037,Paramus,Other,16,Hard,No,Finished,1973-03-05,1973,2026-08-22,519
1973-2038,Calgary,Other,32,-,No,Finished,1973-02-12,1973,2026-08-22,520
1973-2039,Salt Lake City,Other,24,Hard,No,Finished,1973-02-05,1973,2026-08-22,521
1973-2040,Washington 2,Other,32,Carpet,Yes,Finished,1973-03-19,1973,2026-08-22,522
1973-2042,Aptos,Other,32,Hard,No,Finished,1973-09-10,1973,2026-08-22,523
1973-2043,Seattle,Other,32,-,No,Finished,1973-09-10,1973,2026-08-22,524
1973-2044,Quebec,Other,32,-,No,Finished,1973-10-01,1973,2026-08-22,525
1973-2045,New Delhi,Other,32,-,No,Finished,1973-10-15,1973,2026-08-22,526
1973-2046,Djkarta,Other,32,-,No,Finished,1973-10-29,1973,2026-08-22,527
1973-2048,Vancouver WCT,Other,32,-,No,Finished,1973-03-26,1973,2026-08-22,528
1973-2049,Eastbourne,Other,32,Grass,No,Finished,1973-06-18,1973,2026-08-22,529
1973-2050,Newport,Other,64,Grass,No,Finished,1973-07-09,1973,2026-08-22,530
1973-2051,Tanglewood,Other,32,-,No,Finished,1973-08-06,1973,2026-08-22,531
1973-2061,Des Moines,Other,32,Hard,No,Finished,1973-01-29,1973,2026-08-22,532
1973-254,Johannesburg WCT,Other,32,Hard,No,Finished,1973-04-09,1973,2026-08-22,533
1973-262,London WCT,Other,32,Hard,No,Finished,1973-01-15,1973,2026-08-22,534
1973-277,Berlin,Other,32,Hard,No,Finished,1973-06-04,1973,2026-08-22,535
1973-278,Barcelona,Other,64,Clay,No,Finished,1973-04-02,1973,2026-08-22,536
1973-301,Auckland,Other,32,Grass,No,Finished,1973-01-08,1973,2026-08-22,537
1973-302,Toronto WCT,Other,32,Carpet,Yes,Finished,1973-02-05,1973,2026-08-22,538
1973-303,Buenos Aires,Other,32,Clay,No,Finished,1973-11-19,1973,2026-08-22,539
1973-305,Nice,Other,32,Clay,No,Finished,1973-04-09,1973,2026-08-22,540
1973-308,Munich,Other,64,Clay,No,Finished,1973-07-23,1973,2026-08-22,541
1973-309,Madrid,Other,64,Clay,No,Finished,1973-10-15,1973,2026-08-22,542
1973-310,Florence,Other,64,Clay,No,Finished,1973-04-30,1973,2026-08-22,543
1973-311,Queen's Club,Other,64,Grass,No,Finished,1973-06-11,1973,2026-08-22,544
1973-314,Gstaad,Other,32,Clay,No,Finished,1973-07-09,1973,2026-08-22,545
1973-316,Bastad,Other,32,Clay,No,Finished,1973-07-09,1973,2026-08-22,546
1973-317,Hilversum,Other,32,Clay,No,Finished,1973-07-16,1973,2026-08-22,547
1973-319,Kitzbuhel,Other,32,Clay,No,Finished,1973-07-16,1973,2026-08-22,548
1973-320,Cleveland WCT,Other,32,Carpet,Yes,Finished,1973-04-09,1973,2026-08-22,549
1973-329,Tokyo,Other,64,Clay,No,Finished,1973-10-08,1973,2026-08-22,550
1973-332,Cologne WCT,Other,32,Carpet,Yes,Finished,1973-02-19,1973,2026-08-22,551
1973-336,Hong Kong,Other,32,Hard,No,Finished,1973-10-29,1973,2026-08-22,552
1973-338,Sydney,Other,48,Grass,No,Finished,1973-01-01,1973,2026-08-22,553
1973-343,Columbus,Other,32,Hard,No,Finished,1973-07-30,1973,2026-08-22,554
1973-344,Caracas,Other,10,Hard,No,Finished,1973-03-12,1973,2026-08-22,555
1973-347,Bournemouth,Other,64,Clay,No,Finished,1973-04-30,1973,2026-08-22,556
1973-350,Nottingham,Other,64,Grass,No,Finished,1973-06-11,1973,2026-08-22,557
1973-352,Paris Indoor,Other,64,Hard,Yes,Finished,1973-10-29,1973,2026-08-22,558
1973-355,Salisbury,Other,64,Hard,No,Finished,1973-02-19,1973,2026-08-22,559
1973-362,Manila,Other,32,Hard,No,Finished,1973-10-15,1973,2026-08-22,560
1973-379,Prague,Other,32,Clay,No,Finished,1973-10-22,1973,2026-08-22,561
1973-389,Denver WCT,Other,32,Carpet,Yes,Finished,1973-04-23,1973,2026-08-22,562
1973-401,Philadelphia WCT,Other,32,Carpet,Yes,Finished,1973-02-05,1973,2026-08-22,563
1973-405,Houston WCT,Other,32,Clay,No,Finished,1973-04-02,1973,2026-08-22,564
1973-406,Brussels WCT,Other,32,Carpet,Yes,Finished,1973-04-09,1973,2026-08-22,565
1973-408,Milan WCT,Other,32,Carpet,Yes,Finished,1973-01-29,1973,2026-08-22,566
1973-410,Monte Carlo,Other,48,Clay,No,Finished,1973-04-09,1973,2026-08-22,567
1973-411,Chicago,Other,32,Carpet,Yes,Finished,1973-09-24,1973,2026-08-22,568
1973-412,Atlanta WCT,Other,32,Clay,No,Finished,1973-03-19,1973,2026-08-22,569
1973-413,Las Vegas,Other,32,Hard,No,Finished,1973-05-14,1973,2026-08-22,570
1973-414,Hamburg,Other,64,Clay,No,Finished,1973-06-11,1973,2026-08-22,571
1973-416,Rome,Masters 1000,128,Clay,No,Finished,1973-05-28,1973,2026-08-22,572
1973-417,Boston,Other,32,Clay,No,Finished,1973-07-16,1973,2026-08-22,573
1973-418,Washington,Other,64,Clay,No,Finished,1973-07-23,1973,2026-08-22,574
1973-419,Indianapolis,Other,64,Clay,No,Finished,1973-08-13,1973,2026-08-22,575
1973-421,Toronto,Masters 1000,64,Clay,No,Finished,1973-08-20,1973,2026-08-22,576
1973-422,Cincinnati,Masters 1000,32,Clay,No,Finished,1973-08-06,1973,2026-08-22,577
1973-423,Los Angeles,Other,64,Hard,No,Finished,1973-09-17,1973,2026-08-22,578
1973-424,San Francisco,Other,32,Carpet,Yes,Finished,1973-09-24,1973,2026-08-22,579
1973-425,Barcelona,Other,64,Clay,No,Finished,1973-10-08,1973,2026-08-22,580
1973-426,Johannesburg,Other,32,Hard,No,Finished,1973-11-26,1973,2026-08-22,581
1973-427,Sydney Indoor,Other,32,Hard,Yes,Finished,1973-11-05,1973,2026-08-22,582
1973-429,Stockholm,Other,64,Hard,No,Finished,1973-10-29,1973,2026-08-22,583
1973-436,Charlotte WCT,Other,32,Clay,No,Finished,1973-04-16,1973,2026-08-22,584
1973-481,Copenhagen WCT,Other,32,Carpet,Yes,Finished,1973-02-12,1973,2026-08-22,585
1973-498,Osaka,Other,32,Hard,No,Finished,1973-10-01,1973,2026-08-22,586
1973-508,Gothenberg WCT,Other,32,Carpet,Yes,Finished,1973-04-23,1973,2026-08-22,587
1973-520,Roland Garros,Grand Slam,128,Clay,No,Finished,1973-05-21,1973,2026-08-22,588
1973-540,Wimbledon,Grand Slam,128,Grass,No,Finished,1973-06-25,1973,2026-08-22,589
1973-560,US Open,Grand Slam,128,Grass,No,Finished,1973-08-27,1973,2026-08-22,590
1973-580,Australian Open,Grand Slam,64,Grass,No,Finished,1972-12-25,1972,2026-08-22,591
1973-583,Manchester,Other,64,Grass,No,Finished,1973-06-04,1973,2026-08-22,592
1973-605,Masters,Masters 1000,8,Carpet,Yes,Finished,1973-12-03,1973,2026-08-22,593
1973-610,Dallas WCT,Other,8,Carpet,Yes,Finished,1973-05-07,1973,2026-08-22,594
1973-6120,Nice,Other,64,Clay,No,Finished,1973-04-09,1973,2026-08-22,595
1973-650,Birmingham,Other,16,Hard,No,Finished,1973-01-15,1973,2026-08-22,596
1973-652,St. Louis WCT,Other,32,Carpet,Yes,Finished,1973-03-26,1973,2026-08-22,597
1973-653,Fort Worth,Other,32,Hard,No,Finished,1973-10-01,1973,2026-08-22,598
1973-656,Jackson,Other,16,Hard,No,Finished,1973-03-19,1973,2026-08-22,599
1973-657,Hampton,Other,32,Hard,No,Finished,1973-02-26,1973,2026-08-22,600
1973-659,Valencia,Other,64,Clay,No,Finished,1973-03-26,1973,2026-08-22,601
1973-663,Louisville,Other,64,Clay,No,Finished,1973-07-30,1973,2026-08-22,602
1973-681,Miami WCT,Other,32,Hard,No,Finished,1973-01-15,1973,2026-08-22,603
1973-6817,San Juan,Other,10,Hard,No,Finished,1973-03-05,1973,2026-08-22,604
1973-6945,Charleston,Other,16,Carpet,Yes,Finished,1973-03-12,1973,2026-08-22,605
1973-706,Bretton Woods,Other,32,Clay,No,Finished,1973-07-23,1973,2026-08-22,606
1973-707,South Orange,Other,32,Grass,No,Finished,1973-08-20,1973,2026-08-22,607
1973-710,Washington WCT,Other,32,Carpet,Yes,Finished,1973-03-19,1973,2026-08-22,608
1973-724,Hilton Head,Other,16,Clay,No,Finished,1973-03-12,1973,2026-08-22,609
1973-7308,Adelaide,Other,64,Grass,No,Finished,1973-11-19,1973,2026-08-22,610
1973-7310,Beckenham,Other,64,Grass,No,Finished,1973-06-11,1973,2026-08-22,611
1973-802,Richmond WCT,Other,32,Carpet,Yes,Finished,1973-01-29,1973,2026-08-22,612
1973-804,Munich WCT,Other,32,Carpet,Yes,Finished,1973-04-02,1973,2026-08-22,613
1973-813,Lacosta WCT,Other,32,Hard,No,Finished,1973-01-22,1973,2026-08-22,614
1973-816,Baltimore,Other,16,Hard,No,Finished,1973-01-01,1973,2026-08-22,615
1973-818,Chicago WCT,Other,32,Carpet,Yes,Finished,1973-02-26,1973,2026-08-22,616
1973-9205,Hartford,Other,6,Carpet,Yes,Finished,1973-03-05,1973,2026-08-22,617
1973-9214,Columbia,Other,16,Carpet,Yes,Finished,1973-09-17,1973,2026-08-22,618
1973-9238,Kansas City,Other,16,Hard,No,Finished,1973-04-30,1973,2026-08-22,619
1973-9340,World Invitational Classic,Other,4,Carpet,Yes,Finished,1973-09-10,1973,2026-08-22,620
1974-1537,Tempe,Other,32,Hard,No,Finished,1974-03-25,1974,2026-08-22,621
1974-1603,St. Petersburg WCT,Other,32,Hard,No,Finished,1974-02-04,1974,2026-08-22,622
1974-1729,Bombay,Other,32,Clay,No,Finished,1974-11-11,1974,2026-08-22,623
1974-2011,Tehran,Other,64,Clay,No,Finished,1974-10-21,1974,2026-08-22,624
1974-2016,London,Other,32,Carpet,Yes,Finished,1974-11-11,1974,2026-08-22,625
1974-2018,Hempstead WCT,Other,32,Hard,No,Finished,1974-02-18,1974,2026-08-22,626
1974-2022,Roanoke,Other,16,-,No,Finished,1974-01-14,1974,2026-08-22,627
1974-2029,Dublin,Other,32,-,No,Finished,1974-07-08,1974,2026-08-22,628
1974-2030,Merion,Other,64,Grass,No,Finished,1974-08-19,1974,2026-08-22,629
1974-2031,Cedar Grove,Other,32,-,No,Finished,1974-09-09,1974,2026-08-22,630
1974-2032,Christchurch,Other,32,-,No,Finished,1974-10-21,1974,2026-08-22,631
1974-2033,Oslo,Other,32,-,No,Finished,1974-11-11,1974,2026-08-22,632
1974-2034,Palm Desert WCT,Other,32,Hard,No,Finished,1974-03-25,1974,2026-08-22,633
1974-2035,New Orleans WCT,Other,32,-,No,Finished,1974-04-01,1974,2026-08-22,634
1974-2036,Omaha,Other,32,-,No,Finished,1974-01-21,1974,2026-08-22,635
1974-2037,Paramus,Other,16,-,No,Finished,1974-02-25,1974,2026-08-22,636
1974-2038,Calgary,Other,32,-,No,Finished,1974-03-11,1974,2026-08-22,637
1974-2039,Salt Lake City,Other,32,-,No,Finished,1974-03-18,1974,2026-08-22,638
1974-2040,Washington,Other,16,-,No,Finished,1974-04-01,1974,2026-08-22,639
1974-237,Sao Paulo WCT,Other,32,Carpet,Yes,Finished,1974-03-11,1974,2026-08-22,640
1974-254,Johannesburg,Other,32,Hard,No,Finished,1974-11-18,1974,2026-08-22,641
1974-262,London WCT,Other,32,Hard,No,Finished,1974-02-18,1974,2026-08-22,642
1974-267,Barcelona WCT,Other,32,Carpet,Yes,Finished,1974-02-25,1974,2026-08-22,643
1974-301,Auckland,Other,32,Grass,No,Finished,1974-01-07,1974,2026-08-22,644
1974-302,Toronto WCT,Other,32,Carpet,Yes,Finished,1974-02-11,1974,2026-08-22,645
1974-303,Buenos Aires,Other,32,Clay,No,Finished,1974-11-18,1974,2026-08-22,646
1974-308,Munich,Other,32,Clay,No,Finished,1974-05-13,1974,2026-08-22,647
1974-309,Madrid,Other,64,Clay,No,Finished,1974-10-07,1974,2026-08-22,648
1974-310,Florence,Other,32,Clay,No,Finished,1974-05-06,1974,2026-08-22,649
1974-312,Bologna WCT,Other,32,Carpet,Yes,Finished,1974-02-11,1974,2026-08-22,650
1974-314,Gstaad,Other,32,Clay,No,Finished,1974-07-08,1974,2026-08-22,651
1974-316,Bastad,Other,32,Clay,No,Finished,1974-07-08,1974,2026-08-22,652
1974-317,Hilversum,Other,32,Clay,No,Finished,1974-07-15,1974,2026-08-22,653
1974-319,Kitzbuhel,Other,32,Clay,No,Finished,1974-07-15,1974,2026-08-22,654
1974-324,Maui,Other,32,Hard,No,Finished,1974-09-30,1974,2026-08-22,655
1974-329,Tokyo WCT,Other,32,-,No,Finished,1974-04-08,1974,2026-08-22,656
1974-331,Melbourne,Other,32,Clay,No,Finished,1974-10-21,1974,2026-08-22,657
1974-336,Hong Kong,Other,32,Hard,No,Finished,1974-11-04,1974,2026-08-22,658
1974-337,Vienna,Other,32,Hard,No,Finished,1974-10-28,1974,2026-08-22,659
1974-338,Sydney,Other,48,Grass,No,Finished,1973-12-31,1973,2026-08-22,660
1974-343,Columbus,Other,32,Hard,No,Finished,1974-08-19,1974,2026-08-22,661
1974-344,Caracas,Other,12,Hard,No,Finished,1974-03-04,1974,2026-08-22,662
1974-347,Bournemouth,Other,64,Clay,No,Finished,1974-05-20,1974,2026-08-22,663
1974-350,Nottingham,Other,64,Grass,No,Finished,1974-06-17,1974,2026-08-22,664
1974-352,Paris Indoor,Other,32,Hard,Yes,Finished,1974-10-28,1974,2026-08-22,665
1974-355,Salisbury,Other,64,Carpet,Yes,Finished,1974-02-18,1974,2026-08-22,666
1974-362,Manila,Other,32,Hard,No,Finished,1974-11-11,1974,2026-08-22,667
1974-389,Denver WCT,Other,32,Carpet,Yes,Finished,1974-04-22,1974,2026-08-22,668
1974-401,Philadelphia WCT,Other,128,Carpet,Yes,Finished,1974-01-21,1974,2026-08-22,669
1974-407,Rotterdam,Other,32,Carpet,Yes,Finished,1974-03-25,1974,2026-08-22,670
1974-409,Orlando WCT,Other,32,Hard,No,Finished,1974-04-08,1974,2026-08-22,671
1974-410,Monte Carlo WCT,Other,32,Clay,No,Finished,1974-04-08,1974,2026-08-22,672
1974-411,Chicago,Other,32,Carpet,Yes,Finished,1974-07-22,1974,2026-08-22,673
1974-412,Atlanta WCT,Other,32,Clay,No,Finished,1974-03-25,1974,2026-08-22,674
1974-413,Las Vegas,Other,32,Hard,No,Finished,1974-05-13,1974,2026-08-22,675
1974-414,Hamburg,Other,64,Clay,No,Finished,1974-05-20,1974,2026-08-22,676
1974-416,Rome,Masters 1000,64,Clay,No,Finished,1974-05-20,1974,2026-08-22,677
1974-417,Boston,Other,64,Clay,No,Finished,1974-08-26,1974,2026-08-22,678
1974-418,Washington,Other,64,Clay,No,Finished,1974-07-22,1974,2026-08-22,679
1974-419,Indianapolis,Other,64,Clay,No,Finished,1974-08-05,1974,2026-08-22,680
1974-421,Toronto,Masters 1000,64,Clay,No,Finished,1974-08-12,1974,2026-08-22,681
1974-422,Cincinnati,Masters 1000,32,Clay,No,Finished,1974-07-29,1974,2026-08-22,682
1974-423,Los Angeles,Other,64,Hard,No,Finished,1974-09-16,1974,2026-08-22,683
1974-424,San Francisco,Other,64,Carpet,Yes,Finished,1974-09-23,1974,2026-08-22,684
1974-425,Barcelona,Other,64,Clay,No,Finished,1974-10-14,1974,2026-08-22,685
1974-426,Johannesburg WCT,Other,32,Hard,No,Finished,1974-04-15,1974,2026-08-22,686
1974-427,Sydney Indoor,Other,32,Hard,Yes,Finished,1974-10-14,1974,2026-08-22,687
1974-428,Tokyo,Other,64,-,No,Finished,1974-10-07,1974,2026-08-22,688
1974-429,Stockholm,Other,64,Hard,No,Finished,1974-11-04,1974,2026-08-22,689
1974-436,Charlotte,Other,32,Clay,No,Finished,1974-04-15,1974,2026-08-22,690
1974-494,Jakarta,Other,32,Hard,No,Finished,1974-10-28,1974,2026-08-22,691
1974-520,Roland Garros,Grand Slam,128,Clay,No,Finished,1974-06-03,1974,2026-08-22,692
1974-540,Wimbledon,Grand Slam,128,Grass,No,Finished,1974-06-24,1974,2026-08-22,693
1974-560,US Open,Grand Slam,128,Grass,No,Finished,1974-08-26,1974,2026-08-22,694
1974-580,Australian Open,Grand Slam,64,Grass,No,Finished,1973-12-24,1973,2026-08-22,695
1974-583,Manchester,Other,16,Grass,No,Finished,1974-06-03,1974,2026-08-22,696
1974-605,Masters,Masters 1000,8,Grass,No,Finished,1974-12-09,1974,2026-08-22,697
1974-610,Dallas WCT,Other,8,Carpet,Yes,Finished,1974-05-06,1974,2026-08-22,698
1974-650,Birmingham,Other,32,Carpet,Yes,Finished,1974-02-11,1974,2026-08-22,699
1974-652,St. Louis,Other,32,Clay,No,Finished,1974-04-22,1974,2026-08-22,700
1974-656,Jackson,Other,32,Carpet,Yes,Finished,1974-03-18,1974,2026-08-22,701
1974-657,Hampton,Other,64,Carpet,Yes,Finished,1974-03-04,1974,2026-08-22,702
1974-660,Little Rock,Other,32,Carpet,Yes,Finished,1974-02-04,1974,2026-08-22,703
1974-663,Louisville,Other,64,Clay,No,Finished,1974-08-05,1974,2026-08-22,704
1974-681,Miami WCT,Other,32,Hard,No,Finished,1974-02-25,1974,2026-08-22,705
1974-6836,Lakeway,Other,16,Hard,No,Finished,1974-01-14,1974,2026-08-22,706
1974-706,Bretton Woods,Other,32,Clay,No,Finished,1974-08-05,1974,2026-08-22,707
1974-707,South Orange,Other,32,Hard,No,Finished,1974-08-19,1974,2026-08-22,708
1974-710,Washington WCT,Other,32,Carpet,Yes,Finished,1974-03-11,1974,2026-08-22,709
1974-716,Dayton,Other,16,Carpet,Yes,Finished,1974-01-28,1974,2026-08-22,710
1974-720,Surbiton,Other,32,Grass,No,Finished,1974-05-27,1974,2026-08-22,711
1974-729,Tuscon,Other,64,Hard,No,Finished,1974-03-25,1974,2026-08-22,712
1974-7308,Adelaide,Other,32,Grass,No,Finished,1974-12-02,1974,2026-08-22,713
1974-7310,Beckenham,Other,128,Grass,No,Finished,1974-06-10,1974,2026-08-22,714
1974-802,Richmond-WCT,Other,32,Carpet,Yes,Finished,1974-01-28,1974,2026-08-22,715
1974-804,Munich WCT,Other,32,Carpet,Yes,Finished,1974-04-01,1974,2026-08-22,716
1974-813,Lacosta WCT,Other,32,Hard,No,Finished,1974-02-25,1974,2026-08-22,717
1974-816,Baltimore,Other,32,Carpet,Yes,Finished,1974-01-28,1974,2026-08-22,718
1974-820,Houston,Other,32,Clay,No,Finished,1974-04-15,1974,2026-08-22,719
1974-9205,Hartford,Other,6,Carpet,Yes,Finished,1974-03-04,1974,2026-08-22,720
1974-9212,Sydney Outdoor,Other,48,Grass,No,Finished,1974-12-16,1974,2026-08-22,721
1974-9213,Acapulco,Other,16,Carpet,Yes,Finished,1974-04-29,1974,2026-08-22,722
1974-9340,World Invitational Classic,Other,4,Carpet,Yes,Finished,1974-10-28,1974,2026-08-22,723
1975-1602,San Antonio WCT,Other,32,Hard,No,Finished,1975-02-17,1975,2026-08-22,724
1975-1603,St. Petersburg WCT,Other,32,Hard,No,Finished,1975-02-03,1975,2026-08-22,725
1975-2011,Tehran,Other,64,Clay,No,Finished,1975-10-20,1975,2026-08-22,726
1975-2014,Bermuda,Other,32,Clay,No,Finished,1975-09-15,1975,2026-08-22,727
1975-2016,London,Other,64,Carpet,Yes,Finished,1975-11-10,1975,2026-08-22,728
1975-2021,Freeport,Other,32,-,No,Finished,1975-01-13,1975,2026-08-22,729
1975-2022,Roanoke,Other,32,-,No,Finished,1975-01-27,1975,2026-08-22,730
1975-2023,Fairfield,Other,32,Carpet,Yes,Finished,1975-02-24,1975,2026-08-22,731
1975-2024,Shreveport,Other,32,-,No,Finished,1975-03-03,1975,2026-08-22,732
1975-2025,New York,Other,32,-,No,Finished,1975-03-17,1975,2026-08-22,733
1975-2026,Madrid,Other,64,Clay,No,Finished,1975-04-21,1975,2026-08-22,734
1975-2027,Istanbul,Other,32,-,No,Finished,1975-07-14,1975,2026-08-22,735
1975-2028,Aviles,Other,32,Clay,No,Finished,1975-09-29,1975,2026-08-22,736
1975-2040,Washington,Other,16,Carpet,Yes,Finished,1975-03-31,1975,2026-08-22,737
1975-206,Cairo,Other,32,Clay,No,Finished,1975-03-03,1975,2026-08-22,738
1975-237,Sao Paulo WCT,Other,32,Carpet,Yes,Finished,1975-03-10,1975,2026-08-22,739
1975-243,Perth,Other,32,Hard,No,Finished,1975-10-20,1975,2026-08-22,740
1975-254,Johannesburg,Other,64,Hard,No,Finished,1975-11-17,1975,2026-08-22,741
1975-262,London WCT,Other,16,Carpet,Yes,Finished,1975-03-03,1975,2026-08-22,742
1975-267,Barcelona WCT,Other,32,Carpet,Yes,Finished,1975-02-17,1975,2026-08-22,743
1975-278,Barcelona,Other,64,Clay,No,Finished,1975-04-07,1975,2026-08-22,744
1975-301,Auckland,Other,32,Grass,No,Finished,1975-01-06,1975,2026-08-22,745
1975-302,Toronto Indoor WCT,Other,32,Carpet,Yes,Finished,1975-02-10,1975,2026-08-22,746
1975-303,Buenos Aires,Other,32,Clay,No,Finished,1975-11-10,1975,2026-08-22,747
1975-305,Nice,Other,64,Clay,No,Finished,1975-04-28,1975,2026-08-22,748
1975-308,Munich,Other,32,Clay,No,Finished,1975-05-05,1975,2026-08-22,749
1975-309,Madrid,Other,64,Clay,No,Finished,1975-10-06,1975,2026-08-22,750
1975-310,Florence,Other,32,Clay,No,Finished,1975-05-05,1975,2026-08-22,751
1975-312,Bologna WCT,Other,32,Carpet,Yes,Finished,1975-02-03,1975,2026-08-22,752
1975-314,Gstaad,Other,32,Clay,No,Finished,1975-07-07,1975,2026-08-22,753
1975-316,Bastad,Other,32,Clay,No,Finished,1975-07-07,1975,2026-08-22,754
1975-317,Hilversum,Other,32,Clay,No,Finished,1975-07-14,1975,2026-08-22,755
1975-319,Kitzbuhel,Other,32,Clay,No,Finished,1975-07-07,1975,2026-08-22,756
1975-324,Maui,Other,32,Hard,No,Finished,1975-09-29,1975,2026-08-22,757
1975-328,Basel,Other,32,Carpet,Yes,Finished,1975-02-03,1975,2026-08-22,758
1975-329,Tokyo,Other,64,Clay,No,Finished,1975-10-27,1975,2026-08-22,759
1975-331,Melbourne Indoor,Other,32,Clay,Yes,Finished,1975-10-06,1975,2026-08-22,760
1975-336,Hong Kong,Other,32,Hard,No,Finished,1975-11-10,1975,2026-08-22,761
1975-338,Sydney Outdoor,Other,64,Grass,No,Finished,1975-12-15,1975,2026-08-22,762
1975-343,Columbus,Other,32,Hard,No,Finished,1975-08-11,1975,2026-08-22,763
1975-344,Caracas WCT,Other,32,Hard,No,Finished,1975-03-17,1975,2026-08-22,764
1975-347,Bournemouth,Other,64,Clay,No,Finished,1975-05-12,1975,2026-08-22,765
1975-350,Nottingham,Other,64,Grass,No,Finished,1975-06-16,1975,2026-08-22,766
1975-352,Paris Indoor,Other,32,Hard,Yes,Finished,1975-10-27,1975,2026-08-22,767
1975-355,Salisbury,Other,64,Carpet,Yes,Finished,1975-02-10,1975,2026-08-22,768
1975-362,Manila,Other,32,Hard,No,Finished,1975-10-27,1975,2026-08-22,769
1975-389,Denver WCT,Other,32,Carpet,Yes,Finished,1975-04-14,1975,2026-08-22,770
1975-401,Philadelphia WCT,Other,128,Carpet,Yes,Finished,1975-01-20,1975,2026-08-22,771
1975-402,Memphis,Other,32,Carpet,Yes,Finished,1975-03-17,1975,2026-08-22,772
1975-407,Rotterdam WCT,Other,32,Carpet,Yes,Finished,1975-02-24,1975,2026-08-22,773
1975-409,Orlando WCT,Other,32,Hard,No,Finished,1975-03-24,1975,2026-08-22,774
1975-410,Monte Carlo WCT,Other,32,Clay,No,Finished,1975-03-17,1975,2026-08-22,775
1975-411,Chicago,Other,32,Carpet,Yes,Finished,1975-07-14,1975,2026-08-22,776
1975-412,Atlanta WCT,Other,32,Carpet,Yes,Finished,1975-03-24,1975,2026-08-22,777
1975-413,Las Vegas,Other,32,Hard,No,Finished,1975-05-12,1975,2026-08-22,778
1975-414,Hamburg,Other,64,Clay,No,Finished,1975-05-19,1975,2026-08-22,779
1975-416,Rome,Masters 1000,64,Clay,No,Finished,1975-05-19,1975,2026-08-22,780
1975-417,Boston,Other,64,Clay,No,Finished,1975-08-18,1975,2026-08-22,781
1975-418,Washington,Other,64,-,No,Finished,1975-07-21,1975,2026-08-22,782
1975-419,Indianapolis,Other,64,Clay,No,Finished,1975-08-04,1975,2026-08-22,783
1975-421,Toronto,Masters 1000,64,Clay,No,Finished,1975-08-11,1975,2026-08-22,784
1975-422,Cincinnati,Masters 1000,32,Clay,No,Finished,1975-07-28,1975,2026-08-22,785
1975-423,Los Angeles,Other,64,Hard,No,Finished,1975-09-15,1975,2026-08-22,786
1975-424,San Francisco,Other,64,Carpet,Yes,Finished,1975-09-22,1975,2026-08-22,787
1975-425,Barcelona,Other,64,Clay,No,Finished,1975-10-13,1975,2026-08-22,788
1975-426,Johannesburg - WCT,Other,32,Hard,No,Finished,1975-04-07,1975,2026-08-22,789
1975-427,Sydney Indoor,Other,64,Hard,Yes,Finished,1975-10-13,1975,2026-08-22,790
1975-428,Tokyo Indoor,Other,32,Carpet,Yes,Finished,1975-04-14,1975,2026-08-22,791
1975-429,Stockholm,Other,64,Hard,No,Finished,1975-11-03,1975,2026-08-22,792
1975-436,Charlotte,Other,32,Clay,No,Finished,1975-04-21,1975,2026-08-22,793
1975-520,Roland Garros,Grand Slam,128,Clay,No,Finished,1975-06-02,1975,2026-08-22,794
1975-540,Wimbledon,Grand Slam,128,Grass,No,Finished,1975-06-23,1975,2026-08-22,795
1975-560,US Open,Grand Slam,128,Clay,No,Finished,1975-08-25,1975,2026-08-22,796
1975-580,Australian Open,Grand Slam,32,Grass,No,Finished,1974-12-16,1974,2026-08-22,797
1975-605,Masters,Masters 1000,8,Hard,No,Finished,1975-11-24,1975,2026-08-22,798
1975-610,Dallas WCT,Other,8,Carpet,Yes,Finished,1975-05-05,1975,2026-08-22,799
1975-650,Birmingham,Other,32,Carpet,Yes,Finished,1975-01-20,1975,2026-08-22,800
1975-652,St. Louis,Other,32,Clay,No,Finished,1975-04-07,1975,2026-08-22,801
1975-653,Fort Worth WCT,Other,32,Hard,No,Finished,1975-02-17,1975,2026-08-22,802
1975-656,Jackson,Other,16,Carpet,Yes,Finished,1975-03-24,1975,2026-08-22,803
1975-657,Hampton,Other,32,Carpet,Yes,Finished,1975-03-10,1975,2026-08-22,804
1975-659,Valencia,Other,64,Clay,No,Finished,1975-04-14,1975,2026-08-22,805
1975-660,Little Rock,Other,32,Carpet,Yes,Finished,1975-02-03,1975,2026-08-22,806
1975-663,Louisville,Other,64,Clay,No,Finished,1975-08-04,1975,2026-08-22,807
1975-666,Stockholm - WCT,Other,32,Carpet,Yes,Finished,1975-04-21,1975,2026-08-22,808
1975-680,Calcutta,Other,32,Clay,No,Finished,1975-11-17,1975,2026-08-22,809
1975-705,North Conway,Other,64,Clay,No,Finished,1975-08-04,1975,2026-08-22,810
1975-707,South Orange,Other,32,Clay,No,Finished,1975-08-18,1975,2026-08-22,811
1975-710,Washington Indoor WCT,Other,32,Carpet,Yes,Finished,1975-03-10,1975,2026-08-22,812
1975-716,Dayton Indoor,Other,16,Carpet,Yes,Finished,1975-01-27,1975,2026-08-22,813
1975-718,Boca Raton,Other,32,Hard,No,Finished,1975-02-17,1975,2026-08-22,814
1975-729,Tuscon,Other,64,Hard,No,Finished,1975-03-31,1975,2026-08-22,815
1975-802,Richmond-WCT,Other,32,Carpet,Yes,Finished,1975-01-27,1975,2026-08-22,816
1975-804,Munich WCT,Other,32,Carpet,Yes,Finished,1975-03-10,1975,2026-08-22,817
1975-813,La Costa WCT,Other,32,Hard,No,Finished,1975-02-17,1975,2026-08-22,818
1975-816,Baltimore,Other,16,Carpet,Yes,Finished,1975-01-13,1975,2026-08-22,819
1975-820,Houston,Other,32,Clay,No,Finished,1975-04-21,1975,2026-08-22,820
1975-9205,Hartford,Other,6,Carpet,Yes,Finished,1975-03-03,1975,2026-08-22,821
1975-9207,Algiers,Other,32,Clay,No,Finished,1975-02-17,1975,2026-08-22,822
1975-9208,San Juan,Other,16,Clay,No,Finished,1975-01-13,1975,2026-08-22,823
1975-9340,World Invitational Classic,Other,4,Clay,No,Finished,1975-10-20,1975,2026-08-22,824
1976-1725,Pepsi Grand Slam,Other,4,Clay,No,Finished,1976-07-05,1976,2026-08-22,825
1976-2011,Tehran,Other,64,Clay,No,Finished,1976-10-04,1976,2026-08-22,826
1976-2014,Bermuda,Other,32,Clay,No,Finished,1976-09-13,1976,2026-08-22,827
1976-2015,Madrid,Other,64,Clay,No,Finished,1976-10-11,1976,2026-08-22,828
1976-2016,London,Other,32,Carpet,Yes,Finished,1976-11-01,1976,2026-08-22,829
1976-2017,Bangalore,Other,32,Clay,No,Finished,1976-11-22,1976,2026-08-22,830
1976-2028,Aviles,Other,32,Clay,No,Finished,1976-10-04,1976,2026-08-22,831
1976-205,Lagos WCT,Other,16,Clay,No,Finished,1976-02-09,1976,2026-08-22,832
1976-237,Sao Paulo WCT,Other,16,Carpet,Yes,Finished,1976-03-29,1976,2026-08-22,833
1976-240,Sao Paulo,Other,32,Carpet,Yes,Finished,1976-11-15,1976,2026-08-22,834
1976-243,Perth,Other,32,Hard,No,Finished,1976-10-25,1976,2026-08-22,835
1976-254,Johannesburg WCT,Other,16,Hard,No,Finished,1976-04-05,1976,2026-08-22,836
1976-267,Barcelona WCT,Other,16,Clay,No,Finished,1976-02-02,1976,2026-08-22,837
1976-277,Berlin,Other,32,Hard,No,Finished,1976-06-14,1976,2026-08-22,838
1976-278,Barcelona,Other,64,Clay,No,Finished,1976-03-29,1976,2026-08-22,839
1976-295,Mexico City WCT,Other,16,Clay,No,Finished,1976-03-08,1976,2026-08-22,840
1976-301,Auckland,Other,32,Hard,No,Finished,1975-12-29,1975,2026-08-22,841
1976-302,Toronto Indoor WCT,Other,16,Carpet,Yes,Finished,1976-02-09,1976,2026-08-22,842
1976-303,Buenos Aires,Other,32,Clay,No,Finished,1976-11-22,1976,2026-08-22,843
1976-305,Nice,Other,64,Clay,No,Finished,1976-03-29,1976,2026-08-22,844
1976-308,Munich,Other,32,Clay,No,Finished,1976-05-03,1976,2026-08-22,845
1976-309,Madrid,Other,64,Clay,No,Finished,1976-04-19,1976,2026-08-22,846
1976-310,Florence,Other,32,Clay,No,Finished,1976-05-03,1976,2026-08-22,847
1976-314,Gstaad,Other,48,Clay,No,Finished,1976-06-28,1976,2026-08-22,848
1976-315,Newport,Other,16,Grass,No,Finished,1976-09-13,1976,2026-08-22,849
1976-316,Bastad,Other,64,Clay,No,Finished,1976-06-28,1976,2026-08-22,850
1976-317,Hilversum,Other,32,Clay,No,Finished,1976-07-12,1976,2026-08-22,851
1976-319,Kitzbuhel,Other,64,Clay,No,Finished,1976-07-12,1976,2026-08-22,852
1976-320,Cleveland,Other,32,Carpet,Yes,Finished,1976-01-26,1976,2026-08-22,853
1976-324,Maui,Other,64,Hard,No,Finished,1976-10-04,1976,2026-08-22,854
1976-326,Brisbane,Other,32,Grass,No,Finished,1976-10-11,1976,2026-08-22,855
1976-328,Basel,Other,16,Carpet,Yes,Finished,1976-03-01,1976,2026-08-22,856
1976-329,Tokyo Outdoor,Other,64,Clay,No,Finished,1976-11-01,1976,2026-08-22,857
1976-332,Cologne,Other,32,Carpet,Yes,Finished,1976-11-01,1976,2026-08-22,858
1976-336,Hong Kong,Other,48,Hard,No,Finished,1976-11-01,1976,2026-08-22,859
1976-337,Vienna,Other,32,Hard,No,Finished,1976-10-25,1976,2026-08-22,860
1976-338,Sydney Outdoor,Other,64,Grass,No,Finished,1976-12-20,1976,2026-08-22,861
1976-343,Columbus,Other,64,Hard,No,Finished,1976-08-09,1976,2026-08-22,862
1976-344,Caracas WCT,Other,16,Clay,No,Finished,1976-03-29,1976,2026-08-22,863
1976-345,Monterrey WCT,Other,16,Carpet,Yes,Finished,1976-01-05,1976,2026-08-22,864
1976-347,Bournemouth,Other,64,Clay,No,Finished,1976-05-10,1976,2026-08-22,865
1976-350,Nottingham,Other,64,Grass,No,Finished,1976-06-14,1976,2026-08-22,866
1976-352,Paris Indoor,Other,32,Hard,Yes,Finished,1976-10-25,1976,2026-08-22,867
1976-355,Salisbury,Other,64,Carpet,Yes,Finished,1976-02-09,1976,2026-08-22,868
1976-361,Santiago,Other,16,Clay,No,Finished,1976-11-29,1976,2026-08-22,869
1976-362,Manila,Other,64,Hard,No,Finished,1976-11-15,1976,2026-08-22,870
1976-389,Denver WCT,Other,16,Carpet,Yes,Finished,1976-04-19,1976,2026-08-22,871
1976-3933,Las Vegas,Other,8,Carpet,Yes,Finished,1976-11-29,1976,2026-08-22,872
1976-3935,WCT Challenge Cup,Other,8,Hard,No,Finished,1976-02-09,1976,2026-08-22,873
1976-401,Philadelphia WCT,Other,64,Carpet,Yes,Finished,1976-01-26,1976,2026-08-22,874
1976-402,Memphis WCT,Other,16,Carpet,Yes,Finished,1976-03-08,1976,2026-08-22,875
1976-405,Houston,Other,16,Clay,No,Finished,1976-04-05,1976,2026-08-22,876
1976-407,Rotterdam WCT,Other,16,Carpet,Yes,Finished,1976-02-23,1976,2026-08-22,877
1976-410,Monte Carlo WCT,Other,16,Clay,No,Finished,1976-04-12,1976,2026-08-22,878
1976-412,Atlanta WCT,Other,16,Carpet,Yes,Finished,1976-01-12,1976,2026-08-22,879
1976-413,Las Vegas,Other,32,Hard,No,Finished,1976-05-10,1976,2026-08-22,880
1976-414,Hamburg,Other,64,Clay,No,Finished,1976-05-17,1976,2026-08-22,881
1976-416,Rome,Masters 1000,64,Clay,No,Finished,1976-05-24,1976,2026-08-22,882
1976-417,Boston,Other,64,Clay,No,Finished,1976-08-23,1976,2026-08-22,883
1976-418,Washington,Other,64,Clay,No,Finished,1976-07-26,1976,2026-08-22,884
1976-419,Indianapolis,Other,64,Clay,No,Finished,1976-08-09,1976,2026-08-22,885
1976-421,Toronto,Masters 1000,64,Clay,No,Finished,1976-08-16,1976,2026-08-22,886
1976-422,Cincinnati,Masters 1000,64,Clay,No,Finished,1976-07-12,1976,2026-08-22,887
1976-423,Los Angeles,Other,64,Carpet,Yes,Finished,1976-09-20,1976,2026-08-22,888
1976-424,San Francisco,Other,64,Carpet,Yes,Finished,1976-09-27,1976,2026-08-22,889
1976-425,Barcelona,Other,64,Clay,No,Finished,1976-10-18,1976,2026-08-22,890
1976-426,Johannesburg - WCT,Other,64,Hard,No,Finished,1976-11-22,1976,2026-08-22,891
1976-427,Sydney Indoor,Other,64,Hard,Yes,Finished,1976-10-18,1976,2026-08-22,892
1976-429,Stockholm,Other,64,Hard,No,Finished,1976-11-01,1976,2026-08-22,893
1976-430,Wembley,Other,32,Carpet,Yes,Finished,1976-11-15,1976,2026-08-22,894
1976-436,Charlotte WCT,Other,16,Carpet,Yes,Finished,1976-04-12,1976,2026-08-22,895
1976-481,Copenhagen,Other,16,Carpet,Yes,Finished,1976-01-12,1976,2026-08-22,896
1976-520,Roland Garros,Grand Slam,128,Clay,No,Finished,1976-05-31,1976,2026-08-22,897
1976-540,Wimbledon,Grand Slam,128,Grass,No,Finished,1976-06-21,1976,2026-08-22,898
1976-560,US Open,Grand Slam,128,Clay,No,Finished,1976-08-30,1976,2026-08-22,899
1976-580,Australian Open,Grand Slam,64,Grass,No,Finished,1975-12-22,1975,2026-08-22,900
1976-605,Masters,Masters 1000,8,Carpet,Yes,Finished,1976-11-29,1976,2026-08-22,901
1976-610,Dallas WCT,Other,8,Carpet,Yes,Finished,1976-05-03,1976,2026-08-22,902
1976-650,Birmingham,Other,32,Carpet,Yes,Finished,1976-01-19,1976,2026-08-22,903
1976-651,Khartoum,Other,16,Hard,No,Finished,1976-02-23,1976,2026-08-22,904
1976-652,St. Louis WCT,Other,16,Carpet,Yes,Finished,1976-02-16,1976,2026-08-22,905
1976-653,Fort Worth WCT,Other,16,Hard,No,Finished,1976-02-23,1976,2026-08-22,906
1976-654,Sacramento,Other,16,Carpet,Yes,Finished,1976-04-19,1976,2026-08-22,907
1976-655,Palma,Other,64,Clay,No,Finished,1976-04-12,1976,2026-08-22,908
1976-656,Jackson WCT,Other,16,Carpet,Yes,Finished,1976-03-15,1976,2026-08-22,909
1976-657,Hampton,Other,16,Carpet,Yes,Finished,1976-03-08,1976,2026-08-22,910
1976-658,Nuremberg,Other,32,Carpet,Yes,Finished,1976-03-08,1976,2026-08-22,911
1976-659,Valencia,Other,64,Clay,No,Finished,1976-03-22,1976,2026-08-22,912
1976-660,Little Rock,Other,32,Carpet,Yes,Finished,1976-03-01,1976,2026-08-22,913
1976-662,Columbus WCT,Other,16,Carpet,Yes,Finished,1976-01-05,1976,2026-08-22,914
1976-663,Louisville,Other,64,Clay,No,Finished,1976-08-02,1976,2026-08-22,915
1976-664,Indianapolis WCT,Other,16,Carpet,Yes,Finished,1976-01-12,1976,2026-08-22,916
1976-665,Rome WCT,Other,16,Clay,No,Finished,1976-02-16,1976,2026-08-22,917
1976-666,Stockholm - WCT,Other,16,Carpet,Yes,Finished,1976-04-19,1976,2026-08-22,918
1976-705,North Conway,Other,64,Clay,No,Finished,1976-08-02,1976,2026-08-22,919
1976-707,South Orange,Other,32,Clay,No,Finished,1976-08-23,1976,2026-08-22,920
1976-710,Washington WCT,Other,16,Carpet,Yes,Finished,1976-03-15,1976,2026-08-22,921
1976-716,Dayton,Other,16,Carpet,Yes,Finished,1976-02-02,1976,2026-08-22,922
1976-718,Boca Raton,Other,32,Hard,No,Finished,1976-02-02,1976,2026-08-22,923
1976-729,Palm Springs,Other,64,Hard,No,Finished,1976-03-22,1976,2026-08-22,924
1976-802,Richmond WCT,Other,16,Carpet,Yes,Finished,1976-02-02,1976,2026-08-22,925
1976-813,La Costa,Other,16,Hard,No,Finished,1976-03-15,1976,2026-08-22,926
1976-816,Baltimore,Other,16,Carpet,Yes,Finished,1976-01-19,1976,2026-08-22,927
1976-9205,Hartford,Other,6,Carpet,Yes,Finished,1976-03-01,1976,2026-08-22,928
1976-9340,World Invitational Classic,Other,4,Clay,No,Finished,1976-10-11,1976,2026-08-22,929
1977-1506,Birmingham WCT,Other,16,Carpet,Yes,Finished,1977-01-10,1977,2026-08-22,930
1977-1725,Pepsi Grand Slam,Other,4,Clay,No,Finished,1977-07-11,1977,2026-08-22,931
1977-1729,Bombay,Other,32,Clay,No,Finished,1977-11-28,1977,2026-08-22,932
1977-2006,Los Angeles,Other,64,Hard,No,Finished,1977-09-19,1977,2026-08-22,933
1977-2008,Helsinki,Other,32,Carpet,Yes,Finished,1977-03-14,1977,2026-08-22,934
1977-2009,Murcia,Other,32,Clay,No,Finished,1977-04-11,1977,2026-08-22,935
1977-2010,Paris,Other,32,Clay,No,Finished,1977-09-19,1977,2026-08-22,936
1977-2011,Tehran,Other,64,Clay,No,Finished,1977-10-03,1977,2026-08-22,937
1977-2012,Oviedo,Other,64,Hard,No,Finished,1977-11-21,1977,2026-08-22,938
1977-2013,Adelaide,Other,64,Grass,No,Finished,1977-12-05,1977,2026-08-22,939
1977-2019,Ocean City,Other,16,Hard,No,Finished,1977-02-14,1977,2026-08-22,940
1977-2020,Laguna Niguel,Other,32,Hard,No,Finished,1977-09-12,1977,2026-08-22,941
1977-2059,Tournament of Champions WCT,Other,16,-,No,Finished,1977-09-12,1977,2026-08-22,942
1977-206,Cairo,Other,16,Clay,No,Finished,1977-03-21,1977,2026-08-22,943
1977-243,Perth,Other,32,Hard,No,Finished,1977-10-24,1977,2026-08-22,944
1977-254,Johannesburg,Other,32,Hard,No,Finished,1977-03-07,1977,2026-08-22,945
1977-262,London WCT,Other,16,Hard,No,Finished,1977-03-28,1977,2026-08-22,946
1977-277,Berlin,Other,32,Clay,No,Finished,1977-06-13,1977,2026-08-22,947
1977-301,Auckland,Other,32,Grass,No,Finished,1977-01-10,1977,2026-08-22,948
1977-302,Toronto Indoor WCT,Other,16,Carpet,Yes,Finished,1977-02-14,1977,2026-08-22,949
1977-303,Buenos Aires,Other,32,Clay,No,Finished,1977-11-21,1977,2026-08-22,950
1977-305,Nice,Other,32,Clay,No,Finished,1977-03-28,1977,2026-08-22,951
1977-308,Munich,Other,32,Clay,No,Finished,1977-04-25,1977,2026-08-22,952
1977-309,Madrid,Other,64,Clay,No,Finished,1977-10-10,1977,2026-08-22,953
1977-310,Florence,Other,32,Clay,No,Finished,1977-04-18,1977,2026-08-22,954
1977-311,Queen's Club,Other,64,Grass,No,Finished,1977-06-13,1977,2026-08-22,955
1977-314,Gstaad,Other,32,Clay,No,Finished,1977-06-27,1977,2026-08-22,956
1977-315,Newport,Other,32,Grass,No,Finished,1977-07-04,1977,2026-08-22,957
1977-316,Bastad,Other,32,Clay,No,Finished,1977-06-27,1977,2026-08-22,958
1977-317,Hilversum,Other,32,Clay,No,Finished,1977-07-11,1977,2026-08-22,959
1977-319,Kitzbuhel,Other,32,Clay,No,Finished,1977-07-11,1977,2026-08-22,960
1977-324,Maui,Other,32,Hard,No,Finished,1977-10-03,1977,2026-08-22,961
1977-326,Brisbane,Other,32,Grass,No,Finished,1977-10-10,1977,2026-08-22,962
1977-328,Basel,Other,32,Carpet,Yes,Finished,1977-10-24,1977,2026-08-22,963
1977-329,Tokyo Outdoor,Other,64,Clay,No,Finished,1977-10-31,1977,2026-08-22,964
1977-332,Cologne,Other,32,Carpet,Yes,Finished,1977-10-31,1977,2026-08-22,965
1977-333,Taipei,Other,32,Hard,No,Finished,1977-11-21,1977,2026-08-22,966
1977-336,Hong Kong,Other,32,Hard,No,Finished,1977-11-07,1977,2026-08-22,967
1977-337,Vienna,Other,32,Hard,No,Finished,1977-10-24,1977,2026-08-22,968
1977-338,Sydney Outdoor,Other,64,Grass,No,Finished,1977-12-12,1977,2026-08-22,969
1977-342,Aix en Provence,Other,32,Clay,No,Finished,1977-09-26,1977,2026-08-22,970
1977-343,Columbus,Other,64,Clay,No,Finished,1977-08-08,1977,2026-08-22,971
1977-345,Monterrey WCT,Other,16,Carpet,Yes,Finished,1977-02-28,1977,2026-08-22,972
1977-350,Nottingham,Other,64,Grass,No,Finished,1977-06-06,1977,2026-08-22,973
1977-352,Paris Indoor,Other,32,Hard,Yes,Finished,1977-10-31,1977,2026-08-22,974
1977-356,San Jose,Other,32,Hard,No,Finished,1977-02-14,1977,2026-08-22,975
1977-359,Bogota,Other,32,Clay,No,Finished,1977-11-07,1977,2026-08-22,976
1977-361,Santiago,Other,32,Clay,No,Finished,1977-11-14,1977,2026-08-22,977
1977-362,Manila,Other,32,Hard,No,Finished,1977-11-14,1977,2026-08-22,978
1977-389,Denver,Other,32,Carpet,Yes,Finished,1977-04-18,1977,2026-08-22,979
1977-3933,Las Vegas,Other,2,Carpet,Yes,Finished,1977-04-04,1977,2026-08-22,980
1977-3934,WCT Challenge Cup,Other,8,Carpet,Yes,Finished,1977-11-14,1977,2026-08-22,981
1977-401,Philadelphia WCT,Other,64,Carpet,Yes,Finished,1977-01-24,1977,2026-08-22,982
1977-402,Memphis,Other,64,Carpet,Yes,Finished,1977-02-28,1977,2026-08-22,983
1977-405,Houston WCT,Other,16,Hard,No,Finished,1977-04-11,1977,2026-08-22,984
1977-406,Brussels,Other,64,Clay,No,Finished,1977-06-06,1977,2026-08-22,985
1977-407,Rotterdam,Other,16,Carpet,Yes,Finished,1977-03-21,1977,2026-08-22,986
1977-410,Monte Carlo WCT,Other,16,Clay,No,Finished,1977-04-04,1977,2026-08-22,987
1977-413,Las Vegas,Other,32,Hard,No,Finished,1977-04-25,1977,2026-08-22,988
1977-414,Hamburg,Other,64,Clay,No,Finished,1977-05-09,1977,2026-08-22,989
1977-416,Rome,Masters 1000,64,Clay,No,Finished,1977-05-16,1977,2026-08-22,990
1977-417,Boston,Other,64,Clay,No,Finished,1977-08-22,1977,2026-08-22,991
1977-418,Washington,Other,64,Clay,No,Finished,1977-07-18,1977,2026-08-22,992
1977-419,Indianapolis,Other,64,Clay,No,Finished,1977-08-08,1977,2026-08-22,993
1977-421,Toronto,Masters 1000,64,Clay,No,Finished,1977-08-15,1977,2026-08-22,994
1977-422,Cincinnati,Masters 1000,64,Clay,No,Finished,1977-07-11,1977,2026-08-22,995
1977-423,Los Angeles PSW,Other,64,Carpet,Yes,Finished,1977-03-28,1977,2026-08-22,996
1977-424,San Francisco,Other,64,Carpet,Yes,Finished,1977-09-26,1977,2026-08-22,997
1977-425,Barcelona,Other,64,Clay,No,Finished,1977-10-17,1977,2026-08-22,998
1977-426,Johannesburg WCT,Other,32,Hard,No,Finished,1977-11-28,1977,2026-08-22,999
1977-427,Sydney Indoor,Other,32,Hard,Yes,Finished,1977-10-17,1977,2026-08-22,1000
1977-429,Stockholm,Other,64,Hard,No,Finished,1977-10-31,1977,2026-08-22,1001
1977-430,Wembley,Other,32,Hard,No,Finished,1977-11-14,1977,2026-08-22,1002
1977-436,Charlotte WCT,Other,16,Carpet,Yes,Finished,1977-04-18,1977,2026-08-22,1003
1977-520,Roland Garros,Grand Slam,128,Clay,No,Finished,1977-05-23,1977,2026-08-22,1004
1977-540,Wimbledon,Grand Slam,128,Grass,No,Finished,1977-06-20,1977,2026-08-22,1005
1977-560,US Open,Grand Slam,128,Clay,No,Finished,1977-08-29,1977,2026-08-22,1006
1977-580,Australian Open,Grand Slam,64,Grass,No,Finished,1976-12-27,1977,2026-08-22,1007
1977-581,Australian Open-2,Grand Slam,64,Grass,No,Finished,1977-12-19,1977,2026-08-22,1008
1977-605,Masters,Masters 1000,8,Carpet,Yes,Finished,1978-01-02,1978,2026-08-22,1009
1977-610,Dallas WCT,Other,8,Carpet,Yes,Finished,1977-05-09,1977,2026-08-22,1010
1977-652,St. Louis WCT,Other,16,Carpet,Yes,Finished,1977-03-14,1977,2026-08-22,1011
1977-656,Jackson,Other,16,Carpet,Yes,Finished,1977-04-04,1977,2026-08-22,1012
1977-657,Hampton,Other,32,Carpet,Yes,Finished,1977-03-07,1977,2026-08-22,1013
1977-660,Little Rock,Other,32,Carpet,Yes,Finished,1977-01-31,1977,2026-08-22,1014
1977-663,Louisville,Other,64,Clay,No,Finished,1977-07-25,1977,2026-08-22,1015
1977-674,Virginia Beach,Other,16,Clay,No,Finished,1977-04-18,1977,2026-08-22,1016
1977-681,Miami,Other,32,Clay,No,Finished,1977-02-07,1977,2026-08-22,1017
1977-682,Springfield,Other,32,Carpet,Yes,Finished,1977-02-07,1977,2026-08-22,1018
1977-705,North Conway,Other,64,Clay,No,Finished,1977-07-25,1977,2026-08-22,1019
1977-707,South Orange,Other,32,Clay,No,Finished,1977-07-25,1977,2026-08-22,1020
1977-710,Washington Indoor,Other,32,Carpet,Yes,Finished,1977-03-14,1977,2026-08-22,1021
1977-716,Dayton,Other,32,Carpet,Yes,Finished,1977-01-31,1977,2026-08-22,1022
1977-722,Buenos Aires,Other,16,Clay,No,Finished,1977-04-11,1977,2026-08-22,1023
1977-729,Palm Springs,Other,64,Hard,No,Finished,1977-02-21,1977,2026-08-22,1024
1977-7308,Adelaide,Other,64,Grass,No,Finished,1977-01-10,1977,2026-08-22,1025
1977-802,Richmond WCT,Other,16,Carpet,Yes,Finished,1977-01-31,1977,2026-08-22,1026
1977-807,Mexico City WCT,Other,16,Hard,No,Finished,1977-02-07,1977,2026-08-22,1027
1977-810,Zurich,Other,32,Hard,No,Finished,1977-12-26,1977,2026-08-22,1028
1977-813,La Costa,Other,64,Hard,No,Finished,1977-03-21,1977,2026-08-22,1029
1977-816,Baltimore,Other,32,Carpet,Yes,Finished,1977-01-17,1977,2026-08-22,1030
1977-9205,Hartford,Other,6,Carpet,Yes,Finished,1977-03-07,1977,2026-08-22,1031
1977-9340,World Invitational Classic,Other,4,Clay,No,Finished,1977-09-26,1977,2026-08-22,1032
1978-1506,Birmingham WCT,Other,32,Carpet,Yes,Finished,1978-01-09,1978,2026-08-22,1033
1978-1725,Pepsi Grand Slam,Other,16,Clay,No,Finished,1978-01-16,1978,2026-08-22,1034
1978-205,Lagos,Other,32,Clay,No,Finished,1978-02-27,1978,2026-08-22,1035
1978-206,Cairo,Other,16,Clay,No,Finished,1978-03-06,1978,2026-08-22,1036
1978-254,Johannesburg,Other,32,Hard,No,Finished,1978-04-03,1978,2026-08-22,1037
1978-277,Berlin,Other,32,Clay,No,Finished,1978-06-19,1978,2026-08-22,1038
1978-280,Guadalajara,Other,32,Clay,No,Finished,1978-04-10,1978,2026-08-22,1039
1978-295,Mexico City,Other,32,Clay,No,Finished,1978-09-25,1978,2026-08-22,1040
1978-303,Buenos Aires,Other,32,Clay,No,Finished,1978-11-20,1978,2026-08-22,1041
1978-305,Nice,Other,32,Clay,No,Finished,1978-04-17,1978,2026-08-22,1042
1978-308,Munich,Other,32,Clay,No,Finished,1978-05-22,1978,2026-08-22,1043
1978-309,Madrid,Other,64,Clay,No,Finished,1978-10-02,1978,2026-08-22,1044
1978-310,Florence,Other,32,Clay,No,Finished,1978-05-15,1978,2026-08-22,1045
1978-311,Queen's Club,Other,64,Grass,No,Finished,1978-06-19,1978,2026-08-22,1046
1978-312,Bologna,Other,32,Carpet,Yes,Finished,1978-11-27,1978,2026-08-22,1047
1978-314,Gstaad,Other,32,Clay,No,Finished,1978-07-10,1978,2026-08-22,1048
1978-315,Newport,Other,32,Grass,No,Finished,1978-07-10,1978,2026-08-22,1049
1978-316,Bastad,Other,32,Clay,No,Finished,1978-07-17,1978,2026-08-22,1050
1978-317,Hilversum,Other,32,Clay,No,Finished,1978-07-24,1978,2026-08-22,1051
1978-319,Kitzbuhel,Other,32,Clay,No,Finished,1978-07-24,1978,2026-08-22,1052
1978-320,Cleveland,Other,32,Hard,No,Finished,1978-08-14,1978,2026-08-22,1053
1978-321,Stuttgart Outdoor,Other,32,Clay,No,Finished,1978-07-17,1978,2026-08-22,1054
1978-324,Maui,Other,32,Hard,No,Finished,1978-10-02,1978,2026-08-22,1055
1978-326,Brisbane,Other,32,Grass,No,Finished,1978-10-09,1978,2026-08-22,1056
1978-328,Basel,Other,32,Hard,No,Finished,1978-10-23,1978,2026-08-22,1057
1978-329,Osaka,Other,64,Clay,No,Finished,1978-10-23,1978,2026-08-22,1058
1978-332,Cologne,Other,32,Hard,No,Finished,1978-10-30,1978,2026-08-22,1059
1978-333,Taipei,Other,32,Carpet,Yes,Finished,1978-11-13,1978,2026-08-22,1060
1978-336,Hong Kong,Other,32,Hard,No,Finished,1978-11-13,1978,2026-08-22,1061
1978-337,Vienna,Other,32,Hard,No,Finished,1978-10-23,1978,2026-08-22,1062
1978-338,Sydney Outdoor,Other,64,Grass,No,Finished,1978-12-18,1978,2026-08-22,1063
1978-342,Aix en Provence,Other,32,Clay,No,Finished,1978-09-25,1978,2026-08-22,1064
1978-343,Colombus,Other,32,Clay,No,Finished,1978-08-07,1978,2026-08-22,1065
1978-347,Bournemouth,Other,32,Clay,No,Finished,1978-09-18,1978,2026-08-22,1066
1978-349,Stowe,Other,32,Hard,No,Finished,1978-08-14,1978,2026-08-22,1067
1978-352,Paris Indoor,Other,32,Hard,Yes,Finished,1978-10-30,1978,2026-08-22,1068
1978-356,San Jose,Other,32,Carpet,Yes,Finished,1978-04-17,1978,2026-08-22,1069
1978-359,Bogota,Other,32,Clay,No,Finished,1978-11-13,1978,2026-08-22,1070
1978-361,Santiago,Other,32,Clay,No,Finished,1978-12-04,1978,2026-08-22,1071
1978-362,Manila,Other,32,Clay,No,Finished,1978-11-20,1978,2026-08-22,1072
1978-389,Denver,Other,32,Carpet,Yes,Finished,1978-02-20,1978,2026-08-22,1073
1978-3934,WCT Challenge Cup,Other,8,Hard,No,Finished,1978-12-11,1978,2026-08-22,1074
1978-401,Philadelphia WCT,Other,64,Carpet,Yes,Finished,1978-01-23,1978,2026-08-22,1075
1978-402,Memphis,Other,32,Carpet,Yes,Finished,1978-02-27,1978,2026-08-22,1076
1978-404,Palm Springs,Other,64,Hard,No,Finished,1978-02-13,1978,2026-08-22,1077
1978-405,Houston WCT,Other,32,Clay,No,Finished,1978-04-17,1978,2026-08-22,1078
1978-406,Brussels,Other,32,Clay,No,Finished,1978-06-12,1978,2026-08-22,1079
1978-407,Rotterdam WCT,Other,32,Carpet,Yes,Finished,1978-04-03,1978,2026-08-22,1080
1978-408,Milan WCT,Other,32,Carpet,Yes,Finished,1978-03-27,1978,2026-08-22,1081
1978-410,Monte Carlo WCT,Other,32,Clay,No,Finished,1978-04-10,1978,2026-08-22,1082
1978-412,Atlanta,Other,32,Hard,No,Finished,1978-08-21,1978,2026-08-22,1083
1978-413,Las Vegas,Other,32,Hard,No,Finished,1978-04-24,1978,2026-08-22,1084
1978-414,Hamburg,Other,64,Clay,No,Finished,1978-05-15,1978,2026-08-22,1085
1978-415,Forest Hills WCT,Other,16,Clay,No,Finished,1978-07-10,1978,2026-08-22,1086
1978-416,Rome,Masters 1000,64,Clay,No,Finished,1978-05-22,1978,2026-08-22,1087
1978-417,Boston,Other,64,Clay,No,Finished,1978-08-21,1978,2026-08-22,1088
1978-418,Washington,Other,64,Clay,No,Finished,1978-07-17,1978,2026-08-22,1089
1978-419,Indianapolis,Other,64,Clay,No,Finished,1978-08-07,1978,2026-08-22,1090
1978-421,Montreal / Toronto,Masters 1000,48,Clay,No,Finished,1978-08-14,1978,2026-08-22,1091
1978-422,Cincinnati,Masters 1000,64,Clay,No,Finished,1978-07-10,1978,2026-08-22,1092
1978-423,Los Angeles,Other,64,Carpet,Yes,Finished,1978-09-18,1978,2026-08-22,1093
1978-424,San Francisco,Other,64,Carpet,Yes,Finished,1978-09-25,1978,2026-08-22,1094
1978-425,Barcelona,Other,64,Clay,No,Finished,1978-10-09,1978,2026-08-22,1095
1978-426,Johannesburg,Other,32,Hard,No,Finished,1978-12-04,1978,2026-08-22,1096
1978-427,Sydney Indoor,Other,32,Hard,Yes,Finished,1978-10-16,1978,2026-08-22,1097
1978-428,Tokyo Indoor,Other,32,Carpet,Yes,Finished,1978-10-30,1978,2026-08-22,1098
1978-429,Stockholm,Other,64,Hard,No,Finished,1978-11-06,1978,2026-08-22,1099
1978-430,Wembley,Other,32,Carpet,Yes,Finished,1978-11-13,1978,2026-08-22,1100
1978-520,Roland Garros,Grand Slam,128,Clay,No,Finished,1978-05-29,1978,2026-08-22,1101
1978-540,Wimbledon,Grand Slam,128,Grass,No,Finished,1978-06-26,1978,2026-08-22,1102
1978-560,US Open,Grand Slam,128,Hard,No,Finished,1978-08-28,1978,2026-08-22,1103
1978-580,Australian Open,Grand Slam,64,Grass,No,Finished,1978-12-25,1978,2026-08-22,1104
1978-605,Masters,Masters 1000,8,Carpet,Yes,Finished,1979-01-08,1979,2026-08-22,1105
1978-610,Dallas WCT,Other,8,Carpet,Yes,Finished,1978-05-08,1978,2026-08-22,1106
1978-652,St. Louis WCT,Other,32,Carpet,Yes,Finished,1978-02-06,1978,2026-08-22,1107
1978-660,Little Rock,Other,32,Carpet,Yes,Finished,1978-01-30,1978,2026-08-22,1108
1978-663,Louisville,Other,64,Clay,No,Finished,1978-07-24,1978,2026-08-22,1109
1978-680,Calcutta,Other,32,Clay,No,Finished,1978-12-04,1978,2026-08-22,1110
1978-681,Miami,Other,32,Carpet,Yes,Finished,1978-02-27,1978,2026-08-22,1111
1978-682,Springfield,Other,32,Carpet,Yes,Finished,1978-02-06,1978,2026-08-22,1112
1978-683,Las Vegas,Other,16,Carpet,Yes,Finished,1978-03-20,1978,2026-08-22,1113
1978-705,North Conway,Other,64,Clay,No,Finished,1978-07-31,1978,2026-08-22,1114
1978-707,South Orange,Other,32,Clay,No,Finished,1978-07-24,1978,2026-08-22,1115
1978-709,Sarasota,Other,32,Carpet,Yes,Finished,1978-01-23,1978,2026-08-22,1116
1978-710,Washington Indoor,Other,32,Carpet,Yes,Finished,1978-03-13,1978,2026-08-22,1117
1978-711,Tulsa,Other,32,Hard,No,Finished,1978-04-24,1978,2026-08-22,1118
1978-715,New Orleans,Other,32,Carpet,Yes,Finished,1978-07-31,1978,2026-08-22,1119
1978-716,Dayton,Other,32,Carpet,Yes,Finished,1978-03-27,1978,2026-08-22,1120
1978-725,Birmingham,Other,64,Grass,No,Finished,1978-06-12,1978,2026-08-22,1121
1978-802,Richmond WCT,Other,32,Carpet,Yes,Finished,1978-01-30,1978,2026-08-22,1122
1978-807,Mexico City WCT,Other,32,Hard,No,Finished,1978-01-30,1978,2026-08-22,1123
1978-816,Baltimore,Other,32,Carpet,Yes,Finished,1978-01-16,1978,2026-08-22,1124
1978-819,Hartford,Other,32,Carpet,Yes,Finished,1978-09-18,1978,2026-08-22,1125
1978-9205,Hartford,Other,6,Carpet,Yes,Finished,1978-03-06,1978,2026-08-22,1126
1979-1725,Pepsi Grand Slam,Other,4,Clay,No,Finished,1979-02-05,1979,2026-08-22,1127
1979-1727,Louisville,Other,64,Hard,No,Finished,1979-07-23,1979,2026-08-22,1128
1979-1728,Lafayette,Other,32,Carpet,Yes,Finished,1979-08-27,1979,2026-08-22,1129
1979-1729,Bombay,Other,32,Clay,No,Finished,1979-11-19,1979,2026-08-22,1130
1979-205,Lagos,Other,32,Hard,No,Finished,1979-02-26,1979,2026-08-22,1131
1979-206,Cairo,Other,32,Clay,No,Finished,1979-04-09,1979,2026-08-22,1132
1979-254,Johannesburg,Other,32,Hard,No,Finished,1979-04-16,1979,2026-08-22,1133
1979-277,Berlin,Other,32,Clay,No,Finished,1979-06-18,1979,2026-08-22,1134
1979-301,Auckland,Other,32,Hard,No,Finished,1979-01-01,1979,2026-08-22,1135
1979-303,Buenos Aires,Other,32,Clay,No,Finished,1979-11-19,1979,2026-08-22,1136
1979-304,Nancy,Other,32,Hard,No,Finished,1979-03-19,1979,2026-08-22,1137
1979-305,Nice,Other,32,Clay,No,Finished,1979-04-02,1979,2026-08-22,1138
1979-308,Munich,Other,32,Clay,No,Finished,1979-05-21,1979,2026-08-22,1139
1979-309,Madrid,Other,64,Clay,No,Finished,1979-09-24,1979,2026-08-22,1140
1979-310,Florence,Other,32,Clay,No,Finished,1979-05-14,1979,2026-08-22,1141
1979-311,Queen's Club,Other,64,Grass,No,Finished,1979-06-11,1979,2026-08-22,1142
1979-312,Bologna,Other,32,Carpet,Yes,Finished,1979-11-19,1979,2026-08-22,1143
1979-314,Gstaad,Other,32,Clay,No,Finished,1979-07-09,1979,2026-08-22,1144
1979-315,Newport,Other,32,Grass,No,Finished,1979-07-09,1979,2026-08-22,1145
1979-316,Bastad,Other,32,Clay,No,Finished,1979-07-16,1979,2026-08-22,1146
1979-317,Hilversum,Other,32,Clay,No,Finished,1979-07-23,1979,2026-08-22,1147
1979-319,Kitzbuhel,Other,32,Clay,No,Finished,1979-07-23,1979,2026-08-22,1148
1979-320,Cleveland,Other,32,Hard,No,Finished,1979-08-13,1979,2026-08-22,1149
1979-321,Stuttgart Outdoor,Other,32,Clay,No,Finished,1979-07-16,1979,2026-08-22,1150
1979-323,Bordeaux,Other,32,Clay,No,Finished,1979-10-01,1979,2026-08-22,1151
1979-324,Maui,Other,48,Hard,No,Finished,1979-10-01,1979,2026-08-22,1152
1979-325,Palermo,Other,32,Clay,No,Finished,1979-09-17,1979,2026-08-22,1153
1979-326,Brisbane,Other,32,Grass,No,Finished,1979-10-08,1979,2026-08-22,1154
1979-328,Basel,Other,32,Hard,No,Finished,1979-10-15,1979,2026-08-22,1155
1979-329,Tokyo Outdoor,Other,64,Clay,No,Finished,1979-10-22,1979,2026-08-22,1156
1979-330,Tel Aviv,Other,32,Hard,No,Finished,1979-10-08,1979,2026-08-22,1157
1979-332,Cologne,Other,32,Hard,No,Finished,1979-10-29,1979,2026-08-22,1158
1979-333,Taipei,Other,32,Carpet,Yes,Finished,1979-11-12,1979,2026-08-22,1159
1979-336,Hong Kong,Other,32,Hard,No,Finished,1979-11-05,1979,2026-08-22,1160
1979-337,Vienna,Other,48,Hard,No,Finished,1979-10-22,1979,2026-08-22,1161
1979-338,Sydney Outdoor,Other,64,Grass,No,Finished,1979-12-17,1979,2026-08-22,1162
1979-339,Adelaide,Other,32,Grass,No,Finished,1979-12-10,1979,2026-08-22,1163
1979-343,Colombus,Other,32,Clay,No,Finished,1979-08-06,1979,2026-08-22,1164
1979-349,Stowe,Other,32,Hard,No,Finished,1979-08-13,1979,2026-08-22,1165
1979-352,Paris Indoor,Other,32,Hard,Yes,Finished,1979-10-29,1979,2026-08-22,1166
1979-353,Quito,Other,32,Clay,No,Finished,1979-11-05,1979,2026-08-22,1167
1979-356,San Jose,Other,32,Carpet,Yes,Finished,1979-04-16,1979,2026-08-22,1168
1979-357,Stuttgart Indoor,Other,32,Hard,Yes,Finished,1979-03-26,1979,2026-08-22,1169
1979-359,Bogota,Other,32,Clay,No,Finished,1979-11-12,1979,2026-08-22,1170
1979-361,Santiago,Other,32,Clay,No,Finished,1979-11-26,1979,2026-08-22,1171
1979-389,Denver,Other,32,Carpet,Yes,Finished,1979-02-19,1979,2026-08-22,1172
1979-3934,WCT Challenge Cup,Other,8,Carpet,Yes,Finished,1979-12-03,1979,2026-08-22,1173
1979-401,Philadelphia,Other,64,Carpet,Yes,Finished,1979-01-22,1979,2026-08-22,1174
1979-402,Memphis,Other,64,Carpet,Yes,Finished,1979-02-26,1979,2026-08-22,1175
1979-404,Rancho Mirage,Other,64,Hard,No,Finished,1979-02-12,1979,2026-08-22,1176
1979-405,Houston,Other,32,Clay,No,Finished,1979-04-16,1979,2026-08-22,1177
1979-406,Brussels,Other,32,Clay,No,Finished,1979-06-11,1979,2026-08-22,1178
1979-407,Rotterdam,Other,32,Carpet,Yes,Finished,1979-04-02,1979,2026-08-22,1179
1979-408,Milan,Other,32,Carpet,Yes,Finished,1979-03-26,1979,2026-08-22,1180
1979-410,Monte Carlo,Other,32,Clay,No,Finished,1979-04-09,1979,2026-08-22,1181
1979-412,Atlanta,Other,32,Hard,No,Finished,1979-09-10,1979,2026-08-22,1182
1979-413,Las Vegas,Other,32,Hard,No,Finished,1979-04-23,1979,2026-08-22,1183
1979-414,Hamburg,Other,64,Clay,No,Finished,1979-05-14,1979,2026-08-22,1184
1979-415,Forest Hills WCT,Other,16,Clay,No,Finished,1979-07-09,1979,2026-08-22,1185
1979-416,Rome,Masters 1000,64,Clay,No,Finished,1979-05-21,1979,2026-08-22,1186
1979-417,Boston,Other,64,Clay,No,Finished,1979-08-20,1979,2026-08-22,1187
1979-418,Washington,Other,64,Clay,No,Finished,1979-07-09,1979,2026-08-22,1188
1979-419,Indianapolis,Other,64,Clay,No,Finished,1979-08-06,1979,2026-08-22,1189
1979-421,Montreal / Toronto,Masters 1000,64,Hard,No,Finished,1979-08-13,1979,2026-08-22,1190
1979-422,Cincinnati,Masters 1000,64,Hard,No,Finished,1979-08-20,1979,2026-08-22,1191
1979-423,Los Angeles,Other,64,Carpet,Yes,Finished,1979-09-17,1979,2026-08-22,1192
1979-424,San Francisco,Other,64,Carpet,Yes,Finished,1979-09-24,1979,2026-08-22,1193
1979-425,Barcelona,Other,64,Clay,No,Finished,1979-10-08,1979,2026-08-22,1194
1979-426,Johannesburg,Other,32,Hard,No,Finished,1979-11-26,1979,2026-08-22,1195
1979-427,Sydney Indoor,Other,32,Hard,Yes,Finished,1979-10-15,1979,2026-08-22,1196
1979-428,Tokyo Indoor,Other,32,Carpet,Yes,Finished,1979-10-29,1979,2026-08-22,1197
1979-429,Stockholm,Other,64,Hard,No,Finished,1979-11-05,1979,2026-08-22,1198
1979-430,Wembley,Other,32,Carpet,Yes,Finished,1979-11-12,1979,2026-08-22,1199
1979-520,Roland Garros,Grand Slam,128,Clay,No,Finished,1979-05-28,1979,2026-08-22,1200
1979-540,Wimbledon,Grand Slam,128,Grass,No,Finished,1979-06-25,1979,2026-08-22,1201
1979-560,US Open,Grand Slam,128,Hard,No,Finished,1979-08-27,1979,2026-08-22,1202
1979-580,Australian Open,Grand Slam,64,Grass,No,Finished,1979-12-24,1979,2026-08-22,1203
1979-605,Masters,Masters 1000,8,Carpet,Yes,Finished,1980-01-07,1980,2026-08-22,1204
1979-610,Dallas WCT,Other,8,Carpet,Yes,Finished,1979-04-30,1979,2026-08-22,1205
1979-660,Little Rock,Other,32,Hard,No,Finished,1979-01-29,1979,2026-08-22,1206
1979-6880,Dorado Beach,Other,6,Hard,No,Finished,1979-02-19,1979,2026-08-22,1207
1979-705,North Conway,Other,64,Clay,No,Finished,1979-07-23,1979,2026-08-22,1208
1979-707,South Orange,Other,32,Clay,No,Finished,1979-07-30,1979,2026-08-22,1209
1979-709,Sarasota,Other,32,Carpet,Yes,Finished,1979-02-12,1979,2026-08-22,1210
1979-710,Washington Indoor,Other,32,Carpet,Yes,Finished,1979-03-12,1979,2026-08-22,1211
1979-711,Tulsa,Other,32,Hard,No,Finished,1979-04-09,1979,2026-08-22,1212
1979-712,Birmingham,Other,32,Carpet,Yes,Finished,1979-01-15,1979,2026-08-22,1213
1979-713,Hobart,Other,32,Grass,No,Finished,1979-01-01,1979,2026-08-22,1214
1979-714,San Jose,Other,32,Hard,No,Finished,1979-03-19,1979,2026-08-22,1215
1979-715,New Orleans,Other,32,Carpet,Yes,Finished,1979-03-19,1979,2026-08-22,1216
1979-716,Dayton,Other,32,Carpet,Yes,Finished,1979-03-26,1979,2026-08-22,1217
1979-720,Surbiton,Other,32,Grass,No,Finished,1979-06-18,1979,2026-08-22,1218
1979-802,Richmond WCT,Other,32,Carpet,Yes,Finished,1979-01-29,1979,2026-08-22,1219
1979-816,Baltimore WCT,Other,32,Carpet,Yes,Finished,1979-01-15,1979,2026-08-22,1220
1979-9205,New Haven,Other,4,Carpet,Yes,Finished,1979-03-05,1979,2026-08-22,1221
1980-1725,Pepsi Grand Slam,Other,4,Clay,No,Finished,1980-02-04,1980,2026-08-22,1222
1980-205,Lagos,Other,32,Clay,No,Finished,1980-02-25,1980,2026-08-22,1223
1980-206,Cairo,Other,32,Clay,No,Finished,1980-03-03,1980,2026-08-22,1224
1980-208,Vienna,Other,32,Clay,No,Finished,1980-06-16,1980,2026-08-22,1225
1980-243,Perth,Other,64,Grass,No,Finished,1980-01-07,1980,2026-08-22,1226
1980-254,Johannesburg,Other,32,Hard,No,Finished,1980-04-07,1980,2026-08-22,1227
1980-275,Sao Paulo,Other,32,Carpet,Yes,Finished,1980-04-28,1980,2026-08-22,1228
1980-301,Auckland,Other,32,Hard,No,Finished,1979-12-31,1980,2026-08-22,1229
1980-303,Buenos Aires,Other,32,Clay,No,Finished,1980-11-17,1980,2026-08-22,1230
1980-305,Nice,Other,32,Clay,No,Finished,1980-03-24,1980,2026-08-22,1231
1980-308,Munich,Other,32,Clay,No,Finished,1980-05-19,1980,2026-08-22,1232
1980-309,Madrid,Other,64,Clay,No,Finished,1980-09-29,1980,2026-08-22,1233
1980-310,Florence,Other,32,Clay,No,Finished,1980-05-12,1980,2026-08-22,1234
1980-311,Queen's Club,Other,64,Grass,No,Finished,1980-06-09,1980,2026-08-22,1235
1980-312,Bologna,Other,32,Carpet,Yes,Finished,1980-11-17,1980,2026-08-22,1236
1980-314,Gstaad,Other,32,Clay,No,Finished,1980-07-07,1980,2026-08-22,1237
1980-315,Newport,Other,32,Grass,No,Finished,1980-07-07,1980,2026-08-22,1238
1980-316,Bastad,Other,32,Clay,No,Finished,1980-07-14,1980,2026-08-22,1239
1980-317,Hilversum,Other,32,Clay,No,Finished,1980-07-21,1980,2026-08-22,1240
1980-319,Kitzbuhel,Other,32,Clay,No,Finished,1980-07-21,1980,2026-08-22,1241
1980-320,Cleveland,Other,32,Hard,No,Finished,1980-08-11,1980,2026-08-22,1242
1980-321,Stuttgart Outdoor,Other,32,Clay,No,Finished,1980-07-14,1980,2026-08-22,1243
1980-322,Geneva,Other,32,Clay,No,Finished,1980-09-22,1980,2026-08-22,1244
1980-323,Bordeaux,Other,32,Clay,No,Finished,1980-09-22,1980,2026-08-22,1245
1980-324,Maui,Other,32,Hard,No,Finished,1980-09-29,1980,2026-08-22,1246
1980-325,Palermo,Other,32,Clay,No,Finished,1980-09-08,1980,2026-08-22,1247
1980-326,Brisbane,Other,32,Grass,No,Finished,1980-10-06,1980,2026-08-22,1248
1980-328,Basel,Other,32,Hard,No,Finished,1980-10-13,1980,2026-08-22,1249
1980-329,Tokyo Outdoor,Other,64,Clay,No,Finished,1980-10-20,1980,2026-08-22,1250
1980-330,Tel Aviv,Other,32,Hard,No,Finished,1980-10-06,1980,2026-08-22,1251
1980-331,Melbourne Indoor,Other,32,Carpet,Yes,Finished,1980-10-20,1980,2026-08-22,1252
1980-332,Cologne,Other,32,Hard,No,Finished,1980-10-27,1980,2026-08-22,1253
1980-333,Taipei,Other,32,Carpet,Yes,Finished,1980-11-10,1980,2026-08-22,1254
1980-334,Bangkok,Other,32,Carpet,Yes,Finished,1980-11-17,1980,2026-08-22,1255
1980-336,Hong Kong,Other,32,Hard,No,Finished,1980-11-03,1980,2026-08-22,1256
1980-337,Vienna,Other,64,Hard,No,Finished,1980-10-20,1980,2026-08-22,1257
1980-338,Sydney Outdoor,Other,64,Grass,No,Finished,1980-12-15,1980,2026-08-22,1258
1980-341,Metz,Other,32,Carpet,Yes,Finished,1980-03-17,1980,2026-08-22,1259
1980-343,Colombus,Other,32,Hard,No,Finished,1980-08-04,1980,2026-08-22,1260
1980-347,Bournemouth,Other,32,Clay,No,Finished,1980-09-08,1980,2026-08-22,1261
1980-348,Frankfurt,Other,32,Carpet,Yes,Finished,1980-03-17,1980,2026-08-22,1262
1980-349,Stowe,Other,32,Hard,No,Finished,1980-08-11,1980,2026-08-22,1263
1980-352,Paris Indoor,Other,32,Carpet,Yes,Finished,1980-10-27,1980,2026-08-22,1264
1980-353,Quito,Other,32,Clay,No,Finished,1980-11-03,1980,2026-08-22,1265
1980-355,WCT Invitational,Other,8,Carpet,Yes,Finished,1980-02-18,1980,2026-08-22,1266
1980-357,Stuttgart Indoor,Other,32,Hard,Yes,Finished,1980-03-10,1980,2026-08-22,1267
1980-358,San Juan,Other,32,Hard,No,Finished,1980-01-28,1980,2026-08-22,1268
1980-359,Bogota,Other,32,Clay,No,Finished,1980-11-10,1980,2026-08-22,1269
1980-361,Santiago,Other,32,Clay,No,Finished,1980-11-24,1980,2026-08-22,1270
1980-364,Sofia,Other,32,Carpet,Yes,Finished,1980-12-15,1980,2026-08-22,1271
1980-376,Republic Of China,Other,32,Carpet,Yes,Finished,1980-10-13,1980,2026-08-22,1272
1980-389,Denver,Other,32,Carpet,Yes,Finished,1980-02-18,1980,2026-08-22,1273
1980-3934,WCT Challenge Cup,Other,8,Carpet,Yes,Finished,1980-12-08,1980,2026-08-22,1274
1980-401,Philadelphia,Other,64,Carpet,Yes,Finished,1980-01-21,1980,2026-08-22,1275
1980-402,Memphis,Other,64,Carpet,Yes,Finished,1980-02-25,1980,2026-08-22,1276
1980-404,Rancho Mirage,Other,64,Hard,No,Finished,1980-02-11,1980,2026-08-22,1277
1980-405,Houston,Other,32,Clay,No,Finished,1980-04-07,1980,2026-08-22,1278
1980-406,Brussels,Other,32,Clay,No,Finished,1980-06-09,1980,2026-08-22,1279
1980-407,Rotterdam,Other,32,Carpet,Yes,Finished,1980-03-10,1980,2026-08-22,1280
1980-408,Milan,Other,32,Carpet,Yes,Finished,1980-03-24,1980,2026-08-22,1281
1980-410,Monte Carlo,Other,32,Clay,No,Finished,1980-03-31,1980,2026-08-22,1282
1980-412,Atlanta,Other,32,Hard,No,Finished,1980-08-18,1980,2026-08-22,1283
1980-413,Las Vegas,Other,32,Hard,No,Finished,1980-04-21,1980,2026-08-22,1284
1980-414,Hamburg,Other,64,Clay,No,Finished,1980-05-12,1980,2026-08-22,1285
1980-415,Forest Hills WCT,Other,32,Clay,No,Finished,1980-05-05,1980,2026-08-22,1286
1980-416,Rome,Masters 1000,64,Clay,No,Finished,1980-05-19,1980,2026-08-22,1287
1980-417,Boston,Other,64,Clay,No,Finished,1980-07-14,1980,2026-08-22,1288
1980-418,Washington,Other,64,Clay,No,Finished,1980-07-21,1980,2026-08-22,1289
1980-419,Indianapolis,Other,64,Clay,No,Finished,1980-08-04,1980,2026-08-22,1290
1980-421,Montreal / Toronto,Masters 1000,64,Hard,No,Finished,1980-08-11,1980,2026-08-22,1291
1980-422,Cincinnati,Masters 1000,64,Hard,No,Finished,1980-08-18,1980,2026-08-22,1292
1980-423,Los Angeles,Other,64,Hard,No,Finished,1980-04-14,1980,2026-08-22,1293
1980-424,San Francisco,Other,64,Carpet,Yes,Finished,1980-09-22,1980,2026-08-22,1294
1980-425,Barcelona,Other,64,Clay,No,Finished,1980-10-06,1980,2026-08-22,1295
1980-426,Johannesburg,Other,32,Hard,No,Finished,1980-11-24,1980,2026-08-22,1296
1980-427,Sydney Indoor,Other,32,Hard,Yes,Finished,1980-10-13,1980,2026-08-22,1297
1980-428,Tokyo Indoor,Other,32,Carpet,Yes,Finished,1980-10-27,1980,2026-08-22,1298
1980-429,Stockholm,Other,32,Carpet,Yes,Finished,1980-11-03,1980,2026-08-22,1299
1980-430,Wembley,Other,32,Carpet,Yes,Finished,1980-11-10,1980,2026-08-22,1300
1980-520,Roland Garros,Grand Slam,128,Clay,No,Finished,1980-05-26,1980,2026-08-22,1301
1980-540,Wimbledon,Grand Slam,128,Grass,No,Finished,1980-06-23,1980,2026-08-22,1302
1980-560,US Open,Grand Slam,128,Hard,No,Finished,1980-08-25,1980,2026-08-22,1303
1980-580,Australian Open,Grand Slam,64,Grass,No,Finished,1980-12-22,1980,2026-08-22,1304
1980-583,Manchester,Other,64,Grass,No,Finished,1980-06-02,1980,2026-08-22,1305
1980-605,Masters,Masters 1000,8,Carpet,Yes,Finished,1981-01-12,1981,2026-08-22,1306
1980-610,Dallas WCT,Other,8,Carpet,Yes,Finished,1980-04-28,1980,2026-08-22,1307
1980-705,North Conway,Other,64,Clay,No,Finished,1980-07-21,1980,2026-08-22,1308
1980-707,South Orange,Other,32,Clay,No,Finished,1980-07-28,1980,2026-08-22,1309
1980-709,Sarasota,Other,32,Clay,No,Finished,1980-02-11,1980,2026-08-22,1310
1980-710,Washington-2,Other,32,Carpet,Yes,Finished,1980-03-03,1980,2026-08-22,1311
1980-711,Tulsa,Other,32,Hard,No,Finished,1980-04-07,1980,2026-08-22,1312
1980-712,Birmingham,Other,32,Carpet,Yes,Finished,1980-01-14,1980,2026-08-22,1313
1980-713,Hobart,Other,32,Hard,No,Finished,1979-12-31,1979,2026-08-22,1314
1980-714,San Jose,Other,32,Hard,No,Finished,1980-03-10,1980,2026-08-22,1315
1980-715,New Orleans,Other,32,Carpet,Yes,Finished,1980-03-31,1980,2026-08-22,1316
1980-716,Dayton,Other,32,Carpet,Yes,Finished,1980-03-24,1980,2026-08-22,1317
1980-717,Palm Harbor,Other,32,Hard,No,Finished,1980-03-31,1980,2026-08-22,1318
1980-720,Surbiton,Other,32,Grass,No,Finished,1980-06-16,1980,2026-08-22,1319
1980-802,Richmond WCT,Other,32,Carpet,Yes,Finished,1980-01-28,1980,2026-08-22,1320
1980-816,Baltimore WCT,Other,32,Carpet,Yes,Finished,1980-01-14,1980,2026-08-22,1321
1981-1725,Pepsi Grand Slam,Other,4,Clay,No,Finished,1981-02-09,1981,2026-08-22,1322
1981-204,Vina del Mar,Other,32,Clay,No,Finished,1981-01-26,1981,2026-08-22,1323
1981-206,Cairo,Other,32,Clay,No,Finished,1981-03-09,1981,2026-08-22,1324
1981-237,Guaruja,Other,32,Hard,No,Finished,1981-01-19,1981,2026-08-22,1325
1981-254,Johannesburg,Other,32,Hard,No,Finished,1981-04-06,1981,2026-08-22,1326
1981-273,Brussels,Other,32,Clay,No,Finished,1981-06-08,1981,2026-08-22,1327
1981-294,Mexico City,Other,32,Clay,No,Finished,1981-02-23,1981,2026-08-22,1328
1981-301,Auckland,Other,32,Hard,No,Finished,1981-01-05,1981,2026-08-22,1329
1981-303,Buenos Aires,Other,32,Clay,No,Finished,1981-11-16,1981,2026-08-22,1330
1981-304,Nancy,Other,32,Hard,No,Finished,1981-03-16,1981,2026-08-22,1331
1981-305,Nice,Other,32,Clay,No,Finished,1981-04-06,1981,2026-08-22,1332
1981-308,Munich,Other,32,Clay,No,Finished,1981-05-18,1981,2026-08-22,1333
1981-309,Madrid,Other,32,Clay,No,Finished,1981-09-28,1981,2026-08-22,1334
1981-310,Florence,Other,32,Clay,No,Finished,1981-05-11,1981,2026-08-22,1335
1981-311,Queen's Club,Other,64,Grass,No,Finished,1981-06-08,1981,2026-08-22,1336
1981-312,Bologna,Other,32,Carpet,Yes,Finished,1981-11-23,1981,2026-08-22,1337
1981-313,Bristol,Other,32,Grass,No,Finished,1981-06-08,1981,2026-08-22,1338
1981-314,Gstaad,Other,32,Clay,No,Finished,1981-07-06,1981,2026-08-22,1339
1981-315,Newport,Other,32,Grass,No,Finished,1981-07-06,1981,2026-08-22,1340
1981-316,Bastad,Other,32,Clay,No,Finished,1981-07-20,1981,2026-08-22,1341
1981-317,Hilversum,Other,32,Clay,No,Finished,1981-07-20,1981,2026-08-22,1342
1981-319,Kitzbuhel,Other,64,Clay,No,Finished,1981-07-13,1981,2026-08-22,1343
1981-320,Cleveland,Other,32,Hard,No,Finished,1981-08-10,1981,2026-08-22,1344
1981-321,Stuttgart Outdoor,Other,32,Clay,No,Finished,1981-07-13,1981,2026-08-22,1345
1981-322,Geneva,Other,32,Clay,No,Finished,1981-09-21,1981,2026-08-22,1346
1981-323,Bordeaux,Other,32,Clay,No,Finished,1981-09-21,1981,2026-08-22,1347
1981-324,Maui,Other,32,Hard,No,Finished,1981-09-28,1981,2026-08-22,1348
1981-325,Palermo,Other,32,Clay,No,Finished,1981-09-14,1981,2026-08-22,1349
1981-326,Brisbane,Other,32,Grass,No,Finished,1981-10-05,1981,2026-08-22,1350
1981-328,Basel,Other,32,Hard,No,Finished,1981-10-12,1981,2026-08-22,1351
1981-329,Tokyo Outdoor,Other,64,Clay,No,Finished,1981-10-19,1981,2026-08-22,1352
1981-330,Tel Aviv,Other,32,Hard,No,Finished,1981-10-05,1981,2026-08-22,1353
1981-331,Melbourne Indoor,Other,32,Carpet,Yes,Finished,1981-10-19,1981,2026-08-22,1354
1981-332,Cologne,Other,32,Hard,No,Finished,1981-10-26,1981,2026-08-22,1355
1981-333,Taipei,Other,32,Carpet,Yes,Finished,1981-11-09,1981,2026-08-22,1356
1981-334,Bangkok,Other,32,Carpet,Yes,Finished,1981-11-16,1981,2026-08-22,1357
1981-336,Hong Kong,Other,32,Hard,No,Finished,1981-11-02,1981,2026-08-22,1358
1981-337,Vienna,Other,64,Hard,No,Finished,1981-10-19,1981,2026-08-22,1359
1981-338,Sydney Outdoor,Other,64,Grass,No,Finished,1981-12-14,1981,2026-08-22,1360
1981-339,Adelaide,Other,32,Grass,No,Finished,1981-01-05,1981,2026-08-22,1361
1981-343,Columbus,Other,32,Hard,No,Finished,1981-08-03,1981,2026-08-22,1362
1981-345,Monterrey WCT,Other,32,Carpet,Yes,Finished,1981-01-19,1981,2026-08-22,1363
1981-346,Tampa,Other,32,Hard,No,Finished,1981-03-09,1981,2026-08-22,1364
1981-347,Bournemouth,Other,32,Clay,No,Finished,1981-04-20,1981,2026-08-22,1365
1981-348,Frankfurt,Other,32,Carpet,Yes,Finished,1981-03-30,1981,2026-08-22,1366
1981-349,Stowe,Other,32,Hard,No,Finished,1981-08-10,1981,2026-08-22,1367
1981-351,Linz,Other,32,Hard,No,Finished,1981-03-30,1981,2026-08-22,1368
1981-352,Paris Indoor,Other,32,Hard,Yes,Finished,1981-10-26,1981,2026-08-22,1369
1981-353,Quito,Other,32,Clay,No,Finished,1981-11-02,1981,2026-08-22,1370
1981-355,Salisbury WCT,Other,8,Carpet,Yes,Finished,1981-03-02,1981,2026-08-22,1371
1981-356,Napa,Other,32,Hard,No,Finished,1981-03-23,1981,2026-08-22,1372
1981-357,Stuttgart Indoor,Other,32,Hard,Yes,Finished,1981-03-23,1981,2026-08-22,1373
1981-358,San Juan,Other,32,Hard,No,Finished,1981-01-19,1981,2026-08-22,1374
1981-361,Santiago,Other,32,Clay,No,Finished,1981-11-23,1981,2026-08-22,1375
1981-362,Manila,Other,32,Clay,No,Finished,1981-11-23,1981,2026-08-22,1376
1981-364,Sofia,Other,32,Carpet,Yes,Finished,1981-12-14,1981,2026-08-22,1377
1981-389,Denver,Other,32,Carpet,Yes,Finished,1981-03-02,1981,2026-08-22,1378
1981-392,Mar Del Plata,Other,32,Clay,No,Finished,1981-02-02,1981,2026-08-22,1379
1981-401,Philadelphia,Other,64,Carpet,Yes,Finished,1981-01-26,1981,2026-08-22,1380
1981-402,Memphis,Other,64,Carpet,Yes,Finished,1981-02-23,1981,2026-08-22,1381
1981-405,Houston,Other,32,Clay,No,Finished,1981-04-06,1981,2026-08-22,1382
1981-406,Brussels,Other,32,Carpet,Yes,Finished,1981-03-09,1981,2026-08-22,1383
1981-407,Rotterdam,Other,32,Hard,No,Finished,1981-03-16,1981,2026-08-22,1384
1981-408,Milan,Other,32,Carpet,Yes,Finished,1981-03-23,1981,2026-08-22,1385
1981-410,Monte Carlo,Other,32,Clay,No,Finished,1981-04-13,1981,2026-08-22,1386
1981-412,Atlanta,Other,32,Hard,No,Finished,1981-08-17,1981,2026-08-22,1387
1981-413,Las Vegas,Other,32,Hard,No,Finished,1981-04-20,1981,2026-08-22,1388
1981-414,Hamburg,Other,64,Clay,No,Finished,1981-05-11,1981,2026-08-22,1389
1981-415,Forest Hills WCT,Other,64,Clay,No,Finished,1981-05-04,1981,2026-08-22,1390
1981-416,Rome,Masters 1000,64,Clay,No,Finished,1981-05-18,1981,2026-08-22,1391
1981-417,Boston,Other,64,Clay,No,Finished,1981-07-13,1981,2026-08-22,1392
1981-418,Washington,Other,64,Clay,No,Finished,1981-07-20,1981,2026-08-22,1393
1981-419,Indianapolis,Other,64,Clay,No,Finished,1981-08-03,1981,2026-08-22,1394
1981-421,Montreal / Toronto,Masters 1000,64,Hard,No,Finished,1981-08-10,1981,2026-08-22,1395
1981-422,Cincinnati,Masters 1000,64,Hard,No,Finished,1981-08-17,1981,2026-08-22,1396
1981-423,Los Angeles,Other,32,Hard,No,Finished,1981-04-13,1981,2026-08-22,1397
1981-424,San Francisco,Other,64,Carpet,Yes,Finished,1981-09-21,1981,2026-08-22,1398
1981-425,Barcelona,Other,64,Clay,No,Finished,1981-10-05,1981,2026-08-22,1399
1981-426,Johannesburg,Other,32,Hard,No,Finished,1981-11-23,1981,2026-08-22,1400
1981-427,Sydney Indoor,Other,32,Hard,Yes,Finished,1981-10-12,1981,2026-08-22,1401
1981-428,Tokyo Indoor,Other,32,Carpet,Yes,Finished,1981-10-26,1981,2026-08-22,1402
1981-429,Stockholm,Other,64,Hard,No,Finished,1981-11-02,1981,2026-08-22,1403
1981-430,Wembley,Other,32,Carpet,Yes,Finished,1981-11-09,1981,2026-08-22,1404
1981-520,Roland Garros,Grand Slam,128,Clay,No,Finished,1981-05-25,1981,2026-08-22,1405
1981-540,Wimbledon,Grand Slam,128,Grass,No,Finished,1981-06-22,1981,2026-08-22,1406
1981-560,US Open,Grand Slam,128,Hard,No,Finished,1981-08-31,1981,2026-08-22,1407
1981-580,Australian Open,Grand Slam,64,Grass,No,Finished,1981-12-21,1981,2026-08-22,1408
1981-605,Masters,Masters 1000,8,Carpet,Yes,Finished,1982-01-11,1982,2026-08-22,1409
1981-610,Dallas WCT,Other,8,Carpet,Yes,Finished,1981-04-27,1981,2026-08-22,1410
1981-702,Venice,Other,32,Clay,No,Finished,1981-06-08,1981,2026-08-22,1411
1981-705,North Conway,Other,64,Clay,No,Finished,1981-07-27,1981,2026-08-22,1412
1981-707,South Orange,Other,32,Clay,No,Finished,1981-07-27,1981,2026-08-22,1413
1981-708,La Quinta,Other,64,Hard,No,Finished,1981-02-16,1981,2026-08-22,1414
1981-802,Richmond WCT,Other,32,Carpet,Yes,Finished,1981-02-02,1981,2026-08-22,1415
1982-201,Guaruja,Other,32,Clay,No,Finished,1982-01-18,1982,2026-08-22,1416
1982-204,Vina del Mar,Other,32,Clay,No,Finished,1982-01-25,1982,2026-08-22,1417
1982-206,Cairo,Other,32,Clay,No,Finished,1982-02-22,1982,2026-08-22,1418
1982-237,Sao Paulo,Other,32,Clay,No,Finished,1982-11-15,1982,2026-08-22,1419
1982-301,Auckland,Other,32,Hard,No,Finished,1982-01-11,1982,2026-08-22,1420
1982-303,Buenos Aires,Other,32,Clay,No,Finished,1982-02-01,1982,2026-08-22,1421
1982-305,Nice,Other,32,Clay,No,Finished,1982-03-29,1982,2026-08-22,1422
1982-308,Munich,Other,32,Clay,No,Finished,1982-05-17,1982,2026-08-22,1423
1982-309,Madrid,Other,32,Clay,No,Finished,1982-04-26,1982,2026-08-22,1424
1982-310,Florence,Other,32,Clay,No,Finished,1982-05-10,1982,2026-08-22,1425
1982-311,Queen's Club,Other,64,Grass,No,Finished,1982-06-07,1982,2026-08-22,1426
1982-313,Bristol,Other,32,Grass,No,Finished,1982-06-14,1982,2026-08-22,1427
1982-314,Gstaad,Other,32,Clay,No,Finished,1982-07-05,1982,2026-08-22,1428
1982-315,Newport,Other,32,Grass,No,Finished,1982-07-05,1982,2026-08-22,1429
1982-316,Bastad,Other,32,Clay,No,Finished,1982-07-12,1982,2026-08-22,1430
1982-317,Hilversum,Other,32,Clay,No,Finished,1982-07-19,1982,2026-08-22,1431
1982-319,Kitzbuhel,Other,64,Clay,No,Finished,1982-07-19,1982,2026-08-22,1432
1982-320,Cleveland,Other,32,Hard,No,Finished,1982-08-09,1982,2026-08-22,1433
1982-321,Stuttgart Outdoor,Other,32,Clay,No,Finished,1982-07-12,1982,2026-08-22,1434
1982-322,Geneva,Other,32,Clay,No,Finished,1982-09-20,1982,2026-08-22,1435
1982-323,Bordeaux,Other,32,Clay,No,Finished,1982-09-20,1982,2026-08-22,1436
1982-324,Maui,Other,32,Hard,No,Finished,1982-09-27,1982,2026-08-22,1437
1982-325,Palermo,Other,32,Clay,No,Finished,1982-09-13,1982,2026-08-22,1438
1982-327,Toulouse,Other,32,Hard,No,Finished,1982-11-01,1982,2026-08-22,1439
1982-328,Basel,Other,32,Hard,No,Finished,1982-10-11,1982,2026-08-22,1440
1982-329,Tokyo Outdoor,Other,64,Clay,No,Finished,1982-10-18,1982,2026-08-22,1441
1982-331,Melbourne Indoor,Other,32,Carpet,Yes,Finished,1982-10-04,1982,2026-08-22,1442
1982-332,Cologne,Other,32,Hard,No,Finished,1982-10-25,1982,2026-08-22,1443
1982-333,Taipei,Other,32,Carpet,Yes,Finished,1982-11-08,1982,2026-08-22,1444
1982-334,Bangkok,Other,32,Carpet,Yes,Finished,1982-11-15,1982,2026-08-22,1445
1982-336,Hong Kong,Other,32,Hard,No,Finished,1982-11-01,1982,2026-08-22,1446
1982-337,Vienna,Other,32,Hard,No,Finished,1982-10-18,1982,2026-08-22,1447
1982-338,Sydney Outdoor,Other,64,Grass,No,Finished,1982-12-13,1982,2026-08-22,1448
1982-339,Adelaide,Other,32,Grass,No,Finished,1982-12-20,1982,2026-08-22,1449
1982-340,Melbourne,Other,32,Grass,No,Finished,1982-12-27,1982,2026-08-22,1450
1982-341,Metz,Other,32,Hard,No,Finished,1982-03-15,1982,2026-08-22,1451
1982-343,Columbus,Other,32,Hard,No,Finished,1982-08-02,1982,2026-08-22,1452
1982-344,Caracas,Other,32,Hard,No,Finished,1982-02-08,1982,2026-08-22,1453
1982-345,Monterrey,Other,32,Carpet,Yes,Finished,1982-02-22,1982,2026-08-22,1454
1982-346,Tampa,Other,32,Hard,No,Finished,1982-04-26,1982,2026-08-22,1455
1982-347,Bournemouth,Other,32,Clay,No,Finished,1982-04-19,1982,2026-08-22,1456
1982-348,Frankfurt,Other,32,Carpet,Yes,Finished,1982-03-29,1982,2026-08-22,1457
1982-349,Stowe,Other,32,Hard,No,Finished,1982-08-16,1982,2026-08-22,1458
1982-351,Linz,Other,32,Clay,No,Finished,1982-03-08,1982,2026-08-22,1459
1982-352,Paris Indoor,Other,32,Hard,Yes,Finished,1982-10-25,1982,2026-08-22,1460
1982-353,Quito,Other,32,Clay,No,Finished,1982-11-01,1982,2026-08-22,1461
1982-389,Denver,Other,32,Carpet,Yes,Finished,1982-02-01,1982,2026-08-22,1462
1982-393,Adelaide-2,Other,32,Grass,No,Finished,1982-01-04,1982,2026-08-22,1463
1982-401,Philadelphia,Other,32,Carpet,Yes,Finished,1982-01-25,1982,2026-08-22,1464
1982-402,Memphis,Other,64,Carpet,Yes,Finished,1982-02-08,1982,2026-08-22,1465
1982-404,La Quinta,Other,64,Hard,No,Finished,1982-02-15,1982,2026-08-22,1466
1982-405,Houston,Other,32,Clay,No,Finished,1982-04-12,1982,2026-08-22,1467
1982-406,Brussels,Other,32,Hard,No,Finished,1982-03-08,1982,2026-08-22,1468
1982-407,Rotterdam,Other,32,Carpet,Yes,Finished,1982-03-08,1982,2026-08-22,1469
1982-408,Milan,Other,32,Carpet,Yes,Finished,1982-03-22,1982,2026-08-22,1470
1982-410,Monte Carlo,Other,32,Clay,No,Finished,1982-04-05,1982,2026-08-22,1471
1982-413,Las Vegas,Other,32,Hard,No,Finished,1982-04-19,1982,2026-08-22,1472
1982-414,Hamburg,Other,64,Clay,No,Finished,1982-05-10,1982,2026-08-22,1473
1982-415,Forest Hills WCT,Other,64,Clay,No,Finished,1982-04-26,1982,2026-08-22,1474
1982-416,Rome,Masters 1000,64,Clay,No,Finished,1982-05-17,1982,2026-08-22,1475
1982-417,Boston,Other,64,Clay,No,Finished,1982-07-12,1982,2026-08-22,1476
1982-418,Washington,Other,64,Clay,No,Finished,1982-07-19,1982,2026-08-22,1477
1982-419,Indianapolis,Other,64,Clay,No,Finished,1982-08-02,1982,2026-08-22,1478
1982-421,Montreal / Toronto,Masters 1000,64,Hard,No,Finished,1982-08-09,1982,2026-08-22,1479
1982-422,Cincinnati,Masters 1000,64,Hard,No,Finished,1982-08-16,1982,2026-08-22,1480
1982-423,Los Angeles,Other,32,Hard,No,Finished,1982-04-12,1982,2026-08-22,1481
1982-424,San Francisco,Other,32,Carpet,Yes,Finished,1982-09-20,1982,2026-08-22,1482
1982-425,Barcelona,Other,64,Clay,No,Finished,1982-10-04,1982,2026-08-22,1483
1982-426,Johannesburg,Other,32,Hard,No,Finished,1982-11-22,1982,2026-08-22,1484
1982-427,Sydney Indoor,Other,32,Hard,Yes,Finished,1982-10-11,1982,2026-08-22,1485
1982-428,Tokyo Indoor,Other,32,Carpet,Yes,Finished,1982-10-25,1982,2026-08-22,1486
1982-429,Stockholm,Other,64,Hard,No,Finished,1982-11-01,1982,2026-08-22,1487
1982-430,Wembley,Other,32,Carpet,Yes,Finished,1982-11-08,1982,2026-08-22,1488
1982-520,Roland Garros,Grand Slam,128,Clay,No,Finished,1982-05-24,1982,2026-08-22,1489
1982-540,Wimbledon,Grand Slam,128,Grass,No,Finished,1982-06-21,1982,2026-08-22,1490
1982-560,US Open,Grand Slam,128,Hard,No,Finished,1982-08-30,1982,2026-08-22,1491
1982-580,Australian Open,Grand Slam,96,Grass,No,Finished,1982-11-29,1982,2026-08-22,1492
1982-605,Masters,Masters 1000,12,Carpet,Yes,Finished,1983-01-17,1983,2026-08-22,1493
1982-610,Dallas WCT,Other,8,Carpet,Yes,Finished,1982-04-19,1982,2026-08-22,1494
1982-702,Venice,Other,32,Clay,No,Finished,1982-06-07,1982,2026-08-22,1495
1982-704,Ancona,Other,32,Carpet,Yes,Finished,1982-11-15,1982,2026-08-22,1496
1982-705,North Conway,Other,64,Clay,No,Finished,1982-07-26,1982,2026-08-22,1497
1982-707,South Orange,Other,32,Clay,No,Finished,1982-07-26,1982,2026-08-22,1498
1982-724,Hilton Head WCT,Other,32,Clay,No,Finished,1982-04-26,1982,2026-08-22,1499
1982-726,Bahia,Other,32,Carpet,Yes,Finished,1982-11-22,1982,2026-08-22,1500
1982-802,Richmond WCT,Other,16,Carpet,Yes,Finished,1982-02-08,1982,2026-08-22,1501
1982-803,Delray Beach WCT,Other,16,Clay,No,Finished,1982-01-25,1982,2026-08-22,1502
1982-804,Munich-2 WCT,Other,32,Carpet,Yes,Finished,1982-03-08,1982,2026-08-22,1503
1982-806,Naples Finals WCT,ATP Finals,8,Carpet,Yes,Finished,1982-10-11,1982,2026-08-22,1504
1982-807,Mexico City WCT,Other,16,Carpet,Yes,Finished,1982-01-18,1982,2026-08-22,1505
1982-808,Genova WCT,Other,32,Carpet,Yes,Finished,1982-02-22,1982,2026-08-22,1506
1982-809,Strasbourg WCT,Other,32,Carpet,Yes,Finished,1982-03-15,1982,2026-08-22,1507
1982-810,Zurich WCT,Other,32,Carpet,Yes,Finished,1982-03-22,1982,2026-08-22,1508
1982-811,Zell Am See WCT,Other,32,Clay,No,Finished,1982-07-12,1982,2026-08-22,1509
1982-812,Cap D'Adge WCT,Other,32,Clay,No,Finished,1982-07-26,1982,2026-08-22,1510
1982-813,La Costa WCT,Other,16,Hard,No,Finished,1982-08-09,1982,2026-08-22,1511
1982-814,Los Angeles-2 WCT,Other,32,Carpet,Yes,Finished,1982-09-20,1982,2026-08-22,1512
1982-815,Amsterdam WCT,Other,16,Carpet,Yes,Finished,1982-10-18,1982,2026-08-22,1513
1982-816,Baltimore WCT,Other,16,Carpet,Yes,Finished,1982-11-01,1982,2026-08-22,1514
1982-817,Dortmund WCT,Other,32,Carpet,Yes,Finished,1982-11-15,1982,2026-08-22,1515
1982-818,Chicago-2 WCT,Other,16,Carpet,Yes,Finished,1982-11-29,1982,2026-08-22,1516
1982-819,Hartford WCT,Other,16,Carpet,Yes,Finished,1982-12-13,1982,2026-08-22,1517
1983-201,Guaruja,Other,64,Hard,No,Finished,1983-01-24,1983,2026-08-22,1518
1983-204,Vina del Mar,Other,32,Clay,No,Finished,1983-02-14,1983,2026-08-22,1519
1983-301,Auckland,Other,32,Hard,No,Finished,1983-01-10,1983,2026-08-22,1520
1983-304,Nancy,Other,32,Hard,No,Finished,1983-03-07,1983,2026-08-22,1521
1983-305,Nice,Other,32,Clay,No,Finished,1983-03-21,1983,2026-08-22,1522
1983-308,Munich,Other,32,Clay,No,Finished,1983-05-16,1983,2026-08-22,1523
1983-309,Madrid,Other,32,Clay,No,Finished,1983-04-25,1983,2026-08-22,1524
1983-310,Florence,Other,32,Clay,No,Finished,1983-05-09,1983,2026-08-22,1525
1983-311,Queen's Club,Other,64,Grass,No,Finished,1983-06-06,1983,2026-08-22,1526
1983-313,Bristol,Other,32,Grass,No,Finished,1983-06-13,1983,2026-08-22,1527
1983-314,Gstaad,Other,32,Clay,No,Finished,1983-07-04,1983,2026-08-22,1528
1983-315,Newport,Other,32,Grass,No,Finished,1983-07-04,1983,2026-08-22,1529
1983-316,Bastad,Other,32,Clay,No,Finished,1983-07-11,1983,2026-08-22,1530
1983-317,Hilversum,Other,32,Clay,No,Finished,1983-07-18,1983,2026-08-22,1531
1983-319,Kitzbuhel,Other,48,Clay,No,Finished,1983-07-18,1983,2026-08-22,1532
1983-321,Stuttgart Outdoor,Other,32,Clay,No,Finished,1983-07-11,1983,2026-08-22,1533
1983-322,Geneva,Other,32,Clay,No,Finished,1983-09-19,1983,2026-08-22,1534
1983-323,Bordeaux,Other,32,Clay,No,Finished,1983-09-19,1983,2026-08-22,1535
1983-324,Maui,Other,32,Hard,No,Finished,1983-09-19,1983,2026-08-22,1536
1983-325,Palermo,Other,32,Clay,No,Finished,1983-09-12,1983,2026-08-22,1537
1983-326,Brisbane,Other,32,Carpet,Yes,Finished,1983-10-03,1983,2026-08-22,1538
1983-327,Toulouse,Other,32,Hard,No,Finished,1983-11-21,1983,2026-08-22,1539
1983-328,Basel,Other,32,Hard,No,Finished,1983-10-10,1983,2026-08-22,1540
1983-329,Tokyo Outdoor,Other,64,Hard,No,Finished,1983-10-17,1983,2026-08-22,1541
1983-330,Tel Aviv,Other,32,Hard,No,Finished,1983-10-10,1983,2026-08-22,1542
1983-332,Cologne,Other,32,Carpet,Yes,Finished,1983-10-24,1983,2026-08-22,1543
1983-333,Taipei,Other,32,Carpet,Yes,Finished,1983-11-07,1983,2026-08-22,1544
1983-336,Hong Kong,Other,32,Hard,No,Finished,1983-10-31,1983,2026-08-22,1545
1983-337,Vienna,Other,32,Hard,No,Finished,1983-10-17,1983,2026-08-22,1546
1983-338,Sydney Outdoor,Other,64,Grass,No,Finished,1983-12-12,1983,2026-08-22,1547
1983-339,Adelaide,Other,32,Grass,No,Finished,1983-12-19,1983,2026-08-22,1548
1983-342,Aix en Provence,Other,32,Clay,No,Finished,1983-04-11,1983,2026-08-22,1549
1983-343,Columbus,Other,32,Hard,No,Finished,1983-08-01,1983,2026-08-22,1550
1983-344,Caracas,Other,32,Hard,No,Finished,1983-01-31,1983,2026-08-22,1551
1983-345,Monterrey,Other,32,Carpet,Yes,Finished,1983-02-28,1983,2026-08-22,1552
1983-346,Tampa,Other,32,Carpet,Yes,Finished,1983-04-25,1983,2026-08-22,1553
1983-347,Bournemouth,Other,32,Clay,No,Finished,1983-04-18,1983,2026-08-22,1554
1983-349,Stowe,Other,32,Hard,No,Finished,1983-08-15,1983,2026-08-22,1555
1983-388,Dallas,Other,32,Hard,No,Finished,1983-09-12,1983,2026-08-22,1556
1983-401,Philadelphia,Other,64,Carpet,Yes,Finished,1983-01-31,1983,2026-08-22,1557
1983-402,Memphis,Other,64,Carpet,Yes,Finished,1983-02-14,1983,2026-08-22,1558
1983-405,Houston-WCT,Other,32,Clay,No,Finished,1983-04-04,1983,2026-08-22,1559
1983-406,Brussels,Other,32,Carpet,Yes,Finished,1983-03-07,1983,2026-08-22,1560
1983-407,Rotterdam,Other,32,Hard,No,Finished,1983-03-14,1983,2026-08-22,1561
1983-408,Milan,Other,32,Carpet,Yes,Finished,1983-03-21,1983,2026-08-22,1562
1983-410,Monte Carlo,Other,32,Clay,No,Finished,1983-03-28,1983,2026-08-22,1563
1983-413,Las Vegas,Other,32,Hard,No,Finished,1983-04-18,1983,2026-08-22,1564
1983-414,Hamburg,Other,56,Clay,No,Finished,1983-05-09,1983,2026-08-22,1565
1983-415,Forest Hills WCT,Other,64,Clay,No,Finished,1983-04-25,1983,2026-08-22,1566
1983-416,Rome,Masters 1000,64,Clay,No,Finished,1983-05-16,1983,2026-08-22,1567
1983-417,Boston,Other,56,Clay,No,Finished,1983-07-11,1983,2026-08-22,1568
1983-418,Washington,Other,56,Clay,No,Finished,1983-07-18,1983,2026-08-22,1569
1983-419,Indianapolis,Other,56,Clay,No,Finished,1983-08-01,1983,2026-08-22,1570
1983-421,Montreal / Toronto,Masters 1000,56,Hard,No,Finished,1983-08-08,1983,2026-08-22,1571
1983-422,Cincinnati,Masters 1000,64,Hard,No,Finished,1983-08-15,1983,2026-08-22,1572
1983-423,Los Angeles,Other,64,Hard,No,Finished,1983-04-11,1983,2026-08-22,1573
1983-424,San Francisco,Other,32,Carpet,Yes,Finished,1983-09-19,1983,2026-08-22,1574
1983-425,Barcelona,Other,64,Clay,No,Finished,1983-10-03,1983,2026-08-22,1575
1983-426,Johannesburg,Other,32,Hard,No,Finished,1983-11-21,1983,2026-08-22,1576
1983-427,Sydney Indoor,Other,32,Hard,Yes,Finished,1983-10-10,1983,2026-08-22,1577
1983-428,Tokyo Indoor,Other,32,Carpet,Yes,Finished,1983-10-24,1983,2026-08-22,1578
1983-429,Stockholm,Other,64,Hard,No,Finished,1983-10-31,1983,2026-08-22,1579
1983-430,Wembley,Other,32,Carpet,Yes,Finished,1983-11-07,1983,2026-08-22,1580
1983-520,Roland Garros,Grand Slam,128,Clay,No,Finished,1983-05-23,1983,2026-08-22,1581
1983-540,Wimbledon,Grand Slam,128,Grass,No,Finished,1983-06-20,1983,2026-08-22,1582
1983-560,US Open,Grand Slam,128,Hard,No,Finished,1983-08-29,1983,2026-08-22,1583
1983-580,Australian Open,Grand Slam,96,Grass,No,Finished,1983-11-28,1983,2026-08-22,1584
1983-605,Masters,Masters 1000,12,Carpet,Yes,Finished,1984-01-09,1984,2026-08-22,1585
1983-610,Dallas WCT,Other,16,Carpet,Yes,Finished,1983-04-25,1983,2026-08-22,1586
1983-702,Venice,Other,32,Clay,No,Finished,1983-06-06,1983,2026-08-22,1587
1983-703,Ferrara,Other,32,Carpet,Yes,Finished,1983-11-14,1983,2026-08-22,1588
1983-705,North Conway,Other,56,Clay,No,Finished,1983-07-25,1983,2026-08-22,1589
1983-707,South Orange,Other,32,Clay,No,Finished,1983-07-25,1983,2026-08-22,1590
1983-708,La Quinta,Other,64,Hard,No,Finished,1983-02-21,1983,2026-08-22,1591
1983-723,Lisbon,Other,32,Clay,No,Finished,1983-04-04,1983,2026-08-22,1592
1983-724,Hilton Head WCT,Other,8,Clay,No,Finished,1983-04-11,1983,2026-08-22,1593
1983-726,Bahia,Other,32,Hard,No,Finished,1983-11-21,1983,2026-08-22,1594
1983-802,Richmond WCT,Other,32,Carpet,Yes,Finished,1983-02-07,1983,2026-08-22,1595
1983-803,Delray Beach WCT,Other,32,Clay,No,Finished,1983-02-21,1983,2026-08-22,1596
1983-804,Munich WCT,Other,32,Carpet,Yes,Finished,1983-03-14,1983,2026-08-22,1597
1983-805,Detroit WCT,Other,8,Carpet,Yes,Finished,1983-01-24,1983,2026-08-22,1598
1984-301,Auckland,Other,32,Hard,No,Finished,1984-01-09,1984,2026-08-22,1599
1984-305,Nice,Other,32,Clay,No,Finished,1984-04-09,1984,2026-08-22,1600
1984-306,Bari,Other,32,Clay,No,Finished,1984-04-02,1984,2026-08-22,1601
1984-308,Munich,Other,32,Clay,No,Finished,1984-05-14,1984,2026-08-22,1602
1984-309,Madrid,Other,32,Carpet,Yes,Finished,1984-02-27,1984,2026-08-22,1603
1984-310,Florence,Other,32,Clay,No,Finished,1984-05-07,1984,2026-08-22,1604
1984-311,Queen's Club,Other,64,Grass,No,Finished,1984-06-11,1984,2026-08-22,1605
1984-313,Bristol,Other,64,Grass,No,Finished,1984-06-18,1984,2026-08-22,1606
1984-314,Gstaad,Other,32,Clay,No,Finished,1984-07-09,1984,2026-08-22,1607
1984-315,Newport,Other,32,Grass,No,Finished,1984-07-09,1984,2026-08-22,1608
1984-316,Bastad,Other,32,Clay,No,Finished,1984-07-16,1984,2026-08-22,1609
1984-317,Hilversum,Other,32,Clay,No,Finished,1984-07-23,1984,2026-08-22,1610
1984-318,Livingston,Other,32,Hard,No,Finished,1984-07-30,1984,2026-08-22,1611
1984-319,Kitzbuhel,Other,48,Clay,No,Finished,1984-07-23,1984,2026-08-22,1612
1984-320,Cleveland,Other,32,Hard,No,Finished,1984-08-06,1984,2026-08-22,1613
1984-321,Stuttgart Outdoor,Other,32,Clay,No,Finished,1984-07-16,1984,2026-08-22,1614
1984-322,Geneva,Other,32,Clay,No,Finished,1984-09-17,1984,2026-08-22,1615
1984-323,Bordeaux,Other,32,Clay,No,Finished,1984-09-17,1984,2026-08-22,1616
1984-324,Honolulu,Other,32,Hard,No,Finished,1984-09-24,1984,2026-08-22,1617
1984-325,Palermo,Other,32,Clay,No,Finished,1984-09-10,1984,2026-08-22,1618
1984-326,Brisbane,Other,32,Carpet,Yes,Finished,1984-10-01,1984,2026-08-22,1619
1984-327,Toulouse,Other,32,Hard,No,Finished,1984-11-19,1984,2026-08-22,1620
1984-328,Basel,Other,32,Hard,No,Finished,1984-10-08,1984,2026-08-22,1621
1984-329,Tokyo Outdoor,Other,64,Hard,No,Finished,1984-10-08,1984,2026-08-22,1622
1984-330,Tel Aviv,Other,32,Hard,No,Finished,1984-09-10,1984,2026-08-22,1623
1984-331,Melbourne Indoor,Other,32,Carpet,Yes,Finished,1984-10-15,1984,2026-08-22,1624
1984-332,Cologne,Other,32,Hard,No,Finished,1984-10-15,1984,2026-08-22,1625
1984-333,Taipei,Other,32,Carpet,Yes,Finished,1984-10-29,1984,2026-08-22,1626
1984-335,Treviso,Other,32,Clay,No,Finished,1984-11-12,1984,2026-08-22,1627
1984-336,Hong Kong,Other,32,Hard,No,Finished,1984-10-22,1984,2026-08-22,1628
1984-337,Vienna,Other,32,Hard,No,Finished,1984-10-22,1984,2026-08-22,1629
1984-338,Sydney Outdoor,Other,64,Grass,No,Finished,1984-12-10,1984,2026-08-22,1630
1984-339,Adelaide,Other,32,Grass,No,Finished,1984-12-17,1984,2026-08-22,1631
1984-340,Melbourne,Other,32,Grass,No,Finished,1984-12-24,1984,2026-08-22,1632
1984-341,Metz,Other,32,Hard,No,Finished,1984-03-12,1984,2026-08-22,1633
1984-342,Aix en Provence,Other,32,Clay,No,Finished,1984-04-23,1984,2026-08-22,1634
1984-343,Columbus,Other,32,Hard,No,Finished,1984-08-13,1984,2026-08-22,1635
1984-401,Philadelphia,Other,48,Carpet,Yes,Finished,1984-01-23,1984,2026-08-22,1636
1984-402,Memphis,Other,48,Carpet,Yes,Finished,1984-02-06,1984,2026-08-22,1637
1984-406,Brussels,Other,32,Carpet,Yes,Finished,1984-03-05,1984,2026-08-22,1638
1984-407,Rotterdam,Other,32,Carpet,Yes,Finished,1984-03-12,1984,2026-08-22,1639
1984-408,Milan,Other,32,Carpet,Yes,Finished,1984-03-19,1984,2026-08-22,1640
1984-410,Monte Carlo,Other,32,Clay,No,Finished,1984-04-16,1984,2026-08-22,1641
1984-414,Hamburg,Other,56,Clay,No,Finished,1984-05-07,1984,2026-08-22,1642
1984-415,Forest Hills WCT,Other,64,Clay,No,Finished,1984-04-30,1984,2026-08-22,1643
1984-416,Rome,Masters 1000,64,Clay,No,Finished,1984-05-07,1984,2026-08-22,1644
1984-417,Boston,Other,64,Clay,No,Finished,1984-07-16,1984,2026-08-22,1645
1984-418,Washington,Other,56,Clay,No,Finished,1984-07-23,1984,2026-08-22,1646
1984-419,Indianapolis,Other,56,Clay,No,Finished,1984-08-06,1984,2026-08-22,1647
1984-421,Montreal / Toronto,Masters 1000,56,Hard,No,Finished,1984-08-13,1984,2026-08-22,1648
1984-422,Cincinnati,Masters 1000,64,Hard,No,Finished,1984-08-20,1984,2026-08-22,1649
1984-423,Los Angeles,Other,48,Hard,No,Finished,1984-09-10,1984,2026-08-22,1650
1984-424,San Francisco,Other,32,Carpet,Yes,Finished,1984-09-17,1984,2026-08-22,1651
1984-425,Barcelona,Other,64,Clay,No,Finished,1984-10-01,1984,2026-08-22,1652
1984-426,Johannesburg,Other,32,Hard,No,Finished,1984-11-19,1984,2026-08-22,1653
1984-427,Sydney Indoor,Other,32,Hard,Yes,Finished,1984-10-08,1984,2026-08-22,1654
1984-428,Tokyo Indoor,Other,32,Carpet,Yes,Finished,1984-10-15,1984,2026-08-22,1655
1984-429,Stockholm,Other,48,Hard,No,Finished,1984-10-29,1984,2026-08-22,1656
1984-430,Wembley,Other,32,Carpet,Yes,Finished,1984-11-05,1984,2026-08-22,1657
1984-431,Luxembourg,Other,32,Carpet,Yes,Finished,1984-04-09,1984,2026-08-22,1658
1984-520,Roland Garros,Grand Slam,128,Clay,No,Finished,1984-05-28,1984,2026-08-22,1659
1984-540,Wimbledon,Grand Slam,128,Grass,No,Finished,1984-06-25,1984,2026-08-22,1660
1984-560,US Open,Grand Slam,128,Hard,No,Finished,1984-08-27,1984,2026-08-22,1661
1984-580,Australian Open,Grand Slam,96,Grass,No,Finished,1984-11-26,1984,2026-08-22,1662
1984-605,Masters,Masters 1000,12,Carpet,Yes,Finished,1985-01-07,1985,2026-08-22,1663
1984-610,Dallas WCT,Other,16,Carpet,Yes,Finished,1984-04-23,1984,2026-08-22,1664
1984-705,North Conway,Other,64,Clay,No,Finished,1984-07-30,1984,2026-08-22,1665
1984-708,La Quinta,Other,56,Hard,No,Finished,1984-02-13,1984,2026-08-22,1666
1984-718,Boca West,Other,32,Hard,No,Finished,1984-03-26,1984,2026-08-22,1667
1984-802,Richmond WCT,Other,16,Carpet,Yes,Finished,1984-02-06,1984,2026-08-22,1668
1984-820,Houston WCT,Other,16,Clay,No,Finished,1984-04-02,1984,2026-08-22,1669
1985-301,Auckland,Other,32,Hard,No,Finished,1985-01-07,1985,2026-08-22,1670
1985-302,Toronto Indoor,Other,32,Carpet,Yes,Finished,1985-02-18,1985,2026-08-22,1671
1985-303,Buenos Aires,Other,32,Clay,No,Finished,1985-02-25,1985,2026-08-22,1672
1985-304,Nancy,Other,32,Hard,No,Finished,1985-03-18,1985,2026-08-22,1673
1985-305,Nice,Other,32,Clay,No,Finished,1985-04-08,1985,2026-08-22,1674
1985-306,Bari,Other,32,Clay,No,Finished,1985-04-15,1985,2026-08-22,1675
1985-307,Marbella,Other,32,Clay,No,Finished,1985-04-22,1985,2026-08-22,1676
1985-308,Munich,Other,32,Clay,No,Finished,1985-04-01,1985,2026-08-22,1677
1985-309,Madrid,Other,32,Clay,No,Finished,1985-05-13,1985,2026-08-22,1678
1985-310,Florence,Other,32,Clay,No,Finished,1985-05-20,1985,2026-08-22,1679
1985-311,Queen's Club,Other,64,Grass,No,Finished,1985-06-10,1985,2026-08-22,1680
1985-312,Bologna,Other,32,Clay,No,Finished,1985-06-10,1985,2026-08-22,1681
1985-313,Bristol,Other,48,Grass,No,Finished,1985-06-17,1985,2026-08-22,1682
1985-314,Gstaad,Other,32,Clay,No,Finished,1985-07-08,1985,2026-08-22,1683
1985-315,Newport,Other,32,Grass,No,Finished,1985-07-08,1985,2026-08-22,1684
1985-316,Bastad,Other,32,Clay,No,Finished,1985-07-15,1985,2026-08-22,1685
1985-317,Hilversum,Other,32,Clay,No,Finished,1985-07-22,1985,2026-08-22,1686
1985-318,Livingston,Other,32,Hard,No,Finished,1985-07-22,1985,2026-08-22,1687
1985-319,Kitzbuhel,Other,64,Clay,No,Finished,1985-08-05,1985,2026-08-22,1688
1985-320,Cleveland,Other,32,Hard,No,Finished,1985-08-12,1985,2026-08-22,1689
1985-321,Stuttgart Outdoor,Other,32,Clay,No,Finished,1985-09-09,1985,2026-08-22,1690
1985-322,Geneva,Other,32,Clay,No,Finished,1985-09-16,1985,2026-08-22,1691
1985-323,Bordeaux,Other,32,Clay,No,Finished,1985-09-16,1985,2026-08-22,1692
1985-325,Palermo,Other,32,Clay,No,Finished,1985-09-09,1985,2026-08-22,1693
1985-326,Brisbane,Other,32,Carpet,Yes,Finished,1985-10-07,1985,2026-08-22,1694
1985-327,Toulouse,Other,32,Hard,No,Finished,1985-10-07,1985,2026-08-22,1695
1985-328,Basel,Other,32,Hard,No,Finished,1985-10-14,1985,2026-08-22,1696
1985-329,Tokyo Outdoor,Other,64,Hard,No,Finished,1985-10-14,1985,2026-08-22,1697
1985-330,Tel Aviv,Other,32,Hard,No,Finished,1985-10-14,1985,2026-08-22,1698
1985-331,Melbourne Indoor,Other,32,Carpet,Yes,Finished,1985-10-21,1985,2026-08-22,1699
1985-332,Cologne,Other,32,Hard,No,Finished,1985-10-21,1985,2026-08-22,1700
1985-336,Hong Kong,Other,32,Hard,No,Finished,1985-11-18,1985,2026-08-22,1701
1985-337,Vienna,Other,32,Hard,No,Finished,1985-11-18,1985,2026-08-22,1702
1985-338,Sydney Outdoor,Other,56,Grass,No,Finished,1985-12-09,1985,2026-08-22,1703
1985-339,Adelaide,Other,32,Grass,No,Finished,1985-12-16,1985,2026-08-22,1704
1985-340,Melbourne,Other,32,Grass,No,Finished,1985-12-23,1985,2026-08-22,1705
1985-401,Philadelphia,Other,48,Carpet,Yes,Finished,1985-01-21,1985,2026-08-22,1706
1985-402,Memphis,Other,48,Carpet,Yes,Finished,1985-01-28,1985,2026-08-22,1707
1985-403,Delray Beach,Masters 1000,128,Hard,No,Finished,1985-02-04,1985,2026-08-22,1708
1985-405,Houston,Other,32,Carpet,Yes,Finished,1985-02-25,1985,2026-08-22,1709
1985-406,Brussels,Other,32,Carpet,Yes,Finished,1985-03-11,1985,2026-08-22,1710
1985-407,Rotterdam,Other,32,Carpet,Yes,Finished,1985-03-18,1985,2026-08-22,1711
1985-408,Milan,Other,32,Carpet,Yes,Finished,1985-03-25,1985,2026-08-22,1712
1985-410,Monte Carlo,Other,48,Clay,No,Finished,1985-04-01,1985,2026-08-22,1713
1985-411,Chicago,Other,32,Carpet,Yes,Finished,1985-04-01,1985,2026-08-22,1714
1985-412,Atlanta,Other,32,Carpet,Yes,Finished,1985-04-22,1985,2026-08-22,1715
1985-413,Las Vegas,Other,32,Hard,No,Finished,1985-04-29,1985,2026-08-22,1716
1985-414,Hamburg,Other,56,Clay,No,Finished,1985-04-29,1985,2026-08-22,1717
1985-415,Forest Hills,Other,64,Clay,No,Finished,1985-05-06,1985,2026-08-22,1718
1985-416,Rome,Masters 1000,64,Clay,No,Finished,1985-05-13,1985,2026-08-22,1719
1985-417,Boston,Other,56,Clay,No,Finished,1985-07-08,1985,2026-08-22,1720
1985-418,Washington,Other,56,Clay,No,Finished,1985-07-15,1985,2026-08-22,1721
1985-419,Indianapolis,Other,56,Clay,No,Finished,1985-07-22,1985,2026-08-22,1722
1985-420,Stratton Mountain,Other,64,Hard,No,Finished,1985-08-05,1985,2026-08-22,1723
1985-421,Montreal / Toronto,Masters 1000,56,Hard,No,Finished,1985-08-12,1985,2026-08-22,1724
1985-422,Cincinnati,Masters 1000,64,Hard,No,Finished,1985-08-19,1985,2026-08-22,1725
1985-423,Los Angeles,Other,32,Hard,No,Finished,1985-09-16,1985,2026-08-22,1726
1985-424,San Francisco,Other,32,Carpet,Yes,Finished,1985-09-23,1985,2026-08-22,1727
1985-425,Barcelona,Other,64,Clay,No,Finished,1985-09-23,1985,2026-08-22,1728
1985-426,Johannesburg,Other,32,Hard,No,Finished,1985-10-07,1985,2026-08-22,1729
1985-427,Sydney Indoor,Other,32,Hard,Yes,Finished,1985-10-14,1985,2026-08-22,1730
1985-428,Tokyo Indoor,Other,32,Carpet,Yes,Finished,1985-10-21,1985,2026-08-22,1731
1985-429,Stockholm,Other,32,Hard,No,Finished,1985-11-04,1985,2026-08-22,1732
1985-430,Wembley,Other,32,Carpet,Yes,Finished,1985-11-11,1985,2026-08-22,1733
1985-520,Roland Garros,Grand Slam,128,Clay,No,Finished,1985-05-27,1985,2026-08-22,1734
1985-540,Wimbledon,Grand Slam,128,Grass,No,Finished,1985-06-24,1985,2026-08-22,1735
1985-560,US Open,Grand Slam,128,Hard,No,Finished,1985-08-26,1985,2026-08-22,1736
1985-580,Australian Open,Grand Slam,96,Grass,No,Finished,1985-11-25,1985,2026-08-22,1737
1985-605,Masters,Masters 1000,16,Carpet,Yes,Finished,1986-01-13,1986,2026-08-22,1738
1985-610,Dallas,Other,16,Carpet,Yes,Finished,1985-04-08,1985,2026-08-22,1739
1985-708,La Quinta,Other,56,Hard,No,Finished,1985-02-18,1985,2026-08-22,1740
1985-727,Fort Myers,Other,32,Hard,No,Finished,1985-03-25,1985,2026-08-22,1741
1986-240,Itaparica,Other,32,Hard,No,Finished,1986-11-24,1986,2026-08-22,1742
1986-301,Auckland,Other,32,Hard,No,Finished,1986-01-06,1986,2026-08-22,1743
1986-302,Toronto Indoor,Other,32,Carpet,Yes,Finished,1986-02-03,1986,2026-08-22,1744
1986-303,Buenos Aires,Other,32,Clay,No,Finished,1986-11-10,1986,2026-08-22,1745
1986-305,Nice,Other,32,Clay,No,Finished,1986-04-14,1986,2026-08-22,1746
1986-306,Bari,Other,32,Clay,No,Finished,1986-04-07,1986,2026-08-22,1747
1986-308,Munich,Other,32,Clay,No,Finished,1986-05-05,1986,2026-08-22,1748
1986-309,Madrid,Other,32,Clay,No,Finished,1986-04-28,1986,2026-08-22,1749
1986-310,Florence,Other,32,Clay,No,Finished,1986-05-19,1986,2026-08-22,1750
1986-311,Queen's Club,Other,64,Grass,No,Finished,1986-06-09,1986,2026-08-22,1751
1986-312,Bologna,Other,32,Clay,No,Finished,1986-06-09,1986,2026-08-22,1752
1986-313,Bristol,Other,48,Grass,No,Finished,1986-06-16,1986,2026-08-22,1753
1986-314,Gstaad,Other,32,Clay,No,Finished,1986-07-07,1986,2026-08-22,1754
1986-315,Newport,Other,32,Grass,No,Finished,1986-07-07,1986,2026-08-22,1755
1986-316,Bastad,Other,32,Clay,No,Finished,1986-07-21,1986,2026-08-22,1756
1986-317,Hilversum,Other,32,Clay,No,Finished,1986-07-28,1986,2026-08-22,1757
1986-318,Livingston,Other,32,Hard,No,Finished,1986-07-21,1986,2026-08-22,1758
1986-319,Kitzbuhel,Other,64,Clay,No,Finished,1986-08-04,1986,2026-08-22,1759
1986-321,Stuttgart Outdoor,Other,48,Clay,No,Finished,1986-09-08,1986,2026-08-22,1760
1986-322,Geneva,Other,32,Clay,No,Finished,1986-09-08,1986,2026-08-22,1761
1986-323,Bordeaux,Other,32,Clay,No,Finished,1986-07-07,1986,2026-08-22,1762
1986-325,Palermo,Other,32,Clay,No,Finished,1986-09-29,1986,2026-08-22,1763
1986-327,Toulouse,Other,32,Hard,No,Finished,1986-10-06,1986,2026-08-22,1764
1986-328,Basel,Other,32,Hard,No,Finished,1986-10-13,1986,2026-08-22,1765
1986-329,Tokyo Outdoor,Other,64,Hard,No,Finished,1986-10-13,1986,2026-08-22,1766
1986-330,Tel Aviv,Other,32,Hard,No,Finished,1986-10-06,1986,2026-08-22,1767
1986-332,Cologne,Other,32,Hard,No,Finished,1986-03-31,1986,2026-08-22,1768
1986-336,Hong Kong,Other,32,Hard,No,Finished,1986-10-27,1986,2026-08-22,1769
1986-337,Vienna,Other,32,Hard,No,Finished,1986-10-20,1986,2026-08-22,1770
1986-341,Metz,Other,32,Carpet,Yes,Finished,1986-03-10,1986,2026-08-22,1771
1986-352,Paris Indoor,Other,32,Carpet,Yes,Finished,1986-10-27,1986,2026-08-22,1772
1986-366,St. Vincent,Other,32,Clay,No,Finished,1986-08-11,1986,2026-08-22,1773
1986-367,Athens,Other,32,Clay,No,Finished,1986-06-16,1986,2026-08-22,1774
1986-401,Philadelphia,Other,48,Carpet,Yes,Finished,1986-01-27,1986,2026-08-22,1775
1986-402,Memphis,Other,48,Carpet,Yes,Finished,1986-02-03,1986,2026-08-22,1776
1986-403,Boca West,Masters 1000,128,Hard,No,Finished,1986-02-10,1986,2026-08-22,1777
1986-405,Houston,Other,32,Carpet,Yes,Finished,1986-11-17,1986,2026-08-22,1778
1986-406,Brussels,Other,32,Carpet,Yes,Finished,1986-03-17,1986,2026-08-22,1779
1986-407,Rotterdam,Other,32,Carpet,Yes,Finished,1986-03-24,1986,2026-08-22,1780
1986-408,Milan,Other,32,Carpet,Yes,Finished,1986-03-10,1986,2026-08-22,1781
1986-410,Monte Carlo,Other,48,Clay,No,Finished,1986-04-21,1986,2026-08-22,1782
1986-411,Chicago,Other,32,Carpet,Yes,Finished,1986-03-24,1986,2026-08-22,1783
1986-412,Atlanta,Other,32,Carpet,Yes,Finished,1986-03-31,1986,2026-08-22,1784
1986-414,Hamburg,Other,56,Clay,No,Finished,1986-09-15,1986,2026-08-22,1785
1986-415,Forest Hills,Other,64,Clay,No,Finished,1986-05-05,1986,2026-08-22,1786
1986-416,Rome,Masters 1000,64,Clay,No,Finished,1986-05-12,1986,2026-08-22,1787
1986-417,Boston,Other,56,Clay,No,Finished,1986-07-21,1986,2026-08-22,1788
1986-418,Washington,Other,56,Clay,No,Finished,1986-07-28,1986,2026-08-22,1789
1986-419,Indianapolis,Other,56,Clay,No,Finished,1986-04-28,1986,2026-08-22,1790
1986-420,Stratton Mountain,Other,64,Hard,No,Finished,1986-08-04,1986,2026-08-22,1791
1986-421,Montreal / Toronto,Masters 1000,56,Hard,No,Finished,1986-08-11,1986,2026-08-22,1792
1986-422,Cincinnati,Masters 1000,64,Hard,No,Finished,1986-08-18,1986,2026-08-22,1793
1986-423,Los Angeles,Other,32,Hard,No,Finished,1986-09-15,1986,2026-08-22,1794
1986-424,San Francisco,Other,32,Carpet,Yes,Finished,1986-09-22,1986,2026-08-22,1795
1986-425,Barcelona,Other,64,Clay,No,Finished,1986-09-22,1986,2026-08-22,1796
1986-426,Johannesburg,Other,32,Hard,No,Finished,1986-11-17,1986,2026-08-22,1797
1986-427,Sydney Indoor,Other,32,Hard,Yes,Finished,1986-10-13,1986,2026-08-22,1798
1986-428,Tokyo Indoor,Other,32,Carpet,Yes,Finished,1986-10-20,1986,2026-08-22,1799
1986-429,Stockholm,Other,56,Hard,No,Finished,1986-11-03,1986,2026-08-22,1800
1986-430,Wembley,Other,32,Carpet,Yes,Finished,1986-11-10,1986,2026-08-22,1801
1986-433,Scottsdale,Other,32,Hard,No,Finished,1986-10-06,1986,2026-08-22,1802
1986-520,Roland Garros,Grand Slam,128,Clay,No,Finished,1986-05-26,1986,2026-08-22,1803
1986-540,Wimbledon,Grand Slam,128,Grass,No,Finished,1986-06-23,1986,2026-08-22,1804
1986-560,US Open,Grand Slam,128,Hard,No,Finished,1986-08-25,1986,2026-08-22,1805
1986-605,Masters Dec,Masters 1000,8,Carpet,Yes,Finished,1986-12-01,1986,2026-08-22,1806
1986-610,Dallas,Other,16,Carpet,Yes,Finished,1986-04-07,1986,2026-08-22,1807
1986-708,La Quinta,Other,56,Hard,No,Finished,1986-02-24,1986,2026-08-22,1808
1986-727,Fort Myers,Other,32,Hard,No,Finished,1986-03-17,1986,2026-08-22,1809
1987-201,Guaruja,Other,32,Hard,No,Finished,1987-01-26,1987,2026-08-22,1810
1987-224,Schenectady,Other,32,Hard,No,Finished,1987-07-20,1987,2026-08-22,1811
1987-237,Sao Paulo,Other,32,Hard,No,Finished,1987-11-09,1987,2026-08-22,1812
1987-240,Itaparica,Other,32,Hard,No,Finished,1987-11-23,1987,2026-08-22,1813
1987-301,Auckland,Other,32,Hard,No,Finished,1987-01-05,1987,2026-08-22,1814
1987-303,Buenos Aires,Other,32,Clay,No,Finished,1987-11-16,1987,2026-08-22,1815
1987-304,Nancy,Other,32,Carpet,Yes,Finished,1987-03-23,1987,2026-08-22,1816
1987-305,Nice,Other,32,Clay,No,Finished,1987-04-13,1987,2026-08-22,1817
1987-306,Bari,Other,32,Clay,No,Finished,1987-04-06,1987,2026-08-22,1818
1987-308,Munich,Other,32,Clay,No,Finished,1987-05-04,1987,2026-08-22,1819
1987-309,Madrid,Other,32,Clay,No,Finished,1987-09-14,1987,2026-08-22,1820
1987-310,Florence,Other,32,Clay,No,Finished,1987-05-18,1987,2026-08-22,1821
1987-311,Queen's Club,Other,64,Grass,No,Finished,1987-06-08,1987,2026-08-22,1822
1987-312,Bologna,Other,32,Clay,No,Finished,1987-06-08,1987,2026-08-22,1823
1987-313,Bristol,Other,48,Grass,No,Finished,1987-06-15,1987,2026-08-22,1824
1987-314,Gstaad,Other,32,Clay,No,Finished,1987-07-06,1987,2026-08-22,1825
1987-315,Newport,Other,32,Grass,No,Finished,1987-07-06,1987,2026-08-22,1826
1987-316,Bastad,Other,32,Clay,No,Finished,1987-07-27,1987,2026-08-22,1827
1987-317,Hilversum,Other,32,Clay,No,Finished,1987-07-27,1987,2026-08-22,1828
1987-318,Livingston,Other,32,Hard,No,Finished,1987-07-13,1987,2026-08-22,1829
1987-319,Kitzbuhel,Other,64,Clay,No,Finished,1987-08-03,1987,2026-08-22,1830
1987-321,Stuttgart Outdoor,Other,48,Clay,No,Finished,1987-07-13,1987,2026-08-22,1831
1987-322,Geneva,Other,32,Clay,No,Finished,1987-09-14,1987,2026-08-22,1832
1987-323,Bordeaux,Other,32,Clay,No,Finished,1987-07-13,1987,2026-08-22,1833
1987-325,Palermo,Other,32,Clay,No,Finished,1987-09-28,1987,2026-08-22,1834
1987-326,Brisbane,Other,32,Hard,No,Finished,1987-10-05,1987,2026-08-22,1835
1987-327,Toulouse,Other,32,Hard,No,Finished,1987-10-12,1987,2026-08-22,1836
1987-328,Basel,Other,32,Hard,No,Finished,1987-10-05,1987,2026-08-22,1837
1987-329,Tokyo Outdoor,Other,56,Hard,No,Finished,1987-04-13,1987,2026-08-22,1838
1987-330,Tel Aviv,Other,32,Hard,No,Finished,1987-10-12,1987,2026-08-22,1839
1987-336,Hong Kong,Other,32,Hard,No,Finished,1987-10-26,1987,2026-08-22,1840
1987-337,Vienna,Other,32,Hard,No,Finished,1987-10-19,1987,2026-08-22,1841
1987-338,Sydney Outdoor,Other,32,Grass,No,Finished,1987-01-26,1987,2026-08-22,1842
1987-339,Adelaide,Other,32,Grass,No,Finished,1986-12-29,1986,2026-08-22,1843
1987-348,Frankfurt,Other,32,Carpet,Yes,Finished,1987-11-09,1987,2026-08-22,1844
1987-352,Paris Indoor,Other,32,Carpet,Yes,Finished,1987-11-02,1987,2026-08-22,1845
1987-366,St. Vincent,Other,32,Clay,No,Finished,1987-08-10,1987,2026-08-22,1846
1987-367,Athens,Other,32,Clay,No,Finished,1987-06-15,1987,2026-08-22,1847
1987-375,Lyon,Other,32,Carpet,Yes,Finished,1987-02-02,1987,2026-08-22,1848
1987-379,Prague,Other,32,Clay,No,Finished,1987-08-10,1987,2026-08-22,1849
1987-401,Philadelphia,Other,48,Carpet,Yes,Finished,1987-02-02,1987,2026-08-22,1850
1987-402,Memphis,Other,48,Hard,No,Finished,1987-02-09,1987,2026-08-22,1851
1987-403,Key Biscayne,Masters 1000,128,Hard,No,Finished,1987-02-23,1987,2026-08-22,1852
1987-404,Indian Wells,Masters 1000,56,Hard,No,Finished,1987-02-16,1987,2026-08-22,1853
1987-406,Brussels,Other,32,Carpet,Yes,Finished,1987-03-23,1987,2026-08-22,1854
1987-407,Rotterdam,Other,32,Carpet,Yes,Finished,1987-03-16,1987,2026-08-22,1855
1987-408,Milan,Other,32,Carpet,Yes,Finished,1987-03-30,1987,2026-08-22,1856
1987-409,Orlando,Other,32,Hard,No,Finished,1987-03-16,1987,2026-08-22,1857
1987-410,Monte Carlo,Other,48,Clay,No,Finished,1987-04-20,1987,2026-08-22,1858
1987-411,Chicago,Other,32,Carpet,Yes,Finished,1987-03-30,1987,2026-08-22,1859
1987-414,Hamburg,Other,56,Clay,No,Finished,1987-04-27,1987,2026-08-22,1860
1987-415,Forest Hills,Other,64,Clay,No,Finished,1987-05-04,1987,2026-08-22,1861
1987-416,Rome,Masters 1000,64,Clay,No,Finished,1987-05-11,1987,2026-08-22,1862
1987-417,Boston,Other,56,Clay,No,Finished,1987-07-06,1987,2026-08-22,1863
1987-418,Washington,Other,56,Hard,No,Finished,1987-07-27,1987,2026-08-22,1864
1987-419,Indianapolis,Other,56,Clay,No,Finished,1987-07-13,1987,2026-08-22,1865
1987-420,Stratton Mountain,Other,64,Hard,No,Finished,1987-08-03,1987,2026-08-22,1866
1987-421,Montreal / Toronto,Masters 1000,56,Hard,No,Finished,1987-08-10,1987,2026-08-22,1867
1987-422,Cincinnati,Masters 1000,64,Hard,No,Finished,1987-08-17,1987,2026-08-22,1868
1987-423,Los Angeles,Other,32,Hard,No,Finished,1987-09-21,1987,2026-08-22,1869
1987-424,San Francisco,Other,32,Carpet,Yes,Finished,1987-09-28,1987,2026-08-22,1870
1987-425,Barcelona,Other,56,Clay,No,Finished,1987-09-21,1987,2026-08-22,1871
1987-426,Johannesburg,Other,32,Hard,No,Finished,1987-11-16,1987,2026-08-22,1872
1987-427,Sydney Indoor,Other,32,Hard,Yes,Finished,1987-10-12,1987,2026-08-22,1873
1987-428,Tokyo Indoor,Other,32,Carpet,Yes,Finished,1987-10-19,1987,2026-08-22,1874
1987-429,Stockholm,Other,56,Hard,No,Finished,1987-11-02,1987,2026-08-22,1875
1987-430,Wembley,Other,32,Carpet,Yes,Finished,1987-11-09,1987,2026-08-22,1876
1987-433,Scottsdale,Other,32,Hard,No,Finished,1987-10-05,1987,2026-08-22,1877
1987-434,Seoul,Other,32,Hard,No,Finished,1987-04-20,1987,2026-08-22,1878
1987-435,Rye Brook,Other,32,Hard,No,Finished,1987-08-24,1987,2026-08-22,1879
1987-520,Roland Garros,Grand Slam,128,Clay,No,Finished,1987-05-25,1987,2026-08-22,1880
1987-540,Wimbledon,Grand Slam,128,Grass,No,Finished,1987-06-22,1987,2026-08-22,1881
1987-560,US Open,Grand Slam,128,Hard,No,Finished,1987-08-31,1987,2026-08-22,1882
1987-580,Australian Open,Grand Slam,96,Grass,No,Finished,1987-01-12,1987,2026-08-22,1883
1987-605,Masters,Masters 1000,8,Carpet,Yes,Finished,1987-11-30,1987,2026-08-22,1884
1987-610,Dallas WCT,Other,9,Carpet,Yes,Finished,1987-04-06,1987,2026-08-22,1885
1988-201,Guaruja,Other,32,Hard,No,Finished,1988-01-25,1988,2026-08-22,1886
1988-224,Schenectady,Other,32,Hard,No,Finished,1988-07-18,1988,2026-08-22,1887
1988-237,Sao Paulo,Other,32,Hard,No,Finished,1988-10-31,1988,2026-08-22,1888
1988-240,Itaparica,Other,32,Hard,No,Finished,1988-11-21,1988,2026-08-22,1889
1988-301,Auckland,Other,32,Hard,No,Finished,1988-01-04,1988,2026-08-22,1890
1988-303,Buenos Aires,Other,32,Clay,No,Finished,1988-11-07,1988,2026-08-22,1891
1988-305,Nice,Other,32,Clay,No,Finished,1988-04-11,1988,2026-08-22,1892
1988-306,Bari,Other,32,Clay,No,Finished,1988-09-19,1988,2026-08-22,1893
1988-308,Munich,Other,48,Clay,No,Finished,1988-05-02,1988,2026-08-22,1894
1988-309,Madrid,Other,32,Clay,No,Finished,1988-04-11,1988,2026-08-22,1895
1988-310,Florence,Other,32,Clay,No,Finished,1988-05-16,1988,2026-08-22,1896
1988-311,Queen's Club,Other,64,Grass,No,Finished,1988-06-06,1988,2026-08-22,1897
1988-312,Bologna,Other,32,Clay,No,Finished,1988-06-06,1988,2026-08-22,1898
1988-313,Bristol,Other,48,Grass,No,Finished,1988-06-13,1988,2026-08-22,1899
1988-314,Gstaad,Other,32,Clay,No,Finished,1988-07-04,1988,2026-08-22,1900
1988-315,Newport,Other,32,Grass,No,Finished,1988-07-04,1988,2026-08-22,1901
1988-316,Bastad,Other,48,Clay,No,Finished,1988-07-11,1988,2026-08-22,1902
1988-317,Hilversum,Other,32,Clay,No,Finished,1988-07-25,1988,2026-08-22,1903
1988-318,Livingston,Other,32,Hard,No,Finished,1988-08-15,1988,2026-08-22,1904
1988-319,Kitzbuhel,Other,64,Clay,No,Finished,1988-08-01,1988,2026-08-22,1905
1988-321,Stuttgart Outdoor,Other,48,Clay,No,Finished,1988-07-11,1988,2026-08-22,1906
1988-322,Geneva,Other,32,Clay,No,Finished,1988-09-19,1988,2026-08-22,1907
1988-323,Bordeaux,Other,32,Clay,No,Finished,1988-07-25,1988,2026-08-22,1908
1988-325,Palermo,Other,48,Clay,No,Finished,1988-09-26,1988,2026-08-22,1909
1988-326,Brisbane,Other,32,Hard,No,Finished,1988-10-03,1988,2026-08-22,1910
1988-327,Toulouse,Other,32,Hard,No,Finished,1988-10-10,1988,2026-08-22,1911
1988-328,Basel,Other,32,Hard,No,Finished,1988-10-03,1988,2026-08-22,1912
1988-329,Tokyo Outdoor,Other,56,Hard,No,Finished,1988-04-11,1988,2026-08-22,1913
1988-330,Tel Aviv,Other,32,Hard,No,Finished,1988-10-10,1988,2026-08-22,1914
1988-337,Vienna,Other,32,Carpet,Yes,Finished,1988-10-17,1988,2026-08-22,1915
1988-338,Sydney Outdoor,Other,32,Grass,No,Finished,1988-01-04,1988,2026-08-22,1916
1988-339,Adelaide,Other,32,Hard,No,Finished,1987-12-28,1987,2026-08-22,1917
1988-341,Metz,Other,32,Carpet,Yes,Finished,1988-02-22,1988,2026-08-22,1918
1988-348,Frankfurt,Other,32,Carpet,Yes,Finished,1988-10-17,1988,2026-08-22,1919
1988-352,Paris Indoor,Other,32,Carpet,Yes,Finished,1988-10-24,1988,2026-08-22,1920
1988-354,Wellington,Other,32,Hard,No,Finished,1987-12-28,1987,2026-08-22,1921
1988-366,St. Vincent,Other,32,Clay,No,Finished,1988-08-08,1988,2026-08-22,1922
1988-367,Athens,Other,32,Clay,No,Finished,1988-06-13,1988,2026-08-22,1923
1988-375,Lyon,Other,32,Carpet,Yes,Finished,1988-02-08,1988,2026-08-22,1924
1988-379,Prague,Other,32,Clay,No,Finished,1988-08-08,1988,2026-08-22,1925
1988-401,Philadelphia,Other,48,Carpet,Yes,Finished,1988-02-22,1988,2026-08-22,1926
1988-402,Memphis,Other,48,Hard,No,Finished,1988-02-15,1988,2026-08-22,1927
1988-403,Key Biscayne,Masters 1000,128,Hard,No,Finished,1988-03-14,1988,2026-08-22,1928
1988-404,Indian Wells,Masters 1000,56,Hard,No,Finished,1988-02-29,1988,2026-08-22,1929
1988-406,Brussels,Other,32,Carpet,Yes,Finished,1988-11-21,1988,2026-08-22,1930
1988-407,Rotterdam,Other,32,Carpet,Yes,Finished,1988-02-08,1988,2026-08-22,1931
1988-408,Milan,Other,32,Carpet,Yes,Finished,1988-02-15,1988,2026-08-22,1932
1988-409,Orlando,Other,32,Hard,No,Finished,1988-03-07,1988,2026-08-22,1933
1988-410,Monte Carlo,Other,48,Clay,No,Finished,1988-04-18,1988,2026-08-22,1934
1988-414,Hamburg,Other,56,Clay,No,Finished,1988-04-25,1988,2026-08-22,1935
1988-415,Forest Hills,Other,64,Clay,No,Finished,1988-05-02,1988,2026-08-22,1936
1988-416,Rome,Masters 1000,64,Clay,No,Finished,1988-05-09,1988,2026-08-22,1937
1988-417,Boston,Other,56,Clay,No,Finished,1988-07-04,1988,2026-08-22,1938
1988-418,Washington,Other,56,Hard,No,Finished,1988-07-18,1988,2026-08-22,1939
1988-419,Indianapolis,Other,56,Hard,No,Finished,1988-08-01,1988,2026-08-22,1940
1988-420,Stratton Mountain,Other,64,Hard,No,Finished,1988-07-25,1988,2026-08-22,1941
1988-421,Montreal / Toronto,Masters 1000,56,Hard,No,Finished,1988-08-08,1988,2026-08-22,1942
1988-422,Cincinnati,Masters 1000,64,Hard,No,Finished,1988-08-15,1988,2026-08-22,1943
1988-423,Los Angeles,Other,32,Hard,No,Finished,1988-09-19,1988,2026-08-22,1944
1988-424,San Francisco,Other,32,Carpet,Yes,Finished,1988-09-26,1988,2026-08-22,1945
1988-425,Barcelona,Other,56,Clay,No,Finished,1988-09-12,1988,2026-08-22,1946
1988-426,Johannesburg,Other,32,Hard,No,Finished,1988-11-14,1988,2026-08-22,1947
1988-427,Sydney Indoor,Other,32,Hard,Yes,Finished,1988-10-10,1988,2026-08-22,1948
1988-428,Tokyo Indoor,Other,32,Carpet,Yes,Finished,1988-10-17,1988,2026-08-22,1949
1988-429,Stockholm,Other,56,Hard,No,Finished,1988-10-31,1988,2026-08-22,1950
1988-430,Wembley,Other,32,Carpet,Yes,Finished,1988-11-07,1988,2026-08-22,1951
1988-433,Scottsdale,Other,32,Hard,No,Finished,1988-10-03,1988,2026-08-22,1952
1988-434,Seoul,Other,32,Hard,No,Finished,1988-04-18,1988,2026-08-22,1953
1988-435,Rye Brook,Other,32,Hard,No,Finished,1988-08-22,1988,2026-08-22,1954
1988-436,Charleston,Other,32,Clay,No,Finished,1988-04-25,1988,2026-08-22,1955
1988-437,Detroit,Other,32,Carpet,Yes,Finished,1988-11-14,1988,2026-08-22,1956
1988-520,Roland Garros,Grand Slam,128,Clay,No,Finished,1988-05-23,1988,2026-08-22,1957
1988-540,Wimbledon,Grand Slam,128,Grass,No,Finished,1988-06-20,1988,2026-08-22,1958
1988-560,US Open,Grand Slam,128,Hard,No,Finished,1988-08-29,1988,2026-08-22,1959
1988-580,Australian Open,Grand Slam,128,Hard,No,Finished,1988-01-11,1988,2026-08-22,1960
1988-605,Masters,Masters 1000,8,Carpet,Yes,Finished,1988-11-28,1988,2026-08-22,1961
1988-610,Dallas WCT,Other,9,Carpet,Yes,Finished,1988-03-28,1988,2026-08-22,1962
1989-201,Guaruja,Other,32,Hard,No,Finished,1989-02-06,1989,2026-08-22,1963
1989-215,Rio de Janeiro,Other,32,Carpet,Yes,Finished,1989-04-10,1989,2026-08-22,1964
1989-224,Schenectady,Other,32,Hard,No,Finished,1989-07-17,1989,2026-08-22,1965
1989-237,Sao Paulo,Other,32,Carpet,Yes,Finished,1989-11-06,1989,2026-08-22,1966
1989-240,Itaparica,Other,32,Hard,No,Finished,1989-11-20,1989,2026-08-22,1967
1989-301,Auckland,Other,32,Hard,No,Finished,1989-01-09,1989,2026-08-22,1968
1989-304,Nancy,Other,32,Hard,No,Finished,1989-02-27,1989,2026-08-22,1969
1989-305,Nice,Other,32,Clay,No,Finished,1989-04-17,1989,2026-08-22,1970
1989-306,Bari,Other,32,Clay,No,Finished,1989-06-19,1989,2026-08-22,1971
1989-308,Munich,Other,48,Clay,No,Finished,1989-05-01,1989,2026-08-22,1972
1989-309,Madrid,Other,32,Clay,No,Finished,1989-09-11,1989,2026-08-22,1973
1989-310,Florence,Other,32,Clay,No,Finished,1989-05-22,1989,2026-08-22,1974
1989-311,Queen's Club,Other,64,Grass,No,Finished,1989-06-12,1989,2026-08-22,1975
1989-312,Bologna,Other,32,Clay,No,Finished,1989-06-12,1989,2026-08-22,1976
1989-313,Bristol,Other,32,Grass,No,Finished,1989-06-19,1989,2026-08-22,1977
1989-314,Gstaad,Other,32,Clay,No,Finished,1989-07-10,1989,2026-08-22,1978
1989-315,Newport,Other,32,Grass,No,Finished,1989-07-10,1989,2026-08-22,1979
1989-316,Bastad,Other,32,Clay,No,Finished,1989-07-31,1989,2026-08-22,1980
1989-317,Hilversum,Other,32,Clay,No,Finished,1989-07-24,1989,2026-08-22,1981
1989-318,Livingston,Other,32,Hard,No,Finished,1989-08-07,1989,2026-08-22,1982
1989-319,Kitzbuhel,Other,64,Clay,No,Finished,1989-07-31,1989,2026-08-22,1983
1989-321,Stuttgart Outdoor,Other,48,Clay,No,Finished,1989-07-24,1989,2026-08-22,1984
1989-322,Geneva,Other,32,Clay,No,Finished,1989-09-11,1989,2026-08-22,1985
1989-323,Bordeaux,Other,32,Clay,No,Finished,1989-09-25,1989,2026-08-22,1986
1989-325,Palermo,Other,32,Clay,No,Finished,1989-09-25,1989,2026-08-22,1987
1989-326,Brisbane,Other,32,Hard,No,Finished,1989-10-02,1989,2026-08-22,1988
1989-327,Toulouse,Other,32,Hard,No,Finished,1989-10-09,1989,2026-08-22,1989
1989-328,Basel,Other,32,Hard,No,Finished,1989-10-02,1989,2026-08-22,1990
1989-329,Tokyo Outdoor,Other,56,Hard,No,Finished,1989-04-17,1989,2026-08-22,1991
1989-330,Tel Aviv,Other,32,Hard,No,Finished,1989-10-16,1989,2026-08-22,1992
1989-337,Vienna,Other,32,Carpet,Yes,Finished,1989-10-16,1989,2026-08-22,1993
1989-338,Sydney Outdoor,Other,32,Hard,No,Finished,1989-01-09,1989,2026-08-22,1994
1989-339,Adelaide,Other,32,Hard,No,Finished,1989-01-02,1989,2026-08-22,1995
1989-348,Frankfurt,Other,32,Carpet,Yes,Finished,1989-10-23,1989,2026-08-22,1996
1989-352,Paris Indoor,Other,32,Carpet,Yes,Finished,1989-10-30,1989,2026-08-22,1997
1989-354,Wellington,Other,32,Hard,No,Finished,1989-01-02,1989,2026-08-22,1998
1989-366,St. Vincent,Other,32,Clay,No,Finished,1989-08-14,1989,2026-08-22,1999
1989-367,Athens,Other,32,Clay,No,Finished,1989-04-10,1989,2026-08-22,2000
1989-375,Lyon,Other,32,Carpet,Yes,Finished,1989-02-20,1989,2026-08-22,2001
1989-379,Prague,Other,32,Clay,No,Finished,1989-08-07,1989,2026-08-22,2002
1989-401,Philadelphia,Other,48,Carpet,Yes,Finished,1989-02-20,1989,2026-08-22,2003
1989-402,Memphis,Other,48,Hard,No,Finished,1989-02-13,1989,2026-08-22,2004
1989-403,Key Biscayne,Masters 1000,128,Hard,No,Finished,1989-03-20,1989,2026-08-22,2005
1989-404,Indian Wells,Masters 1000,56,Hard,No,Finished,1989-03-13,1989,2026-08-22,2006
1989-407,Rotterdam,Other,32,Carpet,Yes,Finished,1989-02-06,1989,2026-08-22,2007
1989-408,Milan,Other,32,Carpet,Yes,Finished,1989-02-13,1989,2026-08-22,2008
1989-409,Orlando,Other,32,Hard,No,Finished,1989-10-02,1989,2026-08-22,2009
1989-410,Monte Carlo,Other,48,Clay,No,Finished,1989-04-24,1989,2026-08-22,2010
1989-414,Hamburg,Other,56,Clay,No,Finished,1989-05-08,1989,2026-08-22,2011
1989-415,Forest Hills,Other,56,Clay,No,Finished,1989-05-01,1989,2026-08-22,2012
1989-416,Rome,Masters 1000,64,Clay,No,Finished,1989-05-15,1989,2026-08-22,2013
1989-417,Boston,Other,56,Clay,No,Finished,1989-07-10,1989,2026-08-22,2014
1989-418,Washington,Other,56,Hard,No,Finished,1989-07-24,1989,2026-08-22,2015
1989-419,Indianapolis,Other,56,Hard,No,Finished,1989-08-07,1989,2026-08-22,2016
1989-420,Stratton Mountain,Other,64,Hard,No,Finished,1989-07-31,1989,2026-08-22,2017
1989-421,Montreal / Toronto,Masters 1000,56,Hard,No,Finished,1989-08-14,1989,2026-08-22,2018
1989-422,Cincinnati,Masters 1000,64,Hard,No,Finished,1989-08-14,1989,2026-08-22,2019
1989-423,Los Angeles,Other,32,Hard,No,Finished,1989-09-18,1989,2026-08-22,2020
1989-424,San Francisco,Other,32,Carpet,Yes,Finished,1989-09-25,1989,2026-08-22,2021
1989-425,Barcelona,Other,56,Clay,No,Finished,1989-09-18,1989,2026-08-22,2022
1989-426,Johannesburg,Other,32,Hard,No,Finished,1989-11-13,1989,2026-08-22,2023
1989-427,Sydney Indoor,Other,32,Hard,Yes,Finished,1989-10-09,1989,2026-08-22,2024
1989-428,Tokyo Indoor,Other,32,Carpet,Yes,Finished,1989-10-16,1989,2026-08-22,2025
1989-429,Stockholm,Other,48,Carpet,Yes,Finished,1989-11-06,1989,2026-08-22,2026
1989-430,Wembley,Other,32,Carpet,Yes,Finished,1989-11-06,1989,2026-08-22,2027
1989-433,Scottsdale,Other,32,Hard,No,Finished,1989-03-06,1989,2026-08-22,2028
1989-434,Seoul,Other,32,Hard,No,Finished,1989-04-10,1989,2026-08-22,2029
1989-436,Charleston,Other,32,Clay,No,Finished,1989-05-08,1989,2026-08-22,2030
1989-456,Singapore,Other,32,Hard,No,Finished,1989-04-24,1989,2026-08-22,2031
1989-475,San Marino,Other,32,Clay,No,Finished,1989-08-21,1989,2026-08-22,2032
1989-520,Roland Garros,Grand Slam,128,Clay,No,Finished,1989-05-29,1989,2026-08-22,2033
1989-540,Wimbledon,Grand Slam,128,Grass,No,Finished,1989-06-26,1989,2026-08-22,2034
1989-560,US Open,Grand Slam,128,Hard,No,Finished,1989-08-28,1989,2026-08-22,2035
1989-580,Australian Open,Grand Slam,128,Hard,No,Finished,1989-01-16,1989,2026-08-22,2036
1989-605,Masters,Masters 1000,8,Carpet,Yes,Finished,1989-11-27,1989,2026-08-22,2037
1989-610,Dallas WCT,Other,8,Carpet,Yes,Finished,1989-02-27,1989,2026-08-22,2038
1990-201,Guaruja,Other,32,Hard,No,Finished,1990-02-05,1990,2026-08-22,2039
1990-215,Rio de Janeiro,Other,32,Carpet,Yes,Finished,1990-04-02,1990,2026-08-22,2040
1990-224,Schenectady,Other,28,Hard,No,Finished,1990-08-20,1990,2026-08-22,2041
1990-237,Sao Paulo,Other,32,Carpet,Yes,Finished,1990-10-22,1990,2026-08-22,2042
1990-240,Itaparica,Other,32,Hard,No,Finished,1990-11-05,1990,2026-08-22,2043
1990-301,Auckland,Other,32,Hard,No,Finished,1990-01-08,1990,2026-08-22,2044
1990-302,Toronto Indoor,Other,56,Carpet,Yes,Finished,1990-02-12,1990,2026-08-22,2045
1990-305,Nice,Other,32,Clay,No,Finished,1990-04-16,1990,2026-08-22,2046
1990-306,Genova,Other,32,Clay,No,Finished,1990-06-18,1990,2026-08-22,2047
1990-308,Munich,Other,32,Clay,No,Finished,1990-04-30,1990,2026-08-22,2048
1990-309,Madrid,Other,32,Clay,No,Finished,1990-04-30,1990,2026-08-22,2049
1990-310,Florence,Other,32,Clay,No,Finished,1990-06-11,1990,2026-08-22,2050
1990-311,Queen's Club,Other,56,Grass,No,Finished,1990-06-11,1990,2026-08-22,2051
1990-312,Bologna,Other,32,Clay,No,Finished,1990-05-21,1990,2026-08-22,2052
1990-314,Gstaad,Other,32,Clay,No,Finished,1990-07-09,1990,2026-08-22,2053
1990-315,Newport,Other,32,Grass,No,Finished,1990-07-09,1990,2026-08-22,2054
1990-316,Bastad,Other,32,Clay,No,Finished,1990-07-09,1990,2026-08-22,2055
1990-317,Hilversum,Other,32,Clay,No,Finished,1990-07-23,1990,2026-08-22,2056
1990-319,Kitzbuhel,Other,48,Clay,No,Finished,1990-07-30,1990,2026-08-22,2057
1990-321,Stuttgart Outdoor,Other,48,Clay,No,Finished,1990-07-16,1990,2026-08-22,2058
1990-322,Geneva,Other,32,Clay,No,Finished,1990-09-10,1990,2026-08-22,2059
1990-323,Bordeaux,Other,32,Clay,No,Finished,1990-09-10,1990,2026-08-22,2060
1990-325,Palermo,Other,32,Clay,No,Finished,1990-09-24,1990,2026-08-22,2061
1990-326,Brisbane,Other,32,Hard,No,Finished,1990-09-24,1990,2026-08-22,2062
1990-327,Toulouse,Other,32,Hard,No,Finished,1990-10-01,1990,2026-08-22,2063
1990-328,Basel,Other,32,Hard,No,Finished,1990-09-24,1990,2026-08-22,2064
1990-329,Tokyo Outdoor,Other,56,Hard,No,Finished,1990-04-09,1990,2026-08-22,2065
1990-330,Tel Aviv,Other,32,Hard,No,Finished,1990-10-08,1990,2026-08-22,2066
1990-336,Hong Kong,Other,32,Hard,No,Finished,1990-04-23,1990,2026-08-22,2067
1990-337,Vienna,Other,32,Carpet,Yes,Finished,1990-10-15,1990,2026-08-22,2068
1990-338,Sydney Outdoor,Other,32,Hard,No,Finished,1990-01-08,1990,2026-08-22,2069
1990-339,Adelaide,Other,32,Hard,No,Finished,1990-01-01,1990,2026-08-22,2070
1990-348,Berlin,Other,32,Carpet,Yes,Finished,1990-10-08,1990,2026-08-22,2071
1990-352,Paris Masters,Masters 1000,48,Carpet,Yes,Finished,1990-10-29,1990,2026-08-22,2072
1990-354,Wellington,Other,32,Hard,No,Finished,1990-01-01,1990,2026-08-22,2073
1990-357,Stuttgart Indoor,Other,32,Carpet,Yes,Finished,1990-02-19,1990,2026-08-22,2074
1990-360,Casablanca,Other,32,Clay,No,Finished,1990-03-05,1990,2026-08-22,2075
1990-366,San Remo,Other,32,Clay,No,Finished,1990-07-30,1990,2026-08-22,2076
1990-367,Athens,Other,32,Clay,No,Finished,1990-10-01,1990,2026-08-22,2077
1990-375,Lyon,Other,32,Carpet,Yes,Finished,1990-10-15,1990,2026-08-22,2078
1990-379,Prague,Other,32,Clay,No,Finished,1990-08-06,1990,2026-08-22,2079
1990-401,Philadelphia,Other,48,Carpet,Yes,Finished,1990-02-19,1990,2026-08-22,2080
1990-402,Memphis,Other,48,Hard,No,Finished,1990-02-26,1990,2026-08-22,2081
1990-403,Miami Masters,Masters 1000,96,Hard,No,Finished,1990-03-12,1990,2026-08-22,2082
1990-404,Indian Wells Masters,Masters 1000,56,Hard,No,Finished,1990-03-05,1990,2026-08-22,2083
1990-406,Brussels,Other,32,Carpet,Yes,Finished,1990-02-12,1990,2026-08-22,2084
1990-407,Rotterdam,Other,32,Carpet,Yes,Finished,1990-02-26,1990,2026-08-22,2085
1990-408,Milan,Other,32,Carpet,Yes,Finished,1990-02-05,1990,2026-08-22,2086
1990-409,Orlando,Other,32,Hard,No,Finished,1990-04-02,1990,2026-08-22,2087
1990-410,Monte Carlo Masters,Masters 1000,56,Clay,No,Finished,1990-04-23,1990,2026-08-22,2088
1990-414,Hamburg Masters,Masters 1000,56,Clay,No,Finished,1990-05-07,1990,2026-08-22,2089
1990-416,Rome Masters,Masters 1000,64,Clay,No,Finished,1990-05-14,1990,2026-08-22,2090
1990-418,Washington,Other,56,Hard,No,Finished,1990-07-16,1990,2026-08-22,2091
1990-419,Indianapolis,Other,56,Hard,No,Finished,1990-08-13,1990,2026-08-22,2092
1990-420,New Haven,Other,56,Hard,No,Finished,1990-08-13,1990,2026-08-22,2093
1990-421,Canada Masters,Masters 1000,56,Hard,No,Finished,1990-07-23,1990,2026-08-22,2094
1990-422,Cincinnati Masters,Masters 1000,56,Hard,No,Finished,1990-08-06,1990,2026-08-22,2095
1990-423,Los Angeles,Other,32,Hard,No,Finished,1990-07-30,1990,2026-08-22,2096
1990-424,San Francisco,Other,32,Carpet,Yes,Finished,1990-02-05,1990,2026-08-22,2097
1990-425,Barcelona,Other,56,Clay,No,Finished,1990-04-09,1990,2026-08-22,2098
1990-427,Sydney Indoor,Other,48,Hard,Yes,Finished,1990-10-01,1990,2026-08-22,2099
1990-428,Tokyo Indoor,Other,48,Carpet,Yes,Finished,1990-10-08,1990,2026-08-22,2100
1990-429,Stockholm Masters,Masters 1000,48,Carpet,Yes,Finished,1990-10-22,1990,2026-08-22,2101
1990-430,Wembley,Other,32,Carpet,Yes,Finished,1990-11-05,1990,2026-08-22,2102
1990-434,Seoul,Other,32,Hard,No,Finished,1990-04-16,1990,2026-08-22,2103
1990-436,Kiawah Island,Other,32,Clay,No,Finished,1990-05-07,1990,2026-08-22,2104
1990-438,Moscow,Other,32,Carpet,Yes,Finished,1990-11-05,1990,2026-08-22,2105
1990-439,Umag,Other,32,Clay,No,Finished,1990-05-14,1990,2026-08-22,2106
1990-440,Rosmalen,Other,32,Grass,No,Finished,1990-06-11,1990,2026-08-22,2107
1990-441,Long Island,Other,28,Hard,No,Finished,1990-08-20,1990,2026-08-22,2108
1990-456,Singapore,Other,32,Hard,No,Finished,1990-04-30,1990,2026-08-22,2109
1990-468,Estoril,Other,32,Clay,No,Finished,1990-04-02,1990,2026-08-22,2110
1990-475,San Marino,Other,32,Clay,No,Finished,1990-08-20,1990,2026-08-22,2111
1990-520,Roland Garros,Grand Slam,128,Clay,No,Finished,1990-05-28,1990,2026-08-22,2112
1990-540,Wimbledon,Grand Slam,128,Grass,No,Finished,1990-06-25,1990,2026-08-22,2113
1990-560,US Open,Grand Slam,128,Hard,No,Finished,1990-08-27,1990,2026-08-22,2114
1990-580,Australian Open,Grand Slam,128,Hard,No,Finished,1990-01-15,1990,2026-08-22,2115
1990-604,Grand Slam Cup,Other,16,Carpet,Yes,Finished,1990-12-10,1990,2026-08-22,2116
1990-605,Tour Finals,ATP Finals,8,Carpet,Yes,Finished,1990-11-12,1990,2026-08-22,2117
1990-741,Manchester,Other,32,Grass,No,Finished,1990-06-18,1990,2026-08-22,2118
1991-201,Guaruja,Other,32,Hard,No,Finished,1991-02-04,1991,2026-08-22,2119
1991-215,Buzios,Other,32,Hard,No,Finished,1991-10-28,1991,2026-08-22,2120
1991-224,Schenectady,Other,32,Hard,No,Finished,1991-08-19,1991,2026-08-22,2121
1991-237,Guaruja,Other,32,Hard,No,Finished,1991-10-21,1991,2026-08-22,2122
1991-240,Sao Paulo,Other,32,Hard,No,Finished,1991-11-04,1991,2026-08-22,2123
1991-301,Auckland,Other,32,Hard,No,Finished,1991-01-07,1991,2026-08-22,2124
1991-305,Nice,Other,32,Clay,No,Finished,1991-04-15,1991,2026-08-22,2125
1991-306,Genova,Other,32,Clay,No,Finished,1991-06-17,1991,2026-08-22,2126
1991-308,Munich,Other,32,Clay,No,Finished,1991-04-29,1991,2026-08-22,2127
1991-309,Madrid,Other,32,Clay,No,Finished,1991-04-29,1991,2026-08-22,2128
1991-310,Florence,Other,32,Clay,No,Finished,1991-06-10,1991,2026-08-22,2129
1991-311,Queen's Club,Other,56,Grass,No,Finished,1991-06-10,1991,2026-08-22,2130
1991-312,Bologna,Other,32,Clay,No,Finished,1991-05-20,1991,2026-08-22,2131
1991-314,Gstaad,Other,32,Clay,No,Finished,1991-07-08,1991,2026-08-22,2132
1991-315,Newport,Other,32,Grass,No,Finished,1991-07-08,1991,2026-08-22,2133
1991-316,Bastad,Other,32,Clay,No,Finished,1991-07-08,1991,2026-08-22,2134
1991-317,Hilversum,Other,32,Clay,No,Finished,1991-07-22,1991,2026-08-22,2135
1991-319,Kitzbuhel,Other,48,Clay,No,Finished,1991-07-29,1991,2026-08-22,2136
1991-321,Stuttgart Outdoor,Other,48,Clay,No,Finished,1991-07-15,1991,2026-08-22,2137
1991-322,Geneva,Other,32,Clay,No,Finished,1991-09-09,1991,2026-08-22,2138
1991-323,Bordeaux,Other,32,Hard,No,Finished,1991-09-09,1991,2026-08-22,2139
1991-325,Palermo,Other,32,Clay,No,Finished,1991-09-23,1991,2026-08-22,2140
1991-326,Brisbane,Other,32,Hard,No,Finished,1991-09-23,1991,2026-08-22,2141
1991-327,Toulouse,Other,32,Hard,No,Finished,1991-09-30,1991,2026-08-22,2142
1991-328,Basel,Other,32,Hard,No,Finished,1991-09-23,1991,2026-08-22,2143
1991-329,Tokyo Outdoor,Other,56,Hard,No,Finished,1991-04-08,1991,2026-08-22,2144
1991-330,Tel Aviv,Other,32,Hard,No,Finished,1991-10-07,1991,2026-08-22,2145
1991-336,Hong Kong,Other,32,Hard,No,Finished,1991-04-01,1991,2026-08-22,2146
1991-337,Vienna,Other,32,Carpet,Yes,Finished,1991-10-14,1991,2026-08-22,2147
1991-338,Sydney Outdoor,Other,32,Hard,No,Finished,1991-01-07,1991,2026-08-22,2148
1991-339,Adelaide,Other,32,Hard,No,Finished,1990-12-31,1990,2026-08-22,2149
1991-348,Berlin,Other,32,Carpet,Yes,Finished,1991-10-07,1991,2026-08-22,2150
1991-352,Paris Masters,Masters 1000,48,Carpet,Yes,Finished,1991-10-28,1991,2026-08-22,2151
1991-354,Wellington,Other,32,Hard,No,Finished,1990-12-31,1990,2026-08-22,2152
1991-357,Stuttgart Indoor,Other,32,Carpet,Yes,Finished,1991-02-18,1991,2026-08-22,2153
1991-367,Athens,Other,32,Clay,No,Finished,1991-09-30,1991,2026-08-22,2154
1991-375,Lyon,Other,32,Carpet,Yes,Finished,1991-10-14,1991,2026-08-22,2155
1991-379,Prague,Other,32,Clay,No,Finished,1991-08-05,1991,2026-08-22,2156
1991-401,Philadelphia,Other,48,Carpet,Yes,Finished,1991-02-11,1991,2026-08-22,2157
1991-402,Memphis,Other,48,Hard,No,Finished,1991-02-18,1991,2026-08-22,2158
1991-403,Miami Masters,Masters 1000,96,Hard,No,Finished,1991-03-11,1991,2026-08-22,2159
1991-404,Indian Wells Masters,Masters 1000,56,Hard,No,Finished,1991-03-04,1991,2026-08-22,2160
1991-406,Brussels,Other,32,Carpet,Yes,Finished,1991-02-11,1991,2026-08-22,2161
1991-407,Rotterdam,Other,32,Carpet,Yes,Finished,1991-02-25,1991,2026-08-22,2162
1991-408,Milan,Other,32,Carpet,Yes,Finished,1991-02-04,1991,2026-08-22,2163
1991-409,Orlando,Other,32,Hard,No,Finished,1991-04-01,1991,2026-08-22,2164
1991-410,Monte Carlo Masters,Masters 1000,56,Clay,No,Finished,1991-04-22,1991,2026-08-22,2165
1991-411,Chicago,Other,32,Carpet,Yes,Finished,1991-02-25,1991,2026-08-22,2166
1991-414,Hamburg Masters,Masters 1000,56,Clay,No,Finished,1991-05-06,1991,2026-08-22,2167
1991-416,Rome Masters,Masters 1000,64,Clay,No,Finished,1991-05-13,1991,2026-08-22,2168
1991-418,Washington,Other,56,Hard,No,Finished,1991-07-15,1991,2026-08-22,2169
1991-419,Indianapolis,Other,56,Hard,No,Finished,1991-08-12,1991,2026-08-22,2170
1991-420,New Haven,Other,56,Hard,No,Finished,1991-08-12,1991,2026-08-22,2171
1991-421,Canada Masters,Masters 1000,56,Hard,No,Finished,1991-07-22,1991,2026-08-22,2172
1991-422,Cincinnati Masters,Masters 1000,56,Hard,No,Finished,1991-08-05,1991,2026-08-22,2173
1991-423,Los Angeles,Other,32,Hard,No,Finished,1991-07-29,1991,2026-08-22,2174
1991-424,San Francisco,Other,32,Carpet,Yes,Finished,1991-02-04,1991,2026-08-22,2175
1991-425,Barcelona,Other,56,Clay,No,Finished,1991-04-08,1991,2026-08-22,2176
1991-427,Sydney Indoor,Other,48,Hard,Yes,Finished,1991-09-30,1991,2026-08-22,2177
1991-428,Tokyo Indoor,Other,48,Carpet,Yes,Finished,1991-10-07,1991,2026-08-22,2178
1991-429,Stockholm Masters,Masters 1000,48,Carpet,Yes,Finished,1991-10-21,1991,2026-08-22,2179
1991-430,Birmingham,Other,32,Carpet,Yes,Finished,1991-11-04,1991,2026-08-22,2180
1991-434,Seoul,Other,32,Hard,No,Finished,1991-04-15,1991,2026-08-22,2181
1991-436,Charlotte,Other,32,Clay,No,Finished,1991-05-06,1991,2026-08-22,2182
1991-438,Moscow,Other,32,Carpet,Yes,Finished,1991-11-04,1991,2026-08-22,2183
1991-439,Umag,Other,32,Clay,No,Finished,1991-05-13,1991,2026-08-22,2184
1991-440,Rosmalen,Other,32,Grass,No,Finished,1991-06-10,1991,2026-08-22,2185
1991-441,Long Island,Other,32,Hard,No,Finished,1991-08-19,1991,2026-08-22,2186
1991-456,Singapore,Other,32,Hard,No,Finished,1991-04-22,1991,2026-08-22,2187
1991-463,Brasilia,Other,48,Carpet,Yes,Finished,1991-09-09,1991,2026-08-22,2188
1991-468,Estoril,Other,32,Clay,No,Finished,1991-04-01,1991,2026-08-22,2189
1991-475,San Marino,Other,32,Clay,No,Finished,1991-07-29,1991,2026-08-22,2190
1991-481,Copenhagen,Other,32,Carpet,Yes,Finished,1991-03-04,1991,2026-08-22,2191
1991-520,Roland Garros,Grand Slam,128,Clay,No,Finished,1991-05-27,1991,2026-08-22,2192
1991-540,Wimbledon,Grand Slam,128,Grass,No,Finished,1991-06-24,1991,2026-08-22,2193
1991-560,US Open,Grand Slam,128,Hard,No,Finished,1991-08-26,1991,2026-08-22,2194
1991-580,Australian Open,Grand Slam,128,Hard,No,Finished,1991-01-14,1991,2026-08-22,2195
1991-604,Grand Slam Cup,Other,16,Carpet,Yes,Finished,1991-12-09,1991,2026-08-22,2196
1991-605,Tour Finals,ATP Finals,8,Carpet,Yes,Finished,1991-11-11,1991,2026-08-22,2197
1991-717,Tampa,Other,32,Clay,No,Finished,1991-04-29,1991,2026-08-22,2198
1991-741,Manchester,Other,32,Grass,No,Finished,1991-06-17,1991,2026-08-22,2199
1992-201,Maceio,Other,32,Clay,No,Finished,1992-02-03,1992,2026-08-22,2200
1992-215,Buzios,Other,32,Hard,No,Finished,1992-11-02,1992,2026-08-22,2201
1992-224,Schenectady,Other,32,Hard,No,Finished,1992-08-24,1992,2026-08-22,2202
1992-237,Guaruja,Other,32,Hard,No,Finished,1992-10-26,1992,2026-08-22,2203
1992-240,Sao Paulo,Other,32,Hard,No,Finished,1992-11-09,1992,2026-08-22,2204
1992-301,Auckland,Other,32,Hard,No,Finished,1992-01-06,1992,2026-08-22,2205
1992-305,Nice,Other,32,Clay,No,Finished,1992-04-13,1992,2026-08-22,2206
1992-306,Genova,Other,32,Clay,No,Finished,1992-06-15,1992,2026-08-22,2207
1992-308,Munich,Other,32,Clay,No,Finished,1992-04-27,1992,2026-08-22,2208
1992-309,Madrid,Other,32,Clay,No,Finished,1992-04-27,1992,2026-08-22,2209
1992-310,Florence,Other,32,Clay,No,Finished,1992-06-08,1992,2026-08-22,2210
1992-311,Queen's Club,Other,56,Grass,No,Finished,1992-06-08,1992,2026-08-22,2211
1992-312,Bologna,Other,32,Clay,No,Finished,1992-05-18,1992,2026-08-22,2212
1992-314,Gstaad,Other,32,Clay,No,Finished,1992-07-06,1992,2026-08-22,2213
1992-315,Newport,Other,32,Grass,No,Finished,1992-07-06,1992,2026-08-22,2214
1992-316,Bastad,Other,32,Clay,No,Finished,1992-07-06,1992,2026-08-22,2215
1992-317,Hilversum,Other,32,Clay,No,Finished,1992-07-20,1992,2026-08-22,2216
1992-319,Kitzbuhel,Other,48,Clay,No,Finished,1992-07-20,1992,2026-08-22,2217
1992-321,Stuttgart Outdoor,Other,48,Clay,No,Finished,1992-07-13,1992,2026-08-22,2218
1992-322,Cologne,Other,32,Clay,No,Finished,1992-09-14,1992,2026-08-22,2219
1992-323,Bordeaux,Other,32,Clay,No,Finished,1992-09-14,1992,2026-08-22,2220
1992-325,Palermo,Other,32,Clay,No,Finished,1992-09-28,1992,2026-08-22,2221
1992-326,Brisbane,Other,32,Hard,No,Finished,1992-09-28,1992,2026-08-22,2222
1992-327,Toulouse,Other,32,Hard,No,Finished,1992-10-05,1992,2026-08-22,2223
1992-328,Basel,Other,32,Hard,No,Finished,1992-09-28,1992,2026-08-22,2224
1992-329,Tokyo Outdoor,Other,56,Hard,No,Finished,1992-04-06,1992,2026-08-22,2225
1992-330,Tel Aviv,Other,32,Hard,No,Finished,1992-10-12,1992,2026-08-22,2226
1992-336,Hong Kong,Other,32,Hard,No,Finished,1992-04-13,1992,2026-08-22,2227
1992-337,Vienna,Other,32,Carpet,Yes,Finished,1992-10-19,1992,2026-08-22,2228
1992-338,Sydney Outdoor,Other,32,Hard,No,Finished,1992-01-06,1992,2026-08-22,2229
1992-339,Adelaide,Other,32,Hard,No,Finished,1991-12-30,1991,2026-08-22,2230
1992-348,Bolzano,Other,32,Carpet,Yes,Finished,1992-10-12,1992,2026-08-22,2231
1992-352,Paris Masters,Masters 1000,48,Carpet,Yes,Finished,1992-11-02,1992,2026-08-22,2232
1992-354,Wellington,Other,32,Hard,No,Finished,1991-12-30,1991,2026-08-22,2233
1992-357,Stuttgart Indoor,Other,32,Carpet,Yes,Finished,1992-02-17,1992,2026-08-22,2234
1992-360,Casablanca,Other,32,Clay,No,Finished,1992-03-16,1992,2026-08-22,2235
1992-367,Athens,Other,32,Clay,No,Finished,1992-10-05,1992,2026-08-22,2236
1992-375,Lyon,Other,32,Carpet,Yes,Finished,1992-10-19,1992,2026-08-22,2237
1992-379,Prague,Other,32,Clay,No,Finished,1992-08-10,1992,2026-08-22,2238
1992-401,Philadelphia,Other,48,Carpet,Yes,Finished,1992-02-17,1992,2026-08-22,2239
1992-402,Memphis,Other,48,Hard,No,Finished,1992-02-10,1992,2026-08-22,2240
1992-403,Miami Masters,Masters 1000,96,Hard,No,Finished,1992-03-09,1992,2026-08-22,2241
1992-404,Indian Wells Masters,Masters 1000,56,Hard,No,Finished,1992-03-02,1992,2026-08-22,2242
1992-406,Brussels,Other,32,Carpet,Yes,Finished,1992-02-10,1992,2026-08-22,2243
1992-407,Rotterdam,Other,32,Carpet,Yes,Finished,1992-02-24,1992,2026-08-22,2244
1992-408,Milan,Other,32,Carpet,Yes,Finished,1992-02-03,1992,2026-08-22,2245
1992-409,Atlanta,Other,32,Clay,No,Finished,1992-04-27,1992,2026-08-22,2246
1992-410,Monte Carlo Masters,Masters 1000,56,Clay,No,Finished,1992-04-20,1992,2026-08-22,2247
1992-414,Hamburg Masters,Masters 1000,56,Clay,No,Finished,1992-05-04,1992,2026-08-22,2248
1992-416,Rome Masters,Masters 1000,64,Clay,No,Finished,1992-05-11,1992,2026-08-22,2249
1992-418,Washington,Other,56,Hard,No,Finished,1992-07-13,1992,2026-08-22,2250
1992-419,Indianapolis,Other,56,Hard,No,Finished,1992-08-17,1992,2026-08-22,2251
1992-420,New Haven,Other,56,Hard,No,Finished,1992-08-17,1992,2026-08-22,2252
1992-421,Canada Masters,Masters 1000,56,Hard,No,Finished,1992-07-20,1992,2026-08-22,2253
1992-422,Cincinnati Masters,Masters 1000,56,Hard,No,Finished,1992-08-10,1992,2026-08-22,2254
1992-423,Los Angeles,Other,32,Hard,No,Finished,1992-08-03,1992,2026-08-22,2255
1992-424,San Francisco,Other,32,Hard,No,Finished,1992-02-03,1992,2026-08-22,2256
1992-425,Barcelona,Other,56,Clay,No,Finished,1992-04-06,1992,2026-08-22,2257
1992-426,Johannesburg,Other,32,Hard,No,Finished,1992-03-30,1992,2026-08-22,2258
1992-427,Sydney Indoor,Other,48,Hard,Yes,Finished,1992-10-05,1992,2026-08-22,2259
1992-428,Tokyo Indoor,Other,48,Carpet,Yes,Finished,1992-10-12,1992,2026-08-22,2260
1992-429,Stockholm Masters,Masters 1000,48,Carpet,Yes,Finished,1992-10-26,1992,2026-08-22,2261
1992-430,Antwerp,Other,32,Carpet,Yes,Finished,1992-11-09,1992,2026-08-22,2262
1992-433,Scottsdale,Other,32,Hard,No,Finished,1992-02-24,1992,2026-08-22,2263
1992-434,Seoul,Other,32,Hard,No,Finished,1992-04-20,1992,2026-08-22,2264
1992-436,Charlotte,Other,32,Clay,No,Finished,1992-05-04,1992,2026-08-22,2265
1992-438,Moscow,Other,32,Carpet,Yes,Finished,1992-11-09,1992,2026-08-22,2266
1992-439,Umag,Other,32,Clay,No,Finished,1992-08-24,1992,2026-08-22,2267
1992-440,Rosmalen,Other,32,Grass,No,Finished,1992-06-08,1992,2026-08-22,2268
1992-441,Long Island,Other,32,Hard,No,Finished,1992-08-24,1992,2026-08-22,2269
1992-456,Singapore,Other,32,Hard,No,Finished,1992-03-30,1992,2026-08-22,2270
1992-457,Taipei,Other,32,Carpet,Yes,Finished,1992-10-19,1992,2026-08-22,2271
1992-468,Estoril,Other,32,Clay,No,Finished,1992-03-30,1992,2026-08-22,2272
1992-475,San Marino,Other,32,Clay,No,Finished,1992-07-27,1992,2026-08-22,2273
1992-481,Copenhagen,Other,32,Carpet,Yes,Finished,1992-03-02,1992,2026-08-22,2274
1992-520,Roland Garros,Grand Slam,128,Clay,No,Finished,1992-05-25,1992,2026-08-22,2275
1992-540,Wimbledon,Grand Slam,128,Grass,No,Finished,1992-06-22,1992,2026-08-22,2276
1992-560,US Open,Grand Slam,128,Hard,No,Finished,1992-08-31,1992,2026-08-22,2277
1992-580,Australian Open,Grand Slam,128,Hard,No,Finished,1992-01-13,1992,2026-08-22,2278
1992-604,Grand Slam Cup,Other,16,Carpet,Yes,Finished,1992-12-07,1992,2026-08-22,2279
1992-605,Tour Finals,ATP Finals,8,Carpet,Yes,Finished,1992-11-16,1992,2026-08-22,2280
1992-717,Tampa,Other,32,Clay,No,Finished,1992-04-13,1992,2026-08-22,2281
1992-741,Manchester,Other,32,Grass,No,Finished,1992-06-15,1992,2026-08-22,2282
1993-224,Schenectady,Other,32,Hard,No,Finished,1993-08-23,1993,2026-08-22,2283
1993-240,Sao Paulo,Other,32,Clay,No,Finished,1993-11-01,1993,2026-08-22,2284
1993-301,Auckland,Other,32,Hard,No,Finished,1993-01-11,1993,2026-08-22,2285
1993-305,Nice,Other,32,Clay,No,Finished,1993-04-12,1993,2026-08-22,2286
1993-306,Genova,Other,32,Clay,No,Finished,1993-06-14,1993,2026-08-22,2287
1993-308,Munich,Other,32,Clay,No,Finished,1993-04-26,1993,2026-08-22,2288
1993-309,Madrid,Other,32,Clay,No,Finished,1993-04-26,1993,2026-08-22,2289
1993-310,Florence,Other,32,Clay,No,Finished,1993-06-07,1993,2026-08-22,2290
1993-311,Queen's Club,Other,56,Grass,No,Finished,1993-06-07,1993,2026-08-22,2291
1993-312,Bologna,Other,32,Clay,No,Finished,1993-05-17,1993,2026-08-22,2292
1993-314,Gstaad,Other,32,Clay,No,Finished,1993-07-05,1993,2026-08-22,2293
1993-315,Newport,Other,32,Grass,No,Finished,1993-07-05,1993,2026-08-22,2294
1993-316,Bastad,Other,32,Clay,No,Finished,1993-07-05,1993,2026-08-22,2295
1993-317,Hilversum,Other,32,Clay,No,Finished,1993-07-26,1993,2026-08-22,2296
1993-319,Kitzbuhel,Other,48,Clay,No,Finished,1993-08-02,1993,2026-08-22,2297
1993-321,Stuttgart Outdoor,Other,56,Clay,No,Finished,1993-07-19,1993,2026-08-22,2298
1993-323,Bordeaux,Other,32,Hard,No,Finished,1993-09-13,1993,2026-08-22,2299
1993-325,Palermo,Other,32,Clay,No,Finished,1993-09-27,1993,2026-08-22,2300
1993-326,Kuala Lumpur-2,Other,32,Hard,No,Finished,1993-09-27,1993,2026-08-22,2301
1993-327,Toulouse,Other,32,Hard,No,Finished,1993-10-04,1993,2026-08-22,2302
1993-328,Basel,Other,32,Hard,No,Finished,1993-09-27,1993,2026-08-22,2303
1993-329,Tokyo Outdoor,Other,56,Hard,No,Finished,1993-04-05,1993,2026-08-22,2304
1993-330,Tel Aviv,Other,32,Hard,No,Finished,1993-10-11,1993,2026-08-22,2305
1993-336,Hong Kong,Other,32,Hard,No,Finished,1993-04-12,1993,2026-08-22,2306
1993-337,Vienna,Other,32,Carpet,Yes,Finished,1993-10-18,1993,2026-08-22,2307
1993-338,Sydney Outdoor,Other,32,Hard,No,Finished,1993-01-11,1993,2026-08-22,2308
1993-339,Adelaide,Other,32,Hard,No,Finished,1993-01-04,1993,2026-08-22,2309
1993-348,Bolzano,Other,32,Carpet,Yes,Finished,1993-10-11,1993,2026-08-22,2310
1993-352,Paris Masters,Masters 1000,48,Carpet,Yes,Finished,1993-11-01,1993,2026-08-22,2311
1993-357,Stuttgart Indoor,Other,32,Carpet,Yes,Finished,1993-02-15,1993,2026-08-22,2312
1993-360,Casablanca,Other,32,Clay,No,Finished,1993-03-15,1993,2026-08-22,2313
1993-367,Athens,Other,32,Clay,No,Finished,1993-10-04,1993,2026-08-22,2314
1993-375,Lyon,Other,32,Carpet,Yes,Finished,1993-10-18,1993,2026-08-22,2315
1993-379,Prague,Other,32,Clay,No,Finished,1993-08-02,1993,2026-08-22,2316
1993-401,Philadelphia,Other,32,Carpet,Yes,Finished,1993-02-15,1993,2026-08-22,2317
1993-402,Memphis,Other,64,Hard,No,Finished,1993-02-08,1993,2026-08-22,2318
1993-403,Miami Masters,Masters 1000,96,Hard,No,Finished,1993-03-08,1993,2026-08-22,2319
1993-404,Indian Wells Masters,Masters 1000,56,Hard,No,Finished,1993-03-01,1993,2026-08-22,2320
1993-407,Rotterdam,Other,32,Carpet,Yes,Finished,1993-02-22,1993,2026-08-22,2321
1993-408,Milan,Other,32,Carpet,Yes,Finished,1993-02-08,1993,2026-08-22,2322
1993-409,Atlanta,Other,32,Clay,No,Finished,1993-04-26,1993,2026-08-22,2323
1993-410,Monte Carlo Masters,Masters 1000,56,Clay,No,Finished,1993-04-19,1993,2026-08-22,2324
1993-414,Hamburg Masters,Masters 1000,56,Clay,No,Finished,1993-05-03,1993,2026-08-22,2325
1993-416,Rome Masters,Masters 1000,64,Clay,No,Finished,1993-05-10,1993,2026-08-22,2326
1993-418,Washington,Other,56,Hard,No,Finished,1993-07-19,1993,2026-08-22,2327
1993-419,Indianapolis,Other,56,Hard,No,Finished,1993-08-16,1993,2026-08-22,2328
1993-420,New Haven,Other,56,Hard,No,Finished,1993-08-16,1993,2026-08-22,2329
1993-421,Canada Masters,Masters 1000,56,Hard,No,Finished,1993-07-26,1993,2026-08-22,2330
1993-422,Cincinnati Masters,Masters 1000,56,Hard,No,Finished,1993-08-09,1993,2026-08-22,2331
1993-423,Los Angeles,Other,32,Hard,No,Finished,1993-08-02,1993,2026-08-22,2332
1993-424,San Francisco,Other,32,Hard,No,Finished,1993-02-01,1993,2026-08-22,2333
1993-425,Barcelona,Other,56,Clay,No,Finished,1993-04-05,1993,2026-08-22,2334
1993-426,Durban,Other,32,Hard,No,Finished,1993-03-29,1993,2026-08-22,2335
1993-427,Sydney Indoor,Other,32,Hard,Yes,Finished,1993-10-04,1993,2026-08-22,2336
1993-428,Tokyo Indoor,Other,48,Carpet,Yes,Finished,1993-10-11,1993,2026-08-22,2337
1993-429,Stockholm Masters,Masters 1000,48,Carpet,Yes,Finished,1993-10-25,1993,2026-08-22,2338
1993-430,Antwerp,Other,32,Carpet,Yes,Finished,1993-11-08,1993,2026-08-22,2339
1993-433,Scottsdale,Other,32,Hard,No,Finished,1993-02-22,1993,2026-08-22,2340
1993-434,Seoul,Other,32,Hard,No,Finished,1993-04-19,1993,2026-08-22,2341
1993-436,Charlotte,Other,32,Clay,No,Finished,1993-04-12,1993,2026-08-22,2342
1993-438,Moscow,Other,32,Carpet,Yes,Finished,1993-11-08,1993,2026-08-22,2343
1993-439,Umag,Other,32,Clay,No,Finished,1993-08-23,1993,2026-08-22,2344
1993-440,Rosmalen,Other,32,Grass,No,Finished,1993-06-07,1993,2026-08-22,2345
1993-441,Long Island,Other,32,Hard,No,Finished,1993-08-23,1993,2026-08-22,2346
1993-450,Kuala Lumpur-1,Other,32,Hard,No,Finished,1993-01-04,1993,2026-08-22,2347
1993-451,Doha,Other,32,Hard,No,Finished,1993-01-04,1993,2026-08-22,2348
1993-468,Estoril,Other,32,Clay,No,Finished,1993-03-29,1993,2026-08-22,2349
1993-475,San Marino,Other,32,Clay,No,Finished,1993-08-09,1993,2026-08-22,2350
1993-481,Copenhagen,Other,32,Carpet,Yes,Finished,1993-03-01,1993,2026-08-22,2351
1993-494,Jakarta,Other,32,Hard,No,Finished,1993-01-11,1993,2026-08-22,2352
1993-495,Dubai,Other,32,Hard,No,Finished,1993-02-01,1993,2026-08-22,2353
1993-496,Marseille,Other,32,Carpet,Yes,Finished,1993-02-01,1993,2026-08-22,2354
1993-497,Zaragoza,Other,32,Carpet,Yes,Finished,1993-03-08,1993,2026-08-22,2355
1993-498,Osaka,Other,32,Hard,No,Finished,1993-03-29,1993,2026-08-22,2356
1993-499,Coral Springs,Other,32,Clay,No,Finished,1993-05-10,1993,2026-08-22,2357
1993-500,Halle,Other,32,Grass,No,Finished,1993-06-14,1993,2026-08-22,2358
1993-505,Santiago,Other,32,Clay,No,Finished,1993-10-25,1993,2026-08-22,2359
1993-506,Buenos Aires,Other,32,Clay,No,Finished,1993-11-08,1993,2026-08-22,2360
1993-520,Roland Garros,Grand Slam,128,Clay,No,Finished,1993-05-24,1993,2026-08-22,2361
1993-540,Wimbledon,Grand Slam,128,Grass,No,Finished,1993-06-21,1993,2026-08-22,2362
1993-560,US Open,Grand Slam,128,Hard,No,Finished,1993-08-30,1993,2026-08-22,2363
1993-580,Australian Open,Grand Slam,128,Hard,No,Finished,1993-01-18,1993,2026-08-22,2364
1993-604,Grand Slam Cup,Other,16,Carpet,Yes,Finished,1993-12-06,1993,2026-08-22,2365
1993-605,Tour Finals,ATP Finals,8,Carpet,Yes,Finished,1993-11-15,1993,2026-08-22,2366
1993-717,Tampa,Other,32,Clay,No,Finished,1993-05-03,1993,2026-08-22,2367
1993-741,Manchester,Other,32,Grass,No,Finished,1993-06-14,1993,2026-08-22,2368
1993-747,Beijing,Other,32,Carpet,Yes,Finished,1993-10-18,1993,2026-08-22,2369
1993-773,Bucharest,Other,32,Clay,No,Finished,1993-09-13,1993,2026-08-22,2370
1993-807,Mexico City,Other,32,Clay,No,Finished,1993-02-22,1993,2026-08-22,2371
1994-224,Schenectady,Other,32,Hard,No,Finished,1994-08-22,1994,2026-08-22,2372
1994-301,Auckland,Other,32,Hard,No,Finished,1994-01-10,1994,2026-08-22,2373
1994-305,Nice,Other,32,Clay,No,Finished,1994-04-11,1994,2026-08-22,2374
1994-306,St. Poelten,Other,32,Clay,No,Finished,1994-06-13,1994,2026-08-22,2375
1994-308,Munich,Other,32,Clay,No,Finished,1994-04-25,1994,2026-08-22,2376
1994-309,Madrid,Other,32,Clay,No,Finished,1994-04-25,1994,2026-08-22,2377
1994-310,Florence,Other,32,Clay,No,Finished,1994-06-06,1994,2026-08-22,2378
1994-311,Queen's Club,Other,56,Grass,No,Finished,1994-06-06,1994,2026-08-22,2379
1994-312,Bologna,Other,32,Clay,No,Finished,1994-05-16,1994,2026-08-22,2380
1994-314,Gstaad,Other,32,Clay,No,Finished,1994-07-04,1994,2026-08-22,2381
1994-315,Newport,Other,32,Grass,No,Finished,1994-07-04,1994,2026-08-22,2382
1994-316,Bastad,Other,32,Clay,No,Finished,1994-07-04,1994,2026-08-22,2383
1994-317,Hilversum,Other,32,Clay,No,Finished,1994-07-25,1994,2026-08-22,2384
1994-319,Kitzbuhel,Other,48,Clay,No,Finished,1994-08-01,1994,2026-08-22,2385
1994-321,Stuttgart Outdoor,Other,48,Clay,No,Finished,1994-07-18,1994,2026-08-22,2386
1994-323,Bordeaux,Other,32,Hard,No,Finished,1994-09-12,1994,2026-08-22,2387
1994-325,Palermo,Other,32,Clay,No,Finished,1994-09-26,1994,2026-08-22,2388
1994-326,Kuala Lumpur,Other,32,Carpet,Yes,Finished,1994-09-26,1994,2026-08-22,2389
1994-327,Toulouse,Other,32,Hard,No,Finished,1994-10-03,1994,2026-08-22,2390
1994-328,Basel,Other,32,Hard,No,Finished,1994-09-26,1994,2026-08-22,2391
1994-329,Tokyo Outdoor,Other,56,Hard,No,Finished,1994-04-04,1994,2026-08-22,2392
1994-330,Tel Aviv,Other,32,Hard,No,Finished,1994-10-10,1994,2026-08-22,2393
1994-336,Hong Kong,Other,32,Hard,No,Finished,1994-04-11,1994,2026-08-22,2394
1994-337,Vienna,Other,32,Carpet,Yes,Finished,1994-10-17,1994,2026-08-22,2395
1994-338,Sydney Outdoor,Other,32,Hard,No,Finished,1994-01-10,1994,2026-08-22,2396
1994-339,Adelaide,Other,32,Hard,No,Finished,1994-01-03,1994,2026-08-22,2397
1994-348,Ostrava,Other,32,Carpet,Yes,Finished,1994-10-10,1994,2026-08-22,2398
1994-352,Paris Masters,Masters 1000,48,Carpet,Yes,Finished,1994-10-31,1994,2026-08-22,2399
1994-357,Stuttgart Indoor,Other,32,Carpet,Yes,Finished,1994-02-14,1994,2026-08-22,2400
1994-359,Bogota,Other,32,Clay,No,Finished,1994-09-12,1994,2026-08-22,2401
1994-360,Casablanca,Other,32,Clay,No,Finished,1994-03-14,1994,2026-08-22,2402
1994-367,Athens,Other,32,Clay,No,Finished,1994-10-03,1994,2026-08-22,2403
1994-375,Lyon,Other,32,Carpet,Yes,Finished,1994-10-17,1994,2026-08-22,2404
1994-379,Prague,Other,32,Clay,No,Finished,1994-08-01,1994,2026-08-22,2405
1994-401,Philadelphia,Other,32,Carpet,Yes,Finished,1994-02-14,1994,2026-08-22,2406
1994-402,Memphis,Other,48,Hard,No,Finished,1994-02-07,1994,2026-08-22,2407
1994-403,Miami Masters,Masters 1000,96,Hard,No,Finished,1994-03-07,1994,2026-08-22,2408
1994-404,Indian Wells Masters,Masters 1000,56,Hard,No,Finished,1994-02-28,1994,2026-08-22,2409
1994-407,Rotterdam,Other,32,Carpet,Yes,Finished,1994-02-21,1994,2026-08-22,2410
1994-408,Milan,Other,32,Carpet,Yes,Finished,1994-02-07,1994,2026-08-22,2411
1994-409,Atlanta,Other,32,Clay,No,Finished,1994-04-25,1994,2026-08-22,2412
1994-410,Monte Carlo Masters,Masters 1000,64,Clay,No,Finished,1994-04-18,1994,2026-08-22,2413
1994-414,Hamburg Masters,Masters 1000,56,Clay,No,Finished,1994-05-02,1994,2026-08-22,2414
1994-416,Rome Masters,Masters 1000,64,Clay,No,Finished,1994-05-09,1994,2026-08-22,2415
1994-418,Washington,Other,56,Hard,No,Finished,1994-07-18,1994,2026-08-22,2416
1994-419,Indianapolis,Other,56,Hard,No,Finished,1994-08-15,1994,2026-08-22,2417
1994-420,New Haven,Other,56,Hard,No,Finished,1994-08-15,1994,2026-08-22,2418
1994-421,Canada Masters,Masters 1000,56,Hard,No,Finished,1994-07-25,1994,2026-08-22,2419
1994-422,Cincinnati Masters,Masters 1000,56,Hard,No,Finished,1994-08-08,1994,2026-08-22,2420
1994-423,Los Angeles,Other,32,Hard,No,Finished,1994-08-01,1994,2026-08-22,2421
1994-424,San Jose,Other,32,Hard,No,Finished,1994-01-31,1994,2026-08-22,2422
1994-425,Barcelona,Other,56,Clay,No,Finished,1994-04-04,1994,2026-08-22,2423
1994-426,Sun City,Other,32,Hard,No,Finished,1994-03-28,1994,2026-08-22,2424
1994-427,Sydney Indoor,Other,32,Hard,Yes,Finished,1994-10-03,1994,2026-08-22,2425
1994-428,Tokyo Indoor,Other,48,Carpet,Yes,Finished,1994-10-10,1994,2026-08-22,2426
1994-429,Stockholm Masters,Masters 1000,48,Carpet,Yes,Finished,1994-10-24,1994,2026-08-22,2427
1994-430,Antwerp,Other,32,Carpet,Yes,Finished,1994-11-07,1994,2026-08-22,2428
1994-433,Scottsdale,Other,32,Hard,No,Finished,1994-02-21,1994,2026-08-22,2429
1994-434,Seoul,Other,32,Hard,No,Finished,1994-04-18,1994,2026-08-22,2430
1994-436,Birmingham,Other,32,Clay,No,Finished,1994-04-11,1994,2026-08-22,2431
1994-438,Moscow,Other,32,Carpet,Yes,Finished,1994-11-07,1994,2026-08-22,2432
1994-439,Umag,Other,32,Clay,No,Finished,1994-08-22,1994,2026-08-22,2433
1994-440,Rosmalen,Other,32,Grass,No,Finished,1994-06-06,1994,2026-08-22,2434
1994-441,Long Island,Other,32,Hard,No,Finished,1994-08-22,1994,2026-08-22,2435
1994-451,Doha,Other,32,Hard,No,Finished,1994-01-03,1994,2026-08-22,2436
1994-468,Estoril,Other,32,Clay,No,Finished,1994-03-28,1994,2026-08-22,2437
1994-475,San Marino,Other,32,Clay,No,Finished,1994-08-08,1994,2026-08-22,2438
1994-481,Copenhagen,Other,32,Carpet,Yes,Finished,1994-02-28,1994,2026-08-22,2439
1994-494,Jakarta,Other,32,Hard,No,Finished,1994-01-10,1994,2026-08-22,2440
1994-495,Dubai,Other,32,Hard,No,Finished,1994-01-31,1994,2026-08-22,2441
1994-496,Marseille,Other,32,Carpet,Yes,Finished,1994-01-31,1994,2026-08-22,2442
1994-497,Zaragoza,Other,32,Carpet,Yes,Finished,1994-03-07,1994,2026-08-22,2443
1994-498,Osaka,Other,32,Hard,No,Finished,1994-03-28,1994,2026-08-22,2444
1994-499,Coral Springs,Other,32,Clay,No,Finished,1994-05-09,1994,2026-08-22,2445
1994-500,Halle,Other,32,Grass,No,Finished,1994-06-13,1994,2026-08-22,2446
1994-505,Santiago,Other,32,Clay,No,Finished,1994-10-24,1994,2026-08-22,2447
1994-506,Buenos Aires,Other,32,Clay,No,Finished,1994-11-07,1994,2026-08-22,2448
1994-517,Oahu,Other,32,Hard,No,Finished,1994-01-03,1994,2026-08-22,2449
1994-520,Roland Garros,Grand Slam,128,Clay,No,Finished,1994-05-23,1994,2026-08-22,2450
1994-540,Wimbledon,Grand Slam,128,Grass,No,Finished,1994-06-20,1994,2026-08-22,2451
1994-544,Montevideo,Other,32,Clay,No,Finished,1994-10-31,1994,2026-08-22,2452
1994-560,US Open,Grand Slam,128,Hard,No,Finished,1994-08-29,1994,2026-08-22,2453
1994-580,Australian Open,Grand Slam,128,Hard,No,Finished,1994-01-17,1994,2026-08-22,2454
1994-604,Grand Slam Cup,Other,16,Carpet,Yes,Finished,1994-12-05,1994,2026-08-22,2455
1994-605,Tour Finals,ATP Finals,8,Carpet,Yes,Finished,1994-11-14,1994,2026-08-22,2456
1994-717,Pinehurst,Other,32,Clay,No,Finished,1994-05-02,1994,2026-08-22,2457
1994-741,Manchester,Other,32,Grass,No,Finished,1994-06-13,1994,2026-08-22,2458
1994-747,Beijing,Other,32,Carpet,Yes,Finished,1994-10-17,1994,2026-08-22,2459
1994-773,Bucharest,Other,32,Clay,No,Finished,1994-09-12,1994,2026-08-22,2460
1994-807,Mexico City,Other,32,Clay,No,Finished,1994-02-21,1994,2026-08-22,2461
1995-301,Auckland,Other,32,Hard,No,Finished,1995-01-09,1995,2026-08-22,2462
1995-305,Nice,Other,32,Clay,No,Finished,1995-04-17,1995,2026-08-22,2463
1995-306,St. Poelten,Other,32,Clay,No,Finished,1995-06-19,1995,2026-08-22,2464
1995-308,Munich,Other,32,Clay,No,Finished,1995-05-01,1995,2026-08-22,2465
1995-310,Oporto,Other,32,Clay,No,Finished,1995-06-12,1995,2026-08-22,2466
1995-311,Queen's Club,Other,56,Grass,No,Finished,1995-06-12,1995,2026-08-22,2467
1995-312,Bologna,Other,32,Clay,No,Finished,1995-05-22,1995,2026-08-22,2468
1995-314,Gstaad,Other,32,Clay,No,Finished,1995-07-10,1995,2026-08-22,2469
1995-315,Newport,Other,32,Grass,No,Finished,1995-07-10,1995,2026-08-22,2470
1995-316,Bastad,Other,32,Clay,No,Finished,1995-07-10,1995,2026-08-22,2471
1995-317,Amsterdam,Other,32,Clay,No,Finished,1995-07-24,1995,2026-08-22,2472
1995-319,Kitzbuhel,Other,48,Clay,No,Finished,1995-07-31,1995,2026-08-22,2473
1995-321,Stuttgart Outdoor,Other,48,Clay,No,Finished,1995-07-17,1995,2026-08-22,2474
1995-323,Bordeaux,Other,32,Hard,No,Finished,1995-09-11,1995,2026-08-22,2475
1995-325,Palermo,Other,32,Clay,No,Finished,1995-09-25,1995,2026-08-22,2476
1995-326,Kuala Lumpur,Other,32,Carpet,Yes,Finished,1995-10-02,1995,2026-08-22,2477
1995-327,Toulouse,Other,32,Hard,No,Finished,1995-10-02,1995,2026-08-22,2478
1995-328,Basel,Other,32,Hard,No,Finished,1995-09-25,1995,2026-08-22,2479
1995-329,Tokyo Outdoor,Other,56,Hard,No,Finished,1995-04-10,1995,2026-08-22,2480
1995-330,Tel Aviv,Other,32,Hard,No,Finished,1995-10-09,1995,2026-08-22,2481
1995-336,Hong Kong,Other,32,Hard,No,Finished,1995-04-17,1995,2026-08-22,2482
1995-337,Vienna,Other,32,Carpet,Yes,Finished,1995-10-16,1995,2026-08-22,2483
1995-338,Sydney Outdoor,Other,32,Hard,No,Finished,1995-01-09,1995,2026-08-22,2484
1995-339,Adelaide,Other,32,Hard,No,Finished,1995-01-02,1995,2026-08-22,2485
1995-348,Ostrava,Other,32,Carpet,Yes,Finished,1995-10-09,1995,2026-08-22,2486
1995-352,Paris Masters,Masters 1000,48,Carpet,Yes,Finished,1995-10-30,1995,2026-08-22,2487
1995-357,Stuttgart Indoor,Other,32,Carpet,Yes,Finished,1995-02-20,1995,2026-08-22,2488
1995-359,Bogota,Other,32,Clay,No,Finished,1995-09-11,1995,2026-08-22,2489
1995-360,Casablanca,Other,32,Clay,No,Finished,1995-03-20,1995,2026-08-22,2490
1995-375,Lyon,Other,32,Carpet,Yes,Finished,1995-10-16,1995,2026-08-22,2491
1995-379,Prague,Other,32,Clay,No,Finished,1995-07-31,1995,2026-08-22,2492
1995-401,Philadelphia,Other,32,Carpet,Yes,Finished,1995-02-20,1995,2026-08-22,2493
1995-402,Memphis,Other,48,Hard,No,Finished,1995-02-13,1995,2026-08-22,2494
1995-403,Miami Masters,Masters 1000,96,Hard,No,Finished,1995-03-13,1995,2026-08-22,2495
1995-404,Indian Wells Masters,Masters 1000,56,Hard,No,Finished,1995-03-06,1995,2026-08-22,2496
1995-407,Rotterdam,Other,32,Carpet,Yes,Finished,1995-02-27,1995,2026-08-22,2497
1995-408,Milan,Other,32,Carpet,Yes,Finished,1995-02-13,1995,2026-08-22,2498
1995-409,Atlanta,Other,32,Clay,No,Finished,1995-05-01,1995,2026-08-22,2499
1995-410,Monte Carlo Masters,Masters 1000,56,Clay,No,Finished,1995-04-24,1995,2026-08-22,2500
1995-414,Hamburg Masters,Masters 1000,56,Clay,No,Finished,1995-05-08,1995,2026-08-22,2501
1995-416,Rome Masters,Masters 1000,64,Clay,No,Finished,1995-05-15,1995,2026-08-22,2502
1995-418,Washington,Other,56,Hard,No,Finished,1995-07-17,1995,2026-08-22,2503
1995-419,Indianapolis,Other,56,Hard,No,Finished,1995-08-14,1995,2026-08-22,2504
1995-420,New Haven,Other,56,Hard,No,Finished,1995-08-14,1995,2026-08-22,2505
1995-421,Canada Masters,Masters 1000,56,Hard,No,Finished,1995-07-24,1995,2026-08-22,2506
1995-422,Cincinnati Masters,Masters 1000,56,Hard,No,Finished,1995-08-07,1995,2026-08-22,2507
1995-423,Los Angeles,Other,32,Hard,No,Finished,1995-07-31,1995,2026-08-22,2508
1995-424,San Jose,Other,32,Hard,No,Finished,1995-02-06,1995,2026-08-22,2509
1995-425,Barcelona,Other,56,Clay,No,Finished,1995-04-10,1995,2026-08-22,2510
1995-426,Johannesburg,Other,32,Hard,No,Finished,1995-04-03,1995,2026-08-22,2511
1995-428,Tokyo Indoor,Other,48,Carpet,Yes,Finished,1995-10-09,1995,2026-08-22,2512
1995-429,Stockholm,Other,32,Hard,No,Finished,1995-11-06,1995,2026-08-22,2513
1995-430,Essen Masters,Masters 1000,48,Carpet,Yes,Finished,1995-10-23,1995,2026-08-22,2514
1995-433,Scottsdale,Other,32,Hard,No,Finished,1995-02-27,1995,2026-08-22,2515
1995-434,Seoul,Other,32,Hard,No,Finished,1995-04-24,1995,2026-08-22,2516
1995-436,Bermuda,Other,32,Clay,No,Finished,1995-04-17,1995,2026-08-22,2517
1995-438,Moscow,Other,32,Carpet,Yes,Finished,1995-11-06,1995,2026-08-22,2518
1995-439,Umag,Other,32,Clay,No,Finished,1995-08-21,1995,2026-08-22,2519
1995-440,Rosmalen,Other,32,Grass,No,Finished,1995-06-12,1995,2026-08-22,2520
1995-441,Long Island,Other,32,Hard,No,Finished,1995-08-21,1995,2026-08-22,2521
1995-451,Doha,Other,32,Hard,No,Finished,1995-01-02,1995,2026-08-22,2522
1995-468,Estoril,Other,32,Clay,No,Finished,1995-04-03,1995,2026-08-22,2523
1995-475,San Marino,Other,32,Clay,No,Finished,1995-08-07,1995,2026-08-22,2524
1995-481,Copenhagen,Other,32,Carpet,Yes,Finished,1995-03-06,1995,2026-08-22,2525
1995-494,Jakarta,Other,32,Hard,No,Finished,1995-01-09,1995,2026-08-22,2526
1995-495,Dubai,Other,32,Hard,No,Finished,1995-02-06,1995,2026-08-22,2527
1995-496,Marseille,Other,32,Carpet,Yes,Finished,1995-02-06,1995,2026-08-22,2528
1995-499,Coral Springs,Other,32,Clay,No,Finished,1995-05-15,1995,2026-08-22,2529
1995-500,Halle,Other,32,Grass,No,Finished,1995-06-19,1995,2026-08-22,2530
1995-505,Santiago,Other,32,Clay,No,Finished,1995-10-23,1995,2026-08-22,2531
1995-506,Buenos Aires,Other,32,Clay,No,Finished,1995-11-06,1995,2026-08-22,2532
1995-520,Roland Garros,Grand Slam,128,Clay,No,Finished,1995-05-29,1995,2026-08-22,2533
1995-540,Wimbledon,Grand Slam,128,Grass,No,Finished,1995-06-26,1995,2026-08-22,2534
1995-544,Montevideo,Other,32,Clay,No,Finished,1995-10-30,1995,2026-08-22,2535
1995-560,US Open,Grand Slam,128,Hard,No,Finished,1995-08-28,1995,2026-08-22,2536
1995-568,St. Petersburg,Other,32,Carpet,Yes,Finished,1995-03-13,1995,2026-08-22,2537
1995-573,Valencia,Other,32,Clay,No,Finished,1995-10-02,1995,2026-08-22,2538
1995-580,Australian Open,Grand Slam,128,Hard,No,Finished,1995-01-16,1995,2026-08-22,2539
1995-604,Grand Slam Cup,Other,16,Carpet,Yes,Finished,1995-12-04,1995,2026-08-22,2540
1995-605,Tour Finals,ATP Finals,9,Carpet,Yes,Finished,1995-11-13,1995,2026-08-22,2541
1995-717,Pinehurst,Other,32,Clay,No,Finished,1995-05-08,1995,2026-08-22,2542
1995-741,Nottingham,Other,32,Grass,No,Finished,1995-06-19,1995,2026-08-22,2543
1995-747,Beijing,Other,32,Carpet,Yes,Finished,1995-10-16,1995,2026-08-22,2544
1995-773,Bucharest,Other,32,Clay,No,Finished,1995-09-11,1995,2026-08-22,2545
1995-807,Mexico City,Other,32,Clay,No,Finished,1995-02-27,1995,2026-08-22,2546
1996-301,Auckland,Other,32,Hard,No,Finished,1996-01-08,1996,2026-08-22,2547
1996-306,St. Poelten,Other,32,Clay,No,Finished,1996-05-20,1996,2026-08-22,2548
1996-308,Munich,Other,32,Clay,No,Finished,1996-04-29,1996,2026-08-22,2549
1996-310,Oporto,Other,32,Clay,No,Finished,1996-06-10,1996,2026-08-22,2550
1996-311,Queen's Club,Other,56,Grass,No,Finished,1996-06-10,1996,2026-08-22,2551
1996-312,Bologna,Other,32,Clay,No,Finished,1996-06-17,1996,2026-08-22,2552
1996-314,Gstaad,Other,32,Clay,No,Finished,1996-07-08,1996,2026-08-22,2553
1996-315,Newport,Other,32,Grass,No,Finished,1996-07-08,1996,2026-08-22,2554
1996-316,Bastad,Other,32,Clay,No,Finished,1996-07-08,1996,2026-08-22,2555
1996-317,Amsterdam,Other,32,Clay,No,Finished,1996-07-29,1996,2026-08-22,2556
1996-319,Kitzbuhel,Other,48,Clay,No,Finished,1996-07-22,1996,2026-08-22,2557
1996-321,Stuttgart Outdoor,Other,48,Clay,No,Finished,1996-07-15,1996,2026-08-22,2558
1996-322,Zagreb,Other,32,Carpet,Yes,Finished,1996-01-29,1996,2026-08-22,2559
1996-325,Palermo,Other,32,Clay,No,Finished,1996-09-23,1996,2026-08-22,2560
1996-326,Singapore,Other,32,Carpet,Yes,Finished,1996-09-30,1996,2026-08-22,2561
1996-327,Toulouse,Other,32,Hard,No,Finished,1996-10-14,1996,2026-08-22,2562
1996-328,Basel,Other,32,Hard,No,Finished,1996-09-23,1996,2026-08-22,2563
1996-329,Tokyo,Other,56,Hard,No,Finished,1996-04-15,1996,2026-08-22,2564
1996-330,Tel Aviv,Other,32,Hard,No,Finished,1996-10-14,1996,2026-08-22,2565
1996-336,Hong Kong,Other,32,Hard,No,Finished,1996-04-08,1996,2026-08-22,2566
1996-337,Vienna,Other,32,Carpet,Yes,Finished,1996-10-07,1996,2026-08-22,2567
1996-338,Sydney Outdoor,Other,32,Hard,No,Finished,1996-01-08,1996,2026-08-22,2568
1996-339,Adelaide,Other,32,Hard,No,Finished,1996-01-01,1996,2026-08-22,2569
1996-348,Ostrava,Other,32,Carpet,Yes,Finished,1996-10-14,1996,2026-08-22,2570
1996-352,Paris Masters,Masters 1000,48,Carpet,Yes,Finished,1996-10-28,1996,2026-08-22,2571
1996-357,Stuttgart Masters,Masters 1000,48,Carpet,Yes,Finished,1996-10-21,1996,2026-08-22,2572
1996-359,Bogota,Other,32,Clay,No,Finished,1996-09-09,1996,2026-08-22,2573
1996-360,Casablanca,Other,32,Clay,No,Finished,1996-03-25,1996,2026-08-22,2574
1996-375,Lyon,Other,32,Carpet,Yes,Finished,1996-09-30,1996,2026-08-22,2575
1996-379,Prague,Other,32,Clay,No,Finished,1996-04-29,1996,2026-08-22,2576
1996-401,Philadelphia,Other,32,Carpet,Yes,Finished,1996-02-26,1996,2026-08-22,2577
1996-402,Memphis,Other,48,Hard,No,Finished,1996-02-19,1996,2026-08-22,2578
1996-403,Miami Masters,Masters 1000,96,Hard,No,Finished,1996-03-18,1996,2026-08-22,2579
1996-404,Indian Wells Masters,Masters 1000,56,Hard,No,Finished,1996-03-11,1996,2026-08-22,2580
1996-407,Rotterdam,Other,32,Carpet,Yes,Finished,1996-03-04,1996,2026-08-22,2581
1996-408,Milan,Other,32,Carpet,Yes,Finished,1996-02-26,1996,2026-08-22,2582
1996-409,Atlanta,Other,32,Clay,No,Finished,1996-04-29,1996,2026-08-22,2583
1996-410,Monte Carlo Masters,Masters 1000,56,Clay,No,Finished,1996-04-22,1996,2026-08-22,2584
1996-414,Hamburg Masters,Masters 1000,56,Clay,No,Finished,1996-05-06,1996,2026-08-22,2585
1996-416,Rome Masters,Masters 1000,64,Clay,No,Finished,1996-05-13,1996,2026-08-22,2586
1996-418,Washington,Other,56,Hard,No,Finished,1996-07-15,1996,2026-08-22,2587
1996-419,Indianapolis,Other,56,Hard,No,Finished,1996-08-12,1996,2026-08-22,2588
1996-420,New Haven,Other,56,Hard,No,Finished,1996-08-12,1996,2026-08-22,2589
1996-421,Canada Masters,Masters 1000,56,Hard,No,Finished,1996-08-19,1996,2026-08-22,2590
1996-422,Cincinnati Masters,Masters 1000,56,Hard,No,Finished,1996-08-05,1996,2026-08-22,2591
1996-423,Los Angeles,Other,32,Hard,No,Finished,1996-07-29,1996,2026-08-22,2592
1996-424,San Jose,Other,32,Hard,No,Finished,1996-02-12,1996,2026-08-22,2593
1996-425,Barcelona,Other,56,Clay,No,Finished,1996-04-15,1996,2026-08-22,2594
1996-429,Stockholm,Other,32,Hard,No,Finished,1996-11-04,1996,2026-08-22,2595
1996-430,Antwerp,Other,32,Carpet,Yes,Finished,1996-02-19,1996,2026-08-22,2596
1996-433,Scottsdale,Other,32,Hard,No,Finished,1996-03-04,1996,2026-08-22,2597
1996-434,Seoul,Other,32,Hard,No,Finished,1996-04-22,1996,2026-08-22,2598
1996-436,Bermuda,Other,32,Clay,No,Finished,1996-04-15,1996,2026-08-22,2599
1996-438,Moscow,Other,32,Carpet,Yes,Finished,1996-11-04,1996,2026-08-22,2600
1996-439,Umag,Other,32,Clay,No,Finished,1996-08-12,1996,2026-08-22,2601
1996-440,Rosmalen,Other,32,Grass,No,Finished,1996-06-10,1996,2026-08-22,2602
1996-441,Long Island,Other,32,Hard,No,Finished,1996-08-19,1996,2026-08-22,2603
1996-451,Doha,Other,32,Hard,No,Finished,1996-01-01,1996,2026-08-22,2604
1996-468,Estoril,Other,32,Clay,No,Finished,1996-04-08,1996,2026-08-22,2605
1996-475,San Marino,Other,32,Clay,No,Finished,1996-08-05,1996,2026-08-22,2606
1996-481,Copenhagen,Other,32,Carpet,Yes,Finished,1996-03-11,1996,2026-08-22,2607
1996-494,Jakarta,Other,32,Hard,No,Finished,1996-01-08,1996,2026-08-22,2608
1996-495,Dubai,Other,32,Hard,No,Finished,1996-02-12,1996,2026-08-22,2609
1996-496,Marseille,Other,32,Hard,No,Finished,1996-02-12,1996,2026-08-22,2610
1996-499,Coral Springs,Other,32,Clay,No,Finished,1996-05-13,1996,2026-08-22,2611
1996-500,Halle,Other,32,Grass,No,Finished,1996-06-17,1996,2026-08-22,2612
1996-505,Santiago,Other,32,Clay,No,Finished,1996-11-04,1996,2026-08-22,2613
1996-520,Roland Garros,Grand Slam,128,Clay,No,Finished,1996-05-27,1996,2026-08-22,2614
1996-540,Wimbledon,Grand Slam,128,Grass,No,Finished,1996-06-24,1996,2026-08-22,2615
1996-560,US Open,Grand Slam,128,Hard,No,Finished,1996-08-26,1996,2026-08-22,2616
1996-568,St. Petersburg,Other,32,Carpet,Yes,Finished,1996-03-18,1996,2026-08-22,2617
1996-573,Marbella,Other,32,Clay,No,Finished,1996-09-30,1996,2026-08-22,2618
1996-580,Australian Open,Grand Slam,128,Hard,No,Finished,1996-01-15,1996,2026-08-22,2619
1996-604,Grand Slam Cup,Other,16,Carpet,Yes,Finished,1996-12-02,1996,2026-08-22,2620
1996-605,Tour Finals,ATP Finals,9,Carpet,Yes,Finished,1996-11-18,1996,2026-08-22,2621
1996-620,Bournemouth,Other,32,Clay,No,Finished,1996-09-09,1996,2026-08-22,2622
1996-717,Pinehurst,Other,32,Clay,No,Finished,1996-05-06,1996,2026-08-22,2623
1996-741,Nottingham,Other,32,Grass,No,Finished,1996-06-17,1996,2026-08-22,2624
1996-747,Beijing,Other,32,Carpet,Yes,Finished,1996-10-07,1996,2026-08-22,2625
1996-773,Bucharest,Other,32,Clay,No,Finished,1996-09-09,1996,2026-08-22,2626
1996-807,Mexico City,Other,32,Clay,No,Finished,1996-03-04,1996,2026-08-22,2627
1996-890,Shanghai,Other,32,Carpet,Yes,Finished,1996-01-29,1996,2026-08-22,2628
1996-891,New Delhi,Other,32,Hard,No,Finished,1996-04-08,1996,2026-08-22,2629
1997-301,Auckland,Other,32,Hard,No,Finished,1997-01-06,1997,2026-08-22,2630
1997-306,St. Poelten,Other,32,Clay,No,Finished,1997-05-19,1997,2026-08-22,2631
1997-308,Munich,Other,32,Clay,No,Finished,1997-04-28,1997,2026-08-22,2632
1997-311,Queen's Club,Other,56,Grass,No,Finished,1997-06-09,1997,2026-08-22,2633
1997-312,Bologna,Other,32,Clay,No,Finished,1997-06-09,1997,2026-08-22,2634
1997-314,Gstaad,Other,32,Clay,No,Finished,1997-07-07,1997,2026-08-22,2635
1997-315,Newport,Other,32,Grass,No,Finished,1997-07-07,1997,2026-08-22,2636
1997-316,Bastad,Other,32,Clay,No,Finished,1997-07-07,1997,2026-08-22,2637
1997-317,Amsterdam,Other,32,Clay,No,Finished,1997-07-28,1997,2026-08-22,2638
1997-319,Kitzbuhel,Other,48,Clay,No,Finished,1997-07-21,1997,2026-08-22,2639
1997-321,Stuttgart Outdoor,Other,48,Clay,No,Finished,1997-07-14,1997,2026-08-22,2640
1997-322,Zagreb,Other,32,Carpet,Yes,Finished,1997-01-27,1997,2026-08-22,2641
1997-325,Palermo,Other,32,Clay,No,Finished,1997-09-29,1997,2026-08-22,2642
1997-326,Singapore,Other,32,Carpet,Yes,Finished,1997-10-06,1997,2026-08-22,2643
1997-327,Toulouse,Other,32,Hard,No,Finished,1997-09-22,1997,2026-08-22,2644
1997-328,Basel,Other,32,Carpet,Yes,Finished,1997-09-29,1997,2026-08-22,2645
1997-329,Tokyo,Other,56,Hard,No,Finished,1997-04-14,1997,2026-08-22,2646
1997-336,Hong Kong,Other,32,Hard,No,Finished,1997-04-07,1997,2026-08-22,2647
1997-337,Vienna,Other,32,Carpet,Yes,Finished,1997-10-06,1997,2026-08-22,2648
1997-338,Sydney Outdoor,Other,32,Hard,No,Finished,1997-01-06,1997,2026-08-22,2649
1997-339,Adelaide,Other,32,Hard,No,Finished,1996-12-30,1996,2026-08-22,2650
1997-348,Ostrava,Other,32,Carpet,Yes,Finished,1997-10-13,1997,2026-08-22,2651
1997-352,Paris Masters,Masters 1000,48,Carpet,Yes,Finished,1997-10-27,1997,2026-08-22,2652
1997-357,Stuttgart Masters,Masters 1000,48,Carpet,Yes,Finished,1997-10-20,1997,2026-08-22,2653
1997-359,Bogota,Other,32,Clay,No,Finished,1997-10-27,1997,2026-08-22,2654
1997-360,Casablanca,Other,32,Clay,No,Finished,1997-03-24,1997,2026-08-22,2655
1997-375,Lyon,Other,32,Carpet,Yes,Finished,1997-10-13,1997,2026-08-22,2656
1997-379,Prague,Other,32,Clay,No,Finished,1997-04-28,1997,2026-08-22,2657
1997-401,Philadelphia,Other,32,Hard,No,Finished,1997-02-24,1997,2026-08-22,2658
1997-402,Memphis,Other,48,Hard,No,Finished,1997-02-17,1997,2026-08-22,2659
1997-403,Miami Masters,Masters 1000,96,Hard,No,Finished,1997-03-17,1997,2026-08-22,2660
1997-404,Indian Wells Masters,Masters 1000,56,Hard,No,Finished,1997-03-10,1997,2026-08-22,2661
1997-407,Rotterdam,Other,32,Carpet,Yes,Finished,1997-03-03,1997,2026-08-22,2662
1997-408,Milan,Other,32,Carpet,Yes,Finished,1997-02-24,1997,2026-08-22,2663
1997-409,Atlanta,Other,32,Clay,No,Finished,1997-04-28,1997,2026-08-22,2664
1997-410,Monte Carlo Masters,Masters 1000,56,Clay,No,Finished,1997-04-21,1997,2026-08-22,2665
1997-414,Hamburg Masters,Masters 1000,56,Clay,No,Finished,1997-05-05,1997,2026-08-22,2666
1997-416,Rome Masters,Masters 1000,64,Clay,No,Finished,1997-05-12,1997,2026-08-22,2667
1997-418,Washington,Other,56,Hard,No,Finished,1997-07-14,1997,2026-08-22,2668
1997-419,Indianapolis,Other,56,Hard,No,Finished,1997-08-11,1997,2026-08-22,2669
1997-420,New Haven,Other,56,Hard,No,Finished,1997-08-11,1997,2026-08-22,2670
1997-421,Canada Masters,Masters 1000,56,Hard,No,Finished,1997-07-28,1997,2026-08-22,2671
1997-422,Cincinnati Masters,Masters 1000,56,Hard,No,Finished,1997-08-04,1997,2026-08-22,2672
1997-423,Los Angeles,Other,32,Hard,No,Finished,1997-07-21,1997,2026-08-22,2673
1997-424,San Jose,Other,32,Hard,No,Finished,1997-02-10,1997,2026-08-22,2674
1997-425,Barcelona,Other,56,Clay,No,Finished,1997-04-14,1997,2026-08-22,2675
1997-429,Stockholm,Other,32,Hard,No,Finished,1997-11-03,1997,2026-08-22,2676
1997-430,Antwerp,Other,32,Hard,No,Finished,1997-02-17,1997,2026-08-22,2677
1997-433,Scottsdale,Other,32,Hard,No,Finished,1997-03-03,1997,2026-08-22,2678
1997-438,Moscow,Other,32,Carpet,Yes,Finished,1997-11-03,1997,2026-08-22,2679
1997-439,Umag,Other,32,Clay,No,Finished,1997-07-21,1997,2026-08-22,2680
1997-440,Rosmalen,Other,32,Grass,No,Finished,1997-06-16,1997,2026-08-22,2681
1997-441,Long Island,Other,32,Hard,No,Finished,1997-08-18,1997,2026-08-22,2682
1997-451,Doha,Other,32,Hard,No,Finished,1996-12-30,1996,2026-08-22,2683
1997-468,Estoril,Other,32,Clay,No,Finished,1997-04-07,1997,2026-08-22,2684
1997-475,San Marino,Other,32,Clay,No,Finished,1997-08-04,1997,2026-08-22,2685
1997-481,Copenhagen,Other,32,Carpet,Yes,Finished,1997-03-10,1997,2026-08-22,2686
1997-495,Dubai,Other,32,Hard,No,Finished,1997-02-10,1997,2026-08-22,2687
1997-496,Marseille,Other,32,Hard,No,Finished,1997-02-10,1997,2026-08-22,2688
1997-499,Coral Springs,Other,32,Clay,No,Finished,1997-05-05,1997,2026-08-22,2689
1997-500,Halle,Other,32,Grass,No,Finished,1997-06-09,1997,2026-08-22,2690
1997-505,Santiago,Other,32,Clay,No,Finished,1997-11-03,1997,2026-08-22,2691
1997-520,Roland Garros,Grand Slam,128,Clay,No,Finished,1997-05-26,1997,2026-08-22,2692
1997-540,Wimbledon,Grand Slam,128,Grass,No,Finished,1997-06-23,1997,2026-08-22,2693
1997-560,US Open,Grand Slam,128,Hard,No,Finished,1997-08-25,1997,2026-08-22,2694
1997-568,St. Petersburg,Other,32,Carpet,Yes,Finished,1997-03-17,1997,2026-08-22,2695
1997-573,Marbella,Other,32,Clay,No,Finished,1997-09-08,1997,2026-08-22,2696
1997-580,Australian Open,Grand Slam,128,Hard,No,Finished,1997-01-13,1997,2026-08-22,2697
1997-604,Grand Slam Cup,Other,16,Carpet,Yes,Finished,1997-09-22,1997,2026-08-22,2698
1997-605,Tour Finals,ATP Finals,10,Hard,No,Finished,1997-11-10,1997,2026-08-22,2699
1997-620,Bournemouth,Other,32,Clay,No,Finished,1997-09-08,1997,2026-08-22,2700
1997-717,Orlando,Other,32,Clay,No,Finished,1997-04-21,1997,2026-08-22,2701
1997-73,Tashkent,Other,32,Hard,No,Finished,1997-09-08,1997,2026-08-22,2702
1997-741,Nottingham,Other,32,Grass,No,Finished,1997-06-16,1997,2026-08-22,2703
1997-747,Beijing,Other,32,Hard,No,Finished,1997-09-29,1997,2026-08-22,2704
1997-773,Bucharest,Other,32,Clay,No,Finished,1997-09-22,1997,2026-08-22,2705
1997-80,Boston,Other,32,Hard,No,Finished,1997-08-18,1997,2026-08-22,2706
1997-807,Mexico City,Other,32,Clay,No,Finished,1997-10-20,1997,2026-08-22,2707
1997-890,Shanghai,Other,32,Carpet,Yes,Finished,1997-01-27,1997,2026-08-22,2708
1997-891,Chennai,Other,32,Hard,No,Finished,1997-04-07,1997,2026-08-22,2709
1998-301,Auckland,Other,32,Hard,No,Finished,1998-01-12,1998,2026-08-22,2710
1998-306,St. Poelten,Other,32,Clay,No,Finished,1998-05-18,1998,2026-08-22,2711
1998-308,Munich,Other,32,Clay,No,Finished,1998-04-27,1998,2026-08-22,2712
1998-311,Queen's Club,Other,56,Grass,No,Finished,1998-06-08,1998,2026-08-22,2713
1998-312,Bologna,Other,32,Clay,No,Finished,1998-06-08,1998,2026-08-22,2714
1998-315,Newport,Other,32,Grass,No,Finished,1998-07-06,1998,2026-08-22,2715
1998-316,Bastad,Other,32,Clay,No,Finished,1998-07-06,1998,2026-08-22,2716
1998-317,Amsterdam,Other,32,Clay,No,Finished,1998-08-03,1998,2026-08-22,2717
1998-319,Kitzbuhel,Other,48,Clay,No,Finished,1998-07-27,1998,2026-08-22,2718
1998-321,Stuttgart Outdoor,Other,48,Clay,No,Finished,1998-07-20,1998,2026-08-22,2719
1998-322,Split,Other,32,Carpet,Yes,Finished,1998-02-02,1998,2026-08-22,2720
1998-325,Palermo,Other,32,Clay,No,Finished,1998-10-05,1998,2026-08-22,2721
1998-326,Singapore,Other,32,Carpet,Yes,Finished,1998-10-12,1998,2026-08-22,2722
1998-327,Toulouse,Other,32,Hard,No,Finished,1998-09-28,1998,2026-08-22,2723
1998-328,Basel,Other,32,Hard,No,Finished,1998-10-05,1998,2026-08-22,2724
1998-329,Tokyo,Other,56,Hard,No,Finished,1998-04-13,1998,2026-08-22,2725
1998-336,Hong Kong,Other,32,Hard,No,Finished,1998-04-06,1998,2026-08-22,2726
1998-337,Vienna,Other,32,Carpet,Yes,Finished,1998-10-12,1998,2026-08-22,2727
1998-338,Sydney Outdoor,Other,32,Hard,No,Finished,1998-01-12,1998,2026-08-22,2728
1998-339,Adelaide,Other,32,Hard,No,Finished,1998-01-05,1998,2026-08-22,2729
1998-348,Ostrava,Other,32,Carpet,Yes,Finished,1998-10-19,1998,2026-08-22,2730
1998-352,Paris Masters,Masters 1000,48,Carpet,Yes,Finished,1998-11-02,1998,2026-08-22,2731
1998-357,Stuttgart Masters,Masters 1000,48,Hard,No,Finished,1998-10-26,1998,2026-08-22,2732
1998-359,Bogota,Other,32,Clay,No,Finished,1998-11-02,1998,2026-08-22,2733
1998-360,Casablanca,Other,32,Clay,No,Finished,1998-03-23,1998,2026-08-22,2734
1998-375,Lyon,Other,32,Carpet,Yes,Finished,1998-10-19,1998,2026-08-22,2735
1998-379,Prague,Other,32,Clay,No,Finished,1998-04-27,1998,2026-08-22,2736
1998-401,Philadelphia,Other,32,Hard,No,Finished,1998-02-23,1998,2026-08-22,2737
1998-402,Memphis,Other,48,Hard,No,Finished,1998-02-16,1998,2026-08-22,2738
1998-403,Miami Masters,Masters 1000,96,Hard,No,Finished,1998-03-16,1998,2026-08-22,2739
1998-404,Indian Wells Masters,Masters 1000,56,Hard,No,Finished,1998-03-09,1998,2026-08-22,2740
1998-407,Rotterdam,Other,32,Carpet,Yes,Finished,1998-03-02,1998,2026-08-22,2741
1998-408,London,Other,32,Carpet,Yes,Finished,1998-02-23,1998,2026-08-22,2742
1998-409,Atlanta,Other,32,Clay,No,Finished,1998-04-27,1998,2026-08-22,2743
1998-410,Monte Carlo Masters,Masters 1000,56,Clay,No,Finished,1998-04-20,1998,2026-08-22,2744
1998-414,Hamburg Masters,Masters 1000,56,Clay,No,Finished,1998-05-04,1998,2026-08-22,2745
1998-416,Rome Masters,Masters 1000,64,Clay,No,Finished,1998-05-11,1998,2026-08-22,2746
1998-418,Washington,Other,56,Hard,No,Finished,1998-07-20,1998,2026-08-22,2747
1998-419,Indianapolis,Other,56,Hard,No,Finished,1998-08-17,1998,2026-08-22,2748
1998-420,New Haven,Other,56,Hard,No,Finished,1998-08-17,1998,2026-08-22,2749
1998-421,Canada Masters,Masters 1000,56,Hard,No,Finished,1998-08-03,1998,2026-08-22,2750
1998-422,Cincinnati Masters,Masters 1000,56,Hard,No,Finished,1998-08-10,1998,2026-08-22,2751
1998-423,Los Angeles,Other,32,Hard,No,Finished,1998-07-27,1998,2026-08-22,2752
1998-424,San Jose,Other,32,Hard,No,Finished,1998-02-09,1998,2026-08-22,2753
1998-425,Barcelona,Other,56,Clay,No,Finished,1998-04-13,1998,2026-08-22,2754
1998-429,Stockholm,Other,32,Hard,No,Finished,1998-11-09,1998,2026-08-22,2755
1998-430,Antwerp,Other,32,Hard,No,Finished,1998-02-16,1998,2026-08-22,2756
1998-433,Scottsdale,Other,32,Hard,No,Finished,1998-03-02,1998,2026-08-22,2757
1998-438,Moscow,Other,32,Carpet,Yes,Finished,1998-11-09,1998,2026-08-22,2758
1998-439,Umag,Other,32,Clay,No,Finished,1998-07-27,1998,2026-08-22,2759
1998-440,s Hertogenbosch,Other,32,Grass,No,Finished,1998-06-15,1998,2026-08-22,2760
1998-441,Long Island,Other,32,Hard,No,Finished,1998-08-24,1998,2026-08-22,2761
1998-451,Doha,Other,32,Hard,No,Finished,1998-01-05,1998,2026-08-22,2762
1998-468,Estoril,Other,32,Clay,No,Finished,1998-04-06,1998,2026-08-22,2763
1998-475,San Marino,Other,32,Clay,No,Finished,1998-08-10,1998,2026-08-22,2764
1998-481,Copenhagen,Other,32,Carpet,Yes,Finished,1998-03-09,1998,2026-08-22,2765
1998-495,Dubai,Other,32,Hard,No,Finished,1998-02-09,1998,2026-08-22,2766
1998-496,Marseille,Other,32,Hard,No,Finished,1998-02-02,1998,2026-08-22,2767
1998-499,Coral Springs,Other,32,Clay,No,Finished,1998-05-04,1998,2026-08-22,2768
1998-500,Halle,Other,32,Grass,No,Finished,1998-06-08,1998,2026-08-22,2769
1998-505,Santiago,Other,32,Clay,No,Finished,1998-11-09,1998,2026-08-22,2770
1998-520,Roland Garros,Grand Slam,128,Clay,No,Finished,1998-05-25,1998,2026-08-22,2771
1998-540,Wimbledon,Grand Slam,128,Grass,No,Finished,1998-06-22,1998,2026-08-22,2772
1998-560,US Open,Grand Slam,128,Hard,No,Finished,1998-08-31,1998,2026-08-22,2773
1998-568,St. Petersburg,Other,32,Carpet,Yes,Finished,1998-02-09,1998,2026-08-22,2774
1998-573,Mallorca,Other,32,Clay,No,Finished,1998-09-28,1998,2026-08-22,2775
1998-580,Australian Open,Grand Slam,128,Hard,No,Finished,1998-01-19,1998,2026-08-22,2776
1998-604,Grand Slam Cup,Other,16,Hard,No,Finished,1998-09-28,1998,2026-08-22,2777
1998-605,Tour Finals,ATP Finals,64,Hard,No,Finished,1998-11-23,1998,2026-08-22,2778
1998-620,Bournemouth,Other,32,Clay,No,Finished,1998-09-14,1998,2026-08-22,2779
1998-717,Orlando,Other,32,Clay,No,Finished,1998-04-20,1998,2026-08-22,2780
1998-73,Tashkent,Other,32,Hard,No,Finished,1998-09-14,1998,2026-08-22,2781
1998-741,Nottingham,Other,32,Grass,No,Finished,1998-06-15,1998,2026-08-22,2782
1998-773,Bucharest,Other,32,Clay,No,Finished,1998-09-14,1998,2026-08-22,2783
1998-80,Boston,Other,32,Hard,No,Finished,1998-08-24,1998,2026-08-22,2784
1998-807,Mexico City,Other,32,Clay,No,Finished,1998-10-26,1998,2026-08-22,2785
1998-890,Shanghai,Other,32,Carpet,Yes,Finished,1998-10-05,1998,2026-08-22,2786
1998-891,Chennai,Other,32,Hard,No,Finished,1998-04-06,1998,2026-08-22,2787
1999-301,Auckland,Other,32,Hard,No,Finished,1999-01-11,1999,2026-08-22,2788
1999-306,St. Poelten,Other,32,Clay,No,Finished,1999-05-17,1999,2026-08-22,2789
1999-308,Munich,Other,32,Clay,No,Finished,1999-04-26,1999,2026-08-22,2790
1999-311,Queen's Club,Other,56,Grass,No,Finished,1999-06-07,1999,2026-08-22,2791
1999-314,Gstaad,Other,32,Clay,No,Finished,1999-07-05,1999,2026-08-22,2792
1999-315,Newport,Other,32,Grass,No,Finished,1999-07-05,1999,2026-08-22,2793
1999-316,Bastad,Other,32,Clay,No,Finished,1999-07-05,1999,2026-08-22,2794
1999-317,Amsterdam,Other,32,Clay,No,Finished,1999-08-02,1999,2026-08-22,2795
1999-319,Kitzbuhel,Other,48,Clay,No,Finished,1999-07-26,1999,2026-08-22,2796
1999-321,Stuttgart Outdoor,Other,48,Clay,No,Finished,1999-07-19,1999,2026-08-22,2797
1999-325,Palermo,Other,32,Clay,No,Finished,1999-10-04,1999,2026-08-22,2798
1999-326,Singapore,Other,32,Hard,No,Finished,1999-10-11,1999,2026-08-22,2799
1999-327,Toulouse,Other,32,Hard,No,Finished,1999-09-27,1999,2026-08-22,2800
1999-328,Basel,Other,32,Carpet,Yes,Finished,1999-10-04,1999,2026-08-22,2801
1999-329,Tokyo,Other,56,Hard,No,Finished,1999-04-12,1999,2026-08-22,2802
1999-336,Hong Kong,Other,32,Hard,No,Finished,1999-04-05,1999,2026-08-22,2803
1999-337,Vienna,Other,32,Hard,No,Finished,1999-10-11,1999,2026-08-22,2804
1999-338,Sydney,Other,32,Hard,No,Finished,1999-01-11,1999,2026-08-22,2805
1999-339,Adelaide,Other,32,Hard,No,Finished,1999-01-04,1999,2026-08-22,2806
1999-352,Paris Masters,Masters 1000,48,Carpet,Yes,Finished,1999-11-01,1999,2026-08-22,2807
1999-357,Stuttgart Masters,Masters 1000,48,Hard,No,Finished,1999-10-25,1999,2026-08-22,2808
1999-360,Casablanca,Other,32,Clay,No,Finished,1999-03-22,1999,2026-08-22,2809
1999-375,Lyon,Other,48,Carpet,Yes,Finished,1999-10-18,1999,2026-08-22,2810
1999-379,Prague,Other,32,Clay,No,Finished,1999-04-26,1999,2026-08-22,2811
1999-402,Memphis,Other,48,Hard,No,Finished,1999-02-15,1999,2026-08-22,2812
1999-403,Miami Masters,Masters 1000,96,Hard,No,Finished,1999-03-15,1999,2026-08-22,2813
1999-404,Indian Wells Masters,Masters 1000,56,Hard,No,Finished,1999-03-08,1999,2026-08-22,2814
1999-407,Rotterdam,Other,32,Carpet,Yes,Finished,1999-02-15,1999,2026-08-22,2815
1999-408,London,Other,32,Carpet,Yes,Finished,1999-02-22,1999,2026-08-22,2816
1999-409,Atlanta,Other,32,Clay,No,Finished,1999-04-26,1999,2026-08-22,2817
1999-410,Monte Carlo Masters,Masters 1000,56,Clay,No,Finished,1999-04-19,1999,2026-08-22,2818
1999-414,Hamburg Masters,Masters 1000,56,Clay,No,Finished,1999-05-03,1999,2026-08-22,2819
1999-416,Rome Masters,Masters 1000,64,Clay,No,Finished,1999-05-10,1999,2026-08-22,2820
1999-418,Washington,Other,56,Hard,No,Finished,1999-08-16,1999,2026-08-22,2821
1999-419,Indianapolis,Other,56,Hard,No,Finished,1999-08-16,1999,2026-08-22,2822
1999-421,Canada Masters,Masters 1000,56,Hard,No,Finished,1999-08-02,1999,2026-08-22,2823
1999-422,Cincinnati Masters,Masters 1000,56,Hard,No,Finished,1999-08-09,1999,2026-08-22,2824
1999-423,Los Angeles,Other,32,Hard,No,Finished,1999-07-26,1999,2026-08-22,2825
1999-424,San Jose,Other,32,Hard,No,Finished,1999-02-08,1999,2026-08-22,2826
1999-425,Barcelona,Other,56,Clay,No,Finished,1999-04-12,1999,2026-08-22,2827
1999-429,Stockholm,Other,32,Hard,No,Finished,1999-11-08,1999,2026-08-22,2828
1999-433,Scottsdale,Other,32,Hard,No,Finished,1999-03-01,1999,2026-08-22,2829
1999-438,Moscow,Other,32,Carpet,Yes,Finished,1999-11-08,1999,2026-08-22,2830
1999-439,Umag,Other,32,Clay,No,Finished,1999-07-26,1999,2026-08-22,2831
1999-440,s Hertogenbosch,Other,32,Grass,No,Finished,1999-06-14,1999,2026-08-22,2832
1999-441,Long Island,Other,32,Hard,No,Finished,1999-08-23,1999,2026-08-22,2833
1999-451,Doha,Other,32,Hard,No,Finished,1999-01-04,1999,2026-08-22,2834
1999-468,Estoril,Other,32,Clay,No,Finished,1999-04-05,1999,2026-08-22,2835
1999-473,Merano,Other,32,Clay,No,Finished,1999-06-07,1999,2026-08-22,2836
1999-475,San Marino,Other,32,Clay,No,Finished,1999-08-09,1999,2026-08-22,2837
1999-481,Copenhagen,Other,32,Carpet,Yes,Finished,1999-03-01,1999,2026-08-22,2838
1999-495,Dubai,Other,32,Hard,No,Finished,1999-02-08,1999,2026-08-22,2839
1999-496,Marseille,Other,32,Hard,No,Finished,1999-02-01,1999,2026-08-22,2840
1999-499,Delray Beach,Other,32,Clay,No,Finished,1999-05-03,1999,2026-08-22,2841
1999-500,Halle,Other,32,Grass,No,Finished,1999-06-07,1999,2026-08-22,2842
1999-520,Roland Garros,Grand Slam,128,Clay,No,Finished,1999-05-24,1999,2026-08-22,2843
1999-540,Wimbledon,Grand Slam,128,Grass,No,Finished,1999-06-21,1999,2026-08-22,2844
1999-560,US Open,Grand Slam,128,Hard,No,Finished,1999-08-30,1999,2026-08-22,2845
1999-568,St. Petersburg,Other,32,Carpet,Yes,Finished,1999-02-08,1999,2026-08-22,2846
1999-573,Mallorca,Other,32,Clay,No,Finished,1999-09-13,1999,2026-08-22,2847
1999-580,Australian Open,Grand Slam,128,Hard,No,Finished,1999-01-18,1999,2026-08-22,2848
1999-604,Grand Slam Cup,Other,12,Hard,No,Finished,1999-09-27,1999,2026-08-22,2849
1999-605,Tour Finals,ATP Finals,8,Hard,No,Finished,1999-11-22,1999,2026-08-22,2850
1999-620,Bournemouth,Other,32,Clay,No,Finished,1999-09-13,1999,2026-08-22,2851
1999-717,Orlando,Other,32,Clay,No,Finished,1999-04-19,1999,2026-08-22,2852
1999-73,Tashkent,Other,32,Hard,No,Finished,1999-09-13,1999,2026-08-22,2853
1999-741,Nottingham,Other,32,Grass,No,Finished,1999-06-14,1999,2026-08-22,2854
1999-773,Bucharest,Other,32,Clay,No,Finished,1999-09-27,1999,2026-08-22,2855
1999-80,Boston,Other,32,Hard,No,Finished,1999-08-23,1999,2026-08-22,2856
1999-890,Shanghai,Other,32,Hard,No,Finished,1999-10-04,1999,2026-08-22,2857
1999-891,Chennai,Other,32,Hard,No,Finished,1999-04-05,1999,2026-08-22,2858
2000-301,Auckland,Other,32,Hard,No,Finished,2000-01-10,2000,2026-08-22,2859
2000-306,St. Poelten,Other,32,Clay,No,Finished,2000-05-22,2000,2026-08-22,2860
2000-308,Munich,Other,32,Clay,No,Finished,2000-05-01,2000,2026-08-22,2861
2000-311,Queen's Club,Other,56,Grass,No,Finished,2000-06-12,2000,2026-08-22,2862
2000-314,Gstaad,Other,32,Clay,No,Finished,2000-07-10,2000,2026-08-22,2863
2000-315,Newport,Other,32,Grass,No,Finished,2000-07-10,2000,2026-08-22,2864
2000-316,Bastad,Other,32,Clay,No,Finished,2000-07-10,2000,2026-08-22,2865
2000-317,Amsterdam,Other,32,Clay,No,Finished,2000-07-17,2000,2026-08-22,2866
2000-319,Kitzbuhel,Other,48,Clay,No,Finished,2000-07-24,2000,2026-08-22,2867
2000-321,Stuttgart Outdoor,Other,32,Clay,No,Finished,2000-07-17,2000,2026-08-22,2868
2000-325,Palermo,Other,32,Clay,No,Finished,2000-09-25,2000,2026-08-22,2869
2000-327,Toulouse,Other,32,Hard,No,Finished,2000-10-16,2000,2026-08-22,2870
2000-328,Basel,Other,32,Carpet,Yes,Finished,2000-10-23,2000,2026-08-22,2871
2000-329,Tokyo,Other,56,Hard,No,Finished,2000-10-09,2000,2026-08-22,2872
2000-336,Hong Kong,Other,32,Hard,No,Finished,2000-10-02,2000,2026-08-22,2873
2000-337,Vienna,Other,32,Hard,No,Finished,2000-10-09,2000,2026-08-22,2874
2000-338,Sydney,Other,32,Hard,No,Finished,2000-01-10,2000,2026-08-22,2875
2000-339,Adelaide,Other,32,Hard,No,Finished,2000-01-03,2000,2026-08-22,2876
2000-352,Paris Masters,Masters 1000,48,Carpet,Yes,Finished,2000-11-13,2000,2026-08-22,2877
2000-357,Stuttgart Masters,Masters 1000,48,Hard,No,Finished,2000-10-30,2000,2026-08-22,2878
2000-359,Bogota,Other,32,Clay,No,Finished,2000-03-06,2000,2026-08-22,2879
2000-360,Casablanca,Other,32,Clay,No,Finished,2000-04-10,2000,2026-08-22,2880
2000-375,Lyon,Other,32,Carpet,Yes,Finished,2000-11-06,2000,2026-08-22,2881
2000-402,Memphis,Other,48,Hard,No,Finished,2000-02-14,2000,2026-08-22,2882
2000-403,Miami Masters,Masters 1000,96,Hard,No,Finished,2000-03-20,2000,2026-08-22,2883
2000-404,Indian Wells Masters,Masters 1000,64,Hard,No,Finished,2000-03-13,2000,2026-08-22,2884
2000-407,Rotterdam,Other,32,Hard,No,Finished,2000-02-14,2000,2026-08-22,2885
2000-408,London,Other,32,Hard,No,Finished,2000-02-21,2000,2026-08-22,2886
2000-409,Atlanta,Other,32,Clay,No,Finished,2000-04-10,2000,2026-08-22,2887
2000-410,Monte Carlo Masters,Masters 1000,64,Clay,No,Finished,2000-04-17,2000,2026-08-22,2888
2000-414,Hamburg Masters,Masters 1000,64,Clay,No,Finished,2000-05-15,2000,2026-08-22,2889
2000-416,Rome Masters,Masters 1000,64,Clay,No,Finished,2000-05-08,2000,2026-08-22,2890
2000-418,Washington,Other,56,Hard,No,Finished,2000-08-14,2000,2026-08-22,2891
2000-419,Indianapolis,Other,56,Hard,No,Finished,2000-08-14,2000,2026-08-22,2892
2000-421,Canada Masters,Masters 1000,64,Hard,No,Finished,2000-07-31,2000,2026-08-22,2893
2000-422,Cincinnati Masters,Masters 1000,64,Hard,No,Finished,2000-08-07,2000,2026-08-22,2894
2000-423,Los Angeles,Other,32,Hard,No,Finished,2000-07-24,2000,2026-08-22,2895
2000-424,San Jose,Other,32,Hard,No,Finished,2000-02-07,2000,2026-08-22,2896
2000-425,Barcelona,Other,56,Clay,No,Finished,2000-04-24,2000,2026-08-22,2897
2000-429,Stockholm,Other,32,Hard,No,Finished,2000-11-20,2000,2026-08-22,2898
2000-433,Scottsdale,Other,32,Hard,No,Finished,2000-03-06,2000,2026-08-22,2899
2000-438,Moscow,Other,32,Carpet,Yes,Finished,2000-10-23,2000,2026-08-22,2900
2000-439,Umag,Other,32,Clay,No,Finished,2000-07-17,2000,2026-08-22,2901
2000-440,s Hertogenbosch,Other,32,Grass,No,Finished,2000-06-19,2000,2026-08-22,2902
2000-441,Long Island,Other,48,Hard,No,Finished,2000-08-21,2000,2026-08-22,2903
2000-451,Doha,Other,32,Hard,No,Finished,2000-01-03,2000,2026-08-22,2904
2000-468,Estoril,Other,32,Clay,No,Finished,2000-04-10,2000,2026-08-22,2905
2000-475,San Marino,Other,32,Clay,No,Finished,2000-07-24,2000,2026-08-22,2906
2000-481,Copenhagen,Other,32,Hard,No,Finished,2000-02-28,2000,2026-08-22,2907
2000-495,Dubai,Other,32,Hard,No,Finished,2000-02-07,2000,2026-08-22,2908
2000-496,Marseille,Other,32,Hard,No,Finished,2000-02-07,2000,2026-08-22,2909
2000-499,Delray Beach,Other,32,Hard,No,Finished,2000-02-28,2000,2026-08-22,2910
2000-500,Halle,Other,32,Grass,No,Finished,2000-06-12,2000,2026-08-22,2911
2000-505,Santiago,Other,32,Clay,No,Finished,2000-02-28,2000,2026-08-22,2912
2000-520,Roland Garros,Grand Slam,128,Clay,No,Finished,2000-05-29,2000,2026-08-22,2913
2000-540,Wimbledon,Grand Slam,128,Grass,No,Finished,2000-06-26,2000,2026-08-22,2914
2000-560,US Open,Grand Slam,128,Hard,No,Finished,2000-08-28,2000,2026-08-22,2915
2000-568,St. Petersburg,Other,32,Hard,No,Finished,2000-11-06,2000,2026-08-22,2916
2000-573,Mallorca,Other,32,Clay,No,Finished,2000-05-01,2000,2026-08-22,2917
2000-580,Australian Open,Grand Slam,128,Hard,No,Finished,2000-01-17,2000,2026-08-22,2918
2000-605,Masters Cup,ATP Finals,8,Hard,No,Finished,2000-11-27,2000,2026-08-22,2919
2000-620,Brighton,Other,32,Hard,No,Finished,2000-11-20,2000,2026-08-22,2920
2000-717,Orlando,Other,32,Clay,No,Finished,2000-05-01,2000,2026-08-22,2921
2000-73,Tashkent,Other,32,Hard,No,Finished,2000-09-11,2000,2026-08-22,2922
2000-741,Nottingham,Other,32,Grass,No,Finished,2000-06-19,2000,2026-08-22,2923
2000-773,Bucharest,Other,32,Clay,No,Finished,2000-09-11,2000,2026-08-22,2924
2000-807,Mexico City,Other,32,Clay,No,Finished,2000-02-21,2000,2026-08-22,2925
2000-890,Shanghai,Other,32,Hard,No,Finished,2000-10-16,2000,2026-08-22,2926
2000-891,Chennai,Other,32,Hard,No,Finished,2000-01-03,2000,2026-08-22,2927
2001-301,Auckland,Other,32,Hard,No,Finished,2001-01-08,2001,2026-08-22,2928
2001-306,St. Poelten,Other,32,Clay,No,Finished,2001-05-21,2001,2026-08-22,2929
2001-308,Munich,Other,32,Clay,No,Finished,2001-04-30,2001,2026-08-22,2930
2001-311,Queen's Club,Other,56,Grass,No,Finished,2001-06-11,2001,2026-08-22,2931
2001-314,Gstaad,Other,32,Clay,No,Finished,2001-07-09,2001,2026-08-22,2932
2001-315,Newport,Other,32,Grass,No,Finished,2001-07-09,2001,2026-08-22,2933
2001-316,Bastad,Other,32,Clay,No,Finished,2001-07-09,2001,2026-08-22,2934
2001-317,Amsterdam,Other,32,Clay,No,Finished,2001-07-16,2001,2026-08-22,2935
2001-319,Kitzbuhel,Other,48,Clay,No,Finished,2001-07-23,2001,2026-08-22,2936
2001-321,Stuttgart,Other,48,Clay,No,Finished,2001-07-16,2001,2026-08-22,2937
2001-325,Palermo,Other,32,Clay,No,Finished,2001-09-24,2001,2026-08-22,2938
2001-328,Basel,Other,32,Carpet,Yes,Finished,2001-10-22,2001,2026-08-22,2939
2001-329,Tokyo,Other,56,Hard,No,Finished,2001-10-01,2001,2026-08-22,2940
2001-336,Hong Kong,Other,32,Hard,No,Finished,2001-09-24,2001,2026-08-22,2941
2001-337,Vienna,Other,32,Hard,No,Finished,2001-10-08,2001,2026-08-22,2942
2001-338,Sydney,Other,32,Hard,No,Finished,2001-01-08,2001,2026-08-22,2943
2001-339,Adelaide,Other,32,Hard,No,Finished,2001-01-01,2001,2026-08-22,2944
2001-352,Paris Masters,Masters 1000,48,Carpet,Yes,Finished,2001-10-29,2001,2026-08-22,2945
2001-357,Stuttgart Masters,Masters 1000,48,Hard,No,Finished,2001-10-15,2001,2026-08-22,2946
2001-359,Bogota,Other,32,Clay,No,Finished,2001-01-22,2001,2026-08-22,2947
2001-360,Casablanca,Other,32,Clay,No,Finished,2001-04-09,2001,2026-08-22,2948
2001-375,Lyon,Other,32,Carpet,Yes,Finished,2001-10-08,2001,2026-08-22,2949
2001-402,Memphis,Other,48,Hard,No,Finished,2001-02-19,2001,2026-08-22,2950
2001-403,Miami Masters,Masters 1000,96,Hard,No,Finished,2001-03-19,2001,2026-08-22,2951
2001-404,Indian Wells Masters,Masters 1000,64,Hard,No,Finished,2001-03-12,2001,2026-08-22,2952
2001-407,Rotterdam,Other,32,Hard,No,Finished,2001-02-19,2001,2026-08-22,2953
2001-408,Milan,Other,32,Carpet,Yes,Finished,2001-01-29,2001,2026-08-22,2954
2001-409,Atlanta,Other,32,Clay,No,Finished,2001-04-23,2001,2026-08-22,2955
2001-410,Monte Carlo Masters,Masters 1000,64,Clay,No,Finished,2001-04-16,2001,2026-08-22,2956
2001-414,Hamburg Masters,Masters 1000,64,Clay,No,Finished,2001-05-14,2001,2026-08-22,2957
2001-416,Rome Masters,Masters 1000,64,Clay,No,Finished,2001-05-07,2001,2026-08-22,2958
2001-418,Washington,Other,56,Hard,No,Finished,2001-08-13,2001,2026-08-22,2959
2001-419,Indianapolis,Other,56,Hard,No,Finished,2001-08-13,2001,2026-08-22,2960
2001-421,Canada Masters,Masters 1000,64,Hard,No,Finished,2001-07-30,2001,2026-08-22,2961
2001-422,Cincinnati Masters,Masters 1000,64,Hard,No,Finished,2001-08-06,2001,2026-08-22,2962
2001-423,Los Angeles,Other,32,Hard,No,Finished,2001-07-23,2001,2026-08-22,2963
2001-424,San Jose,Other,32,Hard,No,Finished,2001-02-26,2001,2026-08-22,2964
2001-425,Barcelona,Other,56,Clay,No,Finished,2001-04-23,2001,2026-08-22,2965
2001-429,Stockholm,Other,32,Hard,No,Finished,2001-10-22,2001,2026-08-22,2966
2001-433,Scottsdale,Other,32,Hard,No,Finished,2001-03-05,2001,2026-08-22,2967
2001-438,Moscow,Other,32,Carpet,Yes,Finished,2001-10-01,2001,2026-08-22,2968
2001-439,Umag,Other,32,Clay,No,Finished,2001-07-16,2001,2026-08-22,2969
2001-440,s Hertogenbosch,Other,32,Grass,No,Finished,2001-06-18,2001,2026-08-22,2970
2001-441,Long Island,Other,32,Hard,No,Finished,2001-08-20,2001,2026-08-22,2971
2001-451,Doha,Other,32,Hard,No,Finished,2001-01-01,2001,2026-08-22,2972
2001-468,Estoril,Other,32,Clay,No,Finished,2001-04-09,2001,2026-08-22,2973
2001-475,Sopot,Other,32,Clay,No,Finished,2001-07-23,2001,2026-08-22,2974
2001-481,Copenhagen,Other,32,Hard,No,Finished,2001-02-12,2001,2026-08-22,2975
2001-495,Dubai,Other,32,Hard,No,Finished,2001-02-26,2001,2026-08-22,2976
2001-496,Marseille,Other,32,Hard,No,Finished,2001-02-12,2001,2026-08-22,2977
2001-499,Delray Beach,Other,32,Hard,No,Finished,2001-03-05,2001,2026-08-22,2978
2001-500,Halle,Other,32,Grass,No,Finished,2001-06-11,2001,2026-08-22,2979
2001-505,Vina del Mar,Other,32,Clay,No,Finished,2001-02-12,2001,2026-08-22,2980
2001-506,Buenos Aires,Other,32,Clay,No,Finished,2001-02-19,2001,2026-08-22,2981
2001-520,Roland Garros,Grand Slam,128,Clay,No,Finished,2001-05-28,2001,2026-08-22,2982
2001-533,Costa Do Sauipe,Other,32,Hard,No,Finished,2001-09-10,2001,2026-08-22,2983
2001-540,Wimbledon,Grand Slam,128,Grass,No,Finished,2001-06-25,2001,2026-08-22,2984
2001-560,US Open,Grand Slam,128,Hard,No,Finished,2001-08-27,2001,2026-08-22,2985
2001-568,St. Petersburg,Other,32,Hard,No,Finished,2001-10-22,2001,2026-08-22,2986
2001-573,Mallorca,Other,32,Clay,No,Finished,2001-04-30,2001,2026-08-22,2987
2001-580,Australian Open,Grand Slam,128,Hard,No,Finished,2001-01-15,2001,2026-08-22,2988
2001-605,Masters Cup,ATP Finals,8,Hard,No,Finished,2001-11-12,2001,2026-08-22,2989
2001-717,Houston,Other,32,Clay,No,Finished,2001-04-30,2001,2026-08-22,2990
2001-73,Tashkent,Other,32,Hard,No,Finished,2001-09-10,2001,2026-08-22,2991
2001-741,Nottingham,Other,32,Grass,No,Finished,2001-06-18,2001,2026-08-22,2992
2001-773,Bucharest,Other,32,Clay,No,Finished,2001-09-10,2001,2026-08-22,2993
2001-807,Acapulco,Other,32,Clay,No,Finished,2001-02-26,2001,2026-08-22,2994
2001-890,Shanghai,Other,32,Hard,No,Finished,2001-09-17,2001,2026-08-22,2995
2001-891,Chennai,Other,32,Hard,No,Finished,2001-01-01,2001,2026-08-22,2996
2002-1536,Madrid Masters,Masters 1000,48,Hard,No,Finished,2002-10-14,2002,2026-08-22,2997
2002-301,Auckland,Other,32,Hard,No,Finished,2002-01-07,2002,2026-08-22,2998
2002-306,St. Poelten,Other,32,Clay,No,Finished,2002-05-20,2002,2026-08-22,2999
2002-308,Munich,Other,32,Clay,No,Finished,2002-04-29,2002,2026-08-22,3000
2002-311,Queen's Club,Other,56,Grass,No,Finished,2002-06-10,2002,2026-08-22,3001
2002-314,Gstaad,Other,32,Clay,No,Finished,2002-07-08,2002,2026-08-22,3002
2002-315,Newport,Other,32,Grass,No,Finished,2002-07-08,2002,2026-08-22,3003
2002-316,Bastad,Other,32,Clay,No,Finished,2002-07-08,2002,2026-08-22,3004
2002-317,Amersfoort,Other,32,Clay,No,Finished,2002-07-15,2002,2026-08-22,3005
2002-319,Kitzbuhel,Other,48,Clay,No,Finished,2002-07-22,2002,2026-08-22,3006
2002-321,Stuttgart,Other,32,Clay,No,Finished,2002-07-15,2002,2026-08-22,3007
2002-325,Palermo,Other,32,Clay,No,Finished,2002-09-23,2002,2026-08-22,3008
2002-328,Basel,Other,32,Carpet,Yes,Finished,2002-10-21,2002,2026-08-22,3009
2002-329,Tokyo,Other,56,Hard,No,Finished,2002-09-30,2002,2026-08-22,3010
2002-336,Hong Kong,Other,32,Hard,No,Finished,2002-09-23,2002,2026-08-22,3011
2002-337,Vienna,Other,32,Hard,No,Finished,2002-10-07,2002,2026-08-22,3012
2002-338,Sydney,Other,32,Hard,No,Finished,2002-01-07,2002,2026-08-22,3013
2002-339,Adelaide,Other,32,Hard,No,Finished,2001-12-31,2001,2026-08-22,3014
2002-352,Paris Masters,Masters 1000,48,Carpet,Yes,Finished,2002-10-28,2002,2026-08-22,3015
2002-360,Casablanca,Other,32,Clay,No,Finished,2002-04-08,2002,2026-08-22,3016
2002-375,Lyon,Other,32,Carpet,Yes,Finished,2002-10-07,2002,2026-08-22,3017
2002-402,Memphis,Other,32,Hard,No,Finished,2002-02-18,2002,2026-08-22,3018
2002-403,Miami Masters,Masters 1000,96,Hard,No,Finished,2002-03-18,2002,2026-08-22,3019
2002-404,Indian Wells Masters,Masters 1000,64,Hard,No,Finished,2002-03-11,2002,2026-08-22,3020
2002-407,Rotterdam,Other,32,Hard,No,Finished,2002-02-18,2002,2026-08-22,3021
2002-408,Milan,Other,32,Carpet,Yes,Finished,2002-01-28,2002,2026-08-22,3022
2002-410,Monte Carlo Masters,Masters 1000,64,Clay,No,Finished,2002-04-15,2002,2026-08-22,3023
2002-414,Hamburg Masters,Masters 1000,64,Clay,No,Finished,2002-05-13,2002,2026-08-22,3024
2002-416,Rome Masters,Masters 1000,64,Clay,No,Finished,2002-05-06,2002,2026-08-22,3025
2002-418,Washington,Other,56,Hard,No,Finished,2002-08-12,2002,2026-08-22,3026
2002-419,Indianapolis,Other,56,Hard,No,Finished,2002-08-12,2002,2026-08-22,3027
2002-421,Canada Masters,Masters 1000,64,Hard,No,Finished,2002-07-29,2002,2026-08-22,3028
2002-422,Cincinnati Masters,Masters 1000,64,Hard,No,Finished,2002-08-05,2002,2026-08-22,3029
2002-423,Los Angeles,Other,32,Hard,No,Finished,2002-07-22,2002,2026-08-22,3030
2002-424,San Jose,Other,32,Hard,No,Finished,2002-02-25,2002,2026-08-22,3031
2002-425,Barcelona,Other,56,Clay,No,Finished,2002-04-22,2002,2026-08-22,3032
2002-429,Stockholm,Other,32,Hard,No,Finished,2002-10-21,2002,2026-08-22,3033
2002-433,Scottsdale,Other,32,Hard,No,Finished,2002-03-04,2002,2026-08-22,3034
2002-438,Moscow,Other,32,Carpet,Yes,Finished,2002-09-30,2002,2026-08-22,3035
2002-439,Umag,Other,32,Clay,No,Finished,2002-07-15,2002,2026-08-22,3036
2002-440,s Hertogenbosch,Other,32,Grass,No,Finished,2002-06-17,2002,2026-08-22,3037
2002-441,Long Island,Other,48,Hard,No,Finished,2002-08-19,2002,2026-08-22,3038
2002-451,Doha,Other,32,Hard,No,Finished,2001-12-31,2001,2026-08-22,3039
2002-468,Estoril,Other,32,Clay,No,Finished,2002-04-08,2002,2026-08-22,3040
2002-475,Sopot,Other,32,Clay,No,Finished,2002-07-22,2002,2026-08-22,3041
2002-481,Copenhagen,Other,32,Hard,No,Finished,2002-02-11,2002,2026-08-22,3042
2002-495,Dubai,Other,32,Hard,No,Finished,2002-02-25,2002,2026-08-22,3043
2002-496,Marseille,Other,32,Hard,No,Finished,2002-02-11,2002,2026-08-22,3044
2002-499,Delray Beach,Other,32,Hard,No,Finished,2002-03-04,2002,2026-08-22,3045
2002-500,Halle,Other,32,Grass,No,Finished,2002-06-10,2002,2026-08-22,3046
2002-505,Vina del Mar,Other,32,Clay,No,Finished,2002-02-11,2002,2026-08-22,3047
2002-506,Buenos Aires,Other,32,Clay,No,Finished,2002-02-18,2002,2026-08-22,3048
2002-520,Roland Garros,Grand Slam,128,Clay,No,Finished,2002-05-27,2002,2026-08-22,3049
2002-533,Costa Do Sauipe,Other,32,Hard,No,Finished,2002-09-09,2002,2026-08-22,3050
2002-540,Wimbledon,Grand Slam,128,Grass,No,Finished,2002-06-24,2002,2026-08-22,3051
2002-560,US Open,Grand Slam,128,Hard,No,Finished,2002-08-26,2002,2026-08-22,3052
2002-568,St. Petersburg,Other,32,Hard,No,Finished,2002-10-21,2002,2026-08-22,3053
2002-573,Mallorca,Other,32,Clay,No,Finished,2002-04-29,2002,2026-08-22,3054
2002-580,Australian Open,Grand Slam,128,Hard,No,Finished,2002-01-14,2002,2026-08-22,3055
2002-605,Masters Cup,ATP Finals,8,Hard,No,Finished,2002-11-11,2002,2026-08-22,3056
2002-717,Houston,Other,32,Clay,No,Finished,2002-04-22,2002,2026-08-22,3057
2002-73,Tashkent,Other,32,Hard,No,Finished,2002-09-09,2002,2026-08-22,3058
2002-741,Nottingham,Other,32,Grass,No,Finished,2002-06-17,2002,2026-08-22,3059
2002-773,Bucharest,Other,32,Clay,No,Finished,2002-09-09,2002,2026-08-22,3060
2002-807,Acapulco,Other,32,Clay,No,Finished,2002-02-25,2002,2026-08-22,3061
2002-891,Chennai,Other,32,Hard,No,Finished,2001-12-31,2001,2026-08-22,3062
2003-1536,Madrid Masters,Masters 1000,48,Hard,No,Finished,2003-10-13,2003,2026-08-22,3063
2003-1720,Bangkok,Other,32,Hard,No,Finished,2003-09-22,2003,2026-08-22,3064
2003-301,Auckland,Other,32,Hard,No,Finished,2003-01-06,2003,2026-08-22,3065
2003-306,St. Poelten,Other,32,Clay,No,Finished,2003-05-19,2003,2026-08-22,3066
2003-308,Munich,Other,32,Clay,No,Finished,2003-04-28,2003,2026-08-22,3067
2003-311,Queen's Club,Other,56,Grass,No,Finished,2003-06-09,2003,2026-08-22,3068
2003-314,Gstaad,Other,32,Clay,No,Finished,2003-07-07,2003,2026-08-22,3069
2003-315,Newport,Other,32,Grass,No,Finished,2003-07-07,2003,2026-08-22,3070
2003-316,Bastad,Other,32,Clay,No,Finished,2003-07-07,2003,2026-08-22,3071
2003-317,Amersfoort,Other,32,Clay,No,Finished,2003-07-14,2003,2026-08-22,3072
2003-319,Kitzbuhel,Other,48,Clay,No,Finished,2003-07-21,2003,2026-08-22,3073
2003-321,Stuttgart,Other,48,Clay,No,Finished,2003-07-14,2003,2026-08-22,3074
2003-325,Palermo,Other,32,Clay,No,Finished,2003-09-22,2003,2026-08-22,3075
2003-328,Basel,Other,32,Carpet,Yes,Finished,2003-10-20,2003,2026-08-22,3076
2003-329,Tokyo,Other,48,Hard,No,Finished,2003-09-29,2003,2026-08-22,3077
2003-337,Vienna,Other,32,Hard,No,Finished,2003-10-06,2003,2026-08-22,3078
2003-338,Sydney,Other,32,Hard,No,Finished,2003-01-06,2003,2026-08-22,3079
2003-339,Adelaide,Other,32,Hard,No,Finished,2002-12-30,2002,2026-08-22,3080
2003-341,Metz,Other,32,Hard,No,Finished,2003-09-29,2003,2026-08-22,3081
2003-352,Paris Masters,Masters 1000,48,Carpet,Yes,Finished,2003-10-27,2003,2026-08-22,3082
2003-360,Casablanca,Other,32,Clay,No,Finished,2003-04-07,2003,2026-08-22,3083
2003-375,Lyon,Other,32,Carpet,Yes,Finished,2003-10-06,2003,2026-08-22,3084
2003-402,Memphis,Other,32,Hard,No,Finished,2003-02-17,2003,2026-08-22,3085
2003-403,Miami Masters,Masters 1000,96,Hard,No,Finished,2003-03-17,2003,2026-08-22,3086
2003-404,Indian Wells Masters,Masters 1000,64,Hard,No,Finished,2003-03-10,2003,2026-08-22,3087
2003-407,Rotterdam,Other,32,Hard,No,Finished,2003-02-17,2003,2026-08-22,3088
2003-408,Milan,Other,32,Carpet,Yes,Finished,2003-01-27,2003,2026-08-22,3089
2003-410,Monte Carlo Masters,Masters 1000,64,Clay,No,Finished,2003-04-14,2003,2026-08-22,3090
2003-414,Hamburg Masters,Masters 1000,64,Clay,No,Finished,2003-05-12,2003,2026-08-22,3091
2003-416,Rome Masters,Masters 1000,64,Clay,No,Finished,2003-05-05,2003,2026-08-22,3092
2003-418,Washington,Other,48,Hard,No,Finished,2003-07-28,2003,2026-08-22,3093
2003-419,Indianapolis,Other,48,Hard,No,Finished,2003-07-21,2003,2026-08-22,3094
2003-421,Canada Masters,Masters 1000,64,Hard,No,Finished,2003-08-04,2003,2026-08-22,3095
2003-422,Cincinnati Masters,Masters 1000,64,Hard,No,Finished,2003-08-11,2003,2026-08-22,3096
2003-423,Los Angeles,Other,32,Hard,No,Finished,2003-07-28,2003,2026-08-22,3097
2003-424,San Jose,Other,32,Hard,No,Finished,2003-02-10,2003,2026-08-22,3098
2003-425,Barcelona,Other,56,Clay,No,Finished,2003-04-21,2003,2026-08-22,3099
2003-429,Stockholm,Other,32,Hard,No,Finished,2003-10-20,2003,2026-08-22,3100
2003-433,Scottsdale,Other,32,Hard,No,Finished,2003-03-03,2003,2026-08-22,3101
2003-438,Moscow,Other,32,Carpet,Yes,Finished,2003-09-29,2003,2026-08-22,3102
2003-439,Umag,Other,32,Clay,No,Finished,2003-07-21,2003,2026-08-22,3103
2003-440,s Hertogenbosch,Other,32,Grass,No,Finished,2003-06-16,2003,2026-08-22,3104
2003-441,Long Island,Other,32,Hard,No,Finished,2003-08-18,2003,2026-08-22,3105
2003-451,Doha,Other,32,Hard,No,Finished,2002-12-30,2002,2026-08-22,3106
2003-468,Estoril,Other,32,Clay,No,Finished,2003-04-07,2003,2026-08-22,3107
2003-475,Sopot,Other,32,Clay,No,Finished,2003-07-28,2003,2026-08-22,3108
2003-481,Copenhagen,Other,32,Hard,No,Finished,2003-02-24,2003,2026-08-22,3109
2003-495,Dubai,Other,32,Hard,No,Finished,2003-02-24,2003,2026-08-22,3110
2003-496,Marseille,Other,32,Hard,No,Finished,2003-02-10,2003,2026-08-22,3111
2003-499,Delray Beach,Other,32,Hard,No,Finished,2003-03-03,2003,2026-08-22,3112
2003-500,Halle,Other,32,Grass,No,Finished,2003-06-09,2003,2026-08-22,3113
2003-505,Vina del Mar,Other,32,Clay,No,Finished,2003-02-10,2003,2026-08-22,3114
2003-506,Buenos Aires,Other,32,Clay,No,Finished,2003-02-17,2003,2026-08-22,3115
2003-520,Roland Garros,Grand Slam,128,Clay,No,Finished,2003-05-26,2003,2026-08-22,3116
2003-533,Costa Do Sauipe,Other,32,Hard,No,Finished,2003-09-08,2003,2026-08-22,3117
2003-540,Wimbledon,Grand Slam,128,Grass,No,Finished,2003-06-23,2003,2026-08-22,3118
2003-560,US Open,Grand Slam,128,Hard,No,Finished,2003-08-25,2003,2026-08-22,3119
2003-568,St. Petersburg,Other,32,Hard,No,Finished,2003-10-20,2003,2026-08-22,3120
2003-573,Valencia,Other,32,Clay,No,Finished,2003-04-28,2003,2026-08-22,3121
2003-580,Australian Open,Grand Slam,128,Hard,No,Finished,2003-01-13,2003,2026-08-22,3122
2003-605,Masters Cup,ATP Finals,8,Hard,No,Finished,2003-11-10,2003,2026-08-22,3123
2003-717,Houston,Other,32,Clay,No,Finished,2003-04-21,2003,2026-08-22,3124
2003-741,Nottingham,Other,32,Grass,No,Finished,2003-06-16,2003,2026-08-22,3125
2003-773,Bucharest,Other,32,Clay,No,Finished,2003-09-08,2003,2026-08-22,3126
2003-807,Acapulco,Other,32,Clay,No,Finished,2003-02-24,2003,2026-08-22,3127
2003-890,Shanghai,Other,32,Hard,No,Finished,2003-09-22,2003,2026-08-22,3128
2003-891,Chennai,Other,32,Hard,No,Finished,2002-12-30,2002,2026-08-22,3129
2004-1536,Madrid Masters,Masters 1000,48,Hard,No,Finished,2004-10-18,2004,2026-08-22,3130
2004-1720,Bangkok,Other,32,Hard,No,Finished,2004-09-27,2004,2026-08-22,3131
2004-301,Auckland,Other,32,Hard,No,Finished,2004-01-12,2004,2026-08-22,3132
2004-306,St. Poelten,Other,32,Clay,No,Finished,2004-05-17,2004,2026-08-22,3133
2004-308,Munich,Other,32,Clay,No,Finished,2004-04-26,2004,2026-08-22,3134
2004-311,Queen's Club,Other,56,Grass,No,Finished,2004-06-07,2004,2026-08-22,3135
2004-314,Gstaad,Other,32,Clay,No,Finished,2004-07-05,2004,2026-08-22,3136
2004-315,Newport,Other,32,Grass,No,Finished,2004-07-05,2004,2026-08-22,3137
2004-316,Bastad,Other,32,Clay,No,Finished,2004-07-05,2004,2026-08-22,3138
2004-317,Amersfoort,Other,32,Clay,No,Finished,2004-07-12,2004,2026-08-22,3139
2004-319,Kitzbuhel,Other,48,Clay,No,Finished,2004-07-19,2004,2026-08-22,3140
2004-321,Stuttgart,Other,48,Clay,No,Finished,2004-07-12,2004,2026-08-22,3141
2004-325,Palermo,Other,32,Clay,No,Finished,2004-09-27,2004,2026-08-22,3142
2004-328,Basel,Other,32,Carpet,Yes,Finished,2004-10-25,2004,2026-08-22,3143
2004-329,Tokyo,Other,48,Hard,No,Finished,2004-10-04,2004,2026-08-22,3144
2004-337,Vienna,Other,32,Hard,No,Finished,2004-10-11,2004,2026-08-22,3145
2004-338,Sydney,Other,32,Hard,No,Finished,2004-01-12,2004,2026-08-22,3146
2004-339,Adelaide,Other,32,Hard,No,Finished,2004-01-05,2004,2026-08-22,3147
2004-341,Metz,Other,32,Hard,No,Finished,2004-10-11,2004,2026-08-22,3148
2004-352,Paris Masters,Masters 1000,48,Carpet,Yes,Finished,2004-11-01,2004,2026-08-22,3149
2004-360,Casablanca,Other,32,Clay,No,Finished,2004-05-17,2004,2026-08-22,3150
2004-375,Lyon,Other,32,Carpet,Yes,Finished,2004-10-04,2004,2026-08-22,3151
2004-402,Memphis,Other,32,Hard,No,Finished,2004-02-16,2004,2026-08-22,3152
2004-403,Miami Masters,Masters 1000,96,Hard,No,Finished,2004-03-22,2004,2026-08-22,3153
2004-404,Indian Wells Masters,Masters 1000,96,Hard,No,Finished,2004-03-08,2004,2026-08-22,3154
2004-407,Rotterdam,Other,32,Hard,No,Finished,2004-02-16,2004,2026-08-22,3155
2004-408,Milan,Other,32,Carpet,Yes,Finished,2004-02-09,2004,2026-08-22,3156
2004-410,Monte Carlo Masters,Masters 1000,64,Clay,No,Finished,2004-04-19,2004,2026-08-22,3157
2004-414,Hamburg Masters,Masters 1000,64,Clay,No,Finished,2004-05-10,2004,2026-08-22,3158
2004-416,Rome Masters,Masters 1000,64,Clay,No,Finished,2004-05-03,2004,2026-08-22,3159
2004-418,Washington,Other,32,Hard,No,Finished,2004-08-16,2004,2026-08-22,3160
2004-419,Indianapolis,Other,48,Hard,No,Finished,2004-07-19,2004,2026-08-22,3161
2004-421,Canada Masters,Masters 1000,64,Hard,No,Finished,2004-07-26,2004,2026-08-22,3162
2004-422,Cincinnati Masters,Masters 1000,64,Hard,No,Finished,2004-08-02,2004,2026-08-22,3163
2004-423,Los Angeles,Other,32,Hard,No,Finished,2004-07-12,2004,2026-08-22,3164
2004-424,San Jose,Other,32,Hard,No,Finished,2004-02-09,2004,2026-08-22,3165
2004-425,Barcelona,Other,56,Clay,No,Finished,2004-04-26,2004,2026-08-22,3166
2004-429,Stockholm,Other,32,Hard,No,Finished,2004-10-25,2004,2026-08-22,3167
2004-433,Scottsdale,Other,32,Hard,No,Finished,2004-03-01,2004,2026-08-22,3168
2004-438,Moscow,Other,32,Carpet,Yes,Finished,2004-10-11,2004,2026-08-22,3169
2004-439,Umag,Other,32,Clay,No,Finished,2004-07-19,2004,2026-08-22,3170
2004-440,s Hertogenbosch,Other,32,Grass,No,Finished,2004-06-14,2004,2026-08-22,3171
2004-441,Long Island,Other,32,Hard,No,Finished,2004-08-23,2004,2026-08-22,3172
2004-451,Doha,Other,32,Hard,No,Finished,2004-01-05,2004,2026-08-22,3173
2004-468,Estoril,Other,32,Clay,No,Finished,2004-04-12,2004,2026-08-22,3174
2004-475,Sopot,Other,32,Clay,No,Finished,2004-08-09,2004,2026-08-22,3175
2004-495,Dubai,Other,32,Hard,No,Finished,2004-03-01,2004,2026-08-22,3176
2004-496,Marseille,Other,32,Hard,No,Finished,2004-02-23,2004,2026-08-22,3177
2004-499,Delray Beach,Other,32,Hard,No,Finished,2004-09-13,2004,2026-08-22,3178
2004-500,Halle,Other,32,Grass,No,Finished,2004-06-07,2004,2026-08-22,3179
2004-505,Vina del Mar,Other,32,Clay,No,Finished,2004-02-09,2004,2026-08-22,3180
2004-506,Buenos Aires,Other,32,Clay,No,Finished,2004-02-16,2004,2026-08-22,3181
2004-520,Roland Garros,Grand Slam,128,Clay,No,Finished,2004-05-24,2004,2026-08-22,3182
2004-533,Costa Do Sauipe,Other,32,Clay,No,Finished,2004-02-23,2004,2026-08-22,3183
2004-540,Wimbledon,Grand Slam,128,Grass,No,Finished,2004-06-21,2004,2026-08-22,3184
2004-560,US Open,Grand Slam,128,Hard,No,Finished,2004-08-30,2004,2026-08-22,3185
2004-568,St. Petersburg,Other,32,Carpet,Yes,Finished,2004-10-25,2004,2026-08-22,3186
2004-573,Valencia,Other,32,Clay,No,Finished,2004-04-12,2004,2026-08-22,3187
2004-580,Australian Open,Grand Slam,128,Hard,No,Finished,2004-01-19,2004,2026-08-22,3188
2004-605,Masters Cup,ATP Finals,8,Hard,No,Finished,2004-11-15,2004,2026-08-22,3189
2004-717,Houston,Other,32,Clay,No,Finished,2004-04-12,2004,2026-08-22,3190
2004-741,Nottingham,Other,32,Grass,No,Finished,2004-06-14,2004,2026-08-22,3191
2004-747,Beijing,Other,32,Hard,No,Finished,2004-09-13,2004,2026-08-22,3192
2004-773,Bucharest,Other,32,Clay,No,Finished,2004-09-13,2004,2026-08-22,3193
2004-807,Acapulco,Other,32,Clay,No,Finished,2004-03-01,2004,2026-08-22,3194
2004-890,Shanghai,Other,32,Hard,No,Finished,2004-09-27,2004,2026-08-22,3195
2004-891,Chennai,Other,32,Hard,No,Finished,2004-01-05,2004,2026-08-22,3196
2005-1536,Madrid Masters,Masters 1000,48,Hard,No,Finished,2005-10-17,2005,2026-08-22,3197
2005-1720,Bangkok,Other,32,Hard,No,Finished,2005-09-26,2005,2026-08-22,3198
2005-301,Auckland,Other,32,Hard,No,Finished,2005-01-10,2005,2026-08-22,3199
2005-306,St. Poelten,Other,32,Clay,No,Finished,2005-05-16,2005,2026-08-22,3200
2005-308,Munich,Other,32,Clay,No,Finished,2005-04-25,2005,2026-08-22,3201
2005-311,Queen's Club,Other,56,Grass,No,Finished,2005-06-06,2005,2026-08-22,3202
2005-314,Gstaad,Other,32,Clay,No,Finished,2005-07-04,2005,2026-08-22,3203
2005-315,Newport,Other,32,Grass,No,Finished,2005-07-04,2005,2026-08-22,3204
2005-316,Bastad,Other,32,Clay,No,Finished,2005-07-04,2005,2026-08-22,3205
2005-317,Amersfoort,Other,32,Clay,No,Finished,2005-07-18,2005,2026-08-22,3206
2005-319,Kitzbuhel,Other,48,Clay,No,Finished,2005-07-25,2005,2026-08-22,3207
2005-321,Stuttgart,Other,48,Clay,No,Finished,2005-07-18,2005,2026-08-22,3208
2005-325,Palermo,Other,32,Clay,No,Finished,2005-09-26,2005,2026-08-22,3209
2005-328,Basel,Other,32,Carpet,Yes,Finished,2005-10-24,2005,2026-08-22,3210
2005-329,Tokyo,Other,48,Hard,No,Finished,2005-10-03,2005,2026-08-22,3211
2005-3348,New Haven,Other,48,Hard,No,Finished,2005-08-22,2005,2026-08-22,3212
2005-337,Vienna,Other,32,Hard,No,Finished,2005-10-10,2005,2026-08-22,3213
2005-338,Sydney,Other,32,Hard,No,Finished,2005-01-10,2005,2026-08-22,3214
2005-339,Adelaide,Other,32,Hard,No,Finished,2005-01-03,2005,2026-08-22,3215
2005-341,Metz,Other,32,Hard,No,Finished,2005-10-03,2005,2026-08-22,3216
2005-352,Paris Masters,Masters 1000,48,Carpet,Yes,Finished,2005-10-31,2005,2026-08-22,3217
2005-360,Casablanca,Other,32,Clay,No,Finished,2005-04-04,2005,2026-08-22,3218
2005-375,Lyon,Other,32,Carpet,Yes,Finished,2005-10-24,2005,2026-08-22,3219
2005-402,Memphis,Other,32,Hard,No,Finished,2005-02-14,2005,2026-08-22,3220
2005-403,Miami Masters,Masters 1000,96,Hard,No,Finished,2005-03-21,2005,2026-08-22,3221
2005-404,Indian Wells Masters,Masters 1000,96,Hard,No,Finished,2005-03-07,2005,2026-08-22,3222
2005-407,Rotterdam,Other,32,Hard,No,Finished,2005-02-14,2005,2026-08-22,3223
2005-408,Milan,Other,32,Carpet,Yes,Finished,2005-01-31,2005,2026-08-22,3224
2005-410,Monte Carlo Masters,Masters 1000,64,Clay,No,Finished,2005-04-11,2005,2026-08-22,3225
2005-414,Hamburg Masters,Masters 1000,64,Clay,No,Finished,2005-05-09,2005,2026-08-22,3226
2005-416,Rome Masters,Masters 1000,64,Clay,No,Finished,2005-05-02,2005,2026-08-22,3227
2005-418,Washington,Other,48,Hard,No,Finished,2005-08-01,2005,2026-08-22,3228
2005-419,Indianapolis,Other,48,Hard,No,Finished,2005-07-18,2005,2026-08-22,3229
2005-421,Canada Masters,Masters 1000,64,Hard,No,Finished,2005-08-08,2005,2026-08-22,3230
2005-422,Cincinnati Masters,Masters 1000,64,Hard,No,Finished,2005-08-15,2005,2026-08-22,3231
2005-423,Los Angeles,Other,32,Hard,No,Finished,2005-07-25,2005,2026-08-22,3232
2005-424,San Jose,Other,32,Hard,No,Finished,2005-02-07,2005,2026-08-22,3233
2005-425,Barcelona,Other,56,Clay,No,Finished,2005-04-18,2005,2026-08-22,3234
2005-429,Stockholm,Other,32,Hard,No,Finished,2005-10-10,2005,2026-08-22,3235
2005-433,Scottsdale,Other,32,Hard,No,Finished,2005-02-21,2005,2026-08-22,3236
2005-438,Moscow,Other,32,Carpet,Yes,Finished,2005-10-10,2005,2026-08-22,3237
2005-439,Umag,Other,32,Clay,No,Finished,2005-07-25,2005,2026-08-22,3238
2005-440,s Hertogenbosch,Other,32,Grass,No,Finished,2005-06-13,2005,2026-08-22,3239
2005-451,Doha,Other,32,Hard,No,Finished,2005-01-03,2005,2026-08-22,3240
2005-468,Estoril,Other,32,Clay,No,Finished,2005-04-25,2005,2026-08-22,3241
2005-475,Sopot,Other,32,Clay,No,Finished,2005-08-01,2005,2026-08-22,3242
2005-495,Dubai,Other,32,Hard,No,Finished,2005-02-21,2005,2026-08-22,3243
2005-496,Marseille,Other,32,Hard,No,Finished,2005-02-07,2005,2026-08-22,3244
2005-499,Delray Beach,Other,32,Hard,No,Finished,2005-01-31,2005,2026-08-22,3245
2005-500,Halle,Other,32,Grass,No,Finished,2005-06-06,2005,2026-08-22,3246
2005-505,Vina del Mar,Other,32,Clay,No,Finished,2005-01-31,2005,2026-08-22,3247
2005-506,Buenos Aires,Other,32,Clay,No,Finished,2005-02-07,2005,2026-08-22,3248
2005-520,Roland Garros,Grand Slam,128,Clay,No,Finished,2005-05-23,2005,2026-08-22,3249
2005-533,Costa Do Sauipe,Other,32,Clay,No,Finished,2005-02-14,2005,2026-08-22,3250
2005-540,Wimbledon,Grand Slam,128,Grass,No,Finished,2005-06-20,2005,2026-08-22,3251
2005-560,US Open,Grand Slam,128,Hard,No,Finished,2005-08-29,2005,2026-08-22,3252
2005-568,St. Petersburg,Other,32,Carpet,Yes,Finished,2005-10-24,2005,2026-08-22,3253
2005-573,Valencia,Other,32,Clay,No,Finished,2005-04-04,2005,2026-08-22,3254
2005-580,Australian Open,Grand Slam,128,Hard,No,Finished,2005-01-17,2005,2026-08-22,3255
2005-605,Masters Cup,ATP Finals,8,Carpet,Yes,Finished,2005-11-14,2005,2026-08-22,3256
2005-717,Houston,Other,32,Clay,No,Finished,2005-04-18,2005,2026-08-22,3257
2005-741,Nottingham,Other,32,Grass,No,Finished,2005-06-13,2005,2026-08-22,3258
2005-747,Beijing,Other,32,Hard,No,Finished,2005-09-12,2005,2026-08-22,3259
2005-773,Bucharest,Other,32,Clay,No,Finished,2005-09-12,2005,2026-08-22,3260
2005-807,Acapulco,Other,32,Clay,No,Finished,2005-02-21,2005,2026-08-22,3261
2005-890,Ho Chi Minh City,Other,32,Carpet,Yes,Finished,2005-09-26,2005,2026-08-22,3262
2005-891,Chennai,Other,32,Hard,No,Finished,2005-01-03,2005,2026-08-22,3263
2006-1536,Madrid Masters,Masters 1000,48,Hard,No,Finished,2006-10-16,2006,2026-08-22,3264
2006-1720,Bangkok,Other,32,Hard,No,Finished,2006-09-25,2006,2026-08-22,3265
2006-2276,Zagreb,Other,32,Carpet,Yes,Finished,2006-01-30,2006,2026-08-22,3266
2006-301,Auckland,Other,32,Hard,No,Finished,2006-01-09,2006,2026-08-22,3267
2006-306,Poertschach,Other,32,Clay,No,Finished,2006-05-22,2006,2026-08-22,3268
2006-308,Munich,Other,32,Clay,No,Finished,2006-05-01,2006,2026-08-22,3269
2006-311,Queen's Club,Other,56,Grass,No,Finished,2006-06-12,2006,2026-08-22,3270
2006-314,Gstaad,Other,32,Clay,No,Finished,2006-07-10,2006,2026-08-22,3271
2006-315,Newport,Other,32,Grass,No,Finished,2006-07-10,2006,2026-08-22,3272
2006-316,Bastad,Other,32,Clay,No,Finished,2006-07-10,2006,2026-08-22,3273
2006-317,Amersfoort,Other,32,Clay,No,Finished,2006-07-17,2006,2026-08-22,3274
2006-319,Kitzbuhel,Other,48,Clay,No,Finished,2006-07-24,2006,2026-08-22,3275
2006-321,Stuttgart,Other,48,Clay,No,Finished,2006-07-17,2006,2026-08-22,3276
2006-325,Palermo,Other,32,Clay,No,Finished,2006-09-25,2006,2026-08-22,3277
2006-328,Basel,Other,32,Carpet,Yes,Finished,2006-10-23,2006,2026-08-22,3278
2006-329,Tokyo,Other,48,Hard,No,Finished,2006-10-02,2006,2026-08-22,3279
2006-3348,New Haven,Other,48,Hard,No,Finished,2006-08-21,2006,2026-08-22,3280
2006-337,Vienna,Other,32,Hard,No,Finished,2006-10-09,2006,2026-08-22,3281
2006-338,Sydney,Other,32,Hard,No,Finished,2006-01-09,2006,2026-08-22,3282
2006-339,Adelaide,Other,32,Hard,No,Finished,2006-01-02,2006,2026-08-22,3283
2006-341,Metz,Other,32,Hard,No,Finished,2006-10-02,2006,2026-08-22,3284
2006-3465,Mumbai,Other,32,Hard,No,Finished,2006-09-25,2006,2026-08-22,3285
2006-352,Paris Masters,Masters 1000,48,Carpet,Yes,Finished,2006-10-30,2006,2026-08-22,3286
2006-360,Casablanca,Other,32,Clay,No,Finished,2006-04-24,2006,2026-08-22,3287
2006-375,Lyon,Other,32,Carpet,Yes,Finished,2006-10-23,2006,2026-08-22,3288
2006-402,Memphis,Other,32,Hard,No,Finished,2006-02-20,2006,2026-08-22,3289
2006-403,Miami Masters,Masters 1000,96,Hard,No,Finished,2006-03-20,2006,2026-08-22,3290
2006-404,Indian Wells Masters,Masters 1000,96,Hard,No,Finished,2006-03-06,2006,2026-08-22,3291
2006-407,Rotterdam,Other,32,Hard,No,Finished,2006-02-20,2006,2026-08-22,3292
2006-410,Monte Carlo Masters,Masters 1000,64,Clay,No,Finished,2006-04-17,2006,2026-08-22,3293
2006-414,Hamburg Masters,Masters 1000,64,Clay,No,Finished,2006-05-15,2006,2026-08-22,3294
2006-416,Rome Masters,Masters 1000,64,Clay,No,Finished,2006-05-08,2006,2026-08-22,3295
2006-418,Washington,Other,48,Hard,No,Finished,2006-07-31,2006,2026-08-22,3296
2006-419,Indianapolis,Other,48,Hard,No,Finished,2006-07-17,2006,2026-08-22,3297
2006-421,Canada Masters,Masters 1000,64,Hard,No,Finished,2006-08-07,2006,2026-08-22,3298
2006-422,Cincinnati Masters,Masters 1000,64,Hard,No,Finished,2006-08-14,2006,2026-08-22,3299
2006-423,Los Angeles,Other,32,Hard,No,Finished,2006-07-24,2006,2026-08-22,3300
2006-424,San Jose,Other,32,Hard,No,Finished,2006-02-13,2006,2026-08-22,3301
2006-425,Barcelona,Other,56,Clay,No,Finished,2006-04-24,2006,2026-08-22,3302
2006-429,Stockholm,Other,32,Hard,No,Finished,2006-10-09,2006,2026-08-22,3303
2006-433,Las Vegas,Other,32,Hard,No,Finished,2006-02-27,2006,2026-08-22,3304
2006-438,Moscow,Other,32,Carpet,Yes,Finished,2006-10-09,2006,2026-08-22,3305
2006-439,Umag,Other,32,Clay,No,Finished,2006-07-24,2006,2026-08-22,3306
2006-440,s Hertogenbosch,Other,32,Grass,No,Finished,2006-06-19,2006,2026-08-22,3307
2006-451,Doha,Other,32,Hard,No,Finished,2006-01-02,2006,2026-08-22,3308
2006-468,Estoril,Other,32,Clay,No,Finished,2006-05-01,2006,2026-08-22,3309
2006-475,Sopot,Other,32,Clay,No,Finished,2006-07-31,2006,2026-08-22,3310
2006-495,Dubai,Other,32,Hard,No,Finished,2006-02-27,2006,2026-08-22,3311
2006-496,Marseille,Other,32,Hard,No,Finished,2006-02-13,2006,2026-08-22,3312
2006-499,Delray Beach,Other,32,Hard,No,Finished,2006-01-30,2006,2026-08-22,3313
2006-500,Halle,Other,32,Grass,No,Finished,2006-06-12,2006,2026-08-22,3314
2006-505,Vina del Mar,Other,32,Clay,No,Finished,2006-01-30,2006,2026-08-22,3315
2006-506,Buenos Aires,Other,32,Clay,No,Finished,2006-02-13,2006,2026-08-22,3316
2006-520,Roland Garros,Grand Slam,128,Clay,No,Finished,2006-05-29,2006,2026-08-22,3317
2006-533,Costa Do Sauipe,Other,32,Clay,No,Finished,2006-02-20,2006,2026-08-22,3318
2006-540,Wimbledon,Grand Slam,128,Grass,No,Finished,2006-06-26,2006,2026-08-22,3319
2006-560,US Open,Grand Slam,128,Hard,No,Finished,2006-08-28,2006,2026-08-22,3320
2006-568,St. Petersburg,Other,32,Carpet,Yes,Finished,2006-10-23,2006,2026-08-22,3321
2006-573,Valencia,Other,32,Clay,No,Finished,2006-04-10,2006,2026-08-22,3322
2006-580,Australian Open,Grand Slam,128,Hard,No,Finished,2006-01-16,2006,2026-08-22,3323
2006-605,Masters Cup,ATP Finals,8,Hard,No,Finished,2006-11-13,2006,2026-08-22,3324
2006-717,Houston,Other,32,Clay,No,Finished,2006-04-10,2006,2026-08-22,3325
2006-741,Nottingham,Other,32,Grass,No,Finished,2006-06-19,2006,2026-08-22,3326
2006-747,Beijing,Other,32,Hard,No,Finished,2006-09-11,2006,2026-08-22,3327
2006-773,Bucharest,Other,32,Clay,No,Finished,2006-09-11,2006,2026-08-22,3328
2006-807,Acapulco,Other,32,Clay,No,Finished,2006-02-27,2006,2026-08-22,3329
2006-891,Chennai,Other,32,Hard,No,Finished,2006-01-02,2006,2026-08-22,3330
2007-1536,Madrid Masters,Masters 1000,48,Hard,No,Finished,2007-10-15,2007,2026-08-22,3331
2007-1720,Bangkok,Other,32,Hard,No,Finished,2007-09-24,2007,2026-08-22,3332
2007-2276,Zagreb,Other,32,Carpet,Yes,Finished,2007-01-29,2007,2026-08-22,3333
2007-301,Auckland,Other,32,Hard,No,Finished,2007-01-08,2007,2026-08-22,3334
2007-306,Poertschach,Other,32,Clay,No,Finished,2007-05-14,2007,2026-08-22,3335
2007-308,Munich,Other,32,Clay,No,Finished,2007-04-30,2007,2026-08-22,3336
2007-311,Queen's Club,Other,56,Grass,No,Finished,2007-06-11,2007,2026-08-22,3337
2007-314,Gstaad,Other,32,Clay,No,Finished,2007-07-09,2007,2026-08-22,3338
2007-315,Newport,Other,32,Grass,No,Finished,2007-07-09,2007,2026-08-22,3339
2007-316,Bastad,Other,32,Clay,No,Finished,2007-07-09,2007,2026-08-22,3340
2007-317,Amersfoort,Other,32,Clay,No,Finished,2007-07-16,2007,2026-08-22,3341
2007-319,Kitzbuhel,Other,48,Clay,No,Finished,2007-07-23,2007,2026-08-22,3342
2007-321,Stuttgart,Other,32,Clay,No,Finished,2007-07-16,2007,2026-08-22,3343
2007-328,Basel,Other,32,Hard,No,Finished,2007-10-22,2007,2026-08-22,3344
2007-329,Tokyo,Other,48,Hard,No,Finished,2007-10-01,2007,2026-08-22,3345
2007-3348,New Haven,Other,48,Hard,No,Finished,2007-08-13,2007,2026-08-22,3346
2007-337,Vienna,Other,32,Hard,No,Finished,2007-10-01,2007,2026-08-22,3347
2007-338,Sydney,Other,32,Hard,No,Finished,2007-01-08,2007,2026-08-22,3348
2007-339,Adelaide,Other,32,Hard,No,Finished,2007-01-01,2007,2026-08-22,3349
2007-341,Metz,Other,32,Hard,No,Finished,2007-10-01,2007,2026-08-22,3350
2007-3465,Mumbai,Other,32,Hard,No,Finished,2007-09-24,2007,2026-08-22,3351
2007-352,Paris Masters,Masters 1000,48,Hard,No,Finished,2007-10-22,2007,2026-08-22,3352
2007-360,Casablanca,Other,32,Clay,No,Finished,2007-04-23,2007,2026-08-22,3353
2007-375,Lyon,Other,32,Carpet,Yes,Finished,2007-10-22,2007,2026-08-22,3354
2007-402,Memphis,Other,32,Hard,No,Finished,2007-02-19,2007,2026-08-22,3355
2007-403,Miami Masters,Masters 1000,96,Hard,No,Finished,2007-03-19,2007,2026-08-22,3356
2007-404,Indian Wells Masters,Masters 1000,96,Hard,No,Finished,2007-03-05,2007,2026-08-22,3357
2007-407,Rotterdam,Other,32,Hard,No,Finished,2007-02-19,2007,2026-08-22,3358
2007-410,Monte Carlo Masters,Masters 1000,56,Clay,No,Finished,2007-04-09,2007,2026-08-22,3359
2007-414,Hamburg Masters,Masters 1000,56,Clay,No,Finished,2007-05-14,2007,2026-08-22,3360
2007-416,Rome Masters,Masters 1000,56,Clay,No,Finished,2007-05-07,2007,2026-08-22,3361
2007-418,Washington,Other,48,Hard,No,Finished,2007-07-23,2007,2026-08-22,3362
2007-419,Indianapolis,Other,32,Hard,No,Finished,2007-07-23,2007,2026-08-22,3363
2007-421,Canada Masters,Masters 1000,56,Hard,No,Finished,2007-07-30,2007,2026-08-22,3364
2007-422,Cincinnati Masters,Masters 1000,56,Hard,No,Finished,2007-08-13,2007,2026-08-22,3365
2007-423,Los Angeles,Other,32,Hard,No,Finished,2007-07-16,2007,2026-08-22,3366
2007-424,San Jose,Other,32,Hard,No,Finished,2007-02-12,2007,2026-08-22,3367
2007-425,Barcelona,Other,56,Clay,No,Finished,2007-04-23,2007,2026-08-22,3368
2007-429,Stockholm,Other,32,Hard,No,Finished,2007-10-01,2007,2026-08-22,3369
2007-433,Las Vegas,Other,32,Hard,No,Finished,2007-02-26,2007,2026-08-22,3370
2007-438,Moscow,Other,32,Hard,No,Finished,2007-10-08,2007,2026-08-22,3371
2007-439,Umag,Other,32,Clay,No,Finished,2007-07-23,2007,2026-08-22,3372
2007-440,s Hertogenbosch,Other,32,Grass,No,Finished,2007-06-11,2007,2026-08-22,3373
2007-451,Doha,Other,32,Hard,No,Finished,2007-01-01,2007,2026-08-22,3374
2007-468,Estoril,Other,32,Clay,No,Finished,2007-04-23,2007,2026-08-22,3375
2007-475,Sopot,Other,32,Clay,No,Finished,2007-07-30,2007,2026-08-22,3376
2007-495,Dubai,Other,32,Hard,No,Finished,2007-02-26,2007,2026-08-22,3377
2007-496,Marseille,Other,32,Hard,No,Finished,2007-02-12,2007,2026-08-22,3378
2007-499,Delray Beach,Other,32,Hard,No,Finished,2007-01-22,2007,2026-08-22,3379
2007-500,Halle,Other,32,Grass,No,Finished,2007-06-11,2007,2026-08-22,3380
2007-505,Vina del Mar,Other,32,Clay,No,Finished,2007-01-29,2007,2026-08-22,3381
2007-506,Buenos Aires,Other,32,Clay,No,Finished,2007-02-19,2007,2026-08-22,3382
2007-520,Roland Garros,Grand Slam,128,Clay,No,Finished,2007-05-28,2007,2026-08-22,3383
2007-533,Costa Do Sauipe,Other,32,Clay,No,Finished,2007-02-12,2007,2026-08-22,3384
2007-540,Wimbledon,Grand Slam,128,Grass,No,Finished,2007-06-25,2007,2026-08-22,3385
2007-560,US Open,Grand Slam,128,Hard,No,Finished,2007-08-27,2007,2026-08-22,3386
2007-568,St. Petersburg,Other,32,Carpet,Yes,Finished,2007-10-22,2007,2026-08-22,3387
2007-573,Valencia,Other,32,Clay,No,Finished,2007-04-09,2007,2026-08-22,3388
2007-580,Australian Open,Grand Slam,128,Hard,No,Finished,2007-01-15,2007,2026-08-22,3389
2007-605,Masters Cup,ATP Finals,8,Hard,No,Finished,2007-11-12,2007,2026-08-22,3390
2007-717,Houston,Other,32,Clay,No,Finished,2007-04-09,2007,2026-08-22,3391
2007-741,Nottingham,Other,32,Grass,No,Finished,2007-06-18,2007,2026-08-22,3392
2007-747,Beijing,Other,32,Hard,No,Finished,2007-09-10,2007,2026-08-22,3393
2007-773,Bucharest,Other,32,Clay,No,Finished,2007-09-10,2007,2026-08-22,3394
2007-807,Acapulco,Other,32,Clay,No,Finished,2007-02-26,2007,2026-08-22,3395
2007-891,Chennai,Other,32,Hard,No,Finished,2007-01-01,2007,2026-08-22,3396
2008-1536,Madrid Masters,Masters 1000,48,Hard,No,Finished,2008-10-06,2008,2026-08-22,3397
2008-1720,Bangkok,Other,28,Hard,No,Finished,2008-09-22,2008,2026-08-22,3398
2008-2276,Zagreb,Other,32,Hard,No,Finished,2008-02-25,2008,2026-08-22,3399
2008-301,Auckland,Other,32,Hard,No,Finished,2008-01-07,2008,2026-08-22,3400
2008-306,Poertschach,Other,32,Clay,No,Finished,2008-05-12,2008,2026-08-22,3401
2008-308,Munich,Other,32,Clay,No,Finished,2008-04-28,2008,2026-08-22,3402
2008-311,Queen's Club,Other,56,Grass,No,Finished,2008-06-09,2008,2026-08-22,3403
2008-314,Gstaad,Other,28,Clay,No,Finished,2008-07-07,2008,2026-08-22,3404
2008-315,Newport,Other,28,Grass,No,Finished,2008-07-07,2008,2026-08-22,3405
2008-316,Bastad,Other,28,Clay,No,Finished,2008-07-07,2008,2026-08-22,3406
2008-317,Amersfoort,Other,28,Clay,No,Finished,2008-07-14,2008,2026-08-22,3407
2008-319,Kitzbuhel,Other,32,Clay,No,Finished,2008-07-14,2008,2026-08-22,3408
2008-321,Stuttgart,Other,28,Clay,No,Finished,2008-07-07,2008,2026-08-22,3409
2008-328,Basel,Other,32,Hard,No,Finished,2008-10-20,2008,2026-08-22,3410
2008-329,Tokyo,Other,48,Hard,No,Finished,2008-09-29,2008,2026-08-22,3411
2008-3348,New Haven,Other,48,Hard,No,Finished,2008-08-11,2008,2026-08-22,3412
2008-337,Vienna,Other,32,Hard,No,Finished,2008-10-06,2008,2026-08-22,3413
2008-338,Sydney,Other,32,Hard,No,Finished,2008-01-07,2008,2026-08-22,3414
2008-339,Adelaide,Other,32,Hard,No,Finished,2007-12-31,2007,2026-08-22,3415
2008-341,Metz,Other,32,Hard,No,Finished,2008-09-29,2008,2026-08-22,3416
2008-352,Paris Masters,Masters 1000,48,Hard,No,Finished,2008-10-20,2008,2026-08-22,3417
2008-360,Casablanca,Other,32,Clay,No,Finished,2008-05-12,2008,2026-08-22,3418
2008-375,Lyon,Other,32,Carpet,Yes,Finished,2008-10-20,2008,2026-08-22,3419
2008-402,Memphis,Other,32,Hard,No,Finished,2008-02-25,2008,2026-08-22,3420
2008-403,Miami Masters,Masters 1000,96,Hard,No,Finished,2008-03-24,2008,2026-08-22,3421
2008-404,Indian Wells Masters,Masters 1000,96,Hard,No,Finished,2008-03-10,2008,2026-08-22,3422
2008-407,Rotterdam,Other,32,Hard,No,Finished,2008-02-18,2008,2026-08-22,3423
2008-410,Monte Carlo Masters,Masters 1000,56,Clay,No,Finished,2008-04-14,2008,2026-08-22,3424
2008-414,Hamburg Masters,Masters 1000,56,Clay,No,Finished,2008-05-05,2008,2026-08-22,3425
2008-416,Rome Masters,Masters 1000,56,Clay,No,Finished,2008-05-05,2008,2026-08-22,3426
2008-418,Washington,Other,32,Hard,No,Finished,2008-08-04,2008,2026-08-22,3427
2008-419,Indianapolis,Other,32,Hard,No,Finished,2008-07-14,2008,2026-08-22,3428
2008-421,Canada Masters,Masters 1000,56,Hard,No,Finished,2008-07-21,2008,2026-08-22,3429
2008-422,Cincinnati Masters,Masters 1000,56,Hard,No,Finished,2008-07-28,2008,2026-08-22,3430
2008-423,Los Angeles,Other,28,Hard,No,Finished,2008-08-04,2008,2026-08-22,3431
2008-424,San Jose,Other,32,Hard,No,Finished,2008-02-18,2008,2026-08-22,3432
2008-425,Barcelona,Other,56,Clay,No,Finished,2008-04-28,2008,2026-08-22,3433
2008-429,Stockholm,Other,32,Hard,No,Finished,2008-10-06,2008,2026-08-22,3434
2008-433,Las Vegas,Other,32,Hard,No,Finished,2008-03-03,2008,2026-08-22,3435
2008-438,Moscow,Other,32,Hard,No,Finished,2008-10-06,2008,2026-08-22,3436
2008-439,Umag,Other,28,Clay,No,Finished,2008-07-14,2008,2026-08-22,3437
2008-440,s Hertogenbosch,Other,32,Grass,No,Finished,2008-06-09,2008,2026-08-22,3438
2008-451,Doha,Other,32,Hard,No,Finished,2007-12-31,2007,2026-08-22,3439
2008-468,Estoril,Other,32,Clay,No,Finished,2008-04-14,2008,2026-08-22,3440
2008-475,Warsaw,Other,32,Clay,No,Finished,2008-06-09,2008,2026-08-22,3441
2008-495,Dubai,Other,32,Hard,No,Finished,2008-03-03,2008,2026-08-22,3442
2008-496,Marseille,Other,32,Hard,No,Finished,2008-02-11,2008,2026-08-22,3443
2008-499,Delray Beach,Other,32,Hard,No,Finished,2008-02-11,2008,2026-08-22,3444
2008-500,Halle,Other,32,Grass,No,Finished,2008-06-09,2008,2026-08-22,3445
2008-505,Vina del Mar,Other,32,Clay,No,Finished,2008-01-28,2008,2026-08-22,3446
2008-506,Buenos Aires,Other,32,Clay,No,Finished,2008-02-18,2008,2026-08-22,3447
2008-520,Roland Garros,Grand Slam,128,Clay,No,Finished,2008-05-19,2008,2026-08-22,3448
2008-533,Costa Do Sauipe,Other,32,Clay,No,Finished,2008-02-11,2008,2026-08-22,3449
2008-540,Wimbledon,Grand Slam,128,Grass,No,Finished,2008-06-23,2008,2026-08-22,3450
2008-560,US Open,Grand Slam,128,Hard,No,Finished,2008-08-25,2008,2026-08-22,3451
2008-568,St. Petersburg,Other,32,Hard,No,Finished,2008-10-20,2008,2026-08-22,3452
2008-573,Valencia,Other,32,Clay,No,Finished,2008-04-14,2008,2026-08-22,3453
2008-580,Australian Open,Grand Slam,128,Hard,No,Finished,2008-01-14,2008,2026-08-22,3454
2008-605,Masters Cup,ATP Finals,8,Hard,No,Finished,2008-11-03,2008,2026-08-22,3455
2008-717,Houston,Other,32,Clay,No,Finished,2008-04-14,2008,2026-08-22,3456
2008-741,Nottingham,Other,32,Grass,No,Finished,2008-06-16,2008,2026-08-22,3457
2008-747,Beijing,Other,28,Hard,No,Finished,2008-09-22,2008,2026-08-22,3458
2008-773,Bucharest,Other,32,Clay,No,Finished,2008-09-08,2008,2026-08-22,3459
2008-807,Acapulco,Other,32,Clay,No,Finished,2008-02-25,2008,2026-08-22,3460
2008-891,Chennai,Other,32,Hard,No,Finished,2007-12-31,2007,2026-08-22,3461
2009-1536,Madrid Masters,Masters 1000,56,Clay,No,Finished,2009-05-04,2009,2026-08-22,3462
2009-1720,Bangkok,Other,28,Hard,No,Finished,2009-09-28,2009,2026-08-22,3463
2009-2276,Zagreb,Other,32,Hard,No,Finished,2009-02-02,2009,2026-08-22,3464
2009-301,Auckland,Other,28,Hard,No,Finished,2009-01-12,2009,2026-08-22,3465
2009-306,Kitzbuhel,Other,32,Clay,No,Finished,2009-05-11,2009,2026-08-22,3466
2009-308,Munich,Other,32,Clay,No,Finished,2009-04-27,2009,2026-08-22,3467
2009-311,Queen's Club,Other,56,Grass,No,Finished,2009-06-08,2009,2026-08-22,3468
2009-314,Gstaad,Other,32,Clay,No,Finished,2009-07-20,2009,2026-08-22,3469
2009-315,Newport,Other,32,Grass,No,Finished,2009-07-06,2009,2026-08-22,3470
2009-316,Bastad,Other,28,Clay,No,Finished,2009-07-13,2009,2026-08-22,3471
2009-321,Stuttgart,Other,32,Clay,No,Finished,2009-07-13,2009,2026-08-22,3472
2009-328,Basel,Other,32,Hard,No,Finished,2009-11-02,2009,2026-08-22,3473
2009-329,Tokyo,Other,32,Hard,No,Finished,2009-10-05,2009,2026-08-22,3474
2009-3348,New Haven,Other,48,Hard,No,Finished,2009-08-17,2009,2026-08-22,3475
2009-337,Vienna,Other,32,Hard,No,Finished,2009-10-26,2009,2026-08-22,3476
2009-338,Sydney,Other,28,Hard,No,Finished,2009-01-12,2009,2026-08-22,3477
2009-339,Brisbane,Other,32,Hard,No,Finished,2008-12-29,2009,2026-08-22,3478
2009-341,Metz,Other,28,Hard,No,Finished,2009-09-21,2009,2026-08-22,3479
2009-352,Paris Masters,Masters 1000,48,Hard,No,Finished,2009-11-02,2009,2026-08-22,3480
2009-360,Casablanca,Other,32,Clay,No,Finished,2009-04-06,2009,2026-08-22,3481
2009-375,Lyon,Other,32,Hard,No,Finished,2009-10-26,2009,2026-08-22,3482
2009-402,Memphis,Other,32,Hard,No,Finished,2009-02-16,2009,2026-08-22,3483
2009-403,Miami Masters,Masters 1000,96,Hard,No,Finished,2009-03-23,2009,2026-08-22,3484
2009-404,Indian Wells Masters,Masters 1000,96,Hard,No,Finished,2009-03-09,2009,2026-08-22,3485
2009-407,Rotterdam,Other,32,Hard,No,Finished,2009-02-09,2009,2026-08-22,3486
2009-410,Monte Carlo Masters,Masters 1000,56,Clay,No,Finished,2009-04-06,2009,2026-08-22,3487
2009-414,Hamburg,Other,48,Clay,No,Finished,2009-07-13,2009,2026-08-22,3488
2009-416,Rome Masters,Masters 1000,56,Clay,No,Finished,2009-04-27,2009,2026-08-22,3489
2009-418,Washington,Other,48,Hard,No,Finished,2009-07-27,2009,2026-08-22,3490
2009-419,Indianapolis,Other,32,Hard,No,Finished,2009-07-13,2009,2026-08-22,3491
2009-421,Canada Masters,Masters 1000,56,Hard,No,Finished,2009-08-10,2009,2026-08-22,3492
2009-422,Cincinnati Masters,Masters 1000,56,Hard,No,Finished,2009-08-10,2009,2026-08-22,3493
2009-423,Los Angeles,Other,28,Hard,No,Finished,2009-07-27,2009,2026-08-22,3494
2009-424,San Jose,Other,32,Hard,No,Finished,2009-02-09,2009,2026-08-22,3495
2009-425,Barcelona,Other,56,Clay,No,Finished,2009-04-20,2009,2026-08-22,3496
2009-429,Stockholm,Other,32,Hard,No,Finished,2009-10-19,2009,2026-08-22,3497
2009-438,Moscow,Other,32,Hard,No,Finished,2009-10-19,2009,2026-08-22,3498
2009-439,Umag,Other,32,Clay,No,Finished,2009-07-27,2009,2026-08-22,3499
2009-440,s Hertogenbosch,Other,32,Grass,No,Finished,2009-06-08,2009,2026-08-22,3500
2009-451,Doha,Other,32,Hard,No,Finished,2009-01-05,2009,2026-08-22,3501
2009-468,Estoril,Other,32,Clay,No,Finished,2009-04-27,2009,2026-08-22,3502
2009-495,Dubai,Other,32,Hard,No,Finished,2009-02-23,2009,2026-08-22,3503
2009-496,Marseille,Other,32,Hard,No,Finished,2009-02-16,2009,2026-08-22,3504
2009-499,Delray Beach,Other,32,Hard,No,Finished,2009-02-23,2009,2026-08-22,3505
2009-500,Halle,Other,32,Grass,No,Finished,2009-06-08,2009,2026-08-22,3506
2009-5012,Johannesburg,Other,32,Hard,No,Finished,2009-02-02,2009,2026-08-22,3507
2009-5014,Shanghai Masters,Masters 1000,56,Hard,No,Finished,2009-10-05,2009,2026-08-22,3508
2009-505,Vina del Mar,Other,28,Clay,No,Finished,2009-02-02,2009,2026-08-22,3509
2009-5053,Belgrade,Other,28,Clay,No,Finished,2009-05-04,2009,2026-08-22,3510
2009-506,Buenos Aires,Other,32,Clay,No,Finished,2009-02-16,2009,2026-08-22,3511
2009-520,Roland Garros,Grand Slam,128,Clay,No,Finished,2009-05-25,2009,2026-08-22,3512
2009-533,Costa Do Sauipe,Other,32,Clay,No,Finished,2009-02-09,2009,2026-08-22,3513
2009-540,Wimbledon,Grand Slam,128,Grass,No,Finished,2009-06-22,2009,2026-08-22,3514
2009-560,US Open,Grand Slam,128,Hard,No,Finished,2009-08-31,2009,2026-08-22,3515
2009-568,St. Petersburg,Other,32,Hard,No,Finished,2009-10-19,2009,2026-08-22,3516
2009-573,Valencia,Other,32,Hard,No,Finished,2009-11-02,2009,2026-08-22,3517
2009-580,Australian Open,Grand Slam,128,Hard,No,Finished,2009-01-19,2009,2026-08-22,3518
2009-6003,Kuala Lumpur,Other,28,Hard,No,Finished,2009-09-28,2009,2026-08-22,3519
2009-605,Tour Finals,ATP Finals,8,Hard,No,Finished,2009-11-16,2009,2026-08-22,3520
2009-717,Houston,Other,32,Clay,No,Finished,2009-04-06,2009,2026-08-22,3521
2009-741,Eastbourne,Other,32,Grass,No,Finished,2009-06-08,2009,2026-08-22,3522
2009-747,Beijing,Other,32,Hard,No,Finished,2009-10-05,2009,2026-08-22,3523
2009-773,Bucharest,Other,32,Clay,No,Finished,2009-09-21,2009,2026-08-22,3524
2009-807,Acapulco,Other,32,Clay,No,Finished,2009-02-23,2009,2026-08-22,3525
2009-891,Chennai,Other,32,Hard,No,Finished,2009-01-05,2009,2026-08-22,3526
2010-1536,Madrid Masters,Masters 1000,56,Clay,No,Finished,2010-05-03,2010,2026-08-22,3527
2010-1720,Bangkok,Other,28,Hard,No,Finished,2010-09-27,2010,2026-08-22,3528
2010-2276,Zagreb,Other,32,Hard,No,Finished,2010-02-01,2010,2026-08-22,3529
2010-301,Auckland,Other,28,Hard,No,Finished,2010-01-11,2010,2026-08-22,3530
2010-308,Munich,Other,32,Clay,No,Finished,2010-04-26,2010,2026-08-22,3531
2010-311,Queen's Club,Other,56,Grass,No,Finished,2010-06-07,2010,2026-08-22,3532
2010-314,Gstaad,Other,32,Clay,No,Finished,2010-07-19,2010,2026-08-22,3533
2010-315,Newport,Other,32,Grass,No,Finished,2010-07-05,2010,2026-08-22,3534
2010-316,Bastad,Other,28,Clay,No,Finished,2010-07-12,2010,2026-08-22,3535
2010-321,Stuttgart,Other,28,Clay,No,Finished,2010-07-12,2010,2026-08-22,3536
2010-328,Basel,Other,32,Hard,No,Finished,2010-11-01,2010,2026-08-22,3537
2010-329,Tokyo,Other,32,Hard,No,Finished,2010-10-04,2010,2026-08-22,3538
2010-3348,New Haven,Other,48,Hard,No,Finished,2010-08-16,2010,2026-08-22,3539
2010-337,Vienna,Other,28,Hard,No,Finished,2010-10-25,2010,2026-08-22,3540
2010-338,Sydney,Other,28,Hard,No,Finished,2010-01-11,2010,2026-08-22,3541
2010-339,Brisbane,Other,32,Hard,No,Finished,2009-12-28,2010,2026-08-22,3542
2010-341,Metz,Other,28,Hard,No,Finished,2010-09-20,2010,2026-08-22,3543
2010-352,Paris Masters,Masters 1000,48,Hard,No,Finished,2010-11-01,2010,2026-08-22,3544
2010-360,Casablanca,Other,28,Clay,No,Finished,2010-04-05,2010,2026-08-22,3545
2010-375,Montpellier,Other,28,Hard,No,Finished,2010-10-25,2010,2026-08-22,3546
2010-402,Memphis,Other,32,Hard,No,Finished,2010-02-15,2010,2026-08-22,3547
2010-403,Miami Masters,Masters 1000,96,Hard,No,Finished,2010-03-22,2010,2026-08-22,3548
2010-404,Indian Wells Masters,Masters 1000,96,Hard,No,Finished,2010-03-08,2010,2026-08-22,3549
2010-407,Rotterdam,Other,32,Hard,No,Finished,2010-02-08,2010,2026-08-22,3550
2010-410,Monte Carlo Masters,Masters 1000,56,Clay,No,Finished,2010-04-05,2010,2026-08-22,3551
2010-414,Hamburg,Other,48,Clay,No,Finished,2010-07-19,2010,2026-08-22,3552
2010-416,Rome Masters,Masters 1000,56,Clay,No,Finished,2010-04-19,2010,2026-08-22,3553
2010-418,Washington,Other,48,Hard,No,Finished,2010-07-26,2010,2026-08-22,3554
2010-421,Canada Masters,Masters 1000,56,Hard,No,Finished,2010-08-09,2010,2026-08-22,3555
2010-422,Cincinnati Masters,Masters 1000,56,Hard,No,Finished,2010-08-09,2010,2026-08-22,3556
2010-423,Los Angeles,Other,28,Hard,No,Finished,2010-07-26,2010,2026-08-22,3557
2010-424,San Jose,Other,32,Hard,No,Finished,2010-02-08,2010,2026-08-22,3558
2010-425,Barcelona,Other,56,Clay,No,Finished,2010-04-19,2010,2026-08-22,3559
2010-429,Stockholm,Other,28,Hard,No,Finished,2010-10-18,2010,2026-08-22,3560
2010-438,Moscow,Other,28,Hard,No,Finished,2010-10-18,2010,2026-08-22,3561
2010-439,Umag,Other,28,Clay,No,Finished,2010-07-26,2010,2026-08-22,3562
2010-440,s Hertogenbosch,Other,28,Grass,No,Finished,2010-06-07,2010,2026-08-22,3563
2010-451,Doha,Other,32,Hard,No,Finished,2010-01-04,2010,2026-08-22,3564
2010-468,Estoril,Other,28,Clay,No,Finished,2010-05-03,2010,2026-08-22,3565
2010-495,Dubai,Other,32,Hard,No,Finished,2010-02-22,2010,2026-08-22,3566
2010-496,Marseille,Other,28,Hard,No,Finished,2010-02-15,2010,2026-08-22,3567
2010-499,Delray Beach,Other,32,Hard,No,Finished,2010-02-22,2010,2026-08-22,3568
2010-500,Halle,Other,32,Grass,No,Finished,2010-06-07,2010,2026-08-22,3569
2010-5012,Johannesburg,Other,32,Hard,No,Finished,2010-02-01,2010,2026-08-22,3570
2010-5014,Shanghai Masters,Masters 1000,56,Hard,No,Finished,2010-10-04,2010,2026-08-22,3571
2010-505,Santiago,Other,32,Clay,No,Finished,2010-02-01,2010,2026-08-22,3572
2010-5053,Belgrade,Other,28,Clay,No,Finished,2010-05-03,2010,2026-08-22,3573
2010-506,Buenos Aires,Other,32,Clay,No,Finished,2010-02-15,2010,2026-08-22,3574
2010-520,Roland Garros,Grand Slam,128,Clay,No,Finished,2010-05-24,2010,2026-08-22,3575
2010-533,Costa Do Sauipe,Other,32,Clay,No,Finished,2010-02-08,2010,2026-08-22,3576
2010-540,Wimbledon,Grand Slam,128,Grass,No,Finished,2010-06-21,2010,2026-08-22,3577
2010-560,US Open,Grand Slam,128,Hard,No,Finished,2010-08-30,2010,2026-08-22,3578
2010-568,St. Petersburg,Other,32,Hard,No,Finished,2010-10-25,2010,2026-08-22,3579
2010-573,Valencia,Other,32,Hard,No,Finished,2010-10-25,2010,2026-08-22,3580
2010-580,Australian Open,Grand Slam,128,Hard,No,Finished,2010-01-18,2010,2026-08-22,3581
2010-6003,Kuala Lumpur,Other,28,Hard,No,Finished,2010-09-27,2010,2026-08-22,3582
2010-605,Tour Finals,ATP Finals,8,Hard,No,Finished,2010-11-15,2010,2026-08-22,3583
2010-6116,Atlanta,Other,28,Hard,No,Finished,2010-07-19,2010,2026-08-22,3584
2010-6120,Nice,Other,28,Clay,No,Finished,2010-05-10,2010,2026-08-22,3585
2010-717,Houston,Other,28,Clay,No,Finished,2010-04-05,2010,2026-08-22,3586
2010-741,Eastbourne,Other,32,Grass,No,Finished,2010-06-07,2010,2026-08-22,3587
2010-747,Beijing,Other,32,Hard,No,Finished,2010-10-04,2010,2026-08-22,3588
2010-773,Bucharest,Other,28,Clay,No,Finished,2010-09-20,2010,2026-08-22,3589
2010-807,Acapulco,Other,32,Clay,No,Finished,2010-02-22,2010,2026-08-22,3590
2010-891,Chennai,Other,32,Hard,No,Finished,2010-01-04,2010,2026-08-22,3591
2011-1536,Madrid Masters,Masters 1000,56,Clay,No,Finished,2011-04-25,2011,2026-08-22,3592
2011-1720,Bangkok,Other,28,Hard,No,Finished,2011-09-26,2011,2026-08-22,3593
2011-2276,Zagreb,Other,28,Hard,No,Finished,2011-01-31,2011,2026-08-22,3594
2011-301,Auckland,Other,28,Hard,No,Finished,2011-01-10,2011,2026-08-22,3595
2011-308,Munich,Other,32,Clay,No,Finished,2011-04-18,2011,2026-08-22,3596
2011-311,Queen's Club,Other,56,Grass,No,Finished,2011-06-06,2011,2026-08-22,3597
2011-314,Gstaad,Other,28,Clay,No,Finished,2011-07-25,2011,2026-08-22,3598
2011-315,Newport,Other,32,Grass,No,Finished,2011-07-04,2011,2026-08-22,3599
2011-316,Bastad,Other,28,Clay,No,Finished,2011-07-11,2011,2026-08-22,3600
2011-319,Kitzbuhel,Other,28,Clay,No,Finished,2011-07-25,2011,2026-08-22,3601
2011-321,Stuttgart,Other,32,Clay,No,Finished,2011-07-11,2011,2026-08-22,3602
2011-328,Basel,Other,32,Hard,No,Finished,2011-10-31,2011,2026-08-22,3603
2011-329,Tokyo,Other,32,Hard,No,Finished,2011-10-03,2011,2026-08-22,3604
2011-337,Vienna,Other,28,Hard,No,Finished,2011-10-24,2011,2026-08-22,3605
2011-338,Sydney,Other,28,Hard,No,Finished,2011-01-10,2011,2026-08-22,3606
2011-339,Brisbane,Other,32,Hard,No,Finished,2010-12-27,2011,2026-08-22,3607
2011-341,Metz,Other,28,Hard,No,Finished,2011-09-19,2011,2026-08-22,3608
2011-352,Paris Masters,Masters 1000,48,Hard,No,Finished,2011-11-07,2011,2026-08-22,3609
2011-360,Casablanca,Other,28,Clay,No,Finished,2011-04-04,2011,2026-08-22,3610
2011-402,Memphis,Other,32,Hard,No,Finished,2011-02-14,2011,2026-08-22,3611
2011-403,Miami Masters,Masters 1000,96,Hard,No,Finished,2011-03-21,2011,2026-08-22,3612
2011-404,Indian Wells Masters,Masters 1000,96,Hard,No,Finished,2011-03-07,2011,2026-08-22,3613
2011-407,Rotterdam,Other,32,Hard,No,Finished,2011-02-07,2011,2026-08-22,3614
2011-410,Monte Carlo Masters,Masters 1000,56,Clay,No,Finished,2011-04-04,2011,2026-08-22,3615
2011-414,Hamburg,Other,48,Clay,No,Finished,2011-07-18,2011,2026-08-22,3616
2011-416,Rome Masters,Masters 1000,56,Clay,No,Finished,2011-05-02,2011,2026-08-22,3617
2011-418,Washington,Other,48,Hard,No,Finished,2011-07-25,2011,2026-08-22,3618
2011-421,Canada Masters,Masters 1000,56,Hard,No,Finished,2011-08-08,2011,2026-08-22,3619
2011-422,Cincinnati Masters,Masters 1000,56,Hard,No,Finished,2011-08-08,2011,2026-08-22,3620
2011-423,Los Angeles,Other,28,Hard,No,Finished,2011-07-25,2011,2026-08-22,3621
2011-424,San Jose,Other,32,Hard,No,Finished,2011-02-07,2011,2026-08-22,3622
2011-425,Barcelona,Other,56,Clay,No,Finished,2011-04-18,2011,2026-08-22,3623
2011-429,Stockholm,Other,28,Hard,No,Finished,2011-10-17,2011,2026-08-22,3624
2011-438,Moscow,Other,28,Hard,No,Finished,2011-10-17,2011,2026-08-22,3625
2011-439,Umag,Other,28,Clay,No,Finished,2011-07-25,2011,2026-08-22,3626
2011-440,s Hertogenbosch,Other,32,Grass,No,Finished,2011-06-06,2011,2026-08-22,3627
2011-451,Doha,Other,32,Hard,No,Finished,2011-01-03,2011,2026-08-22,3628
2011-468,Estoril,Other,28,Clay,No,Finished,2011-04-25,2011,2026-08-22,3629
2011-495,Dubai,Other,32,Hard,No,Finished,2011-02-21,2011,2026-08-22,3630
2011-496,Marseille,Other,28,Hard,No,Finished,2011-02-14,2011,2026-08-22,3631
2011-499,Delray Beach,Other,32,Hard,No,Finished,2011-02-21,2011,2026-08-22,3632
2011-500,Halle,Other,32,Grass,No,Finished,2011-06-06,2011,2026-08-22,3633
2011-5012,Johannesburg,Other,32,Hard,No,Finished,2011-01-31,2011,2026-08-22,3634
2011-5014,Shanghai Masters,Masters 1000,56,Hard,No,Finished,2011-10-03,2011,2026-08-22,3635
2011-505,Santiago,Other,32,Clay,No,Finished,2011-01-31,2011,2026-08-22,3636
2011-5053,Belgrade,Other,28,Clay,No,Finished,2011-04-25,2011,2026-08-22,3637
2011-506,Buenos Aires,Other,32,Clay,No,Finished,2011-02-14,2011,2026-08-22,3638
2011-520,Roland Garros,Grand Slam,128,Clay,No,Finished,2011-05-16,2011,2026-08-22,3639
2011-533,Costa Do Sauipe,Other,28,Clay,No,Finished,2011-02-07,2011,2026-08-22,3640
2011-540,Wimbledon,Grand Slam,128,Grass,No,Finished,2011-06-20,2011,2026-08-22,3641
2011-560,US Open,Grand Slam,128,Hard,No,Finished,2011-08-29,2011,2026-08-22,3642
2011-568,St. Petersburg,Other,32,Hard,No,Finished,2011-10-24,2011,2026-08-22,3643
2011-573,Valencia,Other,32,Hard,No,Finished,2011-10-31,2011,2026-08-22,3644
2011-580,Australian Open,Grand Slam,128,Hard,No,Finished,2011-01-17,2011,2026-08-22,3645
2011-6003,Kuala Lumpur,Other,28,Hard,No,Finished,2011-09-26,2011,2026-08-22,3646
2011-605,Tour Finals,ATP Finals,16,Hard,No,Finished,2011-11-14,2011,2026-08-22,3647
2011-6116,Atlanta,Other,28,Hard,No,Finished,2011-07-18,2011,2026-08-22,3648
2011-6120,Nice,Other,28,Clay,No,Finished,2011-05-09,2011,2026-08-22,3649
2011-6242,Winston-Salem,Other,48,Hard,No,Finished,2011-08-15,2011,2026-08-22,3650
2011-717,Houston,Other,28,Clay,No,Finished,2011-04-04,2011,2026-08-22,3651
2011-741,Eastbourne,Other,32,Grass,No,Finished,2011-06-06,2011,2026-08-22,3652
2011-747,Beijing,Other,32,Hard,No,Finished,2011-10-03,2011,2026-08-22,3653
2011-773,Bucharest,Other,28,Clay,No,Finished,2011-09-19,2011,2026-08-22,3654
2011-807,Acapulco,Other,32,Clay,No,Finished,2011-02-21,2011,2026-08-22,3655
2011-891,Chennai,Other,32,Hard,No,Finished,2011-01-03,2011,2026-08-22,3656
2012-1536,Madrid Masters,Masters 1000,56,Clay,No,Finished,2012-04-30,2012,2026-08-22,3657
2012-1720,Bangkok,Other,28,Hard,No,Finished,2012-09-24,2012,2026-08-22,3658
2012-2276,Zagreb,Other,32,Hard,No,Finished,2012-01-30,2012,2026-08-22,3659
2012-301,Auckland,Other,28,Hard,No,Finished,2012-01-09,2012,2026-08-22,3660
2012-308,Munich,Other,28,Clay,No,Finished,2012-04-30,2012,2026-08-22,3661
2012-311,Queen's Club,Other,56,Grass,No,Finished,2012-06-11,2012,2026-08-22,3662
2012-314,Gstaad,Other,28,Clay,No,Finished,2012-07-16,2012,2026-08-22,3663
2012-315,Newport,Other,32,Grass,No,Finished,2012-07-09,2012,2026-08-22,3664
2012-316,Bastad,Other,28,Clay,No,Finished,2012-07-09,2012,2026-08-22,3665
2012-319,Kitzbuhel,Other,28,Clay,No,Finished,2012-07-16,2012,2026-08-22,3666
2012-321,Stuttgart,Other,28,Clay,No,Finished,2012-07-09,2012,2026-08-22,3667
2012-328,Basel,Other,32,Hard,No,Finished,2012-10-22,2012,2026-08-22,3668
2012-329,Tokyo,Other,32,Hard,No,Finished,2012-10-01,2012,2026-08-22,3669
2012-337,Vienna,Other,28,Hard,No,Finished,2012-10-15,2012,2026-08-22,3670
2012-338,Sydney,Other,28,Hard,No,Finished,2012-01-09,2012,2026-08-22,3671
2012-339,Brisbane,Other,32,Hard,No,Finished,2011-12-26,2012,2026-08-22,3672
2012-341,Metz,Other,28,Hard,No,Finished,2012-09-17,2012,2026-08-22,3673
2012-352,Paris Masters,Masters 1000,48,Hard,No,Finished,2012-10-29,2012,2026-08-22,3674
2012-360,Casablanca,Other,28,Clay,No,Finished,2012-04-09,2012,2026-08-22,3675
2012-375,Montpellier,Other,28,Hard,No,Finished,2012-01-30,2012,2026-08-22,3676
2012-402,Memphis,Other,32,Hard,No,Finished,2012-02-20,2012,2026-08-22,3677
2012-403,Miami Masters,Masters 1000,96,Hard,No,Finished,2012-03-19,2012,2026-08-22,3678
2012-404,Indian Wells Masters,Masters 1000,96,Hard,No,Finished,2012-03-05,2012,2026-08-22,3679
2012-407,Rotterdam,Other,32,Hard,No,Finished,2012-02-13,2012,2026-08-22,3680
2012-410,Monte Carlo Masters,Masters 1000,56,Clay,No,Finished,2012-04-09,2012,2026-08-22,3681
2012-414,Hamburg,Other,32,Clay,No,Finished,2012-07-16,2012,2026-08-22,3682
2012-416,Rome Masters,Masters 1000,56,Clay,No,Finished,2012-05-07,2012,2026-08-22,3683
2012-418,Washington,Other,32,Hard,No,Finished,2012-07-30,2012,2026-08-22,3684
2012-421,Canada Masters,Masters 1000,48,Hard,No,Finished,2012-08-06,2012,2026-08-22,3685
2012-422,Cincinnati Masters,Masters 1000,56,Hard,No,Finished,2012-08-06,2012,2026-08-22,3686
2012-423,Los Angeles,Other,28,Hard,No,Finished,2012-07-23,2012,2026-08-22,3687
2012-424,San Jose,Other,28,Hard,No,Finished,2012-02-13,2012,2026-08-22,3688
2012-425,Barcelona,Other,56,Clay,No,Finished,2012-04-23,2012,2026-08-22,3689
2012-429,Stockholm,Other,28,Hard,No,Finished,2012-10-15,2012,2026-08-22,3690
2012-438,Moscow,Other,28,Hard,No,Finished,2012-10-15,2012,2026-08-22,3691
2012-439,Umag,Other,28,Clay,No,Finished,2012-07-09,2012,2026-08-22,3692
2012-440,s Hertogenbosch,Other,32,Grass,No,Finished,2012-06-11,2012,2026-08-22,3693
2012-451,Doha,Other,32,Hard,No,Finished,2012-01-02,2012,2026-08-22,3694
2012-468,Estoril,Other,28,Clay,No,Finished,2012-04-30,2012,2026-08-22,3695
2012-495,Dubai,Other,32,Hard,No,Finished,2012-02-27,2012,2026-08-22,3696
2012-496,Marseille,Other,28,Hard,No,Finished,2012-02-20,2012,2026-08-22,3697
2012-499,Delray Beach,Other,32,Hard,No,Finished,2012-02-27,2012,2026-08-22,3698
2012-500,Halle,Other,28,Grass,No,Finished,2012-06-11,2012,2026-08-22,3699
2012-5014,Shanghai Masters,Masters 1000,56,Hard,No,Finished,2012-10-01,2012,2026-08-22,3700
2012-505,Santiago,Other,28,Clay,No,Finished,2012-01-30,2012,2026-08-22,3701
2012-5053,Belgrade,Other,28,Clay,No,Finished,2012-04-30,2012,2026-08-22,3702
2012-506,Buenos Aires,Other,32,Clay,No,Finished,2012-02-20,2012,2026-08-22,3703
2012-520,Roland Garros,Grand Slam,128,Clay,No,Finished,2012-05-21,2012,2026-08-22,3704
2012-533,Sao Paulo,Other,28,Clay,No,Finished,2012-02-13,2012,2026-08-22,3705
2012-540,Wimbledon,Grand Slam,128,Grass,No,Finished,2012-06-25,2012,2026-08-22,3706
2012-560,US Open,Grand Slam,128,Hard,No,Finished,2012-08-27,2012,2026-08-22,3707
2012-568,St. Petersburg,Other,32,Hard,No,Finished,2012-09-17,2012,2026-08-22,3708
2012-573,Valencia,Other,32,Hard,No,Finished,2012-10-15,2012,2026-08-22,3709
2012-580,Australian Open,Grand Slam,128,Hard,No,Finished,2012-01-16,2012,2026-08-22,3710
2012-6003,Kuala Lumpur,Other,28,Hard,No,Finished,2012-09-24,2012,2026-08-22,3711
2012-605,Tour Finals,ATP Finals,8,Hard,No,Finished,2012-11-05,2012,2026-08-22,3712
2012-6116,Atlanta,Other,28,Hard,No,Finished,2012-07-16,2012,2026-08-22,3713
2012-6120,Nice,Other,28,Clay,No,Finished,2012-05-14,2012,2026-08-22,3714
2012-6242,Winston-Salem,Other,48,Hard,No,Finished,2012-08-13,2012,2026-08-22,3715
2012-717,Houston,Other,28,Clay,No,Finished,2012-04-09,2012,2026-08-22,3716
2012-741,Eastbourne,Other,28,Grass,No,Finished,2012-06-18,2012,2026-08-22,3717
2012-747,Beijing,Other,32,Hard,No,Finished,2012-10-01,2012,2026-08-22,3718
2012-773,Bucharest,Other,28,Clay,No,Finished,2012-04-23,2012,2026-08-22,3719
2012-807,Acapulco,Other,32,Clay,No,Finished,2012-02-27,2012,2026-08-22,3720
2012-891,Chennai,Other,28,Hard,No,Finished,2012-01-02,2012,2026-08-22,3721
2013-1536,Madrid Masters,Masters 1000,56,Clay,No,Finished,2013-04-29,2013,2026-08-22,3722
2013-1720,Bangkok,Other,28,Hard,No,Finished,2013-09-23,2013,2026-08-22,3723
2013-2276,Zagreb,Other,28,Hard,No,Finished,2013-02-04,2013,2026-08-22,3724
2013-301,Auckland,Other,28,Hard,No,Finished,2013-01-07,2013,2026-08-22,3725
2013-308,Munich,Other,28,Clay,No,Finished,2013-04-29,2013,2026-08-22,3726
2013-311,Queen's Club,Other,56,Grass,No,Finished,2013-06-10,2013,2026-08-22,3727
2013-314,Gstaad,Other,28,Clay,No,Finished,2013-07-22,2013,2026-08-22,3728
2013-315,Newport,Other,32,Grass,No,Finished,2013-07-08,2013,2026-08-22,3729
2013-316,Bastad,Other,28,Clay,No,Finished,2013-07-08,2013,2026-08-22,3730
2013-319,Kitzbuhel,Other,28,Clay,No,Finished,2013-07-22,2013,2026-08-22,3731
2013-321,Stuttgart,Other,28,Clay,No,Finished,2013-07-08,2013,2026-08-22,3732
2013-328,Basel,Other,32,Hard,No,Finished,2013-10-21,2013,2026-08-22,3733
2013-329,Tokyo,Other,32,Hard,No,Finished,2013-09-30,2013,2026-08-22,3734
2013-337,Vienna,Other,28,Hard,No,Finished,2013-10-14,2013,2026-08-22,3735
2013-338,Sydney,Other,28,Hard,No,Finished,2013-01-07,2013,2026-08-22,3736
2013-339,Brisbane,Other,28,Hard,No,Finished,2012-12-24,2012,2026-08-22,3737
2013-341,Metz,Other,28,Hard,No,Finished,2013-09-16,2013,2026-08-22,3738
2013-352,Paris Masters,Masters 1000,48,Hard,No,Finished,2013-10-28,2013,2026-08-22,3739
2013-360,Casablanca,Other,28,Clay,No,Finished,2013-04-08,2013,2026-08-22,3740
2013-375,Montpellier,Other,28,Hard,No,Finished,2013-02-04,2013,2026-08-22,3741
2013-402,Memphis,Other,32,Hard,No,Finished,2013-02-18,2013,2026-08-22,3742
2013-403,Miami Masters,Masters 1000,96,Hard,No,Finished,2013-03-18,2013,2026-08-22,3743
2013-404,Indian Wells Masters,Masters 1000,96,Hard,No,Finished,2013-03-04,2013,2026-08-22,3744
2013-407,Rotterdam,Other,32,Hard,No,Finished,2013-02-11,2013,2026-08-22,3745
2013-410,Monte Carlo Masters,Masters 1000,56,Clay,No,Finished,2013-04-08,2013,2026-08-22,3746
2013-414,Hamburg,Other,48,Clay,No,Finished,2013-07-15,2013,2026-08-22,3747
2013-416,Rome Masters,Masters 1000,56,Clay,No,Finished,2013-05-06,2013,2026-08-22,3748
2013-418,Washington,Other,48,Hard,No,Finished,2013-07-29,2013,2026-08-22,3749
2013-421,Canada Masters,Masters 1000,56,Hard,No,Finished,2013-08-05,2013,2026-08-22,3750
2013-422,Cincinnati Masters,Masters 1000,56,Hard,No,Finished,2013-08-05,2013,2026-08-22,3751
2013-424,San Jose,Other,28,Hard,No,Finished,2013-02-11,2013,2026-08-22,3752
2013-425,Barcelona,Other,48,Clay,No,Finished,2013-04-22,2013,2026-08-22,3753
2013-429,Stockholm,Other,28,Hard,No,Finished,2013-10-14,2013,2026-08-22,3754
2013-438,Moscow,Other,28,Hard,No,Finished,2013-10-14,2013,2026-08-22,3755
2013-439,Umag,Other,28,Clay,No,Finished,2013-07-22,2013,2026-08-22,3756
2013-440,s Hertogenbosch,Other,32,Grass,No,Finished,2013-06-10,2013,2026-08-22,3757
2013-451,Doha,Other,32,Hard,No,Finished,2012-12-31,2012,2026-08-22,3758
2013-468,Estoril,Other,28,Clay,No,Finished,2013-04-29,2013,2026-08-22,3759
2013-495,Dubai,Other,32,Hard,No,Finished,2013-02-25,2013,2026-08-22,3760
2013-496,Marseille,Other,28,Hard,No,Finished,2013-02-18,2013,2026-08-22,3761
2013-499,Delray Beach,Other,32,Hard,No,Finished,2013-02-25,2013,2026-08-22,3762
2013-500,Halle,Other,28,Grass,No,Finished,2013-06-10,2013,2026-08-22,3763
2013-5014,Shanghai Masters,Masters 1000,56,Hard,No,Finished,2013-10-07,2013,2026-08-22,3764
2013-505,Santiago,Other,28,Clay,No,Finished,2013-02-04,2013,2026-08-22,3765
2013-506,Buenos Aires,Other,32,Clay,No,Finished,2013-02-18,2013,2026-08-22,3766
2013-520,Roland Garros,Grand Slam,128,Clay,No,Finished,2013-05-27,2013,2026-08-22,3767
2013-533,Sao Paulo,Other,28,Clay,No,Finished,2013-02-11,2013,2026-08-22,3768
2013-540,Wimbledon,Grand Slam,128,Grass,No,Finished,2013-06-24,2013,2026-08-22,3769
2013-560,US Open,Grand Slam,128,Hard,No,Finished,2013-08-26,2013,2026-08-22,3770
2013-568,St. Petersburg,Other,32,Hard,No,Finished,2013-09-16,2013,2026-08-22,3771
2013-573,Valencia,Other,32,Hard,No,Finished,2013-10-21,2013,2026-08-22,3772
2013-580,Australian Open,Grand Slam,128,Hard,No,Finished,2013-01-14,2013,2026-08-22,3773
2013-6003,Kuala Lumpur,Other,28,Hard,No,Finished,2013-09-23,2013,2026-08-22,3774
2013-605,Tour Finals,ATP Finals,8,Hard,No,Finished,2013-11-04,2013,2026-08-22,3775
2013-6116,Atlanta,Other,28,Hard,No,Finished,2013-07-22,2013,2026-08-22,3776
2013-6120,Nice,Other,28,Clay,No,Finished,2013-05-13,2013,2026-08-22,3777
2013-6242,Winston-Salem,Other,48,Hard,No,Finished,2013-08-12,2013,2026-08-22,3778
2013-6718,Bogota,Other,28,Hard,No,Finished,2013-07-15,2013,2026-08-22,3779
2013-717,Houston,Other,28,Clay,No,Finished,2013-04-08,2013,2026-08-22,3780
2013-741,Eastbourne,Other,28,Grass,No,Finished,2013-06-17,2013,2026-08-22,3781
2013-747,Beijing,Other,32,Hard,No,Finished,2013-09-30,2013,2026-08-22,3782
2013-773,Bucharest,Other,28,Clay,No,Finished,2013-04-22,2013,2026-08-22,3783
2013-807,Acapulco,Other,32,Clay,No,Finished,2013-02-25,2013,2026-08-22,3784
2013-891,Chennai,Other,28,Hard,No,Finished,2012-12-31,2012,2026-08-22,3785
2014-1536,Madrid Masters,Masters 1000,56,Clay,No,Finished,2014-04-28,2014,2026-08-22,3786
2014-2276,Zagreb,Other,28,Hard,No,Finished,2014-02-03,2014,2026-08-22,3787
2014-301,Auckland,Other,28,Hard,No,Finished,2014-01-06,2014,2026-08-22,3788
2014-308,Munich,Other,28,Clay,No,Finished,2014-04-28,2014,2026-08-22,3789
2014-311,Queen's Club,Other,56,Grass,No,Finished,2014-06-09,2014,2026-08-22,3790
2014-314,Gstaad,Other,28,Clay,No,Finished,2014-07-21,2014,2026-08-22,3791
2014-315,Newport,Other,32,Grass,No,Finished,2014-07-07,2014,2026-08-22,3792
2014-316,Bastad,Other,28,Clay,No,Finished,2014-07-07,2014,2026-08-22,3793
2014-319,Kitzbuhel,Other,28,Clay,No,Finished,2014-07-21,2014,2026-08-22,3794
2014-321,Stuttgart,Other,28,Clay,No,Finished,2014-07-07,2014,2026-08-22,3795
2014-328,Basel,Other,32,Hard,No,Finished,2014-10-20,2014,2026-08-22,3796
2014-329,Tokyo,Other,32,Hard,No,Finished,2014-09-29,2014,2026-08-22,3797
2014-337,Vienna,Other,28,Hard,No,Finished,2014-10-13,2014,2026-08-22,3798
2014-338,Sydney,Other,28,Hard,No,Finished,2014-01-06,2014,2026-08-22,3799
2014-339,Brisbane,Other,28,Hard,No,Finished,2013-12-23,2013,2026-08-22,3800
2014-341,Metz,Other,28,Hard,No,Finished,2014-09-15,2014,2026-08-22,3801
2014-352,Paris Masters,Masters 1000,48,Hard,No,Finished,2014-10-27,2014,2026-08-22,3802
2014-360,Casablanca,Other,28,Clay,No,Finished,2014-04-07,2014,2026-08-22,3803
2014-375,Montpellier,Other,28,Hard,No,Finished,2014-02-03,2014,2026-08-22,3804
2014-402,Memphis,Other,28,Hard,No,Finished,2014-02-10,2014,2026-08-22,3805
2014-403,Miami Masters,Masters 1000,96,Hard,No,Finished,2014-03-17,2014,2026-08-22,3806
2014-404,Indian Wells Masters,Masters 1000,96,Hard,No,Finished,2014-03-03,2014,2026-08-22,3807
2014-407,Rotterdam,Other,32,Hard,No,Finished,2014-02-10,2014,2026-08-22,3808
2014-410,Monte Carlo Masters,Masters 1000,56,Clay,No,Finished,2014-04-07,2014,2026-08-22,3809
2014-414,Hamburg,Other,48,Clay,No,Finished,2014-07-14,2014,2026-08-22,3810
2014-416,Rome Masters,Masters 1000,56,Clay,No,Finished,2014-05-05,2014,2026-08-22,3811
2014-418,Washington,Other,48,Hard,No,Finished,2014-07-28,2014,2026-08-22,3812
2014-421,Canada Masters,Masters 1000,56,Hard,No,Finished,2014-08-04,2014,2026-08-22,3813
2014-422,Cincinnati Masters,Masters 1000,56,Hard,No,Finished,2014-08-04,2014,2026-08-22,3814
2014-425,Barcelona,Other,48,Clay,No,Finished,2014-04-21,2014,2026-08-22,3815
2014-429,Stockholm,Other,28,Hard,No,Finished,2014-10-13,2014,2026-08-22,3816
2014-438,Moscow,Other,28,Hard,No,Finished,2014-10-13,2014,2026-08-22,3817
2014-439,Umag,Other,28,Clay,No,Finished,2014-07-21,2014,2026-08-22,3818
2014-440,s Hertogenbosch,Other,32,Grass,No,Finished,2014-06-09,2014,2026-08-22,3819
2014-451,Doha,Other,32,Hard,No,Finished,2013-12-30,2013,2026-08-22,3820
2014-468,Estoril,Other,28,Clay,No,Finished,2014-04-28,2014,2026-08-22,3821
2014-495,Dubai,Other,32,Hard,No,Finished,2014-02-24,2014,2026-08-22,3822
2014-496,Marseille,Other,28,Hard,No,Finished,2014-02-17,2014,2026-08-22,3823
2014-499,Delray Beach,Other,32,Hard,No,Finished,2014-02-17,2014,2026-08-22,3824
2014-500,Halle,Other,28,Grass,No,Finished,2014-06-09,2014,2026-08-22,3825
2014-5014,Shanghai Masters,Masters 1000,56,Hard,No,Finished,2014-09-29,2014,2026-08-22,3826
2014-505,Vina del Mar,Other,28,Clay,No,Finished,2014-02-03,2014,2026-08-22,3827
2014-506,Buenos Aires,Other,32,Clay,No,Finished,2014-02-10,2014,2026-08-22,3828
2014-520,Roland Garros,Grand Slam,128,Clay,No,Finished,2014-05-26,2014,2026-08-22,3829
2014-533,Sao Paulo,Other,28,Clay,No,Finished,2014-02-24,2014,2026-08-22,3830
2014-540,Wimbledon,Grand Slam,128,Grass,No,Finished,2014-06-23,2014,2026-08-22,3831
2014-560,US Open,Grand Slam,128,Hard,No,Finished,2014-08-25,2014,2026-08-22,3832
2014-573,Valencia,Other,32,Hard,No,Finished,2014-10-20,2014,2026-08-22,3833
2014-580,Australian Open,Grand Slam,128,Hard,No,Finished,2014-01-13,2014,2026-08-22,3834
2014-6003,Kuala Lumpur,Other,28,Hard,No,Finished,2014-09-22,2014,2026-08-22,3835
2014-605,Tour Finals,ATP Finals,8,Hard,No,Finished,2014-11-03,2014,2026-08-22,3836
2014-6116,Atlanta,Other,28,Hard,No,Finished,2014-07-21,2014,2026-08-22,3837
2014-6120,Nice,Other,28,Clay,No,Finished,2014-05-12,2014,2026-08-22,3838
2014-6242,Winston-Salem,Other,48,Hard,No,Finished,2014-08-11,2014,2026-08-22,3839
2014-6718,Bogota,Other,28,Hard,No,Finished,2014-07-14,2014,2026-08-22,3840
2014-6932,Rio de Janeiro,Other,32,Clay,No,Finished,2014-02-17,2014,2026-08-22,3841
2014-6967,Shenzhen,Other,28,Hard,No,Finished,2014-09-22,2014,2026-08-22,3842
2014-717,Houston,Other,28,Clay,No,Finished,2014-04-07,2014,2026-08-22,3843
2014-741,Eastbourne,Other,28,Grass,No,Finished,2014-06-16,2014,2026-08-22,3844
2014-747,Beijing,Other,32,Hard,No,Finished,2014-09-29,2014,2026-08-22,3845
2014-773,Bucharest,Other,28,Clay,No,Finished,2014-04-21,2014,2026-08-22,3846
2014-807,Acapulco,Other,32,Hard,No,Finished,2014-02-24,2014,2026-08-22,3847
2014-891,Chennai,Other,28,Hard,No,Finished,2013-12-30,2013,2026-08-22,3848
2015-1536,Madrid Masters,Masters 1000,56,Clay,No,Finished,2015-04-27,2015,2026-08-22,3849
2015-2276,Zagreb,Other,28,Hard,No,Finished,2015-02-02,2015,2026-08-22,3850
2015-301,Auckland,Other,28,Hard,No,Finished,2015-01-12,2015,2026-08-22,3851
2015-308,Munich,Other,28,Clay,No,Finished,2015-04-27,2015,2026-08-22,3852
2015-311,Queen's Club,Other,32,Grass,No,Finished,2015-06-15,2015,2026-08-22,3853
2015-314,Gstaad,Other,28,Clay,No,Finished,2015-07-27,2015,2026-08-22,3854
2015-315,Newport,Other,32,Grass,No,Finished,2015-07-13,2015,2026-08-22,3855
2015-316,Bastad,Other,28,Clay,No,Finished,2015-07-20,2015,2026-08-22,3856
2015-319,Kitzbuhel,Other,28,Clay,No,Finished,2015-08-03,2015,2026-08-22,3857
2015-321,Stuttgart,Other,28,Grass,No,Finished,2015-06-08,2015,2026-08-22,3858
2015-322,Geneva,Other,28,Clay,No,Finished,2015-05-11,2015,2026-08-22,3859
2015-328,Basel,Other,32,Hard,No,Finished,2015-10-26,2015,2026-08-22,3860
2015-329,Tokyo,Other,32,Hard,No,Finished,2015-10-05,2015,2026-08-22,3861
2015-337,Vienna,Other,32,Hard,No,Finished,2015-10-19,2015,2026-08-22,3862
2015-338,Sydney,Other,28,Hard,No,Finished,2015-01-05,2015,2026-08-22,3863
2015-339,Brisbane,Other,28,Hard,No,Finished,2014-12-29,2015,2026-08-22,3864
2015-341,Metz,Other,28,Hard,No,Finished,2015-09-21,2015,2026-08-22,3865
2015-352,Paris Masters,Masters 1000,48,Hard,No,Finished,2015-11-02,2015,2026-08-22,3866
2015-360,Casablanca,Other,28,Clay,No,Finished,2015-04-06,2015,2026-08-22,3867
2015-375,Montpellier,Other,28,Hard,No,Finished,2015-02-02,2015,2026-08-22,3868
2015-402,Memphis,Other,28,Hard,No,Finished,2015-02-09,2015,2026-08-22,3869
2015-403,Miami Masters,Masters 1000,96,Hard,No,Finished,2015-03-23,2015,2026-08-22,3870
2015-404,Indian Wells Masters,Masters 1000,96,Hard,No,Finished,2015-03-09,2015,2026-08-22,3871
2015-407,Rotterdam,Other,32,Hard,No,Finished,2015-02-09,2015,2026-08-22,3872
2015-410,Monte Carlo Masters,Masters 1000,56,Clay,No,Finished,2015-04-06,2015,2026-08-22,3873
2015-414,Hamburg,Other,32,Clay,No,Finished,2015-07-27,2015,2026-08-22,3874
2015-416,Rome Masters,Masters 1000,56,Clay,No,Finished,2015-05-04,2015,2026-08-22,3875
2015-418,Washington,Other,48,Hard,No,Finished,2015-08-03,2015,2026-08-22,3876
2015-421,Canada Masters,Masters 1000,56,Hard,No,Finished,2015-08-10,2015,2026-08-22,3877
2015-422,Cincinnati Masters,Masters 1000,56,Hard,No,Finished,2015-08-10,2015,2026-08-22,3878
2015-425,Barcelona,Other,48,Clay,No,Finished,2015-04-20,2015,2026-08-22,3879
2015-429,Stockholm,Other,28,Hard,No,Finished,2015-10-19,2015,2026-08-22,3880
2015-438,Moscow,Other,28,Hard,No,Finished,2015-10-19,2015,2026-08-22,3881
2015-439,Umag,Other,28,Clay,No,Finished,2015-07-20,2015,2026-08-22,3882
2015-440,s Hertogenbosch,Other,28,Grass,No,Finished,2015-06-08,2015,2026-08-22,3883
2015-451,Doha,Other,32,Hard,No,Finished,2015-01-05,2015,2026-08-22,3884
2015-495,Dubai,Other,32,Hard,No,Finished,2015-02-23,2015,2026-08-22,3885
2015-496,Marseille,Other,28,Hard,No,Finished,2015-02-16,2015,2026-08-22,3886
2015-499,Delray Beach,Other,32,Hard,No,Finished,2015-02-16,2015,2026-08-22,3887
2015-500,Halle,Other,32,Grass,No,Finished,2015-06-15,2015,2026-08-22,3888
2015-5014,Shanghai Masters,Masters 1000,56,Hard,No,Finished,2015-10-05,2015,2026-08-22,3889
2015-506,Buenos Aires,Other,28,Clay,No,Finished,2015-02-23,2015,2026-08-22,3890
2015-520,Roland Garros,Grand Slam,128,Clay,No,Finished,2015-05-18,2015,2026-08-22,3891
2015-533,Sao Paulo,Other,28,Clay,No,Finished,2015-02-09,2015,2026-08-22,3892
2015-540,Wimbledon,Grand Slam,128,Grass,No,Finished,2015-06-29,2015,2026-08-22,3893
2015-560,US Open,Grand Slam,128,Hard,No,Finished,2015-08-31,2015,2026-08-22,3894
2015-568,St. Petersburg,Other,28,Hard,No,Finished,2015-09-21,2015,2026-08-22,3895
2015-573,Valencia,Other,28,Hard,No,Finished,2015-10-26,2015,2026-08-22,3896
2015-580,Australian Open,Grand Slam,128,Hard,No,Finished,2015-01-19,2015,2026-08-22,3897
2015-6003,Kuala Lumpur,Other,28,Hard,No,Finished,2015-09-28,2015,2026-08-22,3898
2015-605,Tour Finals,ATP Finals,8,Hard,No,Finished,2015-11-09,2015,2026-08-22,3899
2015-6116,Atlanta,Other,28,Hard,No,Finished,2015-07-27,2015,2026-08-22,3900
2015-6120,Nice,Other,28,Clay,No,Finished,2015-05-11,2015,2026-08-22,3901
2015-6242,Winston-Salem,Other,48,Hard,No,Finished,2015-08-17,2015,2026-08-22,3902
2015-6718,Bogota,Other,28,Hard,No,Finished,2015-07-20,2015,2026-08-22,3903
2015-6932,Rio de Janeiro,Other,32,Clay,No,Finished,2015-02-16,2015,2026-08-22,3904
2015-6967,Shenzhen,Other,28,Hard,No,Finished,2015-09-28,2015,2026-08-22,3905
2015-7161,Quito,Other,28,Clay,No,Finished,2015-02-02,2015,2026-08-22,3906
2015-7163,Istanbul,Other,28,Clay,No,Finished,2015-04-27,2015,2026-08-22,3907
2015-717,Houston,Other,28,Clay,No,Finished,2015-04-06,2015,2026-08-22,3908
2015-7290,Estoril,Other,28,Clay,No,Finished,2015-04-27,2015,2026-08-22,3909
2015-741,Nottingham,Other,48,Grass,No,Finished,2015-06-15,2015,2026-08-22,3910
2015-747,Beijing,Other,32,Hard,No,Finished,2015-10-05,2015,2026-08-22,3911
2015-773,Bucharest,Other,28,Clay,No,Finished,2015-04-20,2015,2026-08-22,3912
2015-807,Acapulco,Other,32,Hard,No,Finished,2015-02-23,2015,2026-08-22,3913
2015-891,Chennai,Other,28,Hard,No,Finished,2015-01-05,2015,2026-08-22,3914
2016-0301,Auckland,Other,32,Hard,No,Finished,2016-01-11,2016,2026-08-22,3915
2016-0308,Munich,Other,32,Clay,No,Finished,2016-04-25,2016,2026-08-22,3916
2016-0311,Queen's Club,Other,32,Grass,No,Finished,2016-06-13,2016,2026-08-22,3917
2016-0314,Gstaad,Other,32,Clay,No,Finished,2016-07-18,2016,2026-08-22,3918
2016-0315,Newport,Other,32,Grass,No,Finished,2016-07-11,2016,2026-08-22,3919
2016-0316,Bastad,Other,32,Clay,No,Finished,2016-07-11,2016,2026-08-22,3920
2016-0319,Kitzbuhel,Other,32,Clay,No,Finished,2016-07-18,2016,2026-08-22,3921
2016-0321,Stuttgart,Other,32,Grass,No,Finished,2016-06-06,2016,2026-08-22,3922
2016-0322,Geneva,Other,32,Clay,No,Finished,2016-05-16,2016,2026-08-22,3923
2016-0328,Basel,Other,32,Hard,No,Finished,2016-10-24,2016,2026-08-22,3924
2016-0329,Tokyo,Other,32,Hard,No,Finished,2016-10-03,2016,2026-08-22,3925
2016-0337,Vienna,Other,32,Hard,No,Finished,2016-10-24,2016,2026-08-22,3926
2016-0341,Metz,Other,32,Hard,No,Finished,2016-09-19,2016,2026-08-22,3927
2016-0352,Paris Masters,Masters 1000,64,Hard,No,Finished,2016-10-31,2016,2026-08-22,3928
2016-0360,Marrakech,Other,32,Clay,No,Finished,2016-04-04,2016,2026-08-22,3929
2016-0375,Montpellier,Other,32,Hard,No,Finished,2016-02-01,2016,2026-08-22,3930
2016-0402,Memphis,Other,32,Hard,No,Finished,2016-02-08,2016,2026-08-22,3931
2016-0407,Rotterdam,Other,32,Hard,No,Finished,2016-02-08,2016,2026-08-22,3932
2016-0410,Monte Carlo Masters,Masters 1000,64,Clay,No,Finished,2016-04-11,2016,2026-08-22,3933
2016-0414,Hamburg,Other,32,Clay,No,Finished,2016-07-11,2016,2026-08-22,3934
2016-0421,Canada Masters,Masters 1000,64,Hard,No,Finished,2016-07-25,2016,2026-08-22,3935
2016-0425,Barcelona,Other,64,Clay,No,Finished,2016-04-18,2016,2026-08-22,3936
2016-0429,Stockholm,Other,32,Hard,No,Finished,2016-10-17,2016,2026-08-22,3937
2016-0439,Umag,Other,32,Clay,No,Finished,2016-07-18,2016,2026-08-22,3938
2016-0451,Doha,Other,32,Hard,No,Finished,2016-01-04,2016,2026-08-22,3939
2016-0495,Dubai,Other,32,Hard,No,Finished,2016-02-22,2016,2026-08-22,3940
2016-0496,Marseille,Other,32,Hard,No,Finished,2016-02-15,2016,2026-08-22,3941
2016-0499,Delray Beach,Other,32,Hard,No,Finished,2016-02-15,2016,2026-08-22,3942
2016-0500,Halle,Other,32,Grass,No,Finished,2016-06-13,2016,2026-08-22,3943
2016-0506,Buenos Aires,Other,32,Clay,No,Finished,2016-02-08,2016,2026-08-22,3944
2016-0533,Sao Paulo,Other,32,Clay,No,Finished,2016-02-22,2016,2026-08-22,3945
2016-0568,St. Petersburg,Other,32,Hard,No,Finished,2016-09-19,2016,2026-08-22,3946
2016-0605,Tour Finals,ATP Finals,8,Hard,No,Finished,2016-11-14,2016,2026-08-22,3947
2016-0717,Houston,Other,32,Clay,No,Finished,2016-04-04,2016,2026-08-22,3948
2016-0741,Nottingham,Other,64,Grass,No,Finished,2016-06-20,2016,2026-08-22,3949
2016-0773,Bucharest,Other,32,Clay,No,Finished,2016-04-18,2016,2026-08-22,3950
2016-0891,Chennai,Other,32,Hard,No,Finished,2016-01-04,2016,2026-08-22,3951
2016-5014,Shanghai Masters,Masters 1000,64,Hard,No,Finished,2016-10-10,2016,2026-08-22,3952
2016-520,Roland Garros,Grand Slam,128,Clay,No,Finished,2016-05-23,2016,2026-08-22,3953
2016-540,Wimbledon,Grand Slam,128,Grass,No,Finished,2016-06-27,2016,2026-08-22,3954
2016-560,US Open,Grand Slam,128,Hard,No,Finished,2016-08-29,2016,2026-08-22,3955
2016-580,Australian Open,Grand Slam,128,Hard,No,Finished,2016-01-18,2016,2026-08-22,3956
2016-6116,Atlanta,Other,32,Hard,No,Finished,2016-08-01,2016,2026-08-22,3957
2016-6120,Nice,Other,32,Clay,No,Finished,2016-05-16,2016,2026-08-22,3958
2016-6242,Winston-Salem,Other,64,Hard,No,Finished,2016-08-22,2016,2026-08-22,3959
2016-6967,Shenzhen,Other,32,Hard,No,Finished,2016-09-26,2016,2026-08-22,3960
2016-7161,Quito,Other,32,Clay,No,Finished,2016-02-01,2016,2026-08-22,3961
2016-7163,Istanbul,Other,32,Clay,No,Finished,2016-04-25,2016,2026-08-22,3962
2016-7290,Estoril,Other,32,Clay,No,Finished,2016-04-25,2016,2026-08-22,3963
2016-7434,Sofia,Other,32,Hard,No,Finished,2016-02-01,2016,2026-08-22,3964
2016-7480,Los Cabos,Other,32,Hard,No,Finished,2016-08-08,2016,2026-08-22,3965
2016-7485,Antwerp,Other,32,Hard,No,Finished,2016-10-17,2016,2026-08-22,3966
2016-7581,Chengdu,Other,32,Hard,No,Finished,2016-09-26,2016,2026-08-22,3967
2016-M001,Sydney,Other,32,Hard,No,Finished,2016-01-11,2016,2026-08-22,3968
2016-M004,Acapulco,Other,32,Hard,No,Finished,2016-02-22,2016,2026-08-22,3969
2016-M006,Indian Wells Masters,Masters 1000,128,Hard,No,Finished,2016-03-07,2016,2026-08-22,3970
2016-M007,Miami Masters,Masters 1000,128,Hard,No,Finished,2016-03-21,2016,2026-08-22,3971
2016-M009,Rome Masters,Masters 1000,64,Clay,No,Finished,2016-05-09,2016,2026-08-22,3972
2016-M010,s Hertogenbosch,Other,32,Grass,No,Finished,2016-06-06,2016,2026-08-22,3973
2016-M014,Moscow,Other,32,Hard,No,Finished,2016-10-17,2016,2026-08-22,3974
2016-M015,Beijing,Other,32,Hard,No,Finished,2016-10-03,2016,2026-08-22,3975
2016-M020,Brisbane,Other,32,Hard,No,Finished,2016-01-04,2016,2026-08-22,3976
2016-M021,Madrid Masters,Masters 1000,64,Clay,No,Finished,2016-05-02,2016,2026-08-22,3977
2016-M024,Cincinnati Masters,Masters 1000,64,Hard,No,Finished,2016-08-15,2016,2026-08-22,3978
2016-M035,Washington,Other,64,Hard,No,Finished,2016-07-18,2016,2026-08-22,3979
2016-M052,Rio de Janeiro,Other,32,Clay,No,Finished,2016-02-15,2016,2026-08-22,3980
2017-0301,Auckland,Other,32,Hard,No,Finished,2017-01-09,2017,2026-08-22,3981
2017-0308,Munich,Other,32,Clay,No,Finished,2017-05-01,2017,2026-08-22,3982
2017-0311,Queen's Club,Other,32,Grass,No,Finished,2017-06-19,2017,2026-08-22,3983
2017-0314,Gstaad,Other,32,Clay,No,Finished,2017-07-24,2017,2026-08-22,3984
2017-0315,Newport,Other,32,Grass,No,Finished,2017-07-17,2017,2026-08-22,3985
2017-0316,Bastad,Other,32,Clay,No,Finished,2017-07-17,2017,2026-08-22,3986
2017-0319,Kitzbuhel,Other,32,Clay,No,Finished,2017-07-31,2017,2026-08-22,3987
2017-0321,Stuttgart,Other,32,Grass,No,Finished,2017-06-12,2017,2026-08-22,3988
2017-0322,Geneva,Other,32,Clay,No,Finished,2017-05-22,2017,2026-08-22,3989
2017-0328,Basel,Other,32,Hard,No,Finished,2017-10-23,2017,2026-08-22,3990
2017-0329,Tokyo,Other,32,Hard,No,Finished,2017-10-02,2017,2026-08-22,3991
2017-0337,Vienna,Other,32,Hard,No,Finished,2017-10-23,2017,2026-08-22,3992
2017-0341,Metz,Other,32,Hard,No,Finished,2017-09-18,2017,2026-08-22,3993
2017-0352,Paris Masters,Masters 1000,64,Hard,No,Finished,2017-10-30,2017,2026-08-22,3994
2017-0360,Marrakech,Other,32,Clay,No,Finished,2017-04-10,2017,2026-08-22,3995
2017-0375,Montpellier,Other,32,Hard,No,Finished,2017-02-06,2017,2026-08-22,3996
2017-0402,Memphis,Other,32,Hard,No,Finished,2017-02-13,2017,2026-08-22,3997
2017-0407,Rotterdam,Other,32,Hard,No,Finished,2017-02-13,2017,2026-08-22,3998
2017-0410,Monte Carlo Masters,Masters 1000,64,Clay,No,Finished,2017-04-17,2017,2026-08-22,3999
2017-0414,Hamburg,Other,32,Clay,No,Finished,2017-07-24,2017,2026-08-22,4000
2017-0421,Canada Masters,Masters 1000,64,Hard,No,Finished,2017-08-07,2017,2026-08-22,4001
2017-0425,Barcelona,Other,64,Clay,No,Finished,2017-04-24,2017,2026-08-22,4002
2017-0429,Stockholm,Other,32,Hard,No,Finished,2017-10-16,2017,2026-08-22,4003
2017-0439,Umag,Other,32,Clay,No,Finished,2017-07-17,2017,2026-08-22,4004
2017-0451,Doha,Other,32,Hard,No,Finished,2017-01-02,2017,2026-08-22,4005
2017-0495,Dubai,Other,32,Hard,No,Finished,2017-02-27,2017,2026-08-22,4006
2017-0496,Marseille,Other,32,Hard,No,Finished,2017-02-20,2017,2026-08-22,4007
2017-0499,Delray Beach,Other,32,Hard,No,Finished,2017-02-20,2017,2026-08-22,4008
2017-0500,Halle,Other,32,Grass,No,Finished,2017-06-19,2017,2026-08-22,4009
2017-0506,Buenos Aires,Other,32,Clay,No,Finished,2017-02-13,2017,2026-08-22,4010
2017-0533,Sao Paulo,Other,32,Clay,No,Finished,2017-02-27,2017,2026-08-22,4011
2017-0568,St. Petersburg,Other,32,Hard,No,Finished,2017-09-18,2017,2026-08-22,4012
2017-0605,Tour Finals,ATP Finals,8,Hard,No,Finished,2017-11-13,2017,2026-08-22,4013
2017-0717,Houston,Other,32,Clay,No,Finished,2017-04-10,2017,2026-08-22,4014
2017-0891,Chennai,Other,32,Hard,No,Finished,2017-01-02,2017,2026-08-22,4015
2017-5014,Shanghai Masters,Masters 1000,64,Hard,No,Finished,2017-10-09,2017,2026-08-22,4016
2017-520,Roland Garros,Grand Slam,128,Clay,No,Finished,2017-05-29,2017,2026-08-22,4017
2017-540,Wimbledon,Grand Slam,128,Grass,No,Finished,2017-07-03,2017,2026-08-22,4018
2017-560,US Open,Grand Slam,128,Hard,No,Finished,2017-08-28,2017,2026-08-22,4019
2017-580,Australian Open,Grand Slam,128,Hard,No,Finished,2017-01-16,2017,2026-08-22,4020
2017-6116,Atlanta,Other,32,Hard,No,Finished,2017-07-24,2017,2026-08-22,4021
2017-6242,Winston-Salem,Other,64,Hard,No,Finished,2017-08-21,2017,2026-08-22,4022
2017-6932,Rio de Janeiro,Other,32,Clay,No,Finished,2017-02-20,2017,2026-08-22,4023
2017-6967,Shenzhen,Other,32,Hard,No,Finished,2017-09-25,2017,2026-08-22,4024
2017-7161,Quito,Other,32,Clay,No,Finished,2017-02-06,2017,2026-08-22,4025
2017-7163,Istanbul,Other,32,Clay,No,Finished,2017-05-01,2017,2026-08-22,4026
2017-7290,Estoril,Other,32,Clay,No,Finished,2017-05-01,2017,2026-08-22,4027
2017-7434,Sofia,Other,32,Hard,No,Finished,2017-02-06,2017,2026-08-22,4028
2017-7480,Los Cabos,Other,32,Hard,No,Finished,2017-07-31,2017,2026-08-22,4029
2017-7485,Antwerp,Other,32,Hard,No,Finished,2017-10-16,2017,2026-08-22,4030
2017-7581,Chengdu,Other,32,Hard,No,Finished,2017-09-25,2017,2026-08-22,4031
2017-7648,Budapest,Other,32,Clay,No,Finished,2017-04-24,2017,2026-08-22,4032
2017-7650,Antalya,Other,32,Grass,No,Finished,2017-06-26,2017,2026-08-22,4033
2017-7694,Lyon,Other,32,Clay,No,Finished,2017-05-22,2017,2026-08-22,4034
2017-7696,NextGen Finals,ATP Finals,8,Hard,No,Finished,2017-11-06,2017,2026-08-22,4035
2017-M001,Sydney,Other,32,Hard,No,Finished,2017-01-09,2017,2026-08-22,4036
2017-M004,Acapulco,Other,32,Hard,No,Finished,2017-02-27,2017,2026-08-22,4037
2017-M006,Indian Wells Masters,Masters 1000,128,Hard,No,Finished,2017-03-06,2017,2026-08-22,4038
2017-M007,Miami Masters,Masters 1000,128,Hard,No,Finished,2017-03-20,2017,2026-08-22,4039
2017-M009,Rome Masters,Masters 1000,64,Clay,No,Finished,2017-05-15,2017,2026-08-22,4040
2017-M010,s Hertogenbosch,Other,32,Grass,No,Finished,2017-06-12,2017,2026-08-22,4041
2017-M014,Moscow,Other,32,Hard,No,Finished,2017-10-16,2017,2026-08-22,4042
2017-M015,Beijing,Other,32,Hard,No,Finished,2017-10-02,2017,2026-08-22,4043
2017-M016,Eastbourne,Other,32,Grass,No,Finished,2017-06-26,2017,2026-08-22,4044
2017-M020,Brisbane,Other,32,Hard,No,Finished,2017-01-02,2017,2026-08-22,4045
2017-M021,Madrid Masters,Masters 1000,64,Clay,No,Finished,2017-05-08,2017,2026-08-22,4046
2017-M024,Cincinnati Masters,Masters 1000,64,Hard,No,Finished,2017-08-14,2017,2026-08-22,4047
2017-M035,Washington,Other,64,Hard,No,Finished,2017-07-31,2017,2026-08-22,4048
2018-0301,Auckland,Other,32,Hard,No,Finished,2018-01-08,2018,2026-08-22,4049
2018-0308,Munich,Other,32,Clay,No,Finished,2018-04-30,2018,2026-08-22,4050
2018-0311,Queen's Club,Other,32,Grass,No,Finished,2018-06-18,2018,2026-08-22,4051
2018-0314,Gstaad,Other,32,Clay,No,Finished,2018-07-23,2018,2026-08-22,4052
2018-0315,Newport,Other,32,Grass,No,Finished,2018-07-16,2018,2026-08-22,4053
2018-0316,Bastad,Other,32,Clay,No,Finished,2018-07-16,2018,2026-08-22,4054
2018-0319,Kitzbuhel,Other,32,Clay,No,Finished,2018-07-30,2018,2026-08-22,4055
2018-0321,Stuttgart,Other,32,Grass,No,Finished,2018-06-11,2018,2026-08-22,4056
2018-0322,Geneva,Other,32,Clay,No,Finished,2018-05-21,2018,2026-08-22,4057
2018-0328,Basel,Other,32,Hard,No,Finished,2018-10-22,2018,2026-08-22,4058
2018-0329,Tokyo,Other,32,Hard,No,Finished,2018-10-01,2018,2026-08-22,4059
2018-0337,Vienna,Other,32,Hard,No,Finished,2018-10-22,2018,2026-08-22,4060
2018-0341,Metz,Other,32,Hard,No,Finished,2018-09-17,2018,2026-08-22,4061
2018-0352,Paris Masters,Masters 1000,64,Hard,No,Finished,2018-10-29,2018,2026-08-22,4062
2018-0360,Marrakech,Other,32,Clay,No,Finished,2018-04-09,2018,2026-08-22,4063
2018-0375,Montpellier,Other,32,Hard,No,Finished,2018-02-05,2018,2026-08-22,4064
2018-0407,Rotterdam,Other,32,Hard,No,Finished,2018-02-12,2018,2026-08-22,4065
2018-0410,Monte Carlo Masters,Masters 1000,64,Clay,No,Finished,2018-04-16,2018,2026-08-22,4066
2018-0414,Hamburg,Other,32,Clay,No,Finished,2018-07-23,2018,2026-08-22,4067
2018-0421,Canada Masters,Masters 1000,64,Hard,No,Finished,2018-08-06,2018,2026-08-22,4068
2018-0424,New York,Other,32,Hard,No,Finished,2018-02-12,2018,2026-08-22,4069
2018-0425,Barcelona,Other,64,Clay,No,Finished,2018-04-23,2018,2026-08-22,4070
2018-0429,Stockholm,Other,32,Hard,No,Finished,2018-10-15,2018,2026-08-22,4071
2018-0439,Umag,Other,32,Clay,No,Finished,2018-07-16,2018,2026-08-22,4072
2018-0451,Doha,Other,32,Hard,No,Finished,2018-01-01,2018,2026-08-22,4073
2018-0495,Dubai,Other,32,Hard,No,Finished,2018-02-26,2018,2026-08-22,4074
2018-0496,Marseille,Other,32,Hard,No,Finished,2018-02-19,2018,2026-08-22,4075
2018-0499,Delray Beach,Other,32,Hard,No,Finished,2018-02-19,2018,2026-08-22,4076
2018-0500,Halle,Other,32,Grass,No,Finished,2018-06-18,2018,2026-08-22,4077
2018-0506,Buenos Aires,Other,32,Clay,No,Finished,2018-02-12,2018,2026-08-22,4078
2018-0533,Sao Paulo,Other,32,Clay,No,Finished,2018-02-26,2018,2026-08-22,4079
2018-0568,St. Petersburg,Other,32,Hard,No,Finished,2018-09-17,2018,2026-08-22,4080
2018-0605,Tour Finals,ATP Finals,8,Hard,No,Finished,2018-11-12,2018,2026-08-22,4081
2018-0717,Houston,Other,32,Clay,No,Finished,2018-04-09,2018,2026-08-22,4082
2018-0891,Pune,Other,32,Hard,No,Finished,2018-01-01,2018,2026-08-22,4083
2018-5014,Shanghai Masters,Masters 1000,64,Hard,No,Finished,2018-10-08,2018,2026-08-22,4084
2018-520,Roland Garros,Grand Slam,128,Clay,No,Finished,2018-05-28,2018,2026-08-22,4085
2018-540,Wimbledon,Grand Slam,128,Grass,No,Finished,2018-07-02,2018,2026-08-22,4086
2018-560,US Open,Grand Slam,128,Hard,No,Finished,2018-08-27,2018,2026-08-22,4087
2018-580,Australian Open,Grand Slam,128,Hard,No,Finished,2018-01-15,2018,2026-08-22,4088
2018-6116,Atlanta,Other,32,Hard,No,Finished,2018-07-23,2018,2026-08-22,4089
2018-6242,Winston-Salem,Other,64,Hard,No,Finished,2018-08-20,2018,2026-08-22,4090
2018-6932,Rio de Janeiro,Other,32,Clay,No,Finished,2018-02-19,2018,2026-08-22,4091
2018-6967,Shenzhen,Other,32,Hard,No,Finished,2018-09-24,2018,2026-08-22,4092
2018-7161,Quito,Other,32,Clay,No,Finished,2018-02-05,2018,2026-08-22,4093
2018-7163,Istanbul,Other,32,Clay,No,Finished,2018-04-30,2018,2026-08-22,4094
2018-7290,Estoril,Other,32,Clay,No,Finished,2018-04-30,2018,2026-08-22,4095
2018-7434,Sofia,Other,32,Hard,No,Finished,2018-02-05,2018,2026-08-22,4096
2018-7480,Los Cabos,Other,32,Hard,No,Finished,2018-07-30,2018,2026-08-22,4097
2018-7485,Antwerp,Other,32,Hard,No,Finished,2018-10-15,2018,2026-08-22,4098
2018-7581,Chengdu,Other,32,Hard,No,Finished,2018-09-24,2018,2026-08-22,4099
2018-7648,Budapest,Other,32,Clay,No,Finished,2018-04-23,2018,2026-08-22,4100
2018-7650,Antalya,Other,32,Grass,No,Finished,2018-06-25,2018,2026-08-22,4101
2018-7694,Lyon,Other,32,Clay,No,Finished,2018-05-21,2018,2026-08-22,4102
2018-7696,NextGen Finals,ATP Finals,8,Hard,No,Finished,2018-11-05,2018,2026-08-22,4103
2018-M001,Sydney,Other,32,Hard,No,Finished,2018-01-08,2018,2026-08-22,4104
2018-M004,Acapulco,Other,32,Hard,No,Finished,2018-02-26,2018,2026-08-22,4105
2018-M006,Indian Wells Masters,Masters 1000,128,Hard,No,Finished,2018-03-05,2018,2026-08-22,4106
2018-M007,Miami Masters,Masters 1000,128,Hard,No,Finished,2018-03-19,2018,2026-08-22,4107
2018-M009,Rome Masters,Masters 1000,64,Clay,No,Finished,2018-05-14,2018,2026-08-22,4108
2018-M010,s Hertogenbosch,Other,32,Grass,No,Finished,2018-06-11,2018,2026-08-22,4109
2018-M014,Moscow,Other,32,Hard,No,Finished,2018-10-15,2018,2026-08-22,4110
2018-M015,Beijing,Other,32,Hard,No,Finished,2018-10-01,2018,2026-08-22,4111
2018-M016,Eastbourne,Other,32,Grass,No,Finished,2018-06-25,2018,2026-08-22,4112
2018-M020,Brisbane,Other,32,Hard,No,Finished,2018-01-01,2018,2026-08-22,4113
2018-M021,Madrid Masters,Masters 1000,64,Clay,No,Finished,2018-05-07,2018,2026-08-22,4114
2018-M024,Cincinnati Masters,Masters 1000,64,Hard,No,Finished,2018-08-13,2018,2026-08-22,4115
2018-M035,Washington,Other,64,Hard,No,Finished,2018-07-30,2018,2026-08-22,4116
2019-0301,Auckland,Other,32,Hard,No,Finished,2019-01-07,2019,2026-08-22,4117
2019-0308,Munich,Other,32,Clay,No,Finished,2019-04-29,2019,2026-08-22,4118
2019-0311,Queen's Club,Other,32,Grass,No,Finished,2019-06-17,2019,2026-08-22,4119
2019-0314,Gstaad,Other,32,Clay,No,Finished,2019-07-22,2019,2026-08-22,4120
2019-0315,Newport,Other,32,Grass,No,Finished,2019-07-15,2019,2026-08-22,4121
2019-0316,Bastad,Other,32,Clay,No,Finished,2019-07-15,2019,2026-08-22,4122
2019-0319,Kitzbuhel,Other,32,Clay,No,Finished,2019-07-29,2019,2026-08-22,4123
2019-0321,Stuttgart,Other,32,Grass,No,Finished,2019-06-10,2019,2026-08-22,4124
2019-0322,Geneva,Other,32,Clay,No,Finished,2019-05-20,2019,2026-08-22,4125
2019-0328,Basel,Other,32,Hard,No,Finished,2019-10-21,2019,2026-08-22,4126
2019-0329,Tokyo,Other,32,Hard,No,Finished,2019-09-30,2019,2026-08-22,4127
2019-0337,Vienna,Other,32,Hard,No,Finished,2019-10-21,2019,2026-08-22,4128
2019-0341,Metz,Other,32,Hard,No,Finished,2019-09-16,2019,2026-08-22,4129
2019-0352,Paris Masters,Masters 1000,64,Hard,No,Finished,2019-10-28,2019,2026-08-22,4130
2019-0360,Marrakech,Other,32,Clay,No,Finished,2019-04-08,2019,2026-08-22,4131
2019-0375,Montpellier,Other,32,Hard,No,Finished,2019-02-04,2019,2026-08-22,4132
2019-0407,Rotterdam,Other,32,Hard,No,Finished,2019-02-11,2019,2026-08-22,4133
2019-0410,Monte Carlo Masters,Masters 1000,64,Clay,No,Finished,2019-04-15,2019,2026-08-22,4134
2019-0414,Hamburg,Other,32,Clay,No,Finished,2019-07-22,2019,2026-08-22,4135
2019-0421,Canada Masters,Masters 1000,64,Hard,No,Finished,2019-08-05,2019,2026-08-22,4136
2019-0424,New York,Other,32,Hard,No,Finished,2019-02-11,2019,2026-08-22,4137
2019-0425,Barcelona,Other,64,Clay,No,Finished,2019-04-22,2019,2026-08-22,4138
2019-0429,Stockholm,Other,32,Hard,No,Finished,2019-10-14,2019,2026-08-22,4139
2019-0439,Umag,Other,32,Clay,No,Finished,2019-07-15,2019,2026-08-22,4140
2019-0451,Doha,Other,32,Hard,No,Finished,2018-12-31,2018,2026-08-22,4141
2019-0495,Dubai,Other,32,Hard,No,Finished,2019-02-25,2019,2026-08-22,4142
2019-0496,Marseille,Other,32,Hard,No,Finished,2019-02-18,2019,2026-08-22,4143
2019-0499,Delray Beach,Other,32,Hard,No,Finished,2019-02-18,2019,2026-08-22,4144
2019-0500,Halle,Other,32,Grass,No,Finished,2019-06-17,2019,2026-08-22,4145
2019-0506,Buenos Aires,Other,32,Clay,No,Finished,2019-02-11,2019,2026-08-22,4146
2019-0533,Sao Paulo,Other,32,Clay,No,Finished,2019-02-25,2019,2026-08-22,4147
2019-0568,St. Petersburg,Other,32,Hard,No,Finished,2019-09-16,2019,2026-08-22,4148
2019-0605,Tour Finals,ATP Finals,8,Hard,No,Finished,2019-11-11,2019,2026-08-22,4149
2019-0717,Houston,Other,32,Clay,No,Finished,2019-04-08,2019,2026-08-22,4150
2019-0891,Pune,Other,32,Hard,No,Finished,2018-12-31,2018,2026-08-22,4151
2019-5014,Shanghai Masters,Masters 1000,64,Hard,No,Finished,2019-10-07,2019,2026-08-22,4152
2019-520,Roland Garros,Grand Slam,128,Clay,No,Finished,2019-05-27,2019,2026-08-22,4153
2019-540,Wimbledon,Grand Slam,128,Grass,No,Finished,2019-07-01,2019,2026-08-22,4154
2019-560,US Open,Grand Slam,128,Hard,No,Finished,2019-08-26,2019,2026-08-22,4155
2019-580,Australian Open,Grand Slam,128,Hard,No,Finished,2019-01-14,2019,2026-08-22,4156
2019-6116,Atlanta,Other,32,Hard,No,Finished,2019-07-22,2019,2026-08-22,4157
2019-6242,Winston-Salem,Other,64,Hard,No,Finished,2019-08-19,2019,2026-08-22,4158
2019-6932,Rio de Janeiro,Other,32,Clay,No,Finished,2019-02-18,2019,2026-08-22,4159
2019-7290,Estoril,Other,32,Clay,No,Finished,2019-04-29,2019,2026-08-22,4160
2019-7434,Sofia,Other,32,Hard,No,Finished,2019-02-04,2019,2026-08-22,4161
2019-7480,Los Cabos,Other,32,Hard,No,Finished,2019-07-29,2019,2026-08-22,4162
2019-7485,Antwerp,Other,32,Hard,No,Finished,2019-10-14,2019,2026-08-22,4163
2019-7581,Chengdu,Other,32,Hard,No,Finished,2019-09-23,2019,2026-08-22,4164
2019-7648,Budapest,Other,32,Clay,No,Finished,2019-04-22,2019,2026-08-22,4165
2019-7650,Antalya,Other,32,Grass,No,Finished,2019-06-24,2019,2026-08-22,4166
2019-7694,Lyon,Other,32,Clay,No,Finished,2019-05-20,2019,2026-08-22,4167
2019-7696,NextGen Finals,ATP Finals,8,Hard,No,Finished,2019-11-04,2019,2026-08-22,4168
2019-9158,Cordoba,Other,32,Clay,No,Finished,2019-02-04,2019,2026-08-22,4169
2019-9164,Zhuhai,Other,32,Hard,No,Finished,2019-09-23,2019,2026-08-22,4170
2019-M001,Sydney,Other,32,Hard,No,Finished,2019-01-07,2019,2026-08-22,4171
2019-M004,Acapulco,Other,32,Hard,No,Finished,2019-02-25,2019,2026-08-22,4172
2019-M006,Indian Wells Masters,Masters 1000,128,Hard,No,Finished,2019-03-04,2019,2026-08-22,4173
2019-M007,Miami Masters,Masters 1000,128,Hard,No,Finished,2019-03-18,2019,2026-08-22,4174
2019-M009,Rome Masters,Masters 1000,64,Clay,No,Finished,2019-05-13,2019,2026-08-22,4175
2019-M010,s Hertogenbosch,Other,32,Grass,No,Finished,2019-06-10,2019,2026-08-22,4176
2019-M014,Moscow,Other,32,Hard,No,Finished,2019-10-14,2019,2026-08-22,4177
2019-M015,Beijing,Other,32,Hard,No,Finished,2019-09-30,2019,2026-08-22,4178
2019-M016,Eastbourne,Other,32,Grass,No,Finished,2019-06-24,2019,2026-08-22,4179
2019-M020,Brisbane,Other,32,Hard,No,Finished,2018-12-31,2018,2026-08-22,4180
2019-M021,Madrid Masters,Masters 1000,64,Clay,No,Finished,2019-05-06,2019,2026-08-22,4181
2019-M024,Cincinnati Masters,Masters 1000,64,Hard,No,Finished,2019-08-12,2019,2026-08-22,4182
2019-M035,Washington,Other,64,Hard,No,Finished,2019-07-29,2019,2026-08-22,4183
2020-0301,Auckland,Other,32,Hard,No,Finished,2020-01-13,2020,2026-08-22,4184
2020-0319,Kitzbuhel,Other,32,Clay,No,Finished,2020-09-07,2020,2026-08-22,4185
2020-0337,Vienna,Other,32,Hard,No,Finished,2020-10-26,2020,2026-08-22,4186
2020-0352,Paris Masters,Masters 1000,64,Hard,No,Finished,2020-11-02,2020,2026-08-22,4187
2020-0375,Montpellier,Other,32,Hard,No,Finished,2020-02-03,2020,2026-08-22,4188
2020-0407,Rotterdam,Other,32,Hard,No,Finished,2020-02-10,2020,2026-08-22,4189
2020-0414,Hamburg,Other,32,Clay,No,Finished,2020-09-21,2020,2026-08-22,4190
2020-0424,New York,Other,32,Hard,No,Finished,2020-02-10,2020,2026-08-22,4191
2020-0451,Doha,Other,32,Hard,No,Finished,2020-01-06,2020,2026-08-22,4192
2020-0495,Dubai,Other,32,Hard,No,Finished,2020-02-24,2020,2026-08-22,4193
2020-0496,Marseille,Other,32,Hard,No,Finished,2020-02-17,2020,2026-08-22,4194
2020-0499,Delray Beach,Other,32,Hard,No,Finished,2020-02-17,2020,2026-08-22,4195
2020-0506,Buenos Aires,Other,32,Clay,No,Finished,2020-02-10,2020,2026-08-22,4196
2020-0568,St Petersburg,Other,32,Hard,No,Finished,2020-10-12,2020,2026-08-22,4197
2020-0605,Tour Finals,ATP Finals,8,Hard,No,Finished,2020-11-16,2020,2026-08-22,4198
2020-0891,Pune,Other,32,Hard,No,Finished,2020-02-03,2020,2026-08-22,4199
2020-520,Roland Garros,Grand Slam,128,Clay,No,Finished,2020-09-28,2020,2026-08-22,4200
2020-560,Us Open,Grand Slam,128,Hard,No,Finished,2020-08-31,2020,2026-08-22,4201
2020-580,Australian Open,Grand Slam,128,Hard,No,Finished,2020-01-20,2020,2026-08-22,4202
2020-6932,ATP Rio de Janeiro,Other,32,Clay,No,Finished,2020-02-17,2020,2026-08-22,4203
2020-7434,Sofia,Other,32,Hard,No,Finished,2020-11-09,2020,2026-08-22,4204
2020-7485,Antwerp,Other,32,Hard,No,Finished,2020-10-19,2020,2026-08-22,4205
2020-8996,Santiago,Other,32,Clay,No,Finished,2020-02-24,2020,2026-08-22,4206
2020-9158,Cordoba,Other,32,Clay,No,Finished,2020-02-03,2020,2026-08-22,4207
2020-9404,Cologne 1,Other,32,Hard,No,Finished,2020-10-12,2020,2026-08-22,4208
2020-9406,Cologne 2,Other,32,Hard,No,Finished,2020-10-19,2020,2026-08-22,4209
2020-9408,Sardinia,Other,32,Clay,No,Finished,2020-10-12,2020,2026-08-22,4210
2020-9410,Nur-Sultan,Other,32,Hard,No,Finished,2020-10-26,2020,2026-08-22,4211
2020-M004,Acapulco,Other,32,Hard,No,Finished,2020-02-24,2020,2026-08-22,4212
2020-M009,Rome Masters,Masters 1000,64,Clay,No,Finished,2020-09-14,2020,2026-08-22,4213
2020-M024,Cincinnati Masters,Masters 1000,64,Hard,No,Finished,2020-08-24,2020,2026-08-22,4214
2020-M056,Adelaide,Other,32,Hard,No,Finished,2020-01-13,2020,2026-08-22,4215
2021-0308,Munich,Other,32,Clay,No,Finished,2021-04-26,2021,2026-08-22,4216
2021-0311,Queen's Club,Other,32,Grass,No,Finished,2021-06-14,2021,2026-08-22,4217
2021-0314,Gstaad,Other,32,Clay,No,Finished,2021-07-19,2021,2026-08-22,4218
2021-0315,Newport,Other,32,Grass,No,Finished,2021-07-12,2021,2026-08-22,4219
2021-0316,Bastad,Other,32,Clay,No,Finished,2021-07-12,2021,2026-08-22,4220
2021-0319,Kitzbuhel,Other,32,Clay,No,Finished,2021-07-26,2021,2026-08-22,4221
2021-0321,Stuttgart,Other,32,Grass,No,Finished,2021-06-07,2021,2026-08-22,4222
2021-0322,Geneva,Other,32,Clay,No,Finished,2021-05-17,2021,2026-08-22,4223
2021-0337,Vienna,Other,32,Hard,No,Finished,2021-10-25,2021,2026-08-22,4224
2021-0341,Metz,Other,32,Hard,No,Finished,2021-09-20,2021,2026-08-22,4225
2021-0352,Paris Masters,Masters 1000,64,Hard,No,Finished,2021-11-01,2021,2026-08-22,4226
2021-0375,Montpellier,Other,32,Hard,No,Finished,2021-02-22,2021,2026-08-22,4227
2021-0403,Miami Masters,Masters 1000,128,Hard,No,Finished,2021-03-22,2021,2026-08-22,4228
2021-0404,Indian Wells Masters,Masters 1000,128,Hard,No,Finished,2021-10-04,2021,2026-08-22,4229
2021-0407,Rotterdam,Other,32,Hard,No,Finished,2021-03-01,2021,2026-08-22,4230
2021-0410,Monte Carlo Masters,Masters 1000,64,Clay,No,Finished,2021-04-12,2021,2026-08-22,4231
2021-0414,Hamburg,Other,32,Clay,No,Finished,2021-07-12,2021,2026-08-22,4232
2021-0416,Rome Masters,Masters 1000,64,Clay,No,Finished,2021-05-10,2021,2026-08-22,4233
2021-0418,Washington,Other,64,Hard,No,Finished,2021-08-02,2021,2026-08-22,4234
2021-0421,Canada Masters,Masters 1000,64,Hard,No,Finished,2021-08-09,2021,2026-08-22,4235
2021-0422,Cincinnati Masters,Masters 1000,64,Hard,No,Finished,2021-08-16,2021,2026-08-22,4236
2021-0425,Barcelona,Other,64,Clay,No,Finished,2021-04-19,2021,2026-08-22,4237
2021-0429,Stockholm,Other,32,Hard,No,Finished,2021-11-08,2021,2026-08-22,4238
2021-0438,Moscow,Other,32,Hard,No,Finished,2021-10-18,2021,2026-08-22,4239
2021-0439,Umag,Other,32,Clay,No,Finished,2021-07-19,2021,2026-08-22,4240
2021-0451,Doha,Other,32,Hard,No,Finished,2021-03-08,2021,2026-08-22,4241
2021-0495,Dubai,Other,64,Hard,No,Finished,2021-03-15,2021,2026-08-22,4242
2021-0496,Marseille,Other,32,Hard,No,Finished,2021-03-08,2021,2026-08-22,4243
2021-0499,Delray Beach,Other,32,Hard,No,Finished,2021-01-04,2021,2026-08-22,4244
2021-0500,Halle,Other,32,Grass,No,Finished,2021-06-14,2021,2026-08-22,4245
2021-0506,Buenos Aires,Other,32,Clay,No,Finished,2021-03-01,2021,2026-08-22,4246
2021-0568,St. Petersburg,Other,32,Hard,No,Finished,2021-10-25,2021,2026-08-22,4247
2021-0605,Tour Finals,ATP Finals,8,Hard,No,Finished,2021-11-15,2021,2026-08-22,4248
2021-0741,Eastbourne,Other,32,Grass,No,Finished,2021-06-21,2021,2026-08-22,4249
2021-0807,Acapulco,Other,32,Hard,No,Finished,2021-03-15,2021,2026-08-22,4250
2021-1536,Madrid Masters,Masters 1000,64,Clay,No,Finished,2021-05-03,2021,2026-08-22,4251
2021-5053,Belgrade,Other,32,Clay,No,Finished,2021-04-19,2021,2026-08-22,4252
2021-520,Roland Garros,Grand Slam,128,Clay,No,Finished,2021-05-31,2021,2026-08-22,4253
2021-540,Wimbledon,Grand Slam,128,Grass,No,Finished,2021-06-28,2021,2026-08-22,4254
2021-560,Us Open,Grand Slam,128,Hard,No,Finished,2021-08-30,2021,2026-08-22,4255
2021-580,Australian Open,Grand Slam,128,Hard,No,Finished,2021-02-08,2021,2026-08-22,4256
2021-6116,Atlanta,Other,32,Hard,No,Finished,2021-07-26,2021,2026-08-22,4257
2021-6242,Winston-Salem,Other,64,Hard,No,Finished,2021-08-23,2021,2026-08-22,4258
2021-7290,Estoril,Other,32,Clay,No,Finished,2021-04-26,2021,2026-08-22,4259
2021-7434,Sofia,Other,32,Hard,No,Finished,2021-09-27,2021,2026-08-22,4260
2021-7480,Los Cabos,Other,32,Hard,No,Finished,2021-07-19,2021,2026-08-22,4261
2021-7485,Antwerp,Other,32,Hard,No,Finished,2021-10-18,2021,2026-08-22,4262
2021-7694,Lyon,Other,32,Clay,No,Finished,2021-05-17,2021,2026-08-22,4263
2021-7696,NextGen Finals,ATP Finals,8,Hard,No,Finished,2021-11-08,2021,2026-08-22,4264
2021-8994,Mallorca,Other,32,Grass,No,Finished,2021-06-21,2021,2026-08-22,4265
2021-8996,Santiago,Other,32,Clay,No,Finished,2021-03-08,2021,2026-08-22,4266
2021-8998,Great Ocean Road Open,Other,64,Hard,No,Finished,2021-02-01,2021,2026-08-22,4267
2021-9158,Cordoba,Other,32,Clay,No,Finished,2021-02-22,2021,2026-08-22,4268
2021-9410,Nur-Sultan,Other,32,Hard,No,Finished,2021-09-20,2021,2026-08-22,4269
2021-9426,Antalya,Other,32,Hard,No,Finished,2021-01-04,2021,2026-08-22,4270
2021-9428,Murray River Open,Other,64,Hard,No,Finished,2021-02-01,2021,2026-08-22,4271
2021-9460,Singapore,Other,32,Hard,No,Finished,2021-02-22,2021,2026-08-22,4272
2021-9462,Marbella,Other,32,Clay,No,Finished,2021-04-05,2021,2026-08-22,4273
2021-9481,Cagliari,Other,32,Clay,No,Finished,2021-04-05,2021,2026-08-22,4274
2021-9510,Parma,Other,32,Clay,No,Finished,2021-05-24,2021,2026-08-22,4275
2021-9512,Belgrade 2,Other,32,Clay,No,Finished,2021-05-24,2021,2026-08-22,4276
2021-9569,San Diego,Other,32,Hard,No,Finished,2021-09-27,2021,2026-08-22,4277
2022-0308,Munich,Other,32,Clay,No,Finished,2022-04-25,2022,2026-08-22,4278
2022-0311,Queen's Club,Other,32,Grass,No,Finished,2022-06-13,2022,2026-08-22,4279
2022-0314,Gstaad,Other,32,Clay,No,Finished,2022-07-18,2022,2026-08-22,4280
2022-0315,Newport,Other,32,Grass,No,Finished,2022-07-11,2022,2026-08-22,4281
2022-0316,Bastad,Other,32,Clay,No,Finished,2022-07-11,2022,2026-08-22,4282
2022-0319,Kitzbuhel,Other,32,Clay,No,Finished,2022-07-25,2022,2026-08-22,4283
2022-0321,Stuttgart,Other,32,Grass,No,Finished,2022-06-06,2022,2026-08-22,4284
2022-0322,Geneva,Other,32,Clay,No,Finished,2022-05-16,2022,2026-08-22,4285
2022-0328,Basel,Other,32,Hard,No,Finished,2022-10-24,2022,2026-08-22,4286
2022-0329,Tokyo,Other,32,Hard,No,Finished,2022-10-03,2022,2026-08-22,4287
2022-0337,Vienna,Other,32,Hard,No,Finished,2022-10-24,2022,2026-08-22,4288
2022-0341,Metz,Other,32,Hard,No,Finished,2022-09-19,2022,2026-08-22,4289
2022-0352,Paris Masters,Masters 1000,64,Hard,No,Finished,2022-10-31,2022,2026-08-22,4290
2022-0360,Marrakech,Other,32,Clay,No,Finished,2022-04-04,2022,2026-08-22,4291
2022-0375,Montpellier,Other,32,Hard,No,Finished,2022-01-31,2022,2026-08-22,4292
2022-0403,Miami Masters,Masters 1000,128,Hard,No,Finished,2022-03-21,2022,2026-08-22,4293
2022-0404,Indian Wells Masters,Masters 1000,128,Hard,No,Finished,2022-03-07,2022,2026-08-22,4294
2022-0407,Rotterdam,Other,32,Hard,No,Finished,2022-02-07,2022,2026-08-22,4295
2022-0410,Monte Carlo Masters,Masters 1000,64,Clay,No,Finished,2022-04-11,2022,2026-08-22,4296
2022-0414,Hamburg,Other,32,Clay,No,Finished,2022-07-18,2022,2026-08-22,4297
2022-0416,Rome Masters,Masters 1000,64,Clay,No,Finished,2022-05-09,2022,2026-08-22,4298
2022-0418,Washington,Other,64,Hard,No,Finished,2022-08-01,2022,2026-08-22,4299
2022-0421,Canada Masters,Masters 1000,64,Hard,No,Finished,2022-08-08,2022,2026-08-22,4300
2022-0422,Cincinnati Masters,Masters 1000,64,Hard,No,Finished,2022-08-15,2022,2026-08-22,4301
2022-0424,Dallas,Other,32,Hard,No,Finished,2022-02-07,2022,2026-08-22,4302
2022-0425,Barcelona,Other,64,Clay,No,Finished,2022-04-18,2022,2026-08-22,4303
2022-0429,Stockholm,Other,32,Hard,No,Finished,2022-10-17,2022,2026-08-22,4304
2022-0439,Umag,Other,32,Clay,No,Finished,2022-07-25,2022,2026-08-22,4305
2022-0440,s Hertogenbosch,Other,32,Grass,No,Finished,2022-06-06,2022,2026-08-22,4306
2022-0451,Doha,Other,32,Hard,No,Finished,2022-02-14,2022,2026-08-22,4307
2022-0495,Dubai,Other,32,Hard,No,Finished,2022-02-21,2022,2026-08-22,4308
2022-0496,Marseille,Other,32,Hard,No,Finished,2022-02-14,2022,2026-08-22,4309
2022-0499,Delray Beach,Other,32,Hard,No,Finished,2022-02-14,2022,2026-08-22,4310
2022-0500,Halle,Other,32,Grass,No,Finished,2022-06-13,2022,2026-08-22,4311
2022-0506,Buenos Aires,Other,32,Clay,No,Finished,2022-02-07,2022,2026-08-22,4312
2022-0605,Tour Finals,ATP Finals,8,Hard,No,Finished,2022-11-14,2022,2026-08-22,4313
2022-0717,Houston,Other,32,Clay,No,Finished,2022-04-04,2022,2026-08-22,4314
2022-0741,Eastbourne,Other,32,Grass,No,Finished,2022-06-20,2022,2026-08-22,4315
2022-0807,Acapulco,Other,32,Hard,No,Finished,2022-02-21,2022,2026-08-22,4316
2022-0891,Pune,Other,32,Hard,No,Finished,2022-01-31,2022,2026-08-22,4317
2022-1536,Madrid Masters,Masters 1000,64,Clay,No,Finished,2022-05-02,2022,2026-08-22,4318
2022-2805,Florence,Other,32,Hard,No,Finished,2022-10-10,2022,2026-08-22,4319
2022-2807,Gijon,Other,32,Hard,No,Finished,2022-10-10,2022,2026-08-22,4320
2022-2809,Naples,Other,32,Hard,No,Finished,2022-10-17,2022,2026-08-22,4321
2022-4138,Tel Aviv,Other,32,Hard,No,Finished,2022-09-26,2022,2026-08-22,4322
2022-4140,Seoul,Other,32,Hard,No,Finished,2022-09-26,2022,2026-08-22,4323
2022-5053,Belgrade ,Other,32,Clay,No,Finished,2022-04-18,2022,2026-08-22,4324
2022-520,Roland Garros,Grand Slam,128,Clay,No,Finished,2022-05-23,2022,2026-08-22,4325
2022-540,Wimbledon,Grand Slam,128,Grass,No,Finished,2022-06-27,2022,2026-08-22,4326
2022-560,Us Open,Grand Slam,128,Hard,No,Finished,2022-08-29,2022,2026-08-22,4327
2022-580,Australian Open,Grand Slam,128,Hard,No,Finished,2022-01-17,2022,2026-08-22,4328
2022-6116,Atlanta,Other,32,Hard,No,Finished,2022-07-25,2022,2026-08-22,4329
2022-6242,Winston-Salem,Other,64,Hard,No,Finished,2022-08-22,2022,2026-08-22,4330
2022-6932,Rio de Janeiro,Other,32,Clay,No,Finished,2022-02-14,2022,2026-08-22,4331
2022-7290,Estoril,Other,32,Clay,No,Finished,2022-04-25,2022,2026-08-22,4332
2022-7434,Sofia,Other,32,Hard,No,Finished,2022-09-26,2022,2026-08-22,4333
2022-7480,Los Cabos,Other,32,Hard,No,Finished,2022-08-01,2022,2026-08-22,4334
2022-7485,Antwerp,Other,32,Hard,No,Finished,2022-10-17,2022,2026-08-22,4335
2022-7694,Lyon,Other,32,Clay,No,Finished,2022-05-16,2022,2026-08-22,4336
2022-7696,NextGen Finals,ATP Finals,8,Hard,No,Finished,2022-11-07,2022,2026-08-22,4337
2022-8994,Mallorca,Other,32,Grass,No,Finished,2022-06-20,2022,2026-08-22,4338
2022-8996,Santiago,Other,32,Clay,No,Finished,2022-02-21,2022,2026-08-22,4339
2022-8998,Adelaide 1,Other,32,Hard,No,Finished,2022-01-03,2022,2026-08-22,4340
2022-9158,Cordoba,Other,32,Clay,No,Finished,2022-01-31,2022,2026-08-22,4341
2022-9410,Astana,Other,32,Hard,No,Finished,2022-10-03,2022,2026-08-22,4342
2022-9569,San Diego,Other,32,Hard,No,Finished,2022-09-19,2022,2026-08-22,4343
2022-9663,Sydney,Other,32,Hard,No,Finished,2022-01-10,2022,2026-08-22,4344
2022-9665,Melbourne,Other,32,Hard,No,Finished,2022-01-03,2022,2026-08-22,4345
2022-9667,Adelaide 2,Other,32,Hard,No,Finished,2022-01-10,2022,2026-08-22,4346
2023-0301,Auckland,Other,32,Hard,No,Finished,2023-01-09,2023,2026-08-22,4347
2023-0308,Munich,Other,32,Clay,No,Finished,2023-04-17,2023,2026-08-22,4348
2023-0311,Queen's Club,Other,32,Grass,No,Finished,2023-06-19,2023,2026-08-22,4349
2023-0314,Gstaad,Other,32,Clay,No,Finished,2023-07-17,2023,2026-08-22,4350
2023-0315,Newport,Other,32,Grass,No,Finished,2023-07-17,2023,2026-08-22,4351
2023-0316,Bastad,Other,32,Clay,No,Finished,2023-07-17,2023,2026-08-22,4352
2023-0319,Kitzbuhel,Other,32,Clay,No,Finished,2023-07-31,2023,2026-08-22,4353
2023-0321,Stuttgart,Other,32,Grass,No,Finished,2023-06-12,2023,2026-08-22,4354
2023-0322,Geneva,Other,32,Clay,No,Finished,2023-05-22,2023,2026-08-22,4355
2023-0328,Basel,Other,32,Hard,No,Finished,2023-10-23,2023,2026-08-22,4356
2023-0329,Tokyo,Other,32,Hard,No,Finished,2023-10-16,2023,2026-08-22,4357
2023-0337,Vienna,Other,32,Hard,No,Finished,2023-10-23,2023,2026-08-22,4358
2023-0341,Metz,Other,32,Hard,No,Finished,2023-11-06,2023,2026-08-22,4359
2023-0352,Paris Masters,Masters 1000,64,Hard,No,Finished,2023-10-30,2023,2026-08-22,4360
2023-0360,Marrakech,Other,32,Clay,No,Finished,2023-04-03,2023,2026-08-22,4361
2023-0375,Montpellier,Other,32,Hard,No,Finished,2023-02-06,2023,2026-08-22,4362
2023-0403,Miami Masters,Masters 1000,128,Hard,No,Finished,2023-03-20,2023,2026-08-22,4363
2023-0404,Indian Wells Masters,Masters 1000,128,Hard,No,Finished,2023-03-06,2023,2026-08-22,4364
2023-0407,Rotterdam,Other,32,Hard,No,Finished,2023-02-13,2023,2026-08-22,4365
2023-0410,Monte Carlo Masters,Masters 1000,64,Clay,No,Finished,2023-04-10,2023,2026-08-22,4366
2023-0414,Hamburg,Other,32,Clay,No,Finished,2023-07-24,2023,2026-08-22,4367
2023-0416,Rome Masters,Masters 1000,128,Clay,No,Finished,2023-05-08,2023,2026-08-22,4368
2023-0418,Washington,Other,64,Hard,No,Finished,2023-07-31,2023,2026-08-22,4369
2023-0421,Canada Masters,Masters 1000,64,Hard,No,Finished,2023-08-07,2023,2026-08-22,4370
2023-0422,Cincinnati Masters,Masters 1000,64,Hard,No,Finished,2023-08-14,2023,2026-08-22,4371
2023-0424,Dallas,Other,32,Hard,No,Finished,2023-02-06,2023,2026-08-22,4372
2023-0425,Barcelona,Other,64,Clay,No,Finished,2023-04-17,2023,2026-08-22,4373
2023-0429,Stockholm,Other,32,Hard,No,Finished,2023-10-16,2023,2026-08-22,4374
2023-0439,Umag,Other,32,Clay,No,Finished,2023-07-24,2023,2026-08-22,4375
2023-0440,s Hertogenbosch,Other,32,Grass,No,Finished,2023-06-12,2023,2026-08-22,4376
2023-0451,Doha,Other,32,Hard,No,Finished,2023-02-20,2023,2026-08-22,4377
2023-0495,Dubai,Other,32,Hard,No,Finished,2023-02-27,2023,2026-08-22,4378
2023-0496,Marseille,Other,32,Hard,No,Finished,2023-02-20,2023,2026-08-22,4379
2023-0499,Delray Beach,Other,32,Hard,No,Finished,2023-02-13,2023,2026-08-22,4380
2023-0500,Halle,Other,32,Grass,No,Finished,2023-06-19,2023,2026-08-22,4381
2023-0506,Buenos Aires,Other,32,Clay,No,Finished,2023-02-13,2023,2026-08-22,4382
2023-0605,Tour Finals,ATP Finals,8,Hard,No,Finished,2023-11-13,2023,2026-08-22,4383
2023-0717,Houston,Other,32,Clay,No,Finished,2023-04-03,2023,2026-08-22,4384
2023-0741,Eastbourne,Other,32,Grass,No,Finished,2023-06-26,2023,2026-08-22,4385
2023-0747,Beijing,Other,32,Hard,No,Finished,2023-09-25,2023,2026-08-22,4386
2023-0807,Acapulco,Other,32,Hard,No,Finished,2023-02-27,2023,2026-08-22,4387
2023-0891,Pune,Other,32,Hard,No,Finished,2023-01-02,2023,2026-08-22,4388
2023-1536,Madrid Masters,Masters 1000,128,Clay,No,Finished,2023-04-24,2023,2026-08-22,4389
2023-2841,Banja Luka,Other,32,Clay,No,Finished,2023-04-17,2023,2026-08-22,4390
2023-2843,Adelaide 1,Other,32,Hard,No,Finished,2023-01-02,2023,2026-08-22,4391
2023-5014,Shanghai Masters,Masters 1000,128,Hard,No,Finished,2023-10-02,2023,2026-08-22,4392
2023-520,Roland Garros,Grand Slam,128,Clay,No,Finished,2023-05-29,2023,2026-08-22,4393
2023-540,Wimbledon,Grand Slam,128,Grass,No,Finished,2023-07-03,2023,2026-08-22,4394
2023-560,Us Open,Grand Slam,128,Hard,No,Finished,2023-08-28,2023,2026-08-22,4395
2023-580,Australian Open,Grand Slam,128,Hard,No,Finished,2023-01-16,2023,2026-08-22,4396
2023-6116,Atlanta,Other,32,Hard,No,Finished,2023-07-24,2023,2026-08-22,4397
2023-6242,Winston-Salem,Other,64,Hard,No,Finished,2023-08-21,2023,2026-08-22,4398
2023-6932,Rio De Janeiro,Other,32,Clay,No,Finished,2023-02-20,2023,2026-08-22,4399
2023-7290,Estoril,Other,32,Clay,No,Finished,2023-04-03,2023,2026-08-22,4400
2023-7434,Sofia,Other,32,Hard,No,Finished,2023-11-06,2023,2026-08-22,4401
2023-7480,Los Cabos,Other,32,Hard,No,Finished,2023-07-31,2023,2026-08-22,4402
2023-7485,Antwerp,Other,32,Hard,No,Finished,2023-10-16,2023,2026-08-22,4403
2023-7581,Chengdu,Other,32,Hard,No,Finished,2023-09-18,2023,2026-08-22,4404
2023-7694,Lyon,Other,32,Clay,No,Finished,2023-05-22,2023,2026-08-22,4405
2023-7696,NextGen Finals,ATP Finals,8,Hard,No,Finished,2023-11-27,2023,2026-08-22,4406
2023-8994,Mallorca,Other,32,Grass,No,Finished,2023-06-26,2023,2026-08-22,4407
2023-8996,Santiago,Other,32,Clay,No,Finished,2023-02-27,2023,2026-08-22,4408
2023-8998,Adelaide 2,Other,32,Hard,No,Finished,2023-01-09,2023,2026-08-22,4409
2023-9158,Cordoba,Other,32,Clay,No,Finished,2023-02-06,2023,2026-08-22,4410
2023-9164,Zhuhai,Other,32,Hard,No,Finished,2023-09-18,2023,2026-08-22,4411
2023-9410,Astana,Other,32,Hard,No,Finished,2023-09-25,2023,2026-08-22,4412
2024-0301,Auckland,Other,32,Hard,No,Finished,2024-01-08,2024,2026-08-22,4413
2024-0308,Munich,Other,32,Clay,No,Finished,2024-04-15,2024,2026-08-22,4414
2024-0311,Queen's Club,Other,32,Grass,No,Finished,2024-06-17,2024,2026-08-22,4415
2024-0314,Gstaad,Other,32,Clay,No,Finished,2024-07-15,2024,2026-08-22,4416
2024-0315,Newport,Other,32,Grass,No,Finished,2024-07-15,2024,2026-08-22,4417
2024-0316,Bastad,Other,32,Clay,No,Finished,2024-07-15,2024,2026-08-22,4418
2024-0319,Kitzbuhel,Other,32,Clay,No,Finished,2024-07-22,2024,2026-08-22,4419
2024-0321,Stuttgart,Other,32,Grass,No,Finished,2024-06-10,2024,2026-08-22,4420
2024-0322,Geneva,Other,32,Clay,No,Finished,2024-05-20,2024,2026-08-22,4421
2024-0328,Basel,Other,32,Hard,No,Finished,2024-10-21,2024,2026-08-22,4422
2024-0329,Tokyo,Other,32,Hard,No,Finished,2024-09-23,2024,2026-08-22,4423
2024-0336,Hong Kong,Other,32,Hard,No,Finished,2024-01-01,2024,2026-08-22,4424
2024-0337,Vienna,Other,32,Hard,No,Finished,2024-10-21,2024,2026-08-22,4425
2024-0339,Brisbane,Other,32,Hard,No,Finished,2024-01-01,2024,2026-08-22,4426
2024-0341,Metz,Other,28,Hard,No,Finished,2024-11-04,2024,2026-08-22,4427
2024-0352,Paris Masters,Masters 1000,56,Hard,No,Finished,2024-10-28,2024,2026-08-22,4428
2024-0360,Marrakech,Other,32,Clay,No,Finished,2024-04-01,2024,2026-08-22,4429
2024-0375,Montpellier,Other,32,Hard,No,Finished,2024-01-29,2024,2026-08-22,4430
2024-0403,Miami Masters,Masters 1000,128,Hard,No,Finished,2024-03-18,2024,2026-08-22,4431
2024-0404,Indian Wells Masters,Masters 1000,128,Hard,No,Finished,2024-03-04,2024,2026-08-22,4432
2024-0407,Rotterdam,Other,32,Hard,No,Finished,2024-02-12,2024,2026-08-22,4433
2024-0410,Monte Carlo Masters,Masters 1000,64,Clay,No,Finished,2024-04-08,2024,2026-08-22,4434
2024-0414,Hamburg,Other,32,Clay,No,Finished,2024-07-15,2024,2026-08-22,4435
2024-0416,Rome Masters,Masters 1000,128,Clay,No,Finished,2024-05-06,2024,2026-08-22,4436
2024-0418,Washington,Other,64,Hard,No,Finished,2024-07-29,2024,2026-08-22,4437
2024-0421,Canada Masters,Masters 1000,64,Hard,No,Finished,2024-08-05,2024,2026-08-22,4438
2024-0422,Cincinnati Masters,Masters 1000,64,Hard,No,Finished,2024-08-12,2024,2026-08-22,4439
2024-0424,Dallas,Other,32,Hard,No,Finished,2024-02-05,2024,2026-08-22,4440
2024-0425,Barcelona,Other,64,Clay,No,Finished,2024-04-15,2024,2026-08-22,4441
2024-0429,Stockholm,Other,28,Hard,No,Finished,2024-10-14,2024,2026-08-22,4442
2024-0439,Umag,Other,32,Clay,No,Finished,2024-07-22,2024,2026-08-22,4443
2024-0440,s Hertogenbosch,Other,32,Grass,No,Finished,2024-06-10,2024,2026-08-22,4444
2024-0451,Doha,Other,32,Hard,No,Finished,2024-02-19,2024,2026-08-22,4445
2024-0495,Dubai,Other,32,Hard,No,Finished,2024-02-26,2024,2026-08-22,4446
2024-0496,Marseille,Other,32,Hard,No,Finished,2024-02-05,2024,2026-08-22,4447
2024-0499,Delray Beach,Other,32,Hard,No,Finished,2024-02-12,2024,2026-08-22,4448
2024-0500,Halle,Other,32,Grass,No,Finished,2024-06-17,2024,2026-08-22,4449
2024-0506,Buenos Aires,Other,32,Clay,No,Finished,2024-02-12,2024,2026-08-22,4450
2024-0605,Tour Finals,ATP Finals,8,Hard,No,Finished,2024-11-11,2024,2026-08-22,4451
2024-0717,Houston,Other,32,Clay,No,Finished,2024-04-01,2024,2026-08-22,4452
2024-0741,Eastbourne,Other,32,Grass,No,Finished,2024-06-24,2024,2026-08-22,4453
2024-0747,Beijing,Other,32,Hard,No,Finished,2024-09-23,2024,2026-08-22,4454
2024-0807,Acapulco,Other,32,Hard,No,Finished,2024-02-26,2024,2026-08-22,4455
2024-1536,Madrid Masters,Masters 1000,128,Clay,No,Finished,2024-04-22,2024,2026-08-22,4456
2024-4462,Bucharest,Other,32,Clay,No,Finished,2024-04-15,2024,2026-08-22,4457
2024-4713,Hangzhou,Other,28,Hard,No,Finished,2024-09-16,2024,2026-08-22,4458
2024-4787,Belgrade,Other,28,Hard,No,Finished,2024-11-04,2024,2026-08-22,4459
2024-5014,Shanghai Masters,Masters 1000,96,Hard,No,Finished,2024-09-30,2024,2026-08-22,4460
2024-520,Roland Garros,Grand Slam,128,Clay,No,Finished,2024-05-27,2024,2026-08-22,4461
2024-540,Wimbledon,Grand Slam,128,Grass,No,Finished,2024-07-01,2024,2026-08-22,4462
2024-560,Us Open,Grand Slam,128,Hard,No,Finished,2024-08-26,2024,2026-08-22,4463
2024-580,Australian Open,Grand Slam,128,Hard,No,Finished,2024-01-15,2024,2026-08-22,4464
2024-6116,Atlanta,Other,32,Hard,No,Finished,2024-07-22,2024,2026-08-22,4465
2024-6242,Winston-Salem,Other,64,Hard,No,Finished,2024-08-19,2024,2026-08-22,4466
2024-6932,Rio De Janeiro,Other,32,Clay,No,Finished,2024-02-19,2024,2026-08-22,4467
2024-7290,Estoril,Other,32,Clay,No,Finished,2024-04-01,2024,2026-08-22,4468
2024-7480,Los Cabos,Other,32,Hard,No,Finished,2024-02-19,2024,2026-08-22,4469
2024-7485,Antwerp,Other,28,Hard,No,Finished,2024-10-14,2024,2026-08-22,4470
2024-7581,Chengdu,Other,28,Hard,No,Finished,2024-09-16,2024,2026-08-22,4471
2024-7694,Lyon,Other,32,Clay,No,Finished,2024-05-20,2024,2026-08-22,4472
2024-8994,Mallorca,Other,32,Grass,No,Finished,2024-06-24,2024,2026-08-22,4473
2024-8996,Santiago,Other,32,Clay,No,Finished,2024-02-26,2024,2026-08-22,4474
2024-8998,Adelaide,Other,32,Hard,No,Finished,2024-01-08,2024,2026-08-22,4475
2024-9158,Cordoba,Other,32,Clay,No,Finished,2024-02-05,2024,2026-08-22,4476
2024-9410,Almaty,Other,28,Hard,No,Finished,2024-10-14,2024,2026-08-22,4477
2025-1536,Madrid Masters,Masters 1000,96,Clay,No,Finished,2025-04-21,2025,2026-08-22,4478
2025-301,Auckland,ATP 250,28,Hard,No,Finished,2025-01-06,2025,2026-08-22,4479
2025-308,Munich,ATP 500,32,Clay,No,Finished,2025-04-14,2025,2026-08-22,4480
2025-311,Queen's Club,ATP 500,32,Grass,No,Finished,2025-06-16,2025,2026-08-22,4481
2025-314,Gstaad,ATP 250,28,Clay,No,Finished,2025-07-14,2025,2026-08-22,4482
2025-316,Bastad,ATP 250,28,Clay,No,Finished,2025-07-14,2025,2026-08-22,4483
2025-319,Kitzbuhel,ATP 250,28,Clay,No,Finished,2025-07-21,2025,2026-08-22,4484
2025-321,Stuttgart,ATP 250,28,Grass,No,Finished,2025-06-09,2025,2026-08-22,4485
2025-322,Geneva,ATP 250,28,Clay,No,Finished,2025-05-19,2025,2026-08-22,4486
2025-328,Basel,ATP 500,32,Hard,Yes,Finished,2025-10-20,2025,2026-08-22,4487
2025-329,Tokyo,ATP 500,32,Hard,No,Finished,2025-09-22,2025,2026-08-22,4488
2025-336,Hong Kong,ATP 250,28,Hard,No,Finished,2024-12-23,2024,2026-08-22,4489
2025-337,Vienna,ATP 500,32,Hard,Yes,Finished,2025-10-20,2025,2026-08-22,4490
2025-339,Brisbane,ATP 250,32,Hard,No,Finished,2024-12-23,2024,2026-08-22,4491
2025-341,Metz,ATP 250,28,Hard,Yes,Finished,2025-11-03,2025,2026-08-22,4492
2025-352,Paris Masters,Masters 1000,56,Hard,Yes,Finished,2025-10-27,2025,2026-08-22,4493
2025-360,Marrakech,ATP 250,28,Clay,No,Finished,2025-03-31,2025,2026-08-22,4494
2025-375,Montpellier,ATP 250,28,Hard,Yes,Finished,2025-01-27,2025,2026-08-22,4495
2025-403,Miami Masters,Masters 1000,96,Hard,No,Finished,2025-03-17,2025,2026-08-22,4496
2025-404,Indian Wells Masters,Masters 1000,96,Hard,No,Finished,2025-03-03,2025,2026-08-22,4497
2025-407,Rotterdam,ATP 500,32,Hard,Yes,Finished,2025-02-03,2025,2026-08-22,4498
2025-410,Monte Carlo Masters,Masters 1000,56,Clay,No,Finished,2025-04-07,2025,2026-08-22,4499
2025-414,Hamburg,ATP 500,32,Clay,No,Finished,2025-05-19,2025,2026-08-22,4500
2025-416,Rome Masters,Masters 1000,96,Clay,No,Finished,2025-05-05,2025,2026-08-22,4501
2025-418,Washington,ATP 500,48,Hard,No,Finished,2025-07-21,2025,2026-08-22,4502
2025-421,Canada Masters,Masters 1000,96,Hard,No,Finished,2025-07-21,2025,2026-08-22,4503
2025-422,Cincinnati Masters,Masters 1000,96,Hard,No,Finished,2025-08-04,2025,2026-08-22,4504
2025-424,Dallas,ATP 500,32,Hard,Yes,Finished,2025-02-03,2025,2026-08-22,4505
2025-425,Barcelona,ATP 500,32,Clay,No,Finished,2025-04-14,2025,2026-08-22,4506
2025-429,Stockholm,ATP 250,28,Hard,Yes,Finished,2025-10-13,2025,2026-08-22,4507
2025-439,Umag,ATP 250,28,Clay,No,Finished,2025-07-21,2025,2026-08-22,4508
2025-440,'s-Hertogenbosch,ATP 250,28,Grass,No,Finished,2025-06-09,2025,2026-08-22,4509
2025-4462,Bucharest,ATP 250,28,Clay,No,Finished,2025-03-31,2025,2026-08-22,4510
2025-451,Doha,ATP 500,32,Hard,No,Finished,2025-02-17,2025,2026-08-22,4511
2025-4713,Hangzhou,ATP 250,28,Hard,No,Finished,2025-09-15,2025,2026-08-22,4512
2025-495,Dubai,ATP 500,32,Hard,No,Finished,2025-02-24,2025,2026-08-22,4513
2025-496,Marseille,ATP 250,28,Hard,Yes,Finished,2025-02-10,2025,2026-08-22,4514
2025-499,Delray Beach,ATP 250,28,Hard,No,Finished,2025-02-10,2025,2026-08-22,4515
2025-500,Halle,ATP 500,32,Grass,No,Finished,2025-06-16,2025,2026-08-22,4516
2025-5014,Shanghai,Masters 1000,96,Hard,No,Finished,2025-09-29,2025,2026-08-22,4517
2025-506,Buenos Aires,ATP 250,28,Clay,No,Finished,2025-02-10,2025,2026-08-22,4518
2025-5100,Athens,ATP 250,28,Hard,Yes,Finished,2025-11-03,2025,2026-08-22,4519
2025-520,Roland Garros,Grand Slam,128,Clay,No,Finished,2025-05-26,2025,2026-08-22,4520
2025-540,Wimbledon,Grand Slam,128,Grass,No,Finished,2025-06-30,2025,2026-08-22,4521
2025-560,US Open,Grand Slam,128,Hard,No,Finished,2025-08-18,2025,2026-08-22,4522
2025-580,Australian Open,Grand Slam,128,Hard,No,Finished,2025-01-13,2025,2026-08-22,4523
2025-605,ATP Finals,ATP Finals,8,Hard,Yes,Finished,2025-11-10,2025,2026-08-22,4524
2025-6242,Winston-Salem,ATP 250,48,Hard,No,Finished,2025-08-18,2025,2026-08-22,4525
2025-6932,Rio de Janeiro,ATP 500,32,Clay,No,Finished,2025-02-17,2025,2026-08-22,4526
2025-717,Houston,ATP 250,28,Clay,No,Finished,2025-03-31,2025,2026-08-22,4527
2025-741,Eastbourne,ATP 250,28,Grass,No,Finished,2025-06-23,2025,2026-08-22,4528
2025-747,Beijing,ATP 500,32,Hard,No,Finished,2025-09-22,2025,2026-08-22,4529
2025-7480,Los Cabos,ATP 250,28,Hard,No,Finished,2025-07-14,2025,2026-08-22,4530
2025-7485,Brussels,ATP 250,28,Hard,Yes,Finished,2025-10-13,2025,2026-08-22,4531
2025-7581,Chengdu,ATP 250,28,Hard,No,Finished,2025-09-15,2025,2026-08-22,4532
2025-807,Acapulco,ATP 500,32,Hard,No,Finished,2025-02-24,2025,2026-08-22,4533
2025-8994,Mallorca,ATP 250,28,Grass,No,Finished,2025-06-23,2025,2026-08-22,4534
2025-8996,Santiago,ATP 250,28,Hard,No,Finished,2025-02-24,2025,2026-08-22,4535
2025-8998,Adelaide,ATP 250,28,Hard,No,Finished,2025-01-06,2025,2026-08-22,4536
2025-9410,Almaty,ATP 250,28,Hard,Yes,Finished,2025-10-13,2025,2026-08-22,4537
2026-1536,Madrid Masters,Masters 1000,96,Clay,No,Finished,2026-04-20,2026,2026-08-22,4538
2026-301,Auckland,ATP 250,32,Hard,No,Finished,2026-01-12,2026,2026-08-22,4539
2026-308,Munich,ATP 500,32,Clay,No,Finished,2026-04-13,2026,2026-08-22,4540
2026-311,Queen's Club,ATP 500,32,Grass,No,Finished,2026-06-15,2026,2026-08-22,4541
2026-314,Gstaad,ATP 250,28,Clay,No,Finished,2026-07-13,2026,2026-08-22,4542
2026-316,Bastad,ATP 250,28,Clay,No,Finished,2026-07-13,2026,2026-08-22,4543
2026-319,Kitzbuhel,ATP 250,28,Clay,No,Finished,2026-07-20,2026,2026-08-22,4544
2026-321,Stuttgart,ATP 250,28,Grass,No,Finished,2026-06-08,2026,2026-08-22,4545
2026-322,Geneva,ATP 250,28,Clay,No,Finished,2026-05-18,2026,2026-08-22,4546
2026-336,Hong Kong,ATP 250,28,Hard,No,Finished,2026-01-05,2026,2026-08-22,4547
2026-339,Brisbane,ATP 250,32,Hard,No,Finished,2025-12-29,2026,2026-08-22,4548
2026-360,Marrakech,ATP 250,28,Clay,No,Finished,2026-03-30,2026,2026-08-22,4549
2026-375,Montpellier,ATP 250,28,Hard,Yes,Finished,2026-02-02,2026,2026-08-22,4550
2026-403,Miami Masters,Masters 1000,96,Hard,No,Finished,2026-03-16,2026,2026-08-22,4551
2026-404,Indian Wells Masters,Masters 1000,96,Hard,No,Finished,2026-03-02,2026,2026-08-22,4552
2026-407,Rotterdam,ATP 500,32,Hard,Yes,Finished,2026-02-09,2026,2026-08-22,4553
2026-410,Monte Carlo,Masters 1000,56,Clay,No,Finished,2026-03-30,2026,2026-08-22,4554
2026-414,Hamburg,ATP 500,32,Clay,No,Finished,2026-05-18,2026,2026-08-22,4555
2026-416,Rome Masters,Masters 1000,96,Clay,No,Finished,2026-05-04,2026,2026-08-22,4556
2026-418,Washington,ATP 500,32,Hard,No,Finished,2026-07-27,2026,2026-08-22,4557
2026-421,Canada Masters,Masters 1000,96,Hard,No,Finished,2026-07-27,2026,2026-08-22,4558
2026-422,Cincinnati Masters,Masters 1000,96,Hard,No,In Progress,2026-08-10,2026,2026-08-22,4559
2026-424,Dallas,ATP 500,32,Hard,Yes,Finished,2026-02-09,2026,2026-08-22,4560
2026-425,Barcelona,ATP 500,32,Clay,No,Finished,2026-04-13,2026,2026-08-22,4561
2026-439,Umag,ATP 250,28,Clay,No,Finished,2026-07-13,2026,2026-08-22,4562
2026-440,'s-Hertogenbosch,ATP 250,28,Grass,No,Finished,2026-06-08,2026,2026-08-22,4563
2026-4462,Bucharest,ATP 250,28,Clay,No,Finished,2026-03-30,2026,2026-08-22,4564
2026-451,Doha,ATP 500,32,Hard,No,Finished,2026-02-16,2026,2026-08-22,4565
2026-495,Dubai,ATP 500,32,Hard,No,Finished,2026-02-23,2026,2026-08-22,4566
2026-499,Delray Beach,ATP 250,28,Hard,No,Finished,2026-02-16,2026,2026-08-22,4567
2026-500,Halle,ATP 500,32,Grass,No,Finished,2026-06-15,2026,2026-08-22,4568
2026-506,Buenos Aires,ATP 250,28,Clay,No,Finished,2026-02-09,2026,2026-08-22,4569
2026-520,Roland Garros,Grand Slam,128,Clay,No,Finished,2026-05-18,2026,2026-08-22,4570
2026-540,Wimbledon,Grand Slam,128,Grass,No,Finished,2026-06-29,2026,2026-08-22,4571
2026-580,Australian Open,Grand Slam,128,Hard,No,Finished,2026-01-12,2026,2026-08-22,4572
2026-6932,Rio de Janeiro,ATP 500,32,Clay,No,Finished,2026-02-16,2026,2026-08-22,4573
2026-717,Houston,ATP 250,28,Clay,No,Finished,2026-03-30,2026,2026-08-22,4574
2026-7290,Estoril,ATP 250,28,Clay,No,Finished,2026-07-20,2026,2026-08-22,4575
2026-741,Eastbourne,ATP 250,28,Grass,No,Finished,2026-06-22,2026,2026-08-22,4576
2026-7480,Los Cabos,ATP 250,28,Hard,No,Finished,2026-07-27,2026,2026-08-22,4577
2026-807,Acapulco,ATP 500,32,Hard,No,Finished,2026-02-23,2026,2026-08-22,4578
2026-8994,Mallorca,ATP 250,28,Grass,No,Finished,2026-06-22,2026,2026-08-22,4579
2026-8996,Santiago,ATP 250,28,Clay,No,Finished,2026-02-23,2026,2026-08-22,4580
2026-8998,Adelaide,ATP 250,28,Hard,No,Finished,2026-01-12,2026,2026-08-22,4581
1998-314,Gstaad,Other,32,Clay,No,Finished,1998-07-06,1998,2026-08-22,4582
