DATE_WEEK_RANKING,DES_PLAYER_NAME,NUM_PLAYER_RANK,NUM_PLAYER_RANK_PTS,NUM_PLAYER_LE_PTS,NUM_PLAYER_DROP_PTS,NUM_PLAYER_NEXT_BEST,DATE_INGESTION
2026-08-10,August Holmgren,226.0,247,-,22.0,3.0,2026-08-22
2026-08-03,August Holmgren,224.0,247,-,,,2026-08-22
2026-07-27,August Holmgren,227.0,247,-1,,,2026-08-22
2026-07-13,August Holmgren,192.0,301,-122,75.0,3.0,2026-08-22
2026-07-13,August Holmgren,192.0,301,-122,75.0,3.0,2026-08-22
2026-07-13,August Holmgren,192.0,301,-122,75.0,3.0,2026-08-22
2026-06-29,August Holmgren,143.0,423,-,130.0,3.0,2026-08-22
2026-06-29,August Holmgren,143.0,423,-,130.0,3.0,2026-08-22
2026-06-29,August Holmgren,143.0,423,-,130.0,3.0,2026-08-22
2026-06-22,August Holmgren,141.0,423,+8,,,2026-08-22
2026-06-22,August Holmgren,141.0,423,+8,,,2026-08-22
2026-06-15,August Holmgren,143.0,415,+8,,,2026-08-22
2026-06-15,August Holmgren,143.0,415,+8,,,2026-08-22
2026-06-08,August Holmgren,148.0,407,+11,,,2026-08-22
2026-06-08,August Holmgren,148.0,407,+11,,,2026-08-22
2026-05-25,August Holmgren,156.0,396,-,8.0,,2026-08-22
2026-05-25,August Holmgren,156.0,396,-,8.0,,2026-08-22
2026-05-18,August Holmgren,155.0,396,+28,,,2026-08-22
2026-05-18,August Holmgren,155.0,396,+28,,,2026-08-22
2026-05-04,August Holmgren,167.0,368,+44,,,2026-08-22
2026-05-04,August Holmgren,167.0,368,+44,,,2026-08-22
2026-04-20,August Holmgren,185.0,324,+13,,,2026-08-22
2026-04-20,August Holmgren,185.0,324,+13,,,2026-08-22
2026-04-13,August Holmgren,188.0,311,-,3.0,,2026-08-22
2026-04-13,August Holmgren,188.0,311,-,3.0,,2026-08-22
2026-04-06,August Holmgren,190.0,311,-,7.0,,2026-08-22
2026-04-06,August Holmgren,190.0,311,-,7.0,,2026-08-22
2026-03-30,August Holmgren,191.0,311,+4,,,2026-08-22
2026-03-30,August Holmgren,191.0,311,+4,,,2026-08-22
2026-03-16,August Holmgren,197.0,307,+6,,,2026-08-22
2026-03-16,August Holmgren,197.0,307,+6,,,2026-08-22
2026-02-16,August Holmgren,199.0,303,-,,,2026-08-22
2026-02-09,August Holmgren,199.0,303,-,,,2026-08-22
2026-02-02,August Holmgren,199.0,303,-2,,,2026-08-22
2026-01-19,August Holmgren,193.0,305,-,8.0,,2026-08-22
2026-01-12,August Holmgren,191.0,305,-,,,2026-08-22
2026-01-05,August Holmgren,191.0,305,-7,,,2026-08-22
2025-12-29,August Holmgren,190.0,312,-,7.0,,2026-08-22
2025-12-22,August Holmgren,193.0,312,-,,,2026-08-22
2025-12-15,August Holmgren,193.0,312,-,,,2026-08-22
2025-12-08,August Holmgren,193.0,312,-,,,2026-08-22
2025-12-01,August Holmgren,194.0,312,-,,,2026-08-22
2025-11-24,August Holmgren,189.0,312,-25,,,2026-08-22
2025-11-17,August Holmgren,171.0,337,-,25.0,,2026-08-22
2025-11-10,August Holmgren,171.0,337,-8,,,2026-08-22
2025-11-03,August Holmgren,169.0,345,-,8.0,,2026-08-22
2025-10-27,August Holmgren,167.0,345,+7,,,2026-08-22
2025-10-20,August Holmgren,168.0,338,-7,,,2026-08-22
2025-10-13,August Holmgren,166.0,345,+30,7.0,,2026-08-22
,Derrick Rostagno,,,,,,2026-08-22
,Donald Dell,,,,,,2026-08-22
,Edvaldo Oliveira,,,,,,2026-08-22
,Joao Soares,,,,,,2026-08-22
,Juan Alejandro Hernandez Serrano,,,,,,2026-08-22
2026-08-10,Leandro Riedi,131.0,487,-,30.0,,2026-08-22
2026-08-10,Leandro Riedi,131.0,487,-,30.0,,2026-08-22
2026-08-10,Leandro Riedi,131.0,487,-,30.0,,2026-08-22
2026-08-10,Leandro Riedi,131.0,487,-,30.0,,2026-08-22
2026-08-03,Leandro Riedi,128.0,487,-,,,2026-08-22
2026-08-03,Leandro Riedi,128.0,487,-,,,2026-08-22
2026-08-03,Leandro Riedi,128.0,487,-,,,2026-08-22
2026-08-03,Leandro Riedi,128.0,487,-,,,2026-08-22
2026-07-27,Leandro Riedi,130.0,487,-,,,2026-08-22
2026-07-27,Leandro Riedi,130.0,487,-,,,2026-08-22
2026-07-27,Leandro Riedi,130.0,487,-,,,2026-08-22
2026-07-27,Leandro Riedi,130.0,487,-,,,2026-08-22
2026-07-20,Leandro Riedi,135.0,487,-2,,,2026-08-22
2026-07-20,Leandro Riedi,135.0,487,-2,,,2026-08-22
2026-07-20,Leandro Riedi,135.0,487,-2,,,2026-08-22
2026-07-13,Leandro Riedi,134.0,489,-44,2.0,,2026-08-22
2026-07-13,Leandro Riedi,134.0,489,-44,2.0,,2026-08-22
2026-07-13,Leandro Riedi,134.0,489,-44,2.0,,2026-08-22
2026-06-29,Leandro Riedi,117.0,533,-,44.0,,2026-08-22
2026-06-29,Leandro Riedi,117.0,533,-,44.0,,2026-08-22
2026-06-29,Leandro Riedi,117.0,533,-,44.0,,2026-08-22
2026-06-22,Leandro Riedi,116.0,533,-,,,2026-08-22
2026-06-22,Leandro Riedi,116.0,533,-,,,2026-08-22
2026-06-15,Leandro Riedi,116.0,533,-8,,,2026-08-22
2026-06-15,Leandro Riedi,116.0,533,-8,,,2026-08-22
2026-06-08,Leandro Riedi,117.0,541,+16,16.0,,2026-08-22
2026-06-08,Leandro Riedi,117.0,541,+16,16.0,,2026-08-22
2026-05-25,Leandro Riedi,120.0,525,-,,,2026-08-22
2026-05-25,Leandro Riedi,120.0,525,-,,,2026-08-22
2026-05-18,Leandro Riedi,121.0,525,+19,,,2026-08-22
2026-05-18,Leandro Riedi,121.0,525,+19,,,2026-08-22
2026-05-04,Leandro Riedi,128.0,506,+22,4.0,,2026-08-22
2026-05-04,Leandro Riedi,128.0,506,+22,4.0,,2026-08-22
2026-04-20,Leandro Riedi,129.0,484,+125,,,2026-08-22
2026-04-20,Leandro Riedi,129.0,484,+125,,,2026-08-22
2026-04-13,Leandro Riedi,169.0,359,-,,,2026-08-22
2026-04-13,Leandro Riedi,169.0,359,-,,,2026-08-22
2026-04-06,Leandro Riedi,168.0,359,-,,,2026-08-22
2026-04-06,Leandro Riedi,168.0,359,-,,,2026-08-22
2026-03-30,Leandro Riedi,168.0,359,-,,,2026-08-22
2026-03-30,Leandro Riedi,168.0,359,-,,,2026-08-22
2026-03-16,Leandro Riedi,168.0,359,+3,,,2026-08-22
2026-03-16,Leandro Riedi,168.0,359,+3,,,2026-08-22
2026-03-02,Leandro Riedi,172.0,356,-,,,2026-08-22
2026-02-23,Leandro Riedi,173.0,356,-,,,2026-08-22
2026-02-16,Leandro Riedi,173.0,356,+8,,,2026-08-22
2026-02-09,Leandro Riedi,173.0,348,-,,,2026-08-22
2026-02-02,Leandro Riedi,171.0,348,+22,,,2026-08-22
2026-01-19,Leandro Riedi,180.0,326,-,,,2026-08-22
2026-01-12,Leandro Riedi,180.0,326,-,,,2026-08-22
2026-01-05,Leandro Riedi,177.0,326,-,,,2026-08-22
2025-12-29,Leandro Riedi,179.0,326,-,,,2026-08-22
2025-12-22,Leandro Riedi,179.0,326,-,,,2026-08-22
2025-12-15,Leandro Riedi,179.0,326,-,,,2026-08-22
2025-12-08,Leandro Riedi,179.0,326,-,,,2026-08-22
2025-12-01,Leandro Riedi,180.0,326,-,,,2026-08-22
2025-11-24,Leandro Riedi,179.0,326,-,,,2026-08-22
2025-11-17,Leandro Riedi,179.0,326,-,,,2026-08-22
2025-11-10,Leandro Riedi,178.0,326,-,,,2026-08-22
2025-11-03,Leandro Riedi,175.0,326,-,,,2026-08-22
2025-10-27,Leandro Riedi,174.0,326,-,,,2026-08-22
2025-10-20,Leandro Riedi,174.0,326,-,,,2026-08-22
2025-10-13,Leandro Riedi,172.0,326,-,,,2026-08-22
,Paul Haarhuis,,,,,,2026-08-22
,Sandy Mayer,,,,,,2026-08-22
2026-08-10,Skander Mansouri,1298.0,8,-,,,2026-08-22
2026-08-03,Skander Mansouri,1284.0,8,-,,,2026-08-22
2026-07-27,Skander Mansouri,1279.0,8,-,,,2026-08-22
,A March,,,,,,2026-08-22
,Aj Mitha,,,,,,2026-08-22
,Alan Mills,,,,,,2026-08-22
,Bill Williams,,,,,,2026-08-22
,Dusan Korac,,,,,,2026-08-22
,G Daumas,,,,,,2026-08-22
,Greg Peebles,,,,,,2026-08-22
,Hans Hansson,,,,,,2026-08-22
,J L Sartorius,,,,,,2026-08-22
,N Mcdonough,,,,,,2026-08-22
,N O Stafford,,,,,,2026-08-22
,Phil Meyer,,,,,,2026-08-22
,Stojan Velev,,,,,,2026-08-22
,Sutarjo Sugiarto,,,,,,2026-08-22
,Tom Spinks,,,,,,2026-08-22
,U Walsh,,,,,,2026-08-22
,Uli Heyne,,,,,,2026-08-22
,Brent Haygarth,,,,,,2026-08-22
,Ion Tiriac,,,,,,2026-08-22
,Kiranpal Pannu,,,,,,2026-08-22
,Mariano Delfino,,,,,,2026-08-22
,Mose Navarra,,,,,,2026-08-22
,Nicklas Kroon,,,,,,2026-08-22
,Nicolas Todero,,,,,,2026-08-22
,Patrick Proisy,,,,,,2026-08-22
,Per Hjertquist,,,,,,2026-08-22
,Stefano Tarallo,,,,,,2026-08-22
,Wally Masur,,,,,,2026-08-22
,William Blumberg,,,,,,2026-08-22
,Agostino Serra,,,,,,2026-08-22
,Esteban Vallely,,,,,,2026-08-22
,Fernando Maynetto,,,,,,2026-08-22
,Gerardo Clarac,,,,,,2026-08-22
,Ilan Sher,,,,,,2026-08-22
,Lornie Kuhle,,,,,,2026-08-22
,Nick Van Der Meer,,,,,,2026-08-22
,Praful Ghatage,,,,,,2026-08-22
,Robert Lidgey,,,,,,2026-08-22
,T Carey,,,,,,2026-08-22
,Tim Pateracki,,,,,,2026-08-22
,Christian Geyer,,,,,,2026-08-22
,Filip Urban,,,,,,2026-08-22
,Henri Leconte,,,,,,2026-08-22
,John Austin,,,,,,2026-08-22
,Leonardo Azzaro,,,,,,2026-08-22
,Liam Caruana,,,,,,2026-08-22
,Mikael Stadling,,,,,,2026-08-22
,Pietro Pennisi,,,,,,2026-08-22
,Scott Humphries,,,,,,2026-08-22
,Stefan Eriksson,,,,,,2026-08-22
,Stephen Botfield,,,,,,2026-08-22
,Torben Ulrich,,,,,,2026-08-22
,Yuri Schukin,,,,,,2026-08-22
,Bob Stock,,,,,,2026-08-22
,Carlos Gomez,,,,,,2026-08-22
,David Franco,,,,,,2026-08-22
,Donald Watt,,,,,,2026-08-22
,Ernie Ewert,,,,,,2026-08-22
,Greg Ewansky,,,,,,2026-08-22
,Igor Flego,,,,,,2026-08-22
,John Norgauer,,,,,,2026-08-22
,Keith Brebnor,,,,,,2026-08-22
,Regis Lavergne,,,,,,2026-08-22
,Salvatore Buia,,,,,,2026-08-22
,Vjeran Friscic,,,,,,2026-08-22
,William Krulewitz,,,,,,2026-08-22
,Yoshihiko Shimazaki,,,,,,2026-08-22
2026-08-10,Aldin Setkic,,4,-,,,2026-08-22
2026-08-03,Aldin Setkic,,4,-,,,2026-08-22
2026-07-27,Aldin Setkic,,4,-,,,2026-08-22
,Amer Delic,,,,,,2026-08-22
2026-08-10,Andrea Pellegrino,135.0,454,-,,,2026-08-22
2026-08-10,Andrea Pellegrino,135.0,454,-,,,2026-08-22
2026-08-10,Andrea Pellegrino,135.0,454,-,,,2026-08-22
2026-08-10,Andrea Pellegrino,135.0,454,-,,,2026-08-22
2026-08-03,Andrea Pellegrino,134.0,454,+8,,,2026-08-22
2026-08-03,Andrea Pellegrino,134.0,454,+8,,,2026-08-22
2026-08-03,Andrea Pellegrino,134.0,454,+8,,,2026-08-22
2026-08-03,Andrea Pellegrino,134.0,454,+8,,,2026-08-22
2026-07-27,Andrea Pellegrino,137.0,446,-,,,2026-08-22
2026-07-27,Andrea Pellegrino,137.0,446,-,,,2026-08-22
2026-07-27,Andrea Pellegrino,137.0,446,-,,,2026-08-22
2026-07-27,Andrea Pellegrino,137.0,446,-,,,2026-08-22
2026-07-20,Andrea Pellegrino,138.0,446,-13,7.0,,2026-08-22
2026-07-20,Andrea Pellegrino,138.0,446,-13,7.0,,2026-08-22
2026-07-20,Andrea Pellegrino,138.0,446,-13,7.0,,2026-08-22
2026-07-13,Andrea Pellegrino,138.0,459,+2,38.0,,2026-08-22
2026-07-13,Andrea Pellegrino,138.0,459,+2,38.0,,2026-08-22
2026-07-13,Andrea Pellegrino,138.0,459,+2,38.0,,2026-08-22
2026-06-29,Andrea Pellegrino,133.0,457,-,12.0,,2026-08-22
2026-06-29,Andrea Pellegrino,133.0,457,-,12.0,,2026-08-22
2026-06-29,Andrea Pellegrino,133.0,457,-,12.0,,2026-08-22
2026-06-22,Andrea Pellegrino,131.0,457,-,,,2026-08-22
2026-06-22,Andrea Pellegrino,131.0,457,-,,,2026-08-22
2026-06-15,Andrea Pellegrino,133.0,457,-125,,,2026-08-22
2026-06-15,Andrea Pellegrino,133.0,457,-125,,,2026-08-22
2026-06-08,Andrea Pellegrino,109.0,582,+75,125.0,,2026-08-22
2026-06-08,Andrea Pellegrino,109.0,582,+75,125.0,,2026-08-22
2026-05-25,Andrea Pellegrino,124.0,507,-,,,2026-08-22
2026-05-25,Andrea Pellegrino,124.0,507,-,,,2026-08-22
2026-05-18,Andrea Pellegrino,126.0,507,+114,,,2026-08-22
2026-05-18,Andrea Pellegrino,126.0,507,+114,,,2026-08-22
2026-05-04,Andrea Pellegrino,155.0,393,-91,6.0,,2026-08-22
2026-05-04,Andrea Pellegrino,155.0,393,-91,6.0,,2026-08-22
2026-04-20,Andrea Pellegrino,130.0,484,-,104.0,,2026-08-22
2026-04-20,Andrea Pellegrino,130.0,484,-,104.0,,2026-08-22
2026-04-13,Andrea Pellegrino,131.0,484,-,,,2026-08-22
2026-04-13,Andrea Pellegrino,131.0,484,-,,,2026-08-22
2026-04-06,Andrea Pellegrino,134.0,484,-6,,,2026-08-22
2026-04-06,Andrea Pellegrino,134.0,484,-6,,,2026-08-22
2026-03-30,Andrea Pellegrino,130.0,490,-20,6.0,,2026-08-22
2026-03-30,Andrea Pellegrino,130.0,490,-20,6.0,,2026-08-22
2026-03-16,Andrea Pellegrino,128.0,510,-,40.0,,2026-08-22
2026-03-16,Andrea Pellegrino,128.0,510,-,40.0,,2026-08-22
2026-03-02,Andrea Pellegrino,125.0,510,+63,,,2026-08-22
2026-02-23,Andrea Pellegrino,137.0,447,-,,,2026-08-22
2026-02-16,Andrea Pellegrino,140.0,447,+13,,,2026-08-22
2026-02-09,Andrea Pellegrino,145.0,434,+3,,,2026-08-22
2026-02-02,Andrea Pellegrino,143.0,431,-7,13.0,,2026-08-22
2026-01-19,Andrea Pellegrino,138.0,438,-,7.0,,2026-08-22
2026-01-12,Andrea Pellegrino,138.0,438,-,,,2026-08-22
2026-01-05,Andrea Pellegrino,139.0,438,-,,,2026-08-22
2025-12-29,Andrea Pellegrino,141.0,438,-,,,2026-08-22
2025-12-22,Andrea Pellegrino,141.0,438,-,,,2026-08-22
2025-12-15,Andrea Pellegrino,141.0,438,-,,,2026-08-22
2025-12-08,Andrea Pellegrino,141.0,438,-,,,2026-08-22
2025-12-01,Andrea Pellegrino,141.0,438,-,,,2026-08-22
2025-11-24,Andrea Pellegrino,140.0,438,-,,,2026-08-22
2025-11-17,Andrea Pellegrino,139.0,438,-,,,2026-08-22
2025-11-10,Andrea Pellegrino,140.0,438,-8,,,2026-08-22
2025-11-03,Andrea Pellegrino,139.0,446,-,8.0,,2026-08-22
2025-10-27,Andrea Pellegrino,140.0,446,-,,,2026-08-22
2025-10-20,Andrea Pellegrino,143.0,446,-,,,2026-08-22
2025-10-13,Andrea Pellegrino,144.0,446,-22,,,2026-08-22
,Christo Van Rensburg,,,,,,2026-08-22
,Clinton Marsh,,,,,,2026-08-22
,David Martin,,,,,,2026-08-22
,Ernesto Escobedo,,,,,,2026-08-22
,Milos Sekulic,,,,,,2026-08-22
,Ruben Ramirez Hidalgo,,,,,,2026-08-22
,Stephane Huet,,,,,,2026-08-22
,Trevor Allan,,,,,,2026-08-22
2026-08-10,Tristan Schoolkate,188.0,302,-,4.0,,2026-08-22
2026-08-10,Tristan Schoolkate,188.0,302,-,4.0,,2026-08-22
2026-08-10,Tristan Schoolkate,188.0,302,-,4.0,,2026-08-22
2026-08-10,Tristan Schoolkate,188.0,302,-,4.0,,2026-08-22
2026-08-03,Tristan Schoolkate,187.0,302,-50,,,2026-08-22
2026-08-03,Tristan Schoolkate,187.0,302,-50,,,2026-08-22
2026-08-03,Tristan Schoolkate,187.0,302,-50,,,2026-08-22
2026-08-03,Tristan Schoolkate,187.0,302,-50,,,2026-08-22
2026-07-27,Tristan Schoolkate,161.0,352,-,50.0,,2026-08-22
2026-07-27,Tristan Schoolkate,161.0,352,-,50.0,,2026-08-22
2026-07-27,Tristan Schoolkate,161.0,352,-,50.0,,2026-08-22
2026-07-27,Tristan Schoolkate,161.0,352,-,50.0,,2026-08-22
2026-07-20,Tristan Schoolkate,160.0,352,-46,,,2026-08-22
2026-07-20,Tristan Schoolkate,160.0,352,-46,,,2026-08-22
2026-07-20,Tristan Schoolkate,160.0,352,-46,,,2026-08-22
2026-07-13,Tristan Schoolkate,148.0,398,-5,50.0,4.0,2026-08-22
2026-07-13,Tristan Schoolkate,148.0,398,-5,50.0,4.0,2026-08-22
2026-07-13,Tristan Schoolkate,148.0,398,-5,50.0,4.0,2026-08-22
2026-06-29,Tristan Schoolkate,149.0,403,-,36.0,11.0,2026-08-22
2026-06-29,Tristan Schoolkate,149.0,403,-,36.0,11.0,2026-08-22
2026-06-29,Tristan Schoolkate,149.0,403,-,36.0,11.0,2026-08-22
2026-06-22,Tristan Schoolkate,147.0,403,-,,,2026-08-22
2026-06-22,Tristan Schoolkate,147.0,403,-,,,2026-08-22
2026-06-15,Tristan Schoolkate,149.0,403,-117,,,2026-08-22
2026-06-15,Tristan Schoolkate,149.0,403,-117,,,2026-08-22
2026-06-08,Tristan Schoolkate,123.0,520,+8,125.0,8.0,2026-08-22
2026-06-08,Tristan Schoolkate,123.0,520,+8,125.0,8.0,2026-08-22
2026-05-25,Tristan Schoolkate,123.0,512,-,,8.0,2026-08-22
2026-05-25,Tristan Schoolkate,123.0,512,-,,8.0,2026-08-22
2026-05-18,Tristan Schoolkate,125.0,512,-,,,2026-08-22
2026-05-18,Tristan Schoolkate,125.0,512,-,,,2026-08-22
2026-05-04,Tristan Schoolkate,126.0,512,-46,,,2026-08-22
2026-05-04,Tristan Schoolkate,126.0,512,-46,,,2026-08-22
2026-04-20,Tristan Schoolkate,114.0,558,-,66.0,16.0,2026-08-22
2026-04-20,Tristan Schoolkate,114.0,558,-,66.0,16.0,2026-08-22
2026-04-13,Tristan Schoolkate,115.0,558,+8,,,2026-08-22
2026-04-13,Tristan Schoolkate,115.0,558,+8,,,2026-08-22
2026-04-06,Tristan Schoolkate,116.0,550,+14,,,2026-08-22
2026-04-06,Tristan Schoolkate,116.0,550,+14,,,2026-08-22
2026-03-30,Tristan Schoolkate,119.0,536,-34,,,2026-08-22
2026-03-30,Tristan Schoolkate,119.0,536,-34,,,2026-08-22
2026-03-16,Tristan Schoolkate,114.0,570,+23,50.0,7.0,2026-08-22
2026-03-16,Tristan Schoolkate,114.0,570,+23,50.0,7.0,2026-08-22
2026-03-02,Tristan Schoolkate,118.0,547,-9,,,2026-08-22
2026-02-23,Tristan Schoolkate,108.0,556,-,16.0,7.0,2026-08-22
2026-02-16,Tristan Schoolkate,108.0,556,-14,,,2026-08-22
2026-02-09,Tristan Schoolkate,102.0,570,+36,22.0,8.0,2026-08-22
2026-02-02,Tristan Schoolkate,114.0,534,-107,,,2026-08-22
2026-01-19,Tristan Schoolkate,98.0,641,-,125.0,15.0,2026-08-22
2026-01-12,Tristan Schoolkate,97.0,641,-,,,2026-08-22
2026-01-05,Tristan Schoolkate,97.0,641,-,,,2026-08-22
2025-12-29,Tristan Schoolkate,100.0,641,-8,,,2026-08-22
2025-12-22,Tristan Schoolkate,99.0,649,-,,,2026-08-22
2025-12-15,Tristan Schoolkate,99.0,649,-,,,2026-08-22
2025-12-08,Tristan Schoolkate,99.0,649,-,,,2026-08-22
2025-12-01,Tristan Schoolkate,99.0,649,-,,,2026-08-22
2025-11-24,Tristan Schoolkate,100.0,649,-,,,2026-08-22
2025-11-17,Tristan Schoolkate,100.0,649,-,,,2026-08-22
2025-11-10,Tristan Schoolkate,97.0,649,-,,,2026-08-22
2025-11-03,Tristan Schoolkate,99.0,649,-14,,,2026-08-22
2025-10-27,Tristan Schoolkate,98.0,663,+1,22.0,7.0,2026-08-22
2025-10-20,Tristan Schoolkate,98.0,662,-,12.0,7.0,2026-08-22
2025-10-13,Tristan Schoolkate,96.0,662,+8,,,2026-08-22
,Brenton Higgins,,,,,,2026-08-22
,Brian Parrott,,,,,,2026-08-22
,Carlos Claverie,,,,,,2026-08-22
,Eugene Cantin,,,,,,2026-08-22
,Hansjorg Elzer,,,,,,2026-08-22
,James Lemke,,,,,,2026-08-22
,Kevin Ocarroll,,,,,,2026-08-22
,Larry Hall,,,,,,2026-08-22
,Mohammad Ghareeb,,,,,,2026-08-22
,Nicolas Renavand,,,,,,2026-08-22
,Robert Bedard,,,,,,2026-08-22
,Ruben Gajardo,,,,,,2026-08-22
,Shai Puni,,,,,,2026-08-22
,Ted Schroeder,,,,,,2026-08-22
,Tony Parun,,,,,,2026-08-22
,U Lindorff,,,,,,2026-08-22
,Brett Dickinson,,,,,,2026-08-22
,Daniel Vacek,,,,,,2026-08-22
2026-08-10,Duje Ajdukovic,304.0,181,-,8.0,1.0,2026-08-22
2026-08-03,Duje Ajdukovic,302.0,181,+5,,,2026-08-22
2026-07-27,Duje Ajdukovic,307.0,176,-,,,2026-08-22
,Eduardo Nava,,,,,,2026-08-22
,Mario Ancic,,,,,,2026-08-22
,Per Henricsson,,,,,,2026-08-22
,Peter Luczak,,,,,,2026-08-22
,Russell Simpson,,,,,,2026-08-22
,Sebastien De Chaunac,,,,,,2026-08-22
,Viktor Troicki,,,,,,2026-08-22
,Wolfgang Schranz,,,,,,2026-08-22
,Alexander Marcial,,,,,,2026-08-22
,Bill Udemans,,,,,,2026-08-22
,Bruno Fragoso,,,,,,2026-08-22
,Chuck Darley,,,,,,2026-08-22
,Ciccio Gorla,,,,,,2026-08-22
,Dave Simmonds,,,,,,2026-08-22
,Dennis Gibson,,,,,,2026-08-22
,James Couture,,,,,,2026-08-22
,Jerry Stewart,,,,,,2026-08-22
,Michel Koning,,,,,,2026-08-22
,Peter Keller,,,,,,2026-08-22
,Ruben Baltazar,,,,,,2026-08-22
,T L Darcy,,,,,,2026-08-22
,Tomislav Peric,,,,,,2026-08-22
,Tommy Lile,,,,,,2026-08-22
2026-08-10,Alexandre Muller,136.0,445,-,25.0,10.0,2026-08-22
2026-08-10,Alexandre Muller,136.0,445,-,25.0,10.0,2026-08-22
2026-08-10,Alexandre Muller,136.0,445,-,25.0,10.0,2026-08-22
2026-08-10,Alexandre Muller,136.0,445,-,25.0,10.0,2026-08-22
2026-08-03,Alexandre Muller,135.0,445,-34,,,2026-08-22
2026-08-03,Alexandre Muller,135.0,445,-34,,,2026-08-22
2026-08-03,Alexandre Muller,135.0,445,-34,,,2026-08-22
2026-08-03,Alexandre Muller,135.0,445,-34,,,2026-08-22
2026-07-27,Alexandre Muller,132.0,479,-15,50.0,10.0,2026-08-22
2026-07-27,Alexandre Muller,132.0,479,-15,50.0,10.0,2026-08-22
2026-07-27,Alexandre Muller,132.0,479,-15,50.0,10.0,2026-08-22
2026-07-27,Alexandre Muller,132.0,479,-15,50.0,10.0,2026-08-22
2026-07-20,Alexandre Muller,133.0,494,-,25.0,10.0,2026-08-22
2026-07-20,Alexandre Muller,133.0,494,-,25.0,10.0,2026-08-22
2026-07-20,Alexandre Muller,133.0,494,-,25.0,10.0,2026-08-22
2026-07-13,Alexandre Muller,132.0,494,-,,,2026-08-22
2026-07-13,Alexandre Muller,132.0,494,-,,,2026-08-22
2026-07-13,Alexandre Muller,132.0,494,-,,,2026-08-22
2026-06-29,Alexandre Muller,126.0,494,-,10.0,10.0,2026-08-22
2026-06-29,Alexandre Muller,126.0,494,-,10.0,10.0,2026-08-22
2026-06-29,Alexandre Muller,126.0,494,-,10.0,10.0,2026-08-22
2026-06-22,Alexandre Muller,125.0,494,-,,,2026-08-22
2026-06-22,Alexandre Muller,125.0,494,-,,,2026-08-22
2026-06-15,Alexandre Muller,125.0,494,-,,,2026-08-22
2026-06-15,Alexandre Muller,125.0,494,-,,,2026-08-22
2026-06-08,Alexandre Muller,127.0,494,-,,,2026-08-22
2026-06-08,Alexandre Muller,127.0,494,-,,,2026-08-22
2026-05-25,Alexandre Muller,127.0,494,-87,10.0,10.0,2026-08-22
2026-05-25,Alexandre Muller,127.0,494,-87,10.0,10.0,2026-08-22
2026-05-18,Alexandre Muller,108.0,581,-20,100.0,13.0,2026-08-22
2026-05-18,Alexandre Muller,108.0,581,-20,100.0,13.0,2026-08-22
2026-05-04,Alexandre Muller,105.0,601,-40,30.0,13.0,2026-08-22
2026-05-04,Alexandre Muller,105.0,601,-40,30.0,13.0,2026-08-22
2026-04-20,Alexandre Muller,95.0,641,-,50.0,13.0,2026-08-22
2026-04-20,Alexandre Muller,95.0,641,-,50.0,13.0,2026-08-22
2026-04-13,Alexandre Muller,95.0,641,-10,,,2026-08-22
2026-04-13,Alexandre Muller,95.0,641,-10,,,2026-08-22
2026-04-06,Alexandre Muller,88.0,651,+6,50.0,10.0,2026-08-22
2026-04-06,Alexandre Muller,88.0,651,+6,50.0,10.0,2026-08-22
2026-03-30,Alexandre Muller,94.0,645,-20,50.0,16.0,2026-08-22
2026-03-30,Alexandre Muller,94.0,645,-20,50.0,16.0,2026-08-22
2026-03-16,Alexandre Muller,90.0,665,-50,30.0,10.0,2026-08-22
2026-03-16,Alexandre Muller,90.0,665,-50,30.0,10.0,2026-08-22
2026-03-02,Alexandre Muller,81.0,715,-,50.0,10.0,2026-08-22
2026-02-23,Alexandre Muller,78.0,715,-305,,,2026-08-22
2026-02-16,Alexandre Muller,52.0,1020,-,330.0,25.0,2026-08-22
2026-02-09,Alexandre Muller,48.0,1020,-,,,2026-08-22
2026-02-02,Alexandre Muller,49.0,1020,+40,,,2026-08-22
2026-01-19,Alexandre Muller,52.0,980,-,10.0,25.0,2026-08-22
2026-01-12,Alexandre Muller,50.0,980,-,,,2026-08-22
2026-01-05,Alexandre Muller,52.0,980,-225,,,2026-08-22
2025-12-29,Alexandre Muller,43.0,1205,-25,250.0,25.0,2026-08-22
2025-12-22,Alexandre Muller,42.0,1230,-,,,2026-08-22
2025-12-15,Alexandre Muller,42.0,1230,-,,,2026-08-22
2025-12-08,Alexandre Muller,42.0,1230,-,,,2026-08-22
2025-12-01,Alexandre Muller,42.0,1230,-,,,2026-08-22
2025-11-24,Alexandre Muller,42.0,1230,-,,,2026-08-22
2025-11-17,Alexandre Muller,42.0,1230,-,,,2026-08-22
2025-11-10,Alexandre Muller,42.0,1230,+40,,,2026-08-22
2025-11-03,Alexandre Muller,43.0,1190,+40,,,2026-08-22
2025-10-27,Alexandre Muller,44.0,1150,-3,,,2026-08-22
2025-10-20,Alexandre Muller,44.0,1153,-12,13.0,10.0,2026-08-22
2025-10-13,Alexandre Muller,43.0,1165,-40,25.0,13.0,2026-08-22
,Brendan Evans,,,,,,2026-08-22
,Charlie Pasarell,,,,,,2026-08-22
,Elliot Benchetrit,,,,,,2026-08-22
2026-08-10,James Watt,889.0,27,-,3.0,,2026-08-22
2026-08-03,James Watt,877.0,27,-,,,2026-08-22
2026-07-27,James Watt,886.0,27,-,,,2026-08-22
,Kenny Thorne,,,,,,2026-08-22
,Mark Ozer,,,,,,2026-08-22
,Martin Damm Sr,,,,,,2026-08-22
,Mashiska Washington,,,,,,2026-08-22
,Matt Mitchell,,,,,,2026-08-22
,Nick Lindahl,,,,,,2026-08-22
,Ofer Sela,,,,,,2026-08-22
,Rainer Schuettler,,,,,,2026-08-22
,Stephan Medem,,,,,,2026-08-22
,Tarik Benhabiles,,,,,,2026-08-22
,Todd Reid,,,,,,2026-08-22
,Edouardo Prada,,,,,,2026-08-22
,Emilio Martinez,,,,,,2026-08-22
,Gerry Waldron,,,,,,2026-08-22
,Harry Coe,,,,,,2026-08-22
,J Zimincer,,,,,,2026-08-22
,Jean Pierre Courcol,,,,,,2026-08-22
,Joe Rush,,,,,,2026-08-22
,Kevin Mccollum,,,,,,2026-08-22
,Mario Caimo,,,,,,2026-08-22
,Nandan Bal,,,,,,2026-08-22
,Peter Lamb,,,,,,2026-08-22
,Rolf Harms,,,,,,2026-08-22
,Rupert Dorey,,,,,,2026-08-22
,Stephen Thompson,,,,,,2026-08-22
,Takeshi Omono,,,,,,2026-08-22
,Tony Bardsley,,,,,,2026-08-22
,Tony Richards,,,,,,2026-08-22
,Charles Auffray,,,,,,2026-08-22
,Henri Laaksonen,,,,,,2026-08-22
,Jason Cask,,,,,,2026-08-22
2026-08-10,Liam Broady,201.0,282,-,,,2026-08-22
2026-08-03,Liam Broady,199.0,282,-,,,2026-08-22
2026-08-03,Liam Broady,199.0,282,-,,,2026-08-22
2026-08-03,Liam Broady,199.0,282,-,,,2026-08-22
2026-08-03,Liam Broady,199.0,282,-,,,2026-08-22
2026-07-27,Liam Broady,202.0,282,-,,,2026-08-22
2026-07-13,Liam Broady,198.0,282,+10,,,2026-08-22
2026-07-13,Liam Broady,198.0,282,+10,,,2026-08-22
2026-07-13,Liam Broady,198.0,282,+10,,,2026-08-22
,Marcelo Arevalo,,,,,,2026-08-22
,Marko Tkalec,,,,,,2026-08-22
2026-08-10,Michael Mmoh,180.0,321,+6,,,2026-08-22
2026-08-10,Michael Mmoh,180.0,321,+6,,,2026-08-22
2026-08-10,Michael Mmoh,180.0,321,+6,,,2026-08-22
2026-08-10,Michael Mmoh,180.0,321,+6,,,2026-08-22
2026-08-03,Michael Mmoh,181.0,315,+8,,,2026-08-22
2026-08-03,Michael Mmoh,181.0,315,+8,,,2026-08-22
2026-08-03,Michael Mmoh,181.0,315,+8,,,2026-08-22
2026-08-03,Michael Mmoh,181.0,315,+8,,,2026-08-22
2026-07-27,Michael Mmoh,187.0,307,-,,,2026-08-22
2026-07-27,Michael Mmoh,187.0,307,-,,,2026-08-22
2026-07-27,Michael Mmoh,187.0,307,-,,,2026-08-22
2026-07-27,Michael Mmoh,187.0,307,-,,,2026-08-22
2026-07-20,Michael Mmoh,187.0,307,-,,,2026-08-22
2026-07-20,Michael Mmoh,187.0,307,-,,,2026-08-22
2026-07-20,Michael Mmoh,187.0,307,-,,,2026-08-22
2026-07-13,Michael Mmoh,188.0,307,+6,,,2026-08-22
2026-07-13,Michael Mmoh,188.0,307,+6,,,2026-08-22
2026-07-13,Michael Mmoh,188.0,307,+6,,,2026-08-22
2026-06-29,Michael Mmoh,192.0,301,-,,,2026-08-22
2026-06-29,Michael Mmoh,192.0,301,-,,,2026-08-22
2026-06-29,Michael Mmoh,192.0,301,-,,,2026-08-22
2026-06-22,Michael Mmoh,194.0,301,-,,,2026-08-22
2026-06-22,Michael Mmoh,194.0,301,-,,,2026-08-22
2026-06-15,Michael Mmoh,195.0,301,-,,,2026-08-22
2026-06-15,Michael Mmoh,195.0,301,-,,,2026-08-22
2026-06-08,Michael Mmoh,195.0,301,+36,,,2026-08-22
2026-06-08,Michael Mmoh,195.0,301,+36,,,2026-08-22
,Ricardo Mello,,,,,,2026-08-22
,Rick Rudeen,,,,,,2026-08-22
,Steve Campbell,,,,,,2026-08-22
,Wade Mcguire,,,,,,2026-08-22
,Aly El Dawoudi,,,,,,2026-08-22
,Ardyanto Suta Wibawa,,,,,,2026-08-22
,David Segal,,,,,,2026-08-22
,Eduardo Zuleta,,,,,,2026-08-22
,F Agullo,,,,,,2026-08-22
,Frank Gebert,,,,,,2026-08-22
,Graeme Scott,,,,,,2026-08-22
,J Drury Byrne,,,,,,2026-08-22
,Kristijan Mesaros,,,,,,2026-08-22
,Ks Leung,,,,,,2026-08-22
,Larry Rolle,,,,,,2026-08-22
,Michael Shyjan,,,,,,2026-08-22
,Ned Neely,,,,,,2026-08-22
,Paul Carey,,,,,,2026-08-22
,U Stebler,,,,,,2026-08-22
,Wieslaw Gasiorek,,,,,,2026-08-22
2026-08-10,Clement Tabur,163.0,353,-,,,2026-08-22
2026-08-10,Clement Tabur,163.0,353,-,,,2026-08-22
2026-08-10,Clement Tabur,163.0,353,-,,,2026-08-22
2026-08-10,Clement Tabur,163.0,353,-,,,2026-08-22
2026-08-03,Clement Tabur,159.0,353,-,,,2026-08-22
2026-08-03,Clement Tabur,159.0,353,-,,,2026-08-22
2026-08-03,Clement Tabur,159.0,353,-,,,2026-08-22
2026-08-03,Clement Tabur,159.0,353,-,,,2026-08-22
2026-07-27,Clement Tabur,159.0,353,+1,,,2026-08-22
2026-07-27,Clement Tabur,159.0,353,+1,,,2026-08-22
2026-07-27,Clement Tabur,159.0,353,+1,,,2026-08-22
2026-07-27,Clement Tabur,159.0,353,+1,,,2026-08-22
2026-07-20,Clement Tabur,161.0,352,+33,,,2026-08-22
2026-07-20,Clement Tabur,161.0,352,+33,,,2026-08-22
2026-07-20,Clement Tabur,161.0,352,+33,,,2026-08-22
2026-07-13,Clement Tabur,178.0,319,+16,,,2026-08-22
2026-07-13,Clement Tabur,178.0,319,+16,,,2026-08-22
2026-07-13,Clement Tabur,178.0,319,+16,,,2026-08-22
2026-06-29,Clement Tabur,189.0,303,-,,,2026-08-22
2026-06-29,Clement Tabur,189.0,303,-,,,2026-08-22
2026-06-29,Clement Tabur,189.0,303,-,,,2026-08-22
2026-06-22,Clement Tabur,191.0,303,+6,,,2026-08-22
2026-06-22,Clement Tabur,191.0,303,+6,,,2026-08-22
2026-06-15,Clement Tabur,196.0,297,-11,,,2026-08-22
2026-06-15,Clement Tabur,196.0,297,-11,,,2026-08-22
2026-06-08,Clement Tabur,190.0,308,-40,25.0,,2026-08-22
2026-06-08,Clement Tabur,190.0,308,-40,25.0,,2026-08-22
2026-05-25,Clement Tabur,171.0,348,-12,40.0,,2026-08-22
2026-05-25,Clement Tabur,171.0,348,-12,40.0,,2026-08-22
2026-05-18,Clement Tabur,165.0,360,-8,25.0,,2026-08-22
2026-05-18,Clement Tabur,165.0,360,-8,25.0,,2026-08-22
2026-05-04,Clement Tabur,168.0,368,-4,8.0,,2026-08-22
2026-05-04,Clement Tabur,168.0,368,-4,8.0,,2026-08-22
2026-04-20,Clement Tabur,167.0,372,+75,16.0,,2026-08-22
2026-04-20,Clement Tabur,167.0,372,+75,16.0,,2026-08-22
2026-04-13,Clement Tabur,196.0,297,-25,,,2026-08-22
2026-04-13,Clement Tabur,196.0,297,-25,,,2026-08-22
2026-04-06,Clement Tabur,187.0,322,+6,25.0,,2026-08-22
2026-04-06,Clement Tabur,187.0,322,+6,25.0,,2026-08-22
2026-03-30,Clement Tabur,187.0,316,-,1.0,,2026-08-22
2026-03-30,Clement Tabur,187.0,316,-,1.0,,2026-08-22
2026-03-16,Clement Tabur,189.0,316,-2,,,2026-08-22
2026-03-16,Clement Tabur,189.0,316,-2,,,2026-08-22
2026-03-02,Clement Tabur,190.0,318,+7,14.0,,2026-08-22
2026-02-23,Clement Tabur,195.0,311,-,,,2026-08-22
2026-02-16,Clement Tabur,191.0,311,+38,,,2026-08-22
2025-11-24,Clement Tabur,199.0,292,+6,,,2026-08-22
2025-11-10,Clement Tabur,198.0,286,+60,,,2026-08-22
,Constant Lestienne,,,,,,2026-08-22
2026-08-10,Evgenii Tiurnev,1188.0,11,-,,,2026-08-22
2026-08-03,Evgenii Tiurnev,1183.0,11,-,,,2026-08-22
2026-07-27,Evgenii Tiurnev,1174.0,11,-,,,2026-08-22
,Grega Zemlja,,,,,,2026-08-22
,Hermes Gamonal,,,,,,2026-08-22
,Ignacio Hirigoyen,,,,,,2026-08-22
2026-08-10,Joao Fonseca,26.0,1800,+100,50.0,,2026-08-22
2026-08-10,Joao Fonseca,26.0,1800,+100,50.0,,2026-08-22
2026-08-10,Joao Fonseca,26.0,1800,+100,50.0,,2026-08-22
2026-08-10,Joao Fonseca,26.0,1800,+100,50.0,,2026-08-22
2026-08-03,Joao Fonseca,27.0,1700,-10,,,2026-08-22
2026-08-03,Joao Fonseca,27.0,1700,-10,,,2026-08-22
2026-08-03,Joao Fonseca,27.0,1700,-10,,,2026-08-22
2026-08-03,Joao Fonseca,27.0,1700,-10,,,2026-08-22
2026-07-27,Joao Fonseca,27.0,1710,-,10.0,,2026-08-22
2026-07-27,Joao Fonseca,27.0,1710,-,10.0,,2026-08-22
2026-07-27,Joao Fonseca,27.0,1710,-,10.0,,2026-08-22
2026-07-27,Joao Fonseca,27.0,1710,-,10.0,,2026-08-22
2026-07-20,Joao Fonseca,28.0,1710,-,,,2026-08-22
2026-07-20,Joao Fonseca,28.0,1710,-,,,2026-08-22
2026-07-20,Joao Fonseca,28.0,1710,-,,,2026-08-22
2026-07-13,Joao Fonseca,27.0,1710,-,,,2026-08-22
2026-07-13,Joao Fonseca,27.0,1710,-,,,2026-08-22
2026-07-13,Joao Fonseca,27.0,1710,-,,,2026-08-22
2026-06-29,Joao Fonseca,27.0,1710,-25,100.0,,2026-08-22
2026-06-29,Joao Fonseca,27.0,1710,-25,100.0,,2026-08-22
2026-06-29,Joao Fonseca,27.0,1710,-25,100.0,,2026-08-22
2026-06-22,Joao Fonseca,27.0,1735,-,25.0,,2026-08-22
2026-06-22,Joao Fonseca,27.0,1735,-,25.0,,2026-08-22
2026-06-15,Joao Fonseca,25.0,1735,-,,,2026-08-22
2026-06-15,Joao Fonseca,25.0,1735,-,,,2026-08-22
2026-06-08,Joao Fonseca,25.0,1735,+300,,,2026-08-22
2026-06-08,Joao Fonseca,25.0,1735,+300,,,2026-08-22
2026-05-25,Joao Fonseca,30.0,1435,-,100.0,,2026-08-22
2026-05-25,Joao Fonseca,30.0,1435,-,100.0,,2026-08-22
2026-05-18,Joao Fonseca,30.0,1435,-,,,2026-08-22
2026-05-18,Joao Fonseca,30.0,1435,-,,,2026-08-22
2026-05-04,Joao Fonseca,29.0,1435,+20,10.0,,2026-08-22
2026-05-04,Joao Fonseca,29.0,1435,+20,10.0,,2026-08-22
2026-04-20,Joao Fonseca,31.0,1415,+100,30.0,,2026-08-22
2026-04-20,Joao Fonseca,31.0,1415,+100,30.0,,2026-08-22
2026-04-13,Joao Fonseca,35.0,1315,+200,,,2026-08-22
2026-04-13,Joao Fonseca,35.0,1315,+200,,,2026-08-22
2026-04-06,Joao Fonseca,40.0,1115,-,,,2026-08-22
2026-04-06,Joao Fonseca,40.0,1115,-,,,2026-08-22
2026-03-30,Joao Fonseca,40.0,1115,-20,,,2026-08-22
2026-03-30,Joao Fonseca,40.0,1115,-20,,,2026-08-22
2026-03-16,Joao Fonseca,39.0,1135,-105,50.0,,2026-08-22
2026-03-16,Joao Fonseca,39.0,1135,-105,50.0,,2026-08-22
2026-03-02,Joao Fonseca,35.0,1240,-,205.0,,2026-08-22
2026-02-23,Joao Fonseca,38.0,1240,+50,,,2026-08-22
2026-02-16,Joao Fonseca,38.0,1190,-250,,,2026-08-22
2026-02-09,Joao Fonseca,33.0,1440,-,250.0,,2026-08-22
2026-02-02,Joao Fonseca,34.0,1440,-70,,,2026-08-22
2026-01-19,Joao Fonseca,32.0,1510,-,80.0,,2026-08-22
2026-01-12,Joao Fonseca,30.0,1510,-,,,2026-08-22
2026-01-05,Joao Fonseca,29.0,1510,-125,,,2026-08-22
2025-12-29,Joao Fonseca,24.0,1635,-,125.0,,2026-08-22
2025-12-22,Joao Fonseca,24.0,1635,-,,,2026-08-22
2025-12-15,Joao Fonseca,24.0,1635,-,,,2026-08-22
2025-12-08,Joao Fonseca,24.0,1635,-,,,2026-08-22
2025-12-01,Joao Fonseca,24.0,1635,-,,,2026-08-22
2025-11-24,Joao Fonseca,24.0,1635,-,,,2026-08-22
2025-11-17,Joao Fonseca,24.0,1635,-22,,,2026-08-22
2025-11-10,Joao Fonseca,24.0,1657,-8,22.0,,2026-08-22
2025-11-03,Joao Fonseca,24.0,1665,+50,8.0,,2026-08-22
2025-10-27,Joao Fonseca,28.0,1615,+486,,,2026-08-22
2025-10-20,Joao Fonseca,46.0,1129,-,14.0,,2026-08-22
2025-10-13,Joao Fonseca,45.0,1129,-,,,2026-08-22
,Marko Ostoja,,,,,,2026-08-22
2026-08-10,Mate Valkusz,769.0,40,-,2.0,,2026-08-22
2026-08-03,Mate Valkusz,761.0,40,-,,,2026-08-22
2026-07-27,Mate Valkusz,764.0,40,-,,,2026-08-22
,Mike Franks,,,,,,2026-08-22
,Nick Brown,,,,,,2026-08-22
,Philip Davydenko,,,,,,2026-08-22
,Randy Nixon,,,,,,2026-08-22
,Allan Burns,,,,,,2026-08-22
,Art Faust,,,,,,2026-08-22
,D Beasant,,,,,,2026-08-22
,Don O'connell,,,,,,2026-08-22
,Eric Baer,,,,,,2026-08-22
,G Moore,,,,,,2026-08-22
,G Silberman,,,,,,2026-08-22
,Gerard Pilet,,,,,,2026-08-22
,Graham Holloway,,,,,,2026-08-22
,Henk Nijeboer,,,,,,2026-08-22
,John Mcgrath,,,,,,2026-08-22
,Joji Miyao,,,,,,2026-08-22
,Jose Manuel Villota,,,,,,2026-08-22
,Jun Chao Xu,,,,,,2026-08-22
,Larry Dodge,,,,,,2026-08-22
,P Arndt,,,,,,2026-08-22
,R Watts,,,,,,2026-08-22
,Remi Gilberton,,,,,,2026-08-22
,Robert Kroll,,,,,,2026-08-22
,Steve Turpin,,,,,,2026-08-22
,U Hamilton,,,,,,2026-08-22
,Wanaro N'godrella,,,,,,2026-08-22
,Blaine Willenborg,,,,,,2026-08-22
,Charlie Fancutt,,,,,,2026-08-22
,Clement Ngoran,,,,,,2026-08-22
,David Miketa,,,,,,2026-08-22
,Emanuel Couto,,,,,,2026-08-22
,Jack Waite,,,,,,2026-08-22
2026-08-10,Mattia Bellucci,81.0,751,-3,125.0,10.0,2026-08-22
2026-08-10,Mattia Bellucci,81.0,751,-3,125.0,10.0,2026-08-22
2026-08-10,Mattia Bellucci,81.0,751,-3,125.0,10.0,2026-08-22
2026-08-10,Mattia Bellucci,81.0,751,-3,125.0,10.0,2026-08-22
2026-08-03,Mattia Bellucci,80.0,754,+3,,,2026-08-22
2026-08-03,Mattia Bellucci,80.0,754,+3,,,2026-08-22
2026-08-03,Mattia Bellucci,80.0,754,+3,,,2026-08-22
2026-08-03,Mattia Bellucci,80.0,754,+3,,,2026-08-22
2026-07-27,Mattia Bellucci,81.0,751,-,10.0,13.0,2026-08-22
2026-07-27,Mattia Bellucci,81.0,751,-,10.0,13.0,2026-08-22
2026-07-27,Mattia Bellucci,81.0,751,-,10.0,13.0,2026-08-22
2026-07-27,Mattia Bellucci,81.0,751,-,10.0,13.0,2026-08-22
2026-07-20,Mattia Bellucci,79.0,751,-,,,2026-08-22
2026-07-20,Mattia Bellucci,79.0,751,-,,,2026-08-22
2026-07-20,Mattia Bellucci,79.0,751,-,,,2026-08-22
2026-07-13,Mattia Bellucci,80.0,751,-100,,,2026-08-22
2026-07-13,Mattia Bellucci,80.0,751,-100,,,2026-08-22
2026-07-13,Mattia Bellucci,80.0,751,-100,,,2026-08-22
2026-06-29,Mattia Bellucci,67.0,851,-25,100.0,13.0,2026-08-22
2026-06-29,Mattia Bellucci,67.0,851,-25,100.0,13.0,2026-08-22
2026-06-29,Mattia Bellucci,67.0,851,-25,100.0,13.0,2026-08-22
2026-06-22,Mattia Bellucci,65.0,876,+62,38.0,13.0,2026-08-22
2026-06-22,Mattia Bellucci,65.0,876,+62,38.0,13.0,2026-08-22
2026-06-15,Mattia Bellucci,74.0,814,+37,,,2026-08-22
2026-06-15,Mattia Bellucci,74.0,814,+37,,,2026-08-22
2026-06-08,Mattia Bellucci,78.0,777,-,,,2026-08-22
2026-06-08,Mattia Bellucci,78.0,777,-,,,2026-08-22
2026-05-25,Mattia Bellucci,73.0,777,-,10.0,10.0,2026-08-22
2026-05-25,Mattia Bellucci,73.0,777,-,10.0,10.0,2026-08-22
2026-05-18,Mattia Bellucci,72.0,777,+40,,,2026-08-22
2026-05-18,Mattia Bellucci,72.0,777,+40,,,2026-08-22
2026-05-04,Mattia Bellucci,80.0,737,+3,10.0,10.0,2026-08-22
2026-05-04,Mattia Bellucci,80.0,737,+3,10.0,10.0,2026-08-22
2026-04-20,Mattia Bellucci,78.0,734,-,10.0,10.0,2026-08-22
2026-04-20,Mattia Bellucci,78.0,734,-,10.0,10.0,2026-08-22
2026-04-13,Mattia Bellucci,79.0,734,+19,,,2026-08-22
2026-04-13,Mattia Bellucci,79.0,734,+19,,,2026-08-22
2026-04-06,Mattia Bellucci,79.0,715,-25,16.0,10.0,2026-08-22
2026-04-06,Mattia Bellucci,79.0,715,-25,16.0,10.0,2026-08-22
2026-03-30,Mattia Bellucci,73.0,740,+20,50.0,10.0,2026-08-22
2026-03-30,Mattia Bellucci,73.0,740,+20,50.0,10.0,2026-08-22
2026-03-16,Mattia Bellucci,77.0,720,+80,10.0,10.0,2026-08-22
2026-03-16,Mattia Bellucci,77.0,720,+80,10.0,10.0,2026-08-22
2026-03-02,Mattia Bellucci,94.0,640,+87,,,2026-08-22
2026-02-23,Mattia Bellucci,110.0,553,-,13.0,7.0,2026-08-22
2026-02-16,Mattia Bellucci,109.0,553,-,,,2026-08-22
2026-02-09,Mattia Bellucci,107.0,553,-215,,,2026-08-22
2026-02-02,Mattia Bellucci,74.0,768,+10,225.0,10.0,2026-08-22
2026-01-19,Mattia Bellucci,76.0,758,-,25.0,7.0,2026-08-22
2026-01-12,Mattia Bellucci,76.0,758,-,,,2026-08-22
2026-01-05,Mattia Bellucci,73.0,758,-,,,2026-08-22
2025-12-29,Mattia Bellucci,76.0,758,-8,,,2026-08-22
2025-12-22,Mattia Bellucci,74.0,766,-,,,2026-08-22
2025-12-15,Mattia Bellucci,74.0,766,-,,,2026-08-22
2025-12-08,Mattia Bellucci,74.0,766,-,,,2026-08-22
2025-12-01,Mattia Bellucci,74.0,766,-,,,2026-08-22
2025-11-24,Mattia Bellucci,74.0,766,-,,,2026-08-22
2025-11-17,Mattia Bellucci,74.0,766,-17,,,2026-08-22
2025-11-10,Mattia Bellucci,73.0,783,-,25.0,8.0,2026-08-22
2025-11-03,Mattia Bellucci,75.0,783,-,,,2026-08-22
2025-10-27,Mattia Bellucci,76.0,783,-,,,2026-08-22
2025-10-20,Mattia Bellucci,77.0,783,-54,,,2026-08-22
2025-10-13,Mattia Bellucci,71.0,837,-20,64.0,10.0,2026-08-22
,Maxime Teixeira,,,,,,2026-08-22
,Olivier Patience,,,,,,2026-08-22
,Simon Larose,,,,,,2026-08-22
,Stephane Simian,,,,,,2026-08-22
2026-08-10,Yoshihito Nishioka,199.0,286,-,10.0,,2026-08-22
2026-08-10,Yoshihito Nishioka,199.0,286,-,10.0,,2026-08-22
2026-08-10,Yoshihito Nishioka,199.0,286,-,10.0,,2026-08-22
2026-08-10,Yoshihito Nishioka,199.0,286,-,10.0,,2026-08-22
2026-08-03,Yoshihito Nishioka,196.0,286,-10,,,2026-08-22
2026-08-03,Yoshihito Nishioka,196.0,286,-10,,,2026-08-22
2026-08-03,Yoshihito Nishioka,196.0,286,-10,,,2026-08-22
2026-08-03,Yoshihito Nishioka,196.0,286,-10,,,2026-08-22
2026-07-27,Yoshihito Nishioka,193.0,296,-25,10.0,,2026-08-22
2026-07-27,Yoshihito Nishioka,193.0,296,-25,10.0,,2026-08-22
2026-07-27,Yoshihito Nishioka,193.0,296,-25,10.0,,2026-08-22
2026-07-27,Yoshihito Nishioka,193.0,296,-25,10.0,,2026-08-22
2026-07-20,Yoshihito Nishioka,179.0,321,-,25.0,,2026-08-22
2026-07-20,Yoshihito Nishioka,179.0,321,-,25.0,,2026-08-22
2026-07-20,Yoshihito Nishioka,179.0,321,-,25.0,,2026-08-22
2026-07-13,Yoshihito Nishioka,177.0,321,-10,,,2026-08-22
2026-07-13,Yoshihito Nishioka,177.0,321,-10,,,2026-08-22
2026-07-13,Yoshihito Nishioka,177.0,321,-10,,,2026-08-22
2026-06-29,Yoshihito Nishioka,176.0,331,-,10.0,,2026-08-22
2026-06-29,Yoshihito Nishioka,176.0,331,-,10.0,,2026-08-22
2026-06-29,Yoshihito Nishioka,176.0,331,-,10.0,,2026-08-22
2026-06-22,Yoshihito Nishioka,182.0,331,-,,,2026-08-22
2026-06-22,Yoshihito Nishioka,182.0,331,-,,,2026-08-22
2026-06-15,Yoshihito Nishioka,185.0,331,-,,,2026-08-22
2026-06-15,Yoshihito Nishioka,185.0,331,-,,,2026-08-22
2026-06-08,Yoshihito Nishioka,181.0,331,-10,,,2026-08-22
2026-06-08,Yoshihito Nishioka,181.0,331,-10,,,2026-08-22
2026-05-25,Yoshihito Nishioka,174.0,341,-,10.0,,2026-08-22
2026-05-25,Yoshihito Nishioka,174.0,341,-,10.0,,2026-08-22
2026-05-18,Yoshihito Nishioka,176.0,341,-10,,,2026-08-22
2026-05-18,Yoshihito Nishioka,176.0,341,-10,,,2026-08-22
2026-05-04,Yoshihito Nishioka,175.0,351,-,10.0,,2026-08-22
2026-05-04,Yoshihito Nishioka,175.0,351,-,10.0,,2026-08-22
2026-04-20,Yoshihito Nishioka,174.0,351,-,,,2026-08-22
2026-04-20,Yoshihito Nishioka,174.0,351,-,,,2026-08-22
2026-04-13,Yoshihito Nishioka,171.0,351,-,,,2026-08-22
2026-04-13,Yoshihito Nishioka,171.0,351,-,,,2026-08-22
2026-04-06,Yoshihito Nishioka,171.0,351,-,,,2026-08-22
2026-04-06,Yoshihito Nishioka,171.0,351,-,,,2026-08-22
2026-03-30,Yoshihito Nishioka,173.0,351,-10,,,2026-08-22
2026-03-30,Yoshihito Nishioka,173.0,351,-10,,,2026-08-22
2026-03-16,Yoshihito Nishioka,166.0,361,-,10.0,,2026-08-22
2026-03-16,Yoshihito Nishioka,166.0,361,-,10.0,,2026-08-22
2026-03-02,Yoshihito Nishioka,170.0,361,-,,,2026-08-22
2026-02-23,Yoshihito Nishioka,169.0,361,-,,,2026-08-22
2026-02-16,Yoshihito Nishioka,169.0,361,-25,,,2026-08-22
2026-02-09,Yoshihito Nishioka,157.0,386,-100,25.0,,2026-08-22
2026-02-02,Yoshihito Nishioka,131.0,486,-42,100.0,,2026-08-22
2026-01-19,Yoshihito Nishioka,115.0,528,-,50.0,,2026-08-22
2026-01-12,Yoshihito Nishioka,114.0,528,-,,,2026-08-22
2026-01-05,Yoshihito Nishioka,116.0,528,-32,,,2026-08-22
2025-12-29,Yoshihito Nishioka,110.0,560,-6,38.0,6.0,2026-08-22
2025-12-22,Yoshihito Nishioka,110.0,566,-,,,2026-08-22
2025-12-15,Yoshihito Nishioka,110.0,566,-,,,2026-08-22
2025-12-08,Yoshihito Nishioka,110.0,566,-,,,2026-08-22
2025-12-01,Yoshihito Nishioka,110.0,566,-,,,2026-08-22
2025-11-24,Yoshihito Nishioka,111.0,566,-,,,2026-08-22
2025-11-17,Yoshihito Nishioka,111.0,566,-,,,2026-08-22
2025-11-10,Yoshihito Nishioka,112.0,566,+100,,,2026-08-22
2025-11-03,Yoshihito Nishioka,134.0,466,+7,,,2026-08-22
2025-10-27,Yoshihito Nishioka,137.0,459,+75,,,2026-08-22
2025-10-20,Yoshihito Nishioka,152.0,384,-,,,2026-08-22
2025-10-13,Yoshihito Nishioka,154.0,384,+60,,,2026-08-22
,A Farina,,,,,,2026-08-22
,Akira Motomura,,,,,,2026-08-22
,Chris Ellis,,,,,,2026-08-22
,E Youatt,,,,,,2026-08-22
,Emery Neale,,,,,,2026-08-22
,J May,,,,,,2026-08-22
,Jan Boruszewski,,,,,,2026-08-22
,Jose Llamas,,,,,,2026-08-22
,Kyoichi Sakamoto,,,,,,2026-08-22
,Manuel Diaz,,,,,,2026-08-22
,Mark Wilson,,,,,,2026-08-22
,Nikolai Fidirko,,,,,,2026-08-22
,Olle Palmer,,,,,,2026-08-22
,Paul Pavich,,,,,,2026-08-22
,Salvatore Sanges,,,,,,2026-08-22
,Takayoshi Shibuya,,,,,,2026-08-22
,U Tatarelli,,,,,,2026-08-22
,Victor Egorov,,,,,,2026-08-22
2026-08-10,Alex Barrena,259.0,218,+7,,,2026-08-22
2026-08-03,Alex Barrena,261.0,211,-,,,2026-08-22
2026-07-27,Alex Barrena,264.0,211,-,6.0,,2026-08-22
2026-06-08,Alex Barrena,197.0,294,-15,16.0,,2026-08-22
2026-06-08,Alex Barrena,197.0,294,-15,16.0,,2026-08-22
2026-05-25,Alex Barrena,190.0,309,-,15.0,,2026-08-22
2026-05-25,Alex Barrena,190.0,309,-,15.0,,2026-08-22
2026-05-18,Alex Barrena,192.0,309,-,,,2026-08-22
2026-05-18,Alex Barrena,192.0,309,-,,,2026-08-22
2026-05-04,Alex Barrena,189.0,309,-53,,,2026-08-22
2026-05-04,Alex Barrena,189.0,309,-53,,,2026-08-22
2026-04-20,Alex Barrena,170.0,362,-,64.0,11.0,2026-08-22
2026-04-20,Alex Barrena,170.0,362,-,64.0,11.0,2026-08-22
2026-04-13,Alex Barrena,168.0,362,-,,,2026-08-22
2026-04-13,Alex Barrena,168.0,362,-,,,2026-08-22
2026-04-06,Alex Barrena,167.0,362,-,,,2026-08-22
2026-04-06,Alex Barrena,167.0,362,-,,,2026-08-22
2026-03-30,Alex Barrena,167.0,362,+15,,,2026-08-22
2026-03-30,Alex Barrena,167.0,362,+15,,,2026-08-22
2026-03-16,Alex Barrena,173.0,347,-,,,2026-08-22
2026-03-16,Alex Barrena,173.0,347,-,,,2026-08-22
2026-03-02,Alex Barrena,179.0,347,+11,,,2026-08-22
2026-02-23,Alex Barrena,183.0,336,-,,,2026-08-22
2026-02-16,Alex Barrena,180.0,336,-,,,2026-08-22
2026-02-09,Alex Barrena,180.0,336,-1,,,2026-08-22
2026-02-02,Alex Barrena,180.0,337,+25,3.0,2.0,2026-08-22
2026-01-19,Alex Barrena,190.0,312,-,2.0,1.0,2026-08-22
2026-01-12,Alex Barrena,188.0,312,-,,,2026-08-22
2026-01-05,Alex Barrena,186.0,312,-,,,2026-08-22
2025-12-29,Alex Barrena,191.0,312,-1,,,2026-08-22
2025-12-22,Alex Barrena,192.0,313,-,,,2026-08-22
2025-12-15,Alex Barrena,192.0,313,-1,,,2026-08-22
2025-12-08,Alex Barrena,191.0,314,-13,2.0,1.0,2026-08-22
2025-12-01,Alex Barrena,179.0,327,-6,15.0,2.0,2026-08-22
2025-11-24,Alex Barrena,174.0,333,-,8.0,2.0,2026-08-22
2025-11-17,Alex Barrena,174.0,333,+5,,,2026-08-22
2025-11-10,Alex Barrena,176.0,328,+4,,,2026-08-22
2025-11-03,Alex Barrena,177.0,324,-4,,,2026-08-22
2025-10-27,Alex Barrena,172.0,328,-,16.0,1.0,2026-08-22
2025-10-20,Alex Barrena,171.0,328,-,,,2026-08-22
2025-10-13,Alex Barrena,170.0,328,-,,,2026-08-22
,Bret Richardson,,,,,,2026-08-22
,Denis Golovanov,,,,,,2026-08-22
2026-08-10,Felix Gill,221.0,259,-,,,2026-08-22
2026-08-03,Felix Gill,218.0,259,-,,,2026-08-22
2026-07-27,Felix Gill,219.0,259,-,,,2026-08-22
,Gustavo Marcaccio,,,,,,2026-08-22
,Igor Kunitsyn,,,,,,2026-08-22
,Kevin Curren,,,,,,2026-08-22
2026-08-10,Luciano Darderi,20.0,2175,+150,10.0,50.0,2026-08-22
2026-08-10,Luciano Darderi,20.0,2175,+150,10.0,50.0,2026-08-22
2026-08-10,Luciano Darderi,20.0,2175,+150,10.0,50.0,2026-08-22
2026-08-10,Luciano Darderi,20.0,2175,+150,10.0,50.0,2026-08-22
2026-08-03,Luciano Darderi,22.0,2025,+50,,,2026-08-22
2026-08-03,Luciano Darderi,22.0,2025,+50,,,2026-08-22
2026-08-03,Luciano Darderi,22.0,2025,+50,,,2026-08-22
2026-08-03,Luciano Darderi,22.0,2025,+50,,,2026-08-22
2026-07-27,Luciano Darderi,23.0,1975,-150,,,2026-08-22
2026-07-27,Luciano Darderi,23.0,1975,-150,,,2026-08-22
2026-07-27,Luciano Darderi,23.0,1975,-150,,,2026-08-22
2026-07-27,Luciano Darderi,23.0,1975,-150,,,2026-08-22
2026-07-20,Luciano Darderi,21.0,2125,-85,250.0,50.0,2026-08-22
2026-07-20,Luciano Darderi,21.0,2125,-85,250.0,50.0,2026-08-22
2026-07-20,Luciano Darderi,21.0,2125,-85,250.0,50.0,2026-08-22
2026-07-13,Luciano Darderi,18.0,2210,-90,250.0,50.0,2026-08-22
2026-07-13,Luciano Darderi,18.0,2210,-90,250.0,50.0,2026-08-22
2026-07-13,Luciano Darderi,18.0,2210,-90,250.0,50.0,2026-08-22
2026-06-29,Luciano Darderi,16.0,2300,-,100.0,50.0,2026-08-22
2026-06-29,Luciano Darderi,16.0,2300,-,100.0,50.0,2026-08-22
2026-06-29,Luciano Darderi,16.0,2300,-,100.0,50.0,2026-08-22
2026-06-22,Luciano Darderi,16.0,2300,-,,,2026-08-22
2026-06-22,Luciano Darderi,16.0,2300,-,,,2026-08-22
2026-06-15,Luciano Darderi,17.0,2300,-,,,2026-08-22
2026-06-15,Luciano Darderi,17.0,2300,-,,,2026-08-22
2026-06-08,Luciano Darderi,18.0,2300,+40,,,2026-08-22
2026-06-08,Luciano Darderi,18.0,2300,+40,,,2026-08-22
2026-05-25,Luciano Darderi,17.0,2260,-,10.0,50.0,2026-08-22
2026-05-25,Luciano Darderi,17.0,2260,-,10.0,50.0,2026-08-22
2026-05-18,Luciano Darderi,16.0,2260,+370,100.0,50.0,2026-08-22
2026-05-18,Luciano Darderi,16.0,2260,+370,100.0,50.0,2026-08-22
2026-05-04,Luciano Darderi,20.0,1890,+20,30.0,50.0,2026-08-22
2026-05-04,Luciano Darderi,20.0,1890,+20,30.0,50.0,2026-08-22
2026-04-20,Luciano Darderi,22.0,1870,-50,30.0,50.0,2026-08-22
2026-04-20,Luciano Darderi,22.0,1870,-50,30.0,50.0,2026-08-22
2026-04-13,Luciano Darderi,21.0,1920,-,100.0,50.0,2026-08-22
2026-04-13,Luciano Darderi,21.0,1920,-,100.0,50.0,2026-08-22
2026-04-06,Luciano Darderi,21.0,1920,-130,,,2026-08-22
2026-04-06,Luciano Darderi,21.0,1920,-130,,,2026-08-22
2026-03-30,Luciano Darderi,19.0,2050,-34,250.0,50.0,2026-08-22
2026-03-30,Luciano Darderi,19.0,2050,-34,250.0,50.0,2026-08-22
2026-03-16,Luciano Darderi,18.0,2084,-20,94.0,100.0,2026-08-22
2026-03-16,Luciano Darderi,18.0,2084,-20,94.0,100.0,2026-08-22
2026-03-02,Luciano Darderi,21.0,2104,+200,,,2026-08-22
2026-02-23,Luciano Darderi,21.0,1904,-,,,2026-08-22
2026-02-16,Luciano Darderi,21.0,1904,+115,,,2026-08-22
2026-02-09,Luciano Darderi,22.0,1789,-,,,2026-08-22
2026-02-02,Luciano Darderi,23.0,1789,+190,,,2026-08-22
2026-01-19,Luciano Darderi,25.0,1599,+20,10.0,50.0,2026-08-22
2026-01-12,Luciano Darderi,24.0,1579,-,,,2026-08-22
2026-01-05,Luciano Darderi,24.0,1579,-,,,2026-08-22
2025-12-29,Luciano Darderi,25.0,1579,-30,,,2026-08-22
2025-12-22,Luciano Darderi,26.0,1609,-,,,2026-08-22
2025-12-15,Luciano Darderi,26.0,1609,-,,,2026-08-22
2025-12-08,Luciano Darderi,26.0,1609,-,,,2026-08-22
2025-12-01,Luciano Darderi,26.0,1609,-,,,2026-08-22
2025-11-24,Luciano Darderi,26.0,1609,-,,,2026-08-22
2025-11-17,Luciano Darderi,26.0,1609,-,,,2026-08-22
2025-11-10,Luciano Darderi,26.0,1609,-,,,2026-08-22
2025-11-03,Luciano Darderi,26.0,1609,-15,,,2026-08-22
2025-10-27,Luciano Darderi,27.0,1624,-25,,,2026-08-22
2025-10-20,Luciano Darderi,26.0,1649,-,50.0,25.0,2026-08-22
2025-10-13,Luciano Darderi,26.0,1649,+40,,,2026-08-22
,Miles Maclagan,,,,,,2026-08-22
,Nick Fulwood,,,,,,2026-08-22
,Ali Yenilmez,,,,,,2026-08-22
,Andy Moffat,,,,,,2026-08-22
,C Francis,,,,,,2026-08-22
,Claude England,,,,,,2026-08-22
,Fabrizio Matteoli,,,,,,2026-08-22
,Harald Neuner,,,,,,2026-08-22
,Howard Schoenfield,,,,,,2026-08-22
,Keith Stoneman,,,,,,2026-08-22
,M Bonner,,,,,,2026-08-22
,Nico Welschen,,,,,,2026-08-22
,Walter Lanz,,,,,,2026-08-22
,Daniel Gimeno Traver,,,,,,2026-08-22
,Eric Rosenfeld,,,,,,2026-08-22
,Federico Delbonis,,,,,,2026-08-22
2026-08-10,Flavio Cobolli,10.0,3330,-,,,2026-08-22
2026-08-10,Flavio Cobolli,10.0,3330,-,,,2026-08-22
2026-08-10,Flavio Cobolli,10.0,3330,-,,,2026-08-22
2026-08-10,Flavio Cobolli,10.0,3330,-,,,2026-08-22
2026-08-03,Flavio Cobolli,9.0,3330,-90,,,2026-08-22
2026-08-03,Flavio Cobolli,9.0,3330,-90,,,2026-08-22
2026-08-03,Flavio Cobolli,9.0,3330,-90,,,2026-08-22
2026-08-03,Flavio Cobolli,9.0,3330,-90,,,2026-08-22
2026-07-27,Flavio Cobolli,9.0,3420,-40,100.0,10.0,2026-08-22
2026-07-27,Flavio Cobolli,9.0,3420,-40,100.0,10.0,2026-08-22
2026-07-27,Flavio Cobolli,9.0,3420,-40,100.0,10.0,2026-08-22
2026-07-27,Flavio Cobolli,9.0,3420,-40,100.0,10.0,2026-08-22
2026-07-20,Flavio Cobolli,9.0,3460,-,50.0,10.0,2026-08-22
2026-07-20,Flavio Cobolli,9.0,3460,-,50.0,10.0,2026-08-22
2026-07-20,Flavio Cobolli,9.0,3460,-,50.0,10.0,2026-08-22
2026-07-13,Flavio Cobolli,9.0,3460,-,,,2026-08-22
2026-07-13,Flavio Cobolli,9.0,3460,-,,,2026-08-22
2026-07-13,Flavio Cobolli,9.0,3460,-,,,2026-08-22
2026-06-29,Flavio Cobolli,10.0,3460,-,400.0,10.0,2026-08-22
2026-06-29,Flavio Cobolli,10.0,3460,-,400.0,10.0,2026-08-22
2026-06-29,Flavio Cobolli,10.0,3460,-,400.0,10.0,2026-08-22
2026-06-22,Flavio Cobolli,10.0,3460,-80,,,2026-08-22
2026-06-22,Flavio Cobolli,10.0,3460,-80,,,2026-08-22
2026-06-15,Flavio Cobolli,10.0,3540,-,100.0,20.0,2026-08-22
2026-06-15,Flavio Cobolli,10.0,3540,-,100.0,20.0,2026-08-22
2026-06-08,Flavio Cobolli,10.0,3540,+1200,,,2026-08-22
2026-06-08,Flavio Cobolli,10.0,3540,+1200,,,2026-08-22
2026-05-25,Flavio Cobolli,14.0,2340,-450,100.0,20.0,2026-08-22
2026-05-25,Flavio Cobolli,14.0,2340,-450,100.0,20.0,2026-08-22
2026-05-18,Flavio Cobolli,12.0,2790,+40,500.0,50.0,2026-08-22
2026-05-18,Flavio Cobolli,12.0,2790,+40,500.0,50.0,2026-08-22
2026-05-04,Flavio Cobolli,12.0,2750,+150,10.0,50.0,2026-08-22
2026-05-04,Flavio Cobolli,12.0,2750,+150,10.0,50.0,2026-08-22
2026-04-20,Flavio Cobolli,13.0,2600,+280,50.0,50.0,2026-08-22
2026-04-20,Flavio Cobolli,13.0,2600,+280,50.0,50.0,2026-08-22
2026-04-13,Flavio Cobolli,16.0,2320,-,,,2026-08-22
2026-04-13,Flavio Cobolli,16.0,2320,-,,,2026-08-22
2026-04-06,Flavio Cobolli,16.0,2320,-200,50.0,25.0,2026-08-22
2026-04-06,Flavio Cobolli,16.0,2320,-200,50.0,25.0,2026-08-22
2026-03-30,Flavio Cobolli,13.0,2520,-,250.0,50.0,2026-08-22
2026-03-30,Flavio Cobolli,13.0,2520,-,250.0,50.0,2026-08-22
2026-03-16,Flavio Cobolli,14.0,2520,+40,10.0,50.0,2026-08-22
2026-03-16,Flavio Cobolli,14.0,2520,+40,10.0,50.0,2026-08-22
2026-03-02,Flavio Cobolli,15.0,2480,+450,10.0,50.0,2026-08-22
2026-02-23,Flavio Cobolli,20.0,2030,+75,,,2026-08-22
2026-02-16,Flavio Cobolli,20.0,1955,-,,,2026-08-22
2026-02-09,Flavio Cobolli,20.0,1955,-,,,2026-08-22
2026-02-02,Flavio Cobolli,20.0,1955,-,,,2026-08-22
2026-01-19,Flavio Cobolli,22.0,1955,-,10.0,25.0,2026-08-22
2026-01-12,Flavio Cobolli,22.0,1955,-,,,2026-08-22
2026-01-05,Flavio Cobolli,22.0,1955,-45,,,2026-08-22
2025-12-29,Flavio Cobolli,22.0,2000,-25,70.0,25.0,2026-08-22
2025-12-22,Flavio Cobolli,22.0,2025,-,,,2026-08-22
2025-12-15,Flavio Cobolli,22.0,2025,-,,,2026-08-22
2025-12-08,Flavio Cobolli,22.0,2025,-,,,2026-08-22
2025-12-01,Flavio Cobolli,22.0,2025,-,,,2026-08-22
2025-11-24,Flavio Cobolli,22.0,2025,-,,,2026-08-22
2025-11-17,Flavio Cobolli,22.0,2025,-,,,2026-08-22
2025-11-10,Flavio Cobolli,22.0,2025,-,,,2026-08-22
2025-11-03,Flavio Cobolli,22.0,2025,+50,,,2026-08-22
2025-10-27,Flavio Cobolli,23.0,1975,-,,,2026-08-22
2025-10-20,Flavio Cobolli,22.0,1975,+25,50.0,25.0,2026-08-22
2025-10-13,Flavio Cobolli,22.0,1950,-40,,,2026-08-22
,Jaime Yzaga,,,,,,2026-08-22
2026-08-10,Marcos Giron,83.0,750,+5,10.0,25.0,2026-08-22
2026-08-10,Marcos Giron,83.0,750,+5,10.0,25.0,2026-08-22
2026-08-10,Marcos Giron,83.0,750,+5,10.0,25.0,2026-08-22
2026-08-10,Marcos Giron,83.0,750,+5,10.0,25.0,2026-08-22
2026-08-03,Marcos Giron,81.0,745,+15,,,2026-08-22
2026-08-03,Marcos Giron,81.0,745,+15,,,2026-08-22
2026-08-03,Marcos Giron,81.0,745,+15,,,2026-08-22
2026-08-03,Marcos Giron,81.0,745,+15,,,2026-08-22
2026-07-27,Marcos Giron,85.0,730,-,10.0,13.0,2026-08-22
2026-07-27,Marcos Giron,85.0,730,-,10.0,13.0,2026-08-22
2026-07-27,Marcos Giron,85.0,730,-,10.0,13.0,2026-08-22
2026-07-27,Marcos Giron,85.0,730,-,10.0,13.0,2026-08-22
2026-07-20,Marcos Giron,85.0,730,-,,,2026-08-22
2026-07-20,Marcos Giron,85.0,730,-,,,2026-08-22
2026-07-20,Marcos Giron,85.0,730,-,,,2026-08-22
2026-07-13,Marcos Giron,87.0,730,+50,,,2026-08-22
2026-07-13,Marcos Giron,87.0,730,+50,,,2026-08-22
2026-07-13,Marcos Giron,87.0,730,+50,,,2026-08-22
2026-06-29,Marcos Giron,92.0,680,-25,50.0,13.0,2026-08-22
2026-06-29,Marcos Giron,92.0,680,-25,50.0,13.0,2026-08-22
2026-06-29,Marcos Giron,92.0,680,-25,50.0,13.0,2026-08-22
2026-06-22,Marcos Giron,86.0,705,-,50.0,25.0,2026-08-22
2026-06-22,Marcos Giron,86.0,705,-,50.0,25.0,2026-08-22
2026-06-15,Marcos Giron,86.0,705,-,,,2026-08-22
2026-06-15,Marcos Giron,86.0,705,-,,,2026-08-22
2026-06-08,Marcos Giron,88.0,705,-,,,2026-08-22
2026-06-08,Marcos Giron,88.0,705,-,,,2026-08-22
2026-05-25,Marcos Giron,84.0,705,-,10.0,13.0,2026-08-22
2026-05-25,Marcos Giron,84.0,705,-,10.0,13.0,2026-08-22
2026-05-18,Marcos Giron,84.0,705,-40,,,2026-08-22
2026-05-18,Marcos Giron,84.0,705,-40,,,2026-08-22
2026-05-04,Marcos Giron,77.0,745,-5,50.0,10.0,2026-08-22
2026-05-04,Marcos Giron,77.0,745,-5,50.0,10.0,2026-08-22
2026-04-20,Marcos Giron,76.0,750,-,30.0,10.0,2026-08-22
2026-04-20,Marcos Giron,76.0,750,-,30.0,10.0,2026-08-22
2026-04-13,Marcos Giron,76.0,750,-40,,,2026-08-22
2026-04-13,Marcos Giron,76.0,750,-40,,,2026-08-22
2026-04-06,Marcos Giron,69.0,790,-,50.0,10.0,2026-08-22
2026-04-06,Marcos Giron,69.0,790,-,50.0,10.0,2026-08-22
2026-03-30,Marcos Giron,66.0,790,-,,,2026-08-22
2026-03-30,Marcos Giron,66.0,790,-,,,2026-08-22
2026-03-16,Marcos Giron,70.0,790,+10,10.0,10.0,2026-08-22
2026-03-16,Marcos Giron,70.0,790,+10,10.0,10.0,2026-08-22
2026-03-02,Marcos Giron,69.0,780,-90,100.0,10.0,2026-08-22
2026-02-23,Marcos Giron,62.0,870,+15,100.0,10.0,2026-08-22
2026-02-16,Marcos Giron,64.0,855,-40,,,2026-08-22
2026-02-09,Marcos Giron,59.0,895,-,50.0,10.0,2026-08-22
2026-02-02,Marcos Giron,59.0,895,-90,,,2026-08-22
2026-01-19,Marcos Giron,51.0,985,+90,100.0,10.0,2026-08-22
2026-01-12,Marcos Giron,60.0,895,+50,,,2026-08-22
2026-01-05,Marcos Giron,64.0,845,-,50.0,10.0,2026-08-22
2025-12-29,Marcos Giron,65.0,845,-10,,,2026-08-22
2025-12-22,Marcos Giron,64.0,855,-,,,2026-08-22
2025-12-15,Marcos Giron,64.0,855,-,,,2026-08-22
2025-12-08,Marcos Giron,64.0,855,-,,,2026-08-22
2025-12-01,Marcos Giron,64.0,855,-,,,2026-08-22
2025-11-24,Marcos Giron,65.0,855,-,,,2026-08-22
2025-11-17,Marcos Giron,66.0,855,-,,,2026-08-22
2025-11-10,Marcos Giron,67.0,855,+40,,,2026-08-22
2025-11-03,Marcos Giron,72.0,815,-70,,,2026-08-22
2025-10-27,Marcos Giron,65.0,885,-40,80.0,,2026-08-22
2025-10-20,Marcos Giron,57.0,925,-75,50.0,10.0,2026-08-22
2025-10-13,Marcos Giron,54.0,1000,-40,100.0,10.0,2026-08-22
2026-08-10,Rei Sakamoto,165.0,350,+6,,,2026-08-22
2026-08-10,Rei Sakamoto,165.0,350,+6,,,2026-08-22
2026-08-10,Rei Sakamoto,165.0,350,+6,,,2026-08-22
2026-08-10,Rei Sakamoto,165.0,350,+6,,,2026-08-22
2026-08-03,Rei Sakamoto,165.0,344,-,,,2026-08-22
2026-08-03,Rei Sakamoto,165.0,344,-,,,2026-08-22
2026-08-03,Rei Sakamoto,165.0,344,-,,,2026-08-22
2026-08-03,Rei Sakamoto,165.0,344,-,,,2026-08-22
2026-07-27,Rei Sakamoto,166.0,344,-,,,2026-08-22
2026-07-27,Rei Sakamoto,166.0,344,-,,,2026-08-22
2026-07-27,Rei Sakamoto,166.0,344,-,,,2026-08-22
2026-07-27,Rei Sakamoto,166.0,344,-,,,2026-08-22
2026-07-20,Rei Sakamoto,165.0,344,-,,,2026-08-22
2026-07-20,Rei Sakamoto,165.0,344,-,,,2026-08-22
2026-07-20,Rei Sakamoto,165.0,344,-,,,2026-08-22
2026-07-13,Rei Sakamoto,161.0,344,-59,,,2026-08-22
2026-07-13,Rei Sakamoto,161.0,344,-59,,,2026-08-22
2026-07-13,Rei Sakamoto,161.0,344,-59,,,2026-08-22
2026-06-29,Rei Sakamoto,150.0,403,-,75.0,3.0,2026-08-22
2026-06-29,Rei Sakamoto,150.0,403,-,75.0,3.0,2026-08-22
2026-06-29,Rei Sakamoto,150.0,403,-,75.0,3.0,2026-08-22
2026-06-22,Rei Sakamoto,148.0,403,-2,,,2026-08-22
2026-06-22,Rei Sakamoto,148.0,403,-2,,,2026-08-22
2026-06-15,Rei Sakamoto,148.0,405,-,8.0,6.0,2026-08-22
2026-06-15,Rei Sakamoto,148.0,405,-,8.0,6.0,2026-08-22
2026-06-08,Rei Sakamoto,149.0,405,-,,,2026-08-22
2026-06-08,Rei Sakamoto,149.0,405,-,,,2026-08-22
2026-05-25,Rei Sakamoto,153.0,405,-,,,2026-08-22
2026-05-25,Rei Sakamoto,153.0,405,-,,,2026-08-22
2026-05-18,Rei Sakamoto,152.0,405,+13,,,2026-08-22
2026-05-18,Rei Sakamoto,152.0,405,+13,,,2026-08-22
2026-05-04,Rei Sakamoto,156.0,392,+6,,,2026-08-22
2026-05-04,Rei Sakamoto,156.0,392,+6,,,2026-08-22
2026-04-20,Rei Sakamoto,159.0,386,+5,,,2026-08-22
2026-04-20,Rei Sakamoto,159.0,386,+5,,,2026-08-22
2026-04-13,Rei Sakamoto,161.0,381,+8,,,2026-08-22
2026-04-13,Rei Sakamoto,161.0,381,+8,,,2026-08-22
2026-04-06,Rei Sakamoto,165.0,373,+7,,,2026-08-22
2026-04-06,Rei Sakamoto,165.0,373,+7,,,2026-08-22
2026-03-30,Rei Sakamoto,166.0,366,-,,,2026-08-22
2026-03-30,Rei Sakamoto,166.0,366,-,,,2026-08-22
2026-03-16,Rei Sakamoto,164.0,366,-16,30.0,,2026-08-22
2026-03-16,Rei Sakamoto,164.0,366,-16,30.0,,2026-08-22
2026-03-02,Rei Sakamoto,159.0,382,-4,19.0,,2026-08-22
2026-02-23,Rei Sakamoto,157.0,386,+22,4.0,,2026-08-22
2026-02-16,Rei Sakamoto,168.0,364,+20,,,2026-08-22
2026-02-09,Rei Sakamoto,174.0,344,+12,2.0,,2026-08-22
2026-02-02,Rei Sakamoto,184.0,332,+40,,,2026-08-22
2026-01-05,Rei Sakamoto,200.0,292,-26,,,2026-08-22
2025-12-29,Rei Sakamoto,184.0,318,-,26.0,,2026-08-22
2025-12-22,Rei Sakamoto,185.0,318,-,,,2026-08-22
2025-12-15,Rei Sakamoto,185.0,318,-,,,2026-08-22
2025-12-08,Rei Sakamoto,185.0,318,-,,,2026-08-22
2025-12-01,Rei Sakamoto,187.0,318,-75,,,2026-08-22
2025-11-24,Rei Sakamoto,159.0,393,+63,75.0,,2026-08-22
2025-11-17,Rei Sakamoto,176.0,330,+8,12.0,,2026-08-22
2025-11-10,Rei Sakamoto,180.0,322,-,4.0,,2026-08-22
2025-11-03,Rei Sakamoto,180.0,322,-,,,2026-08-22
2025-10-27,Rei Sakamoto,177.0,322,-,,,2026-08-22
2025-10-20,Rei Sakamoto,177.0,322,-,,,2026-08-22
2025-10-13,Rei Sakamoto,174.0,322,+30,,,2026-08-22
2026-08-10,William Rejchtman Vinciguerra,886.0,28,-,1.0,,2026-08-22
2026-08-03,William Rejchtman Vinciguerra,871.0,28,+4,,,2026-08-22
2026-07-27,William Rejchtman Vinciguerra,938.0,24,-,,,2026-08-22
,Bojidar Pampoulov,,,,,,2026-08-22
,Chris Gunning,,,,,,2026-08-22
,Dejan Petrovic,,,,,,2026-08-22
,E Torriente,,,,,,2026-08-22
,Ernst Schultze,,,,,,2026-08-22
,Federico Couder,,,,,,2026-08-22
,Gary Teagle,,,,,,2026-08-22
,Giambattista Cicivelli,,,,,,2026-08-22
,Hambersen,,,,,,2026-08-22
,Hans Nerell,,,,,,2026-08-22
,Howard Jameson,,,,,,2026-08-22
,I Brady,,,,,,2026-08-22
,Israel Matos Gil,,,,,,2026-08-22
,Jay Harvey,,,,,,2026-08-22
,Jeff Brown,,,,,,2026-08-22
,John Satchwell Smith,,,,,,2026-08-22
,M Munoz,,,,,,2026-08-22
,Manuel Gallardo,,,,,,2026-08-22
,Pieter Burki,,,,,,2026-08-22
,Reinhart Probst,,,,,,2026-08-22
,Tony Pospisil,,,,,,2026-08-22
,Alberto Martin,,,,,,2026-08-22
,Christian Feenstra,,,,,,2026-08-22
,Christian Harrison,,,,,,2026-08-22
,Daniel Brands,,,,,,2026-08-22
,David Mustard,,,,,,2026-08-22
,Francisco Costa,,,,,,2026-08-22
,Fred Simonsson,,,,,,2026-08-22
,Frew Mcmillan,,,,,,2026-08-22
,G D Jones,,,,,,2026-08-22
,Galo Blanco,,,,,,2026-08-22
,Guillermo Olaso,,,,,,2026-08-22
,Gustavo Luza,,,,,,2026-08-22
,Heinz Gildemeister,,,,,,2026-08-22
,Michael Daniel,,,,,,2026-08-22
,Toni Androic,,,,,,2026-08-22
,Armando Vieira,,,,,,2026-08-22
,Darren Kirk,,,,,,2026-08-22
,Graeme Notman,,,,,,2026-08-22
,Jiri Prucha,,,,,,2026-08-22
,John Howarth,,,,,,2026-08-22
,Jose Garcia Requena,,,,,,2026-08-22
,Lou Sylvester,,,,,,2026-08-22
,Marco Consolini,,,,,,2026-08-22
,Paul Harsanyi,,,,,,2026-08-22
,Richard Rae,,,,,,2026-08-22
,Rolf Spitzer,,,,,,2026-08-22
,Siegfried Krips,,,,,,2026-08-22
,Chris Guccione,,,,,,2026-08-22
2026-08-10,Dan Martin,636.0,58,-,,,2026-08-22
2026-08-03,Dan Martin,630.0,58,-30,,,2026-08-22
2026-07-27,Dan Martin,501.0,88,-,30.0,,2026-08-22
,Denis Istomin,,,,,,2026-08-22
2026-08-10,Fabian Marozsan,63.0,950,+20,30.0,10.0,2026-08-22
2026-08-10,Fabian Marozsan,63.0,950,+20,30.0,10.0,2026-08-22
2026-08-10,Fabian Marozsan,63.0,950,+20,30.0,10.0,2026-08-22
2026-08-10,Fabian Marozsan,63.0,950,+20,30.0,10.0,2026-08-22
2026-08-03,Fabian Marozsan,61.0,930,-40,,,2026-08-22
2026-08-03,Fabian Marozsan,61.0,930,-40,,,2026-08-22
2026-08-03,Fabian Marozsan,61.0,930,-40,,,2026-08-22
2026-08-03,Fabian Marozsan,61.0,930,-40,,,2026-08-22
2026-07-27,Fabian Marozsan,55.0,970,-,50.0,10.0,2026-08-22
2026-07-27,Fabian Marozsan,55.0,970,-,50.0,10.0,2026-08-22
2026-07-27,Fabian Marozsan,55.0,970,-,50.0,10.0,2026-08-22
2026-07-27,Fabian Marozsan,55.0,970,-,50.0,10.0,2026-08-22
2026-07-20,Fabian Marozsan,54.0,970,-,,,2026-08-22
2026-07-20,Fabian Marozsan,54.0,970,-,,,2026-08-22
2026-07-20,Fabian Marozsan,54.0,970,-,,,2026-08-22
2026-07-13,Fabian Marozsan,54.0,970,-,,,2026-08-22
2026-07-13,Fabian Marozsan,54.0,970,-,,,2026-08-22
2026-07-13,Fabian Marozsan,54.0,970,-,,,2026-08-22
2026-06-29,Fabian Marozsan,53.0,970,+75,50.0,25.0,2026-08-22
2026-06-29,Fabian Marozsan,53.0,970,+75,50.0,25.0,2026-08-22
2026-06-29,Fabian Marozsan,53.0,970,+75,50.0,25.0,2026-08-22
2026-06-22,Fabian Marozsan,62.0,895,-,,,2026-08-22
2026-06-22,Fabian Marozsan,62.0,895,-,,,2026-08-22
2026-06-15,Fabian Marozsan,61.0,895,-,50.0,10.0,2026-08-22
2026-06-15,Fabian Marozsan,61.0,895,-,50.0,10.0,2026-08-22
2026-06-08,Fabian Marozsan,61.0,895,-40,,,2026-08-22
2026-06-08,Fabian Marozsan,61.0,895,-40,,,2026-08-22
2026-05-25,Fabian Marozsan,54.0,935,-,50.0,10.0,2026-08-22
2026-05-25,Fabian Marozsan,54.0,935,-,50.0,10.0,2026-08-22
2026-05-18,Fabian Marozsan,52.0,935,-40,,,2026-08-22
2026-05-18,Fabian Marozsan,52.0,935,-40,,,2026-08-22
2026-05-04,Fabian Marozsan,49.0,975,+20,50.0,25.0,2026-08-22
2026-05-04,Fabian Marozsan,49.0,975,+20,50.0,25.0,2026-08-22
2026-04-20,Fabian Marozsan,50.0,955,-150,10.0,25.0,2026-08-22
2026-04-20,Fabian Marozsan,50.0,955,-150,10.0,25.0,2026-08-22
2026-04-13,Fabian Marozsan,42.0,1105,+10,200.0,25.0,2026-08-22
2026-04-13,Fabian Marozsan,42.0,1105,+10,200.0,25.0,2026-08-22
2026-04-06,Fabian Marozsan,43.0,1095,+90,40.0,25.0,2026-08-22
2026-04-06,Fabian Marozsan,43.0,1095,+90,40.0,25.0,2026-08-22
2026-03-30,Fabian Marozsan,47.0,1005,-15,,,2026-08-22
2026-03-30,Fabian Marozsan,47.0,1005,-15,,,2026-08-22
2026-03-16,Fabian Marozsan,46.0,1020,-20,,,2026-08-22
2026-03-16,Fabian Marozsan,46.0,1020,-20,,,2026-08-22
2026-03-02,Fabian Marozsan,46.0,1040,-,30.0,10.0,2026-08-22
2026-02-23,Fabian Marozsan,50.0,1040,-,,,2026-08-22
2026-02-16,Fabian Marozsan,48.0,1040,-,50.0,10.0,2026-08-22
2026-02-09,Fabian Marozsan,46.0,1040,-25,,,2026-08-22
2026-02-02,Fabian Marozsan,46.0,1065,-,50.0,25.0,2026-08-22
2026-01-19,Fabian Marozsan,47.0,1065,+90,100.0,25.0,2026-08-22
2026-01-12,Fabian Marozsan,52.0,975,-,,,2026-08-22
2026-01-05,Fabian Marozsan,53.0,975,-25,,,2026-08-22
2025-12-29,Fabian Marozsan,54.0,1000,-25,50.0,25.0,2026-08-22
2025-12-22,Fabian Marozsan,51.0,1025,-,,,2026-08-22
2025-12-15,Fabian Marozsan,51.0,1025,-,,,2026-08-22
2025-12-08,Fabian Marozsan,51.0,1025,-,,,2026-08-22
2025-12-01,Fabian Marozsan,51.0,1025,-,,,2026-08-22
2025-11-24,Fabian Marozsan,51.0,1025,-,,,2026-08-22
2025-11-17,Fabian Marozsan,51.0,1025,-,,,2026-08-22
2025-11-10,Fabian Marozsan,51.0,1025,-25,,,2026-08-22
2025-11-03,Fabian Marozsan,49.0,1050,-15,50.0,25.0,2026-08-22
2025-10-27,Fabian Marozsan,48.0,1065,-,,,2026-08-22
2025-10-20,Fabian Marozsan,49.0,1065,+25,,,2026-08-22
2025-10-13,Fabian Marozsan,52.0,1040,+30,,,2026-08-22
,Filip Horansky,,,,,,2026-08-22
,Jimy Szymanski,,,,,,2026-08-22
,Jonas Svensson,,,,,,2026-08-22
,Juan Carlos Ferrero,,,,,,2026-08-22
,Mate Delic,,,,,,2026-08-22
,Patricio Rodriguez Chi,,,,,,2026-08-22
,Simone Vagnozzi,,,,,,2026-08-22
,Ulrich Pinner,,,,,,2026-08-22
,Vincent Spadea,,,,,,2026-08-22
,Alberto Martorell,,,,,,2026-08-22
,Andras Szocsik,,,,,,2026-08-22
,Assen Dishkov,,,,,,2026-08-22
,Bob Fowler,,,,,,2026-08-22
,C Munoz,,,,,,2026-08-22
,Charles White,,,,,,2026-08-22
,D Sheal,,,,,,2026-08-22
,Greg Harris,,,,,,2026-08-22
,John Peckskamp,,,,,,2026-08-22
,M Boerma,,,,,,2026-08-22
,Nils Elvik,,,,,,2026-08-22
,T Mooney,,,,,,2026-08-22
,Teo Susnjak,,,,,,2026-08-22
,Alessandro Giannessi,,,,,,2026-08-22
,Amos Mansdorf,,,,,,2026-08-22
,Andy Kohlberg,,,,,,2026-08-22
,Benoit Paire,,,,,,2026-08-22
2026-08-10,Corentin Moutet,60.0,965,+20,30.0,10.0,2026-08-22
2026-08-10,Corentin Moutet,60.0,965,+20,30.0,10.0,2026-08-22
2026-08-10,Corentin Moutet,60.0,965,+20,30.0,10.0,2026-08-22
2026-08-10,Corentin Moutet,60.0,965,+20,30.0,10.0,2026-08-22
2026-08-03,Corentin Moutet,59.0,945,-20,,,2026-08-22
2026-08-03,Corentin Moutet,59.0,945,-20,,,2026-08-22
2026-08-03,Corentin Moutet,59.0,945,-20,,,2026-08-22
2026-08-03,Corentin Moutet,59.0,945,-20,,,2026-08-22
2026-07-27,Corentin Moutet,57.0,965,-158,30.0,10.0,2026-08-22
2026-07-27,Corentin Moutet,57.0,965,-158,30.0,10.0,2026-08-22
2026-07-27,Corentin Moutet,57.0,965,-158,30.0,10.0,2026-08-22
2026-07-27,Corentin Moutet,57.0,965,-158,30.0,10.0,2026-08-22
2026-07-20,Corentin Moutet,40.0,1123,-,208.0,50.0,2026-08-22
2026-07-20,Corentin Moutet,40.0,1123,-,208.0,50.0,2026-08-22
2026-07-20,Corentin Moutet,40.0,1123,-,208.0,50.0,2026-08-22
2026-07-13,Corentin Moutet,40.0,1123,-40,,,2026-08-22
2026-07-13,Corentin Moutet,40.0,1123,-40,,,2026-08-22
2026-07-13,Corentin Moutet,40.0,1123,-40,,,2026-08-22
2026-06-29,Corentin Moutet,39.0,1163,-115,50.0,50.0,2026-08-22
2026-06-29,Corentin Moutet,39.0,1163,-115,50.0,50.0,2026-08-22
2026-06-29,Corentin Moutet,39.0,1163,-115,50.0,50.0,2026-08-22
2026-06-22,Corentin Moutet,36.0,1278,-5,165.0,50.0,2026-08-22
2026-06-22,Corentin Moutet,36.0,1278,-5,165.0,50.0,2026-08-22
2026-06-15,Corentin Moutet,36.0,1283,-,75.0,50.0,2026-08-22
2026-06-15,Corentin Moutet,36.0,1283,-,75.0,50.0,2026-08-22
2026-06-08,Corentin Moutet,36.0,1283,-40,,,2026-08-22
2026-06-08,Corentin Moutet,36.0,1283,-40,,,2026-08-22
2026-05-25,Corentin Moutet,34.0,1323,-,50.0,50.0,2026-08-22
2026-05-25,Corentin Moutet,34.0,1323,-,50.0,50.0,2026-08-22
2026-05-18,Corentin Moutet,32.0,1323,-90,,,2026-08-22
2026-05-18,Corentin Moutet,32.0,1323,-90,,,2026-08-22
2026-05-04,Corentin Moutet,30.0,1413,-20,100.0,50.0,2026-08-22
2026-05-04,Corentin Moutet,30.0,1413,-20,100.0,50.0,2026-08-22
2026-04-20,Corentin Moutet,30.0,1433,-,,,2026-08-22
2026-04-20,Corentin Moutet,30.0,1433,-,,,2026-08-22
2026-04-13,Corentin Moutet,31.0,1433,-,,,2026-08-22
2026-04-13,Corentin Moutet,31.0,1433,-,,,2026-08-22
2026-04-06,Corentin Moutet,31.0,1433,+30,,,2026-08-22
2026-04-06,Corentin Moutet,31.0,1433,+30,,,2026-08-22
2026-03-30,Corentin Moutet,32.0,1403,+20,,,2026-08-22
2026-03-30,Corentin Moutet,32.0,1403,+20,,,2026-08-22
2026-03-16,Corentin Moutet,33.0,1383,-,30.0,30.0,2026-08-22
2026-03-16,Corentin Moutet,33.0,1383,-,30.0,30.0,2026-08-22
2026-03-02,Corentin Moutet,33.0,1383,-,30.0,25.0,2026-08-22
2026-02-23,Corentin Moutet,35.0,1383,-,,,2026-08-22
2026-02-16,Corentin Moutet,34.0,1383,-,,,2026-08-22
2026-02-09,Corentin Moutet,35.0,1383,-,,,2026-08-22
2026-02-02,Corentin Moutet,36.0,1383,-,,,2026-08-22
2026-01-19,Corentin Moutet,37.0,1383,-,100.0,25.0,2026-08-22
2026-01-12,Corentin Moutet,34.0,1383,-,,,2026-08-22
2026-01-05,Corentin Moutet,32.0,1383,-,,,2026-08-22
2025-12-29,Corentin Moutet,34.0,1383,-25,,,2026-08-22
2025-12-22,Corentin Moutet,35.0,1408,-,,,2026-08-22
2025-12-15,Corentin Moutet,35.0,1408,-,,,2026-08-22
2025-12-08,Corentin Moutet,35.0,1408,-,,,2026-08-22
2025-12-01,Corentin Moutet,35.0,1408,-,,,2026-08-22
2025-11-24,Corentin Moutet,35.0,1408,-,,,2026-08-22
2025-11-17,Corentin Moutet,35.0,1408,-,,,2026-08-22
2025-11-10,Corentin Moutet,35.0,1408,-75,,,2026-08-22
2025-11-03,Corentin Moutet,31.0,1483,+10,100.0,25.0,2026-08-22
2025-10-27,Corentin Moutet,32.0,1473,+75,40.0,25.0,2026-08-22
2025-10-20,Corentin Moutet,36.0,1398,+155,,,2026-08-22
2025-10-13,Corentin Moutet,41.0,1243,-15,,,2026-08-22
,Diego Schwartzman,,,,,,2026-08-22
,Dominic Inglot,,,,,,2026-08-22
,Ernie Fernandez,,,,,,2026-08-22
,Grant Connell,,,,,,2026-08-22
,James Sekulov,,,,,,2026-08-22
2026-08-10,Jan Choinski,77.0,770,-,,,2026-08-22
2026-08-10,Jan Choinski,77.0,770,-,,,2026-08-22
2026-08-10,Jan Choinski,77.0,770,-,,,2026-08-22
2026-08-10,Jan Choinski,77.0,770,-,,,2026-08-22
2026-08-03,Jan Choinski,77.0,770,+63,,,2026-08-22
2026-08-03,Jan Choinski,77.0,770,+63,,,2026-08-22
2026-08-03,Jan Choinski,77.0,770,+63,,,2026-08-22
2026-08-03,Jan Choinski,77.0,770,+63,,,2026-08-22
2026-07-27,Jan Choinski,88.0,707,-,12.0,7.0,2026-08-22
2026-07-27,Jan Choinski,88.0,707,-,12.0,7.0,2026-08-22
2026-07-27,Jan Choinski,88.0,707,-,12.0,7.0,2026-08-22
2026-07-27,Jan Choinski,88.0,707,-,12.0,7.0,2026-08-22
2026-07-20,Jan Choinski,90.0,707,-68,,,2026-08-22
2026-07-20,Jan Choinski,90.0,707,-68,,,2026-08-22
2026-07-20,Jan Choinski,90.0,707,-68,,,2026-08-22
2026-07-13,Jan Choinski,75.0,775,+118,75.0,7.0,2026-08-22
2026-07-13,Jan Choinski,75.0,775,+118,75.0,7.0,2026-08-22
2026-07-13,Jan Choinski,75.0,775,+118,75.0,7.0,2026-08-22
2026-06-29,Jan Choinski,100.0,657,+56,50.0,7.0,2026-08-22
2026-06-29,Jan Choinski,100.0,657,+56,50.0,7.0,2026-08-22
2026-06-29,Jan Choinski,100.0,657,+56,50.0,7.0,2026-08-22
2026-06-22,Jan Choinski,106.0,601,+1,,,2026-08-22
2026-06-22,Jan Choinski,106.0,601,+1,,,2026-08-22
2026-06-15,Jan Choinski,106.0,600,-,13.0,7.0,2026-08-22
2026-06-15,Jan Choinski,106.0,600,-,13.0,7.0,2026-08-22
2026-06-08,Jan Choinski,105.0,600,+1,,,2026-08-22
2026-06-08,Jan Choinski,105.0,600,+1,,,2026-08-22
2026-05-25,Jan Choinski,101.0,599,-,,,2026-08-22
2026-05-25,Jan Choinski,101.0,599,-,,,2026-08-22
2026-05-18,Jan Choinski,104.0,599,+73,,,2026-08-22
2026-05-18,Jan Choinski,104.0,599,+73,,,2026-08-22
2026-05-04,Jan Choinski,122.0,526,+2,6.0,5.0,2026-08-22
2026-05-04,Jan Choinski,122.0,526,+2,6.0,5.0,2026-08-22
2026-04-20,Jan Choinski,119.0,524,-,,,2026-08-22
2026-04-20,Jan Choinski,119.0,524,-,,,2026-08-22
2026-04-13,Jan Choinski,117.0,524,-9,,,2026-08-22
2026-04-13,Jan Choinski,117.0,524,-9,,,2026-08-22
2026-04-06,Jan Choinski,118.0,533,-1,14.0,5.0,2026-08-22
2026-04-06,Jan Choinski,118.0,533,-1,14.0,5.0,2026-08-22
2026-03-30,Jan Choinski,120.0,534,+2,7.0,6.0,2026-08-22
2026-03-30,Jan Choinski,120.0,534,+2,7.0,6.0,2026-08-22
2026-03-16,Jan Choinski,123.0,532,+2,,,2026-08-22
2026-03-16,Jan Choinski,123.0,532,+2,,,2026-08-22
2026-03-02,Jan Choinski,122.0,530,+7,12.0,,2026-08-22
2026-02-23,Jan Choinski,121.0,523,+25,6.0,,2026-08-22
2026-02-16,Jan Choinski,124.0,498,-,,,2026-08-22
2026-02-09,Jan Choinski,125.0,498,-,,,2026-08-22
2026-02-02,Jan Choinski,125.0,498,-,,,2026-08-22
2026-01-19,Jan Choinski,124.0,498,-,,,2026-08-22
2026-01-12,Jan Choinski,124.0,498,-,,,2026-08-22
2026-01-05,Jan Choinski,123.0,498,-,,,2026-08-22
2025-12-29,Jan Choinski,125.0,498,-,,,2026-08-22
2025-12-22,Jan Choinski,125.0,498,-,,,2026-08-22
2025-12-15,Jan Choinski,125.0,498,-,,,2026-08-22
2025-12-08,Jan Choinski,125.0,498,-,,,2026-08-22
2025-12-01,Jan Choinski,125.0,498,+14,,,2026-08-22
2025-11-24,Jan Choinski,128.0,484,-,,,2026-08-22
2025-11-17,Jan Choinski,129.0,484,-,,,2026-08-22
2025-11-10,Jan Choinski,129.0,484,-3,,,2026-08-22
2025-11-03,Jan Choinski,126.0,487,+5,16.0,,2026-08-22
2025-10-27,Jan Choinski,131.0,482,-,,,2026-08-22
2025-10-20,Jan Choinski,134.0,482,-,,,2026-08-22
2025-10-13,Jan Choinski,134.0,482,+109,,,2026-08-22
,Jerzy Janowicz,,,,,,2026-08-22
2026-08-10,Jie Cui,459.0,102,-,6.0,,2026-08-22
2026-08-03,Jie Cui,450.0,102,-,,,2026-08-22
2026-07-27,Jie Cui,450.0,102,-,,,2026-08-22
,Luis Patino,,,,,,2026-08-22
,Michael Bauer,,,,,,2026-08-22
2026-08-10,Stefanos Tsitsipas,49.0,1020,+40,50.0,10.0,2026-08-22
2026-08-10,Stefanos Tsitsipas,49.0,1020,+40,50.0,10.0,2026-08-22
2026-08-10,Stefanos Tsitsipas,49.0,1020,+40,50.0,10.0,2026-08-22
2026-08-10,Stefanos Tsitsipas,49.0,1020,+40,50.0,10.0,2026-08-22
2026-08-03,Stefanos Tsitsipas,53.0,980,-,,,2026-08-22
2026-08-03,Stefanos Tsitsipas,53.0,980,-,,,2026-08-22
2026-08-03,Stefanos Tsitsipas,53.0,980,-,,,2026-08-22
2026-08-03,Stefanos Tsitsipas,53.0,980,-,,,2026-08-22
2026-07-27,Stefanos Tsitsipas,51.0,980,-,,,2026-08-22
2026-07-27,Stefanos Tsitsipas,51.0,980,-,,,2026-08-22
2026-07-27,Stefanos Tsitsipas,51.0,980,-,,,2026-08-22
2026-07-27,Stefanos Tsitsipas,51.0,980,-,,,2026-08-22
2026-07-20,Stefanos Tsitsipas,51.0,980,+240,,,2026-08-22
2026-07-20,Stefanos Tsitsipas,51.0,980,+240,,,2026-08-22
2026-07-20,Stefanos Tsitsipas,51.0,980,+240,,,2026-08-22
2026-07-13,Stefanos Tsitsipas,85.0,740,+40,,,2026-08-22
2026-07-13,Stefanos Tsitsipas,85.0,740,+40,,,2026-08-22
2026-07-13,Stefanos Tsitsipas,85.0,740,+40,,,2026-08-22
2026-06-29,Stefanos Tsitsipas,87.0,700,-,10.0,,2026-08-22
2026-06-29,Stefanos Tsitsipas,87.0,700,-,10.0,,2026-08-22
2026-06-29,Stefanos Tsitsipas,87.0,700,-,10.0,,2026-08-22
2026-06-22,Stefanos Tsitsipas,88.0,700,-40,,,2026-08-22
2026-06-22,Stefanos Tsitsipas,88.0,700,-40,,,2026-08-22
2026-06-15,Stefanos Tsitsipas,80.0,740,-,50.0,10.0,2026-08-22
2026-06-15,Stefanos Tsitsipas,80.0,740,-,50.0,10.0,2026-08-22
2026-06-08,Stefanos Tsitsipas,84.0,740,-,,,2026-08-22
2026-06-08,Stefanos Tsitsipas,84.0,740,-,,,2026-08-22
2026-05-25,Stefanos Tsitsipas,79.0,740,+15,50.0,10.0,2026-08-22
2026-05-25,Stefanos Tsitsipas,79.0,740,+15,50.0,10.0,2026-08-22
2026-05-18,Stefanos Tsitsipas,82.0,725,-40,,,2026-08-22
2026-05-18,Stefanos Tsitsipas,82.0,725,-40,,,2026-08-22
2026-05-04,Stefanos Tsitsipas,75.0,765,+50,50.0,,2026-08-22
2026-05-04,Stefanos Tsitsipas,75.0,765,+50,50.0,,2026-08-22
2026-04-20,Stefanos Tsitsipas,80.0,715,-90,50.0,,2026-08-22
2026-04-20,Stefanos Tsitsipas,80.0,715,-90,50.0,,2026-08-22
2026-04-13,Stefanos Tsitsipas,67.0,805,-190,100.0,10.0,2026-08-22
2026-04-13,Stefanos Tsitsipas,67.0,805,-190,100.0,10.0,2026-08-22
2026-04-06,Stefanos Tsitsipas,48.0,995,-,200.0,10.0,2026-08-22
2026-04-06,Stefanos Tsitsipas,48.0,995,-,200.0,10.0,2026-08-22
2026-03-30,Stefanos Tsitsipas,49.0,995,-,,,2026-08-22
2026-03-30,Stefanos Tsitsipas,49.0,995,-,,,2026-08-22
2026-03-16,Stefanos Tsitsipas,51.0,995,-90,50.0,10.0,2026-08-22
2026-03-16,Stefanos Tsitsipas,51.0,995,-90,50.0,10.0,2026-08-22
2026-03-02,Stefanos Tsitsipas,43.0,1085,-450,100.0,10.0,2026-08-22
2026-02-23,Stefanos Tsitsipas,30.0,1535,+50,500.0,50.0,2026-08-22
2026-02-16,Stefanos Tsitsipas,33.0,1485,+40,,,2026-08-22
2026-02-09,Stefanos Tsitsipas,32.0,1445,-50,,,2026-08-22
2026-02-02,Stefanos Tsitsipas,33.0,1495,+40,100.0,50.0,2026-08-22
2026-01-19,Stefanos Tsitsipas,35.0,1455,-,10.0,50.0,2026-08-22
2026-01-12,Stefanos Tsitsipas,33.0,1455,+75,,,2026-08-22
2026-01-05,Stefanos Tsitsipas,34.0,1380,-,,,2026-08-22
2025-12-29,Stefanos Tsitsipas,36.0,1380,-45,,,2026-08-22
2025-12-22,Stefanos Tsitsipas,34.0,1425,-,,,2026-08-22
2025-12-15,Stefanos Tsitsipas,34.0,1425,-,,,2026-08-22
2025-12-08,Stefanos Tsitsipas,34.0,1425,-,,,2026-08-22
2025-12-01,Stefanos Tsitsipas,34.0,1425,-,,,2026-08-22
2025-11-24,Stefanos Tsitsipas,34.0,1425,-,,,2026-08-22
2025-11-17,Stefanos Tsitsipas,34.0,1425,-,,,2026-08-22
2025-11-10,Stefanos Tsitsipas,34.0,1425,-,,,2026-08-22
2025-11-03,Stefanos Tsitsipas,34.0,1425,-200,,,2026-08-22
2025-10-27,Stefanos Tsitsipas,26.0,1625,-100,200.0,,2026-08-22
2025-10-20,Stefanos Tsitsipas,25.0,1725,-5,100.0,,2026-08-22
2025-10-13,Stefanos Tsitsipas,24.0,1730,-100,50.0,45.0,2026-08-22
,Tom Gorman,,,,,,2026-08-22
,B Akbari,,,,,,2026-08-22
,B Cursach,,,,,,2026-08-22
,Brad Guan,,,,,,2026-08-22
,Chris Burr,,,,,,2026-08-22
,Geoff Dyer,,,,,,2026-08-22
,Girolamo Polimeni,,,,,,2026-08-22
,Herb Fitzgibbon,,,,,,2026-08-22
,J A Underwood,,,,,,2026-08-22
,Jan Minar,,,,,,2026-08-22
,Matteo Trevisan,,,,,,2026-08-22
,Robin Fry,,,,,,2026-08-22
,Tim Clayton,,,,,,2026-08-22
,V Skacel,,,,,,2026-08-22
,Adrian Menendez Maceiras,,,,,,2026-08-22
2026-08-10,Arthur Fery,37.0,1285,-,85.0,6.0,2026-08-22
2026-08-10,Arthur Fery,37.0,1285,-,85.0,6.0,2026-08-22
2026-08-10,Arthur Fery,37.0,1285,-,85.0,6.0,2026-08-22
2026-08-10,Arthur Fery,37.0,1285,-,85.0,6.0,2026-08-22
2026-08-03,Arthur Fery,36.0,1285,-,,,2026-08-22
2026-08-03,Arthur Fery,36.0,1285,-,,,2026-08-22
2026-08-03,Arthur Fery,36.0,1285,-,,,2026-08-22
2026-08-03,Arthur Fery,36.0,1285,-,,,2026-08-22
2026-07-27,Arthur Fery,37.0,1285,-12,,,2026-08-22
2026-07-27,Arthur Fery,37.0,1285,-12,,,2026-08-22
2026-07-27,Arthur Fery,37.0,1285,-12,,,2026-08-22
2026-07-27,Arthur Fery,37.0,1285,-12,,,2026-08-22
2026-07-20,Arthur Fery,36.0,1297,-,18.0,6.0,2026-08-22
2026-07-20,Arthur Fery,36.0,1297,-,18.0,6.0,2026-08-22
2026-07-20,Arthur Fery,36.0,1297,-,18.0,6.0,2026-08-22
2026-07-13,Arthur Fery,36.0,1297,+750,,,2026-08-22
2026-07-13,Arthur Fery,36.0,1297,+750,,,2026-08-22
2026-07-13,Arthur Fery,36.0,1297,+750,,,2026-08-22
2026-06-29,Arthur Fery,114.0,547,+19,50.0,6.0,2026-08-22
2026-06-29,Arthur Fery,114.0,547,+19,50.0,6.0,2026-08-22
2026-06-29,Arthur Fery,114.0,547,+19,50.0,6.0,2026-08-22
2026-06-22,Arthur Fery,118.0,528,+87,,,2026-08-22
2026-06-22,Arthur Fery,118.0,528,+87,,,2026-08-22
2026-06-15,Arthur Fery,140.0,441,-,13.0,3.0,2026-08-22
2026-06-15,Arthur Fery,140.0,441,-,13.0,3.0,2026-08-22
2026-06-08,Arthur Fery,141.0,441,+37,,,2026-08-22
2026-06-08,Arthur Fery,141.0,441,+37,,,2026-08-22
2026-05-25,Arthur Fery,154.0,404,-,,,2026-08-22
2026-05-25,Arthur Fery,154.0,404,-,,,2026-08-22
2026-05-18,Arthur Fery,153.0,404,+21,,,2026-08-22
2026-05-18,Arthur Fery,153.0,404,+21,,,2026-08-22
2026-05-04,Arthur Fery,157.0,383,+3,,,2026-08-22
2026-05-04,Arthur Fery,157.0,383,+3,,,2026-08-22
2026-04-20,Arthur Fery,161.0,380,-,3.0,,2026-08-22
2026-04-20,Arthur Fery,161.0,380,-,3.0,,2026-08-22
2026-04-13,Arthur Fery,162.0,380,+8,,,2026-08-22
2026-04-13,Arthur Fery,162.0,380,+8,,,2026-08-22
2026-04-06,Arthur Fery,166.0,372,-,,,2026-08-22
2026-04-06,Arthur Fery,166.0,372,-,,,2026-08-22
2026-03-30,Arthur Fery,163.0,372,+30,,,2026-08-22
2026-03-30,Arthur Fery,163.0,372,+30,,,2026-08-22
2026-03-16,Arthur Fery,174.0,342,-13,,,2026-08-22
2026-03-16,Arthur Fery,174.0,342,-13,,,2026-08-22
2026-03-02,Arthur Fery,173.0,355,-,16.0,,2026-08-22
2026-02-23,Arthur Fery,174.0,355,-41,,,2026-08-22
2026-02-16,Arthur Fery,157.0,396,-,41.0,,2026-08-22
2026-02-09,Arthur Fery,153.0,396,-,,,2026-08-22
2026-02-02,Arthur Fery,152.0,396,+80,,,2026-08-22
2026-01-19,Arthur Fery,186.0,316,-,,,2026-08-22
2026-01-12,Arthur Fery,185.0,316,+3,,,2026-08-22
2026-01-05,Arthur Fery,185.0,313,-,,,2026-08-22
2025-12-29,Arthur Fery,189.0,313,-,,,2026-08-22
2025-12-22,Arthur Fery,191.0,313,-,,,2026-08-22
2025-12-15,Arthur Fery,191.0,313,-,,,2026-08-22
2025-12-08,Arthur Fery,192.0,313,-,,,2026-08-22
2025-12-01,Arthur Fery,193.0,313,+25,,,2026-08-22
2025-11-17,Arthur Fery,198.0,288,+6,,,2026-08-22
2025-11-03,Arthur Fery,197.0,282,-,,,2026-08-22
2025-10-27,Arthur Fery,196.0,282,+18,,,2026-08-22
,Barry Mackay,,,,,,2026-08-22
,Bruce Foxworth,,,,,,2026-08-22
2026-08-10,Franco Agamenone,265.0,213,+3,17.0,,2026-08-22
2026-08-03,Franco Agamenone,262.0,210,-,,,2026-08-22
2026-07-27,Franco Agamenone,265.0,210,-,,,2026-08-22
,Givaldo Barbosa,,,,,,2026-08-22
2026-08-10,Isaac Becroft,750.0,43,+15,,,2026-08-22
2026-08-03,Isaac Becroft,872.0,28,+2,,,2026-08-22
2026-07-27,Isaac Becroft,910.0,26,-1,,,2026-08-22
,Jaroslav Bulant,,,,,,2026-08-22
,Marco Crugnola,,,,,,2026-08-22
,Mark Edmondson,,,,,,2026-08-22
2026-08-10,Matteo Gigante,1069.0,16,-,,,2026-08-22
2026-08-03,Matteo Gigante,1059.0,16,-30,,,2026-08-22
2026-07-27,Matteo Gigante,715.0,46,-,30.0,,2026-08-22
2026-04-20,Matteo Gigante,194.0,303,-,57.0,,2026-08-22
2026-04-20,Matteo Gigante,194.0,303,-,57.0,,2026-08-22
2026-04-13,Matteo Gigante,192.0,303,-7,,,2026-08-22
2026-04-13,Matteo Gigante,192.0,303,-7,,,2026-08-22
2026-04-06,Matteo Gigante,192.0,310,-,7.0,,2026-08-22
2026-04-06,Matteo Gigante,192.0,310,-,7.0,,2026-08-22
2026-03-30,Matteo Gigante,192.0,310,-,,,2026-08-22
2026-03-30,Matteo Gigante,192.0,310,-,,,2026-08-22
2026-03-16,Matteo Gigante,193.0,310,-50,,,2026-08-22
2026-03-16,Matteo Gigante,193.0,310,-50,,,2026-08-22
2026-03-02,Matteo Gigante,171.0,360,-7,50.0,,2026-08-22
2026-02-23,Matteo Gigante,167.0,367,-,7.0,,2026-08-22
2026-02-16,Matteo Gigante,167.0,367,-,,,2026-08-22
2026-02-09,Matteo Gigante,161.0,367,-,,,2026-08-22
2026-02-02,Matteo Gigante,163.0,367,-40,,,2026-08-22
2026-01-19,Matteo Gigante,152.0,407,-,40.0,,2026-08-22
2026-01-12,Matteo Gigante,152.0,407,-,,,2026-08-22
2026-01-05,Matteo Gigante,148.0,407,-,,,2026-08-22
2025-12-29,Matteo Gigante,148.0,407,-,,,2026-08-22
2025-12-22,Matteo Gigante,150.0,407,-,,,2026-08-22
2025-12-15,Matteo Gigante,150.0,407,-,,,2026-08-22
2025-12-08,Matteo Gigante,150.0,407,-,,,2026-08-22
2025-12-01,Matteo Gigante,150.0,407,-,,,2026-08-22
2025-11-24,Matteo Gigante,151.0,407,-,,,2026-08-22
2025-11-17,Matteo Gigante,148.0,407,-,,,2026-08-22
2025-11-10,Matteo Gigante,151.0,407,-,,,2026-08-22
2025-11-03,Matteo Gigante,151.0,407,-,,,2026-08-22
2025-10-27,Matteo Gigante,150.0,407,-,,,2026-08-22
2025-10-20,Matteo Gigante,150.0,407,-35,,,2026-08-22
2025-10-13,Matteo Gigante,147.0,442,-,35.0,,2026-08-22
,Robert Farah,,,,,,2026-08-22
,Sasi Kumar Mukund,,,,,,2026-08-22
,Stanley Pasarell,,,,,,2026-08-22
,Todd Woodbridge,,,,,,2026-08-22
,Tom Kempers,,,,,,2026-08-22
,Adrien Bossel,,,,,,2026-08-22
,Arlo Elkins,,,,,,2026-08-22
,Bhanu Nunna,,,,,,2026-08-22
,Bill Colson,,,,,,2026-08-22
,Frank Schmitz,,,,,,2026-08-22
,Fritz Schunck,,,,,,2026-08-22
,Gary Thoroughood,,,,,,2026-08-22
,George Kesel,,,,,,2026-08-22
,Hector Romani,,,,,,2026-08-22
,J Adams,,,,,,2026-08-22
,Jai Dilouie,,,,,,2026-08-22
,Justin Oneal,,,,,,2026-08-22
,Randolf Scheller,,,,,,2026-08-22
,Takahiro Terachi,,,,,,2026-08-22
,Terry Whelpton,,,,,,2026-08-22
,Tom Pucci,,,,,,2026-08-22
,Tony Hammond,,,,,,2026-08-22
,Werner Zirngibl,,,,,,2026-08-22
2026-08-10,Felipe Meligeni Alves,567.0,71,-,,,2026-08-22
2026-08-03,Felipe Meligeni Alves,560.0,71,+25,,,2026-08-22
2026-07-27,Felipe Meligeni Alves,717.0,46,-,,,2026-08-22
2025-10-20,Felipe Meligeni Alves,173.0,327,-,50.0,,2026-08-22
2025-10-13,Felipe Meligeni Alves,171.0,327,-13,,,2026-08-22
,Guillermo Vilas,,,,,,2026-08-22
,Juan Balcells,,,,,,2026-08-22
,Ladislav Svarc,,,,,,2026-08-22
2026-08-10,Miguel Damas,302.0,183,-,8.0,2.0,2026-08-22
2026-08-03,Miguel Damas,300.0,183,-5,,,2026-08-22
2026-07-27,Miguel Damas,289.0,188,-,8.0,3.0,2026-08-22
,Patrik Fredriksson,,,,,,2026-08-22
2026-08-10,Trevor Svajda,383.0,131,+2,16.0,,2026-08-22
2026-08-03,Trevor Svajda,383.0,129,+23,,,2026-08-22
2026-07-27,Trevor Svajda,436.0,106,-,2.0,,2026-08-22
,Van Winitsky,,,,,,2026-08-22
,Wayne Hearn,,,,,,2026-08-22
,A Hill,,,,,,2026-08-22
,Alberto Riba,,,,,,2026-08-22
,Brendan O'shea,,,,,,2026-08-22
,Cheng Fong Chang,,,,,,2026-08-22
,D Robert,,,,,,2026-08-22
,Fritz Don,,,,,,2026-08-22
,G Bredberg,,,,,,2026-08-22
,Gianni Marchetti,,,,,,2026-08-22
,Hans Joachim Ploetz,,,,,,2026-08-22
,Kenneth Hennep,,,,,,2026-08-22
,Mike Adams,,,,,,2026-08-22
,Owen Worley,,,,,,2026-08-22
,Rod Flores,,,,,,2026-08-22
,Ron Van Gelder,,,,,,2026-08-22
,Teodoro Gurrea,,,,,,2026-08-22
,Thomas Andersen,,,,,,2026-08-22
,Tim Goransson,,,,,,2026-08-22
,Tom Kiss,,,,,,2026-08-22
,Uriel Oquendo Sr,,,,,,2026-08-22
,Vittorio Crotta,,,,,,2026-08-22
,Clemens Trimmel,,,,,,2026-08-22
,Danny Sapsford,,,,,,2026-08-22
,Francesco Aldi,,,,,,2026-08-22
2026-08-10,Hugo Grenier,258.0,218,-,,,2026-08-22
2026-08-03,Hugo Grenier,253.0,218,-25,,,2026-08-22
2026-07-27,Hugo Grenier,232.0,243,-6,25.0,,2026-08-22
2026-03-16,Hugo Grenier,194.0,310,-,35.0,5.0,2026-08-22
2026-03-16,Hugo Grenier,194.0,310,-,35.0,5.0,2026-08-22
2026-03-02,Hugo Grenier,195.0,310,-,,,2026-08-22
2026-02-23,Hugo Grenier,197.0,310,-,,,2026-08-22
2026-02-16,Hugo Grenier,193.0,310,-13,,,2026-08-22
2026-02-09,Hugo Grenier,188.0,323,-1,38.0,6.0,2026-08-22
2026-02-02,Hugo Grenier,189.0,324,-3,8.0,6.0,2026-08-22
2026-01-19,Hugo Grenier,179.0,327,-,19.0,11.0,2026-08-22
2026-01-12,Hugo Grenier,179.0,327,-,,,2026-08-22
2026-01-05,Hugo Grenier,175.0,327,-1,,,2026-08-22
2025-12-29,Hugo Grenier,177.0,328,-6,7.0,6.0,2026-08-22
2025-12-22,Hugo Grenier,175.0,334,-,,,2026-08-22
2025-12-15,Hugo Grenier,175.0,334,-,,,2026-08-22
2025-12-08,Hugo Grenier,175.0,334,-,,,2026-08-22
2025-12-01,Hugo Grenier,175.0,334,-,,,2026-08-22
2025-11-24,Hugo Grenier,173.0,334,-,,,2026-08-22
2025-11-17,Hugo Grenier,173.0,334,+6,,,2026-08-22
2025-11-10,Hugo Grenier,177.0,328,+5,,,2026-08-22
2025-11-03,Hugo Grenier,179.0,323,-,7.0,5.0,2026-08-22
2025-10-27,Hugo Grenier,176.0,323,-,,,2026-08-22
2025-10-20,Hugo Grenier,176.0,323,+30,7.0,5.0,2026-08-22
2025-10-13,Hugo Grenier,192.0,293,+16,,,2026-08-22
,Ivan Miranda,,,,,,2026-08-22
,Jin Sun Yoo,,,,,,2026-08-22
,Martin Rodriguez,,,,,,2026-08-22
,Oliver Golding,,,,,,2026-08-22
,Pedro Rebolledo,,,,,,2026-08-22
,Shao Xuan Zeng,,,,,,2026-08-22
,Stephane Sansoni,,,,,,2026-08-22
,Tomm Warneke,,,,,,2026-08-22
,Yong Il Yoon,,,,,,2026-08-22
,A M Thomas,,,,,,2026-08-22
,D Stanford,,,,,,2026-08-22
,David Borelli,,,,,,2026-08-22
,Dick Leach,,,,,,2026-08-22
,Giovanni Cierro,,,,,,2026-08-22
,J Alonso,,,,,,2026-08-22
,John Fort,,,,,,2026-08-22
,John Trickey,,,,,,2026-08-22
,Joseph Mateo,,,,,,2026-08-22
,Juan Cabezon,,,,,,2026-08-22
,Kiyoshi Tanabe,,,,,,2026-08-22
,Oliver Ploner,,,,,,2026-08-22
,Pedro Cordeiro,,,,,,2026-08-22
,Ronald Kahn,,,,,,2026-08-22
,Ronnie Fisher,,,,,,2026-08-22
,Shinya Tanaka,,,,,,2026-08-22
,Ted Williams,,,,,,2026-08-22
,Terence Musgrove,,,,,,2026-08-22
,Abedallah Shelbayh,,,,,,2026-08-22
,Adam Malik,,,,,,2026-08-22
2026-08-10,Alejandro Davidovich Fokina,27.0,1780,-50,,,2026-08-22
2026-08-10,Alejandro Davidovich Fokina,27.0,1780,-50,,,2026-08-22
2026-08-10,Alejandro Davidovich Fokina,27.0,1780,-50,,,2026-08-22
2026-08-10,Alejandro Davidovich Fokina,27.0,1780,-50,,,2026-08-22
2026-08-03,Alejandro Davidovich Fokina,25.0,1830,-50,,,2026-08-22
2026-08-03,Alejandro Davidovich Fokina,25.0,1830,-50,,,2026-08-22
2026-08-03,Alejandro Davidovich Fokina,25.0,1830,-50,,,2026-08-22
2026-08-03,Alejandro Davidovich Fokina,25.0,1830,-50,,,2026-08-22
2026-07-27,Alejandro Davidovich Fokina,25.0,1880,-280,100.0,50.0,2026-08-22
2026-07-27,Alejandro Davidovich Fokina,25.0,1880,-280,100.0,50.0,2026-08-22
2026-07-27,Alejandro Davidovich Fokina,25.0,1880,-280,100.0,50.0,2026-08-22
2026-07-27,Alejandro Davidovich Fokina,25.0,1880,-280,100.0,50.0,2026-08-22
2026-07-20,Alejandro Davidovich Fokina,20.0,2160,-,330.0,50.0,2026-08-22
2026-07-20,Alejandro Davidovich Fokina,20.0,2160,-,330.0,50.0,2026-08-22
2026-07-20,Alejandro Davidovich Fokina,20.0,2160,-,330.0,50.0,2026-08-22
2026-07-13,Alejandro Davidovich Fokina,20.0,2160,+100,,,2026-08-22
2026-07-13,Alejandro Davidovich Fokina,20.0,2160,+100,,,2026-08-22
2026-07-13,Alejandro Davidovich Fokina,20.0,2160,+100,,,2026-08-22
2026-06-29,Alejandro Davidovich Fokina,23.0,2060,+150,100.0,50.0,2026-08-22
2026-06-29,Alejandro Davidovich Fokina,23.0,2060,+150,100.0,50.0,2026-08-22
2026-06-29,Alejandro Davidovich Fokina,23.0,2060,+150,100.0,50.0,2026-08-22
2026-06-22,Alejandro Davidovich Fokina,25.0,1910,+50,100.0,50.0,2026-08-22
2026-06-22,Alejandro Davidovich Fokina,25.0,1910,+50,100.0,50.0,2026-08-22
2026-06-15,Alejandro Davidovich Fokina,22.0,1860,-,,,2026-08-22
2026-06-15,Alejandro Davidovich Fokina,22.0,1860,-,,,2026-08-22
2026-06-08,Alejandro Davidovich Fokina,22.0,1860,-,,,2026-08-22
2026-06-08,Alejandro Davidovich Fokina,22.0,1860,-,,,2026-08-22
2026-05-25,Alejandro Davidovich Fokina,23.0,1860,+40,50.0,50.0,2026-08-22
2026-05-25,Alejandro Davidovich Fokina,23.0,1860,+40,50.0,50.0,2026-08-22
2026-05-18,Alejandro Davidovich Fokina,23.0,1820,-,,,2026-08-22
2026-05-18,Alejandro Davidovich Fokina,23.0,1820,-,,,2026-08-22
2026-05-04,Alejandro Davidovich Fokina,23.0,1820,-,,,2026-08-22
2026-05-04,Alejandro Davidovich Fokina,23.0,1820,-,,,2026-08-22
2026-04-20,Alejandro Davidovich Fokina,24.0,1820,-50,50.0,50.0,2026-08-22
2026-04-20,Alejandro Davidovich Fokina,24.0,1820,-50,50.0,50.0,2026-08-22
2026-04-13,Alejandro Davidovich Fokina,23.0,1870,-350,100.0,50.0,2026-08-22
2026-04-13,Alejandro Davidovich Fokina,23.0,1870,-350,100.0,50.0,2026-08-22
2026-04-06,Alejandro Davidovich Fokina,17.0,2220,-,400.0,50.0,2026-08-22
2026-04-06,Alejandro Davidovich Fokina,17.0,2220,-,400.0,50.0,2026-08-22
2026-03-30,Alejandro Davidovich Fokina,17.0,2220,-40,,,2026-08-22
2026-03-30,Alejandro Davidovich Fokina,17.0,2220,-40,,,2026-08-22
2026-03-16,Alejandro Davidovich Fokina,17.0,2260,+70,,,2026-08-22
2026-03-16,Alejandro Davidovich Fokina,17.0,2260,+70,,,2026-08-22
2026-03-02,Alejandro Davidovich Fokina,19.0,2190,-280,,,2026-08-22
2026-02-23,Alejandro Davidovich Fokina,14.0,2470,-,330.0,50.0,2026-08-22
2026-02-16,Alejandro Davidovich Fokina,15.0,2470,-65,,,2026-08-22
2026-02-09,Alejandro Davidovich Fokina,14.0,2535,-,165.0,50.0,2026-08-22
2026-02-02,Alejandro Davidovich Fokina,15.0,2535,-100,,,2026-08-22
2026-01-19,Alejandro Davidovich Fokina,14.0,2635,+50,200.0,50.0,2026-08-22
2026-01-12,Alejandro Davidovich Fokina,15.0,2585,-,,,2026-08-22
2026-01-05,Alejandro Davidovich Fokina,14.0,2585,-,,,2026-08-22
2025-12-29,Alejandro Davidovich Fokina,14.0,2585,-50,,,2026-08-22
2025-12-22,Alejandro Davidovich Fokina,14.0,2635,-,,,2026-08-22
2025-12-15,Alejandro Davidovich Fokina,14.0,2635,-,,,2026-08-22
2025-12-08,Alejandro Davidovich Fokina,14.0,2635,-,,,2026-08-22
2025-12-01,Alejandro Davidovich Fokina,14.0,2635,-,,,2026-08-22
2025-11-24,Alejandro Davidovich Fokina,14.0,2635,-,,,2026-08-22
2025-11-17,Alejandro Davidovich Fokina,14.0,2635,-,,,2026-08-22
2025-11-10,Alejandro Davidovich Fokina,14.0,2635,-,,,2026-08-22
2025-11-03,Alejandro Davidovich Fokina,14.0,2635,+50,,,2026-08-22
2025-10-27,Alejandro Davidovich Fokina,15.0,2585,+300,,,2026-08-22
2025-10-20,Alejandro Davidovich Fokina,18.0,2285,+25,,,2026-08-22
2025-10-13,Alejandro Davidovich Fokina,20.0,2260,+20,,,2026-08-22
,Alex Calatrava,,,,,,2026-08-22
,Alexis Hombrecher,,,,,,2026-08-22
,Buster C Mottram,,,,,,2026-08-22
,Cesar Ramirez,,,,,,2026-08-22
2026-08-10,Dominic Stricker,336.0,161,-,,,2026-08-22
2026-08-03,Dominic Stricker,327.0,161,-,,,2026-08-22
2026-07-27,Dominic Stricker,324.0,161,+21,,,2026-08-22
2026-08-10,Dragos Nicolae Madaras,602.0,65,-,,,2026-08-22
2026-08-03,Dragos Nicolae Madaras,593.0,65,-,,,2026-08-22
2026-07-27,Dragos Nicolae Madaras,589.0,65,-,,,2026-08-22
,Ivan Kley,,,,,,2026-08-22
,Jose Luis Clerc,,,,,,2026-08-22
,Marsel Ilhan,,,,,,2026-08-22
,Michael Mcclune,,,,,,2026-08-22
,Xavier Malisse,,,,,,2026-08-22
,Zoltan Kuharszky,,,,,,2026-08-22
,Alfred Schwartz,,,,,,2026-08-22
,Bobby Odasz,,,,,,2026-08-22
,Dennis Hayes,,,,,,2026-08-22
,Gaetano Scagnolari,,,,,,2026-08-22
,Guillermo Minutella,,,,,,2026-08-22
,Hans Nordstrom,,,,,,2026-08-22
,Hartmut Kirchhubel,,,,,,2026-08-22
,J Lascelle,,,,,,2026-08-22
,Jack Tesch,,,,,,2026-08-22
,Justedjo Tarik,,,,,,2026-08-22
,Lamar Roemer,,,,,,2026-08-22
,Mark Harner,,,,,,2026-08-22
,Peter Rigg,,,,,,2026-08-22
,Reinhard Wawra,,,,,,2026-08-22
,Rick Jordan,,,,,,2026-08-22
,Rob Wheatley,,,,,,2026-08-22
,Sixto Cambra,,,,,,2026-08-22
,W Bell,,,,,,2026-08-22
,Willem Prinsloo,,,,,,2026-08-22
,Andres Gimeno,,,,,,2026-08-22
,Danai Udomchoke,,,,,,2026-08-22
,Erik Van Dillen,,,,,,2026-08-22
,Frantisek Cermak,,,,,,2026-08-22
,George Bezecny,,,,,,2026-08-22
,Jorge Aguilar,,,,,,2026-08-22
,Lars Jonsson,,,,,,2026-08-22
,Laurence Tieleman,,,,,,2026-08-22
2026-08-10,Liam Draxl,216.0,261,-4,10.0,4.0,2026-08-22
2026-08-03,Liam Draxl,209.0,265,-,,,2026-08-22
2026-07-27,Liam Draxl,211.0,265,+41,,,2026-08-22
2026-06-29,Liam Draxl,158.0,368,-,119.0,4.0,2026-08-22
2026-06-29,Liam Draxl,158.0,368,-,119.0,4.0,2026-08-22
2026-06-29,Liam Draxl,158.0,368,-,119.0,4.0,2026-08-22
2026-06-22,Liam Draxl,158.0,368,-,,,2026-08-22
2026-06-22,Liam Draxl,158.0,368,-,,,2026-08-22
2026-06-15,Liam Draxl,159.0,368,-,,,2026-08-22
2026-06-15,Liam Draxl,159.0,368,-,,,2026-08-22
2026-06-08,Liam Draxl,163.0,368,+4,,,2026-08-22
2026-06-08,Liam Draxl,163.0,368,+4,,,2026-08-22
2026-05-25,Liam Draxl,164.0,364,-,22.0,,2026-08-22
2026-05-25,Liam Draxl,164.0,364,-,22.0,,2026-08-22
2026-05-18,Liam Draxl,164.0,364,-,,,2026-08-22
2026-05-18,Liam Draxl,164.0,364,-,,,2026-08-22
2026-05-04,Liam Draxl,171.0,364,-38,,,2026-08-22
2026-05-04,Liam Draxl,171.0,364,-38,,,2026-08-22
2026-04-20,Liam Draxl,158.0,402,-,44.0,,2026-08-22
2026-04-20,Liam Draxl,158.0,402,-,44.0,,2026-08-22
2026-04-13,Liam Draxl,157.0,402,-40,6.0,,2026-08-22
2026-04-13,Liam Draxl,157.0,402,-40,6.0,,2026-08-22
2026-04-06,Liam Draxl,144.0,442,+12,44.0,,2026-08-22
2026-04-06,Liam Draxl,144.0,442,+12,44.0,,2026-08-22
2026-03-30,Liam Draxl,147.0,430,+24,7.0,6.0,2026-08-22
2026-03-30,Liam Draxl,147.0,430,+24,7.0,6.0,2026-08-22
2026-03-16,Liam Draxl,147.0,406,-6,,,2026-08-22
2026-03-16,Liam Draxl,147.0,406,-6,,,2026-08-22
2026-03-02,Liam Draxl,147.0,412,-5,12.0,6.0,2026-08-22
2026-02-23,Liam Draxl,147.0,417,-5,12.0,7.0,2026-08-22
2026-02-16,Liam Draxl,149.0,422,-,12.0,7.0,2026-08-22
2026-02-09,Liam Draxl,149.0,422,-,,,2026-08-22
2026-02-02,Liam Draxl,146.0,422,-7,,,2026-08-22
2026-01-19,Liam Draxl,145.0,429,-,54.0,7.0,2026-08-22
2026-01-12,Liam Draxl,145.0,429,-32,,,2026-08-22
2026-01-05,Liam Draxl,132.0,461,-,44.0,7.0,2026-08-22
2025-12-29,Liam Draxl,133.0,461,-7,,,2026-08-22
2025-12-22,Liam Draxl,132.0,468,-,,,2026-08-22
2025-12-15,Liam Draxl,132.0,468,-8,,,2026-08-22
2025-12-08,Liam Draxl,129.0,476,-,15.0,7.0,2026-08-22
2025-12-01,Liam Draxl,129.0,476,-7,,,2026-08-22
2025-11-24,Liam Draxl,129.0,483,-18,14.0,7.0,2026-08-22
2025-11-17,Liam Draxl,123.0,501,-13,25.0,7.0,2026-08-22
2025-11-10,Liam Draxl,120.0,514,-,25.0,7.0,2026-08-22
2025-11-03,Liam Draxl,118.0,514,-,,,2026-08-22
2025-10-27,Liam Draxl,121.0,514,-,,,2026-08-22
2025-10-20,Liam Draxl,122.0,514,-29,,,2026-08-22
2025-10-13,Liam Draxl,118.0,543,-,47.0,18.0,2026-08-22
,Mark Dickson,,,,,,2026-08-22
,Roy Barth,,,,,,2026-08-22
,Stefan Heckmanns,,,,,,2026-08-22
,Todd Nelson,,,,,,2026-08-22
,Antonio Hartmann,,,,,,2026-08-22
,Bengt Lundstedt,,,,,,2026-08-22
,Bidynt Goswami,,,,,,2026-08-22
,Bob Reynolds,,,,,,2026-08-22
,Franco Merlone,,,,,,2026-08-22
,Freddie Sauer,,,,,,2026-08-22
,Gene Ward,,,,,,2026-08-22
,Jack Staton,,,,,,2026-08-22
,Jasper Smit,,,,,,2026-08-22
,Jin So Lee,,,,,,2026-08-22
,K C Cook,,,,,,2026-08-22
,Kalle Flygt,,,,,,2026-08-22
,Keith Hancock,,,,,,2026-08-22
,Mike Panayotti,,,,,,2026-08-22
,S Saggoni,,,,,,2026-08-22
,Sam Match,,,,,,2026-08-22
,T Mccarthy,,,,,,2026-08-22
,Timo Fleischfresser,,,,,,2026-08-22
,U Jadcyznski,,,,,,2026-08-22
,Andres Gomez,,,,,,2026-08-22
,Davide Sanguinetti,,,,,,2026-08-22
,Feliciano Lopez,,,,,,2026-08-22
,Horacio De La Pena,,,,,,2026-08-22
,Jan Michael Gambill,,,,,,2026-08-22
,Javier Molina,,,,,,2026-08-22
,Jorge Lozano,,,,,,2026-08-22
,Mathieu Rodrigues,,,,,,2026-08-22
,Oliver Fuchs,,,,,,2026-08-22
2026-08-10,Patrick Kypson,115.0,570,-,30.0,,2026-08-22
2026-08-10,Patrick Kypson,115.0,570,-,30.0,,2026-08-22
2026-08-10,Patrick Kypson,115.0,570,-,30.0,,2026-08-22
2026-08-10,Patrick Kypson,115.0,570,-,30.0,,2026-08-22
2026-08-03,Patrick Kypson,112.0,570,-,,,2026-08-22
2026-08-03,Patrick Kypson,112.0,570,-,,,2026-08-22
2026-08-03,Patrick Kypson,112.0,570,-,,,2026-08-22
2026-08-03,Patrick Kypson,112.0,570,-,,,2026-08-22
2026-07-27,Patrick Kypson,113.0,570,-,,,2026-08-22
2026-07-27,Patrick Kypson,113.0,570,-,,,2026-08-22
2026-07-27,Patrick Kypson,113.0,570,-,,,2026-08-22
2026-07-27,Patrick Kypson,113.0,570,-,,,2026-08-22
2026-07-20,Patrick Kypson,113.0,570,-6,,,2026-08-22
2026-07-20,Patrick Kypson,113.0,570,-6,,,2026-08-22
2026-07-20,Patrick Kypson,113.0,570,-6,,,2026-08-22
2026-07-13,Patrick Kypson,112.0,576,+28,6.0,,2026-08-22
2026-07-13,Patrick Kypson,112.0,576,+28,6.0,,2026-08-22
2026-07-13,Patrick Kypson,112.0,576,+28,6.0,,2026-08-22
2026-06-29,Patrick Kypson,113.0,548,-,22.0,,2026-08-22
2026-06-29,Patrick Kypson,113.0,548,-,22.0,,2026-08-22
2026-06-29,Patrick Kypson,113.0,548,-,22.0,,2026-08-22
2026-06-22,Patrick Kypson,114.0,548,-,,,2026-08-22
2026-06-22,Patrick Kypson,114.0,548,-,,,2026-08-22
2026-06-15,Patrick Kypson,114.0,548,-,,,2026-08-22
2026-06-15,Patrick Kypson,114.0,548,-,,,2026-08-22
2026-06-08,Patrick Kypson,115.0,548,-101,,,2026-08-22
2026-06-08,Patrick Kypson,115.0,548,-101,,,2026-08-22
2026-05-25,Patrick Kypson,93.0,649,-,101.0,,2026-08-22
2026-05-25,Patrick Kypson,93.0,649,-,101.0,,2026-08-22
2026-05-18,Patrick Kypson,95.0,649,-20,,,2026-08-22
2026-05-18,Patrick Kypson,95.0,649,-20,,,2026-08-22
2026-05-04,Patrick Kypson,89.0,669,+16,50.0,,2026-08-22
2026-05-04,Patrick Kypson,89.0,669,+16,50.0,,2026-08-22
2026-04-20,Patrick Kypson,90.0,653,+13,4.0,,2026-08-22
2026-04-20,Patrick Kypson,90.0,653,+13,4.0,,2026-08-22
2026-04-13,Patrick Kypson,96.0,640,-,,,2026-08-22
2026-04-13,Patrick Kypson,96.0,640,-,,,2026-08-22
2026-04-06,Patrick Kypson,95.0,640,-,,,2026-08-22
2026-04-06,Patrick Kypson,95.0,640,-,,,2026-08-22
2026-03-30,Patrick Kypson,96.0,640,-,,,2026-08-22
2026-03-30,Patrick Kypson,96.0,640,-,,,2026-08-22
2026-03-16,Patrick Kypson,97.0,640,-,,,2026-08-22
2026-03-16,Patrick Kypson,97.0,640,-,,,2026-08-22
2026-03-02,Patrick Kypson,95.0,640,+75,,,2026-08-22
2026-02-23,Patrick Kypson,103.0,565,-,,,2026-08-22
2026-02-16,Patrick Kypson,105.0,565,+13,,,2026-08-22
2026-02-09,Patrick Kypson,109.0,552,-,,,2026-08-22
2026-02-02,Patrick Kypson,107.0,552,+25,,,2026-08-22
2026-01-19,Patrick Kypson,116.0,527,-,,,2026-08-22
2026-01-12,Patrick Kypson,116.0,527,+7,,,2026-08-22
2026-01-05,Patrick Kypson,118.0,520,-13,,,2026-08-22
2025-12-29,Patrick Kypson,118.0,533,-,13.0,,2026-08-22
2025-12-22,Patrick Kypson,118.0,533,-,,,2026-08-22
2025-12-15,Patrick Kypson,118.0,533,-,,,2026-08-22
2025-12-08,Patrick Kypson,118.0,533,-,,,2026-08-22
2025-12-01,Patrick Kypson,118.0,533,-,,,2026-08-22
2025-11-24,Patrick Kypson,117.0,533,-,,,2026-08-22
2025-11-17,Patrick Kypson,117.0,533,-12,,,2026-08-22
2025-11-10,Patrick Kypson,117.0,545,+119,12.0,,2026-08-22
2025-11-03,Patrick Kypson,146.0,426,-6,6.0,,2026-08-22
2025-10-27,Patrick Kypson,146.0,432,+88,6.0,,2026-08-22
2025-10-20,Patrick Kypson,166.0,344,+16,12.0,,2026-08-22
2025-10-13,Patrick Kypson,169.0,328,+32,6.0,,2026-08-22
,Ricardo Acioly,,,,,,2026-08-22
,Sandor Noszaly,,,,,,2026-08-22
2026-08-10,Valentin Vacherot,19.0,2186,+10,28.0,,2026-08-22
2026-08-10,Valentin Vacherot,19.0,2186,+10,28.0,,2026-08-22
2026-08-10,Valentin Vacherot,19.0,2186,+10,28.0,,2026-08-22
2026-08-10,Valentin Vacherot,19.0,2186,+10,28.0,,2026-08-22
2026-08-03,Valentin Vacherot,18.0,2176,-12,,,2026-08-22
2026-08-03,Valentin Vacherot,18.0,2176,-12,,,2026-08-22
2026-08-03,Valentin Vacherot,18.0,2176,-12,,,2026-08-22
2026-08-03,Valentin Vacherot,18.0,2176,-12,,,2026-08-22
2026-07-27,Valentin Vacherot,18.0,2188,-,12.0,,2026-08-22
2026-07-27,Valentin Vacherot,18.0,2188,-,12.0,,2026-08-22
2026-07-27,Valentin Vacherot,18.0,2188,-,12.0,,2026-08-22
2026-07-27,Valentin Vacherot,18.0,2188,-,12.0,,2026-08-22
2026-07-20,Valentin Vacherot,19.0,2188,+50,,,2026-08-22
2026-07-20,Valentin Vacherot,19.0,2188,+50,,,2026-08-22
2026-07-20,Valentin Vacherot,19.0,2188,+50,,,2026-08-22
2026-07-13,Valentin Vacherot,21.0,2138,-,,,2026-08-22
2026-07-13,Valentin Vacherot,21.0,2138,-,,,2026-08-22
2026-07-13,Valentin Vacherot,21.0,2138,-,,,2026-08-22
2026-06-29,Valentin Vacherot,20.0,2138,-,,,2026-08-22
2026-06-29,Valentin Vacherot,20.0,2138,-,,,2026-08-22
2026-06-29,Valentin Vacherot,20.0,2138,-,,,2026-08-22
2026-06-22,Valentin Vacherot,20.0,2138,-,,,2026-08-22
2026-06-22,Valentin Vacherot,20.0,2138,-,,,2026-08-22
2026-06-15,Valentin Vacherot,20.0,2138,-7,,,2026-08-22
2026-06-15,Valentin Vacherot,20.0,2138,-7,,,2026-08-22
2026-06-08,Valentin Vacherot,20.0,2145,+42,7.0,,2026-08-22
2026-06-08,Valentin Vacherot,20.0,2145,+42,7.0,,2026-08-22
2026-05-25,Valentin Vacherot,19.0,2103,-,8.0,,2026-08-22
2026-05-25,Valentin Vacherot,19.0,2103,-,8.0,,2026-08-22
2026-05-18,Valentin Vacherot,18.0,2103,-44,,,2026-08-22
2026-05-18,Valentin Vacherot,18.0,2103,-44,,,2026-08-22
2026-05-04,Valentin Vacherot,16.0,2147,-21,44.0,,2026-08-22
2026-05-04,Valentin Vacherot,16.0,2147,-21,44.0,,2026-08-22
2026-04-20,Valentin Vacherot,17.0,2168,-,31.0,,2026-08-22
2026-04-20,Valentin Vacherot,17.0,2168,-,31.0,,2026-08-22
2026-04-13,Valentin Vacherot,17.0,2168,+350,,,2026-08-22
2026-04-13,Valentin Vacherot,17.0,2168,+350,,,2026-08-22
2026-04-06,Valentin Vacherot,23.0,1818,-13,50.0,,2026-08-22
2026-04-06,Valentin Vacherot,23.0,1818,-13,50.0,,2026-08-22
2026-03-30,Valentin Vacherot,23.0,1831,+90,13.0,,2026-08-22
2026-03-30,Valentin Vacherot,23.0,1831,+90,13.0,,2026-08-22
2026-03-16,Valentin Vacherot,25.0,1741,+50,10.0,,2026-08-22
2026-03-16,Valentin Vacherot,25.0,1741,+50,10.0,,2026-08-22
2026-03-02,Valentin Vacherot,26.0,1691,+100,,,2026-08-22
2026-02-23,Valentin Vacherot,27.0,1591,-14,,,2026-08-22
2026-02-16,Valentin Vacherot,26.0,1605,-6,14.0,,2026-08-22
2026-02-09,Valentin Vacherot,25.0,1611,-,6.0,,2026-08-22
2026-02-02,Valentin Vacherot,27.0,1611,+92,,,2026-08-22
2026-01-19,Valentin Vacherot,31.0,1519,+50,8.0,,2026-08-22
2026-01-12,Valentin Vacherot,32.0,1469,-,,,2026-08-22
2026-01-05,Valentin Vacherot,31.0,1469,-14,,,2026-08-22
2025-12-29,Valentin Vacherot,31.0,1483,-,14.0,,2026-08-22
2025-12-22,Valentin Vacherot,31.0,1483,-,,,2026-08-22
2025-12-15,Valentin Vacherot,31.0,1483,-,,,2026-08-22
2025-12-08,Valentin Vacherot,31.0,1483,-,,,2026-08-22
2025-12-01,Valentin Vacherot,31.0,1483,-,,,2026-08-22
2025-11-24,Valentin Vacherot,31.0,1483,-,,,2026-08-22
2025-11-17,Valentin Vacherot,31.0,1483,-,,,2026-08-22
2025-11-10,Valentin Vacherot,31.0,1483,-,,,2026-08-22
2025-11-03,Valentin Vacherot,30.0,1483,+200,,,2026-08-22
2025-10-27,Valentin Vacherot,40.0,1283,-,,,2026-08-22
2025-10-20,Valentin Vacherot,39.0,1283,-,,,2026-08-22
2025-10-13,Valentin Vacherot,40.0,1283,+1020,,,2026-08-22
,Yannick Maden,,,,,,2026-08-22
,Abdel Aslam Mahmoudi,,,,,,2026-08-22
,Alejandro Pierola,,,,,,2026-08-22
,Chris Kachel,,,,,,2026-08-22
,David Rollins,,,,,,2026-08-22
,Des Foley,,,,,,2026-08-22
,Dick Ogden,,,,,,2026-08-22
,Ed Turville,,,,,,2026-08-22
,Francisco Ferrer,,,,,,2026-08-22
,Fred V Mcnair Iii,,,,,,2026-08-22
,Geoffery Newton,,,,,,2026-08-22
,Harry Fritz,,,,,,2026-08-22
,Jay Isqur,,,,,,2026-08-22
,Matteo Marrai,,,,,,2026-08-22
,Mike Sprenglemeyer,,,,,,2026-08-22
,Milan Vopicka,,,,,,2026-08-22
,Peter Dellavedova,,,,,,2026-08-22
,R Pinchin,,,,,,2026-08-22
,Richard Berner,,,,,,2026-08-22
,Robert Kreiss,,,,,,2026-08-22
,Selvam Veerasingam,,,,,,2026-08-22
,T Ellis,,,,,,2026-08-22
,Takeshi Koura,,,,,,2026-08-22
,Victor Baluda,,,,,,2026-08-22
,Adam Moundir,,,,,,2026-08-22
,Christoph Zipf,,,,,,2026-08-22
,Eduardo Nicolas,,,,,,2026-08-22
,Eduardo Schwank,,,,,,2026-08-22
,Fabrice Martin,,,,,,2026-08-22
,Guido Pella,,,,,,2026-08-22
2026-08-10,Holger Rune,102.0,650,-,200.0,,2026-08-22
2026-08-10,Holger Rune,102.0,650,-,200.0,,2026-08-22
2026-08-10,Holger Rune,102.0,650,-,200.0,,2026-08-22
2026-08-10,Holger Rune,102.0,650,-,200.0,,2026-08-22
2026-08-03,Holger Rune,99.0,650,-100,,,2026-08-22
2026-08-03,Holger Rune,99.0,650,-100,,,2026-08-22
2026-08-03,Holger Rune,99.0,650,-100,,,2026-08-22
2026-08-03,Holger Rune,99.0,650,-100,,,2026-08-22
2026-07-27,Holger Rune,82.0,750,-,100.0,,2026-08-22
2026-07-27,Holger Rune,82.0,750,-,100.0,,2026-08-22
2026-07-27,Holger Rune,82.0,750,-,100.0,,2026-08-22
2026-07-27,Holger Rune,82.0,750,-,100.0,,2026-08-22
2026-07-20,Holger Rune,80.0,750,-,,,2026-08-22
2026-07-20,Holger Rune,80.0,750,-,,,2026-08-22
2026-07-20,Holger Rune,80.0,750,-,,,2026-08-22
2026-07-13,Holger Rune,81.0,750,-10,,,2026-08-22
2026-07-13,Holger Rune,81.0,750,-10,,,2026-08-22
2026-07-13,Holger Rune,81.0,750,-10,,,2026-08-22
2026-06-29,Holger Rune,77.0,760,-,10.0,,2026-08-22
2026-06-29,Holger Rune,77.0,760,-,10.0,,2026-08-22
2026-06-29,Holger Rune,77.0,760,-,10.0,,2026-08-22
2026-06-22,Holger Rune,79.0,760,-100,,,2026-08-22
2026-06-22,Holger Rune,79.0,760,-100,,,2026-08-22
2026-06-15,Holger Rune,63.0,860,-,100.0,,2026-08-22
2026-06-15,Holger Rune,63.0,860,-,100.0,,2026-08-22
2026-06-08,Holger Rune,64.0,860,-200,,,2026-08-22
2026-06-08,Holger Rune,64.0,860,-200,,,2026-08-22
2026-05-25,Holger Rune,44.0,1060,-,200.0,,2026-08-22
2026-05-25,Holger Rune,44.0,1060,-,200.0,,2026-08-22
2026-05-18,Holger Rune,43.0,1060,-50,,,2026-08-22
2026-05-18,Holger Rune,43.0,1060,-50,,,2026-08-22
2026-05-04,Holger Rune,40.0,1110,-10,50.0,,2026-08-22
2026-05-04,Holger Rune,40.0,1110,-10,50.0,,2026-08-22
2026-04-20,Holger Rune,39.0,1120,-500,10.0,,2026-08-22
2026-04-20,Holger Rune,39.0,1120,-500,10.0,,2026-08-22
2026-04-13,Holger Rune,27.0,1620,-10,500.0,,2026-08-22
2026-04-13,Holger Rune,27.0,1620,-10,500.0,,2026-08-22
2026-04-06,Holger Rune,29.0,1630,-,10.0,,2026-08-22
2026-04-06,Holger Rune,29.0,1630,-,10.0,,2026-08-22
2026-03-30,Holger Rune,29.0,1630,-10,,,2026-08-22
2026-03-30,Holger Rune,29.0,1630,-10,,,2026-08-22
2026-03-16,Holger Rune,28.0,1640,-650,10.0,,2026-08-22
2026-03-16,Holger Rune,28.0,1640,-650,10.0,,2026-08-22
2026-03-02,Holger Rune,18.0,2290,-50,650.0,,2026-08-22
2026-02-23,Holger Rune,17.0,2340,-,50.0,,2026-08-22
2026-02-16,Holger Rune,18.0,2340,-,,,2026-08-22
2026-02-09,Holger Rune,17.0,2340,-40,,,2026-08-22
2026-02-02,Holger Rune,17.0,2380,-200,50.0,10.0,2026-08-22
2026-01-19,Holger Rune,16.0,2580,-,200.0,10.0,2026-08-22
2026-01-12,Holger Rune,16.0,2580,-,,,2026-08-22
2026-01-05,Holger Rune,15.0,2580,-,,,2026-08-22
2025-12-29,Holger Rune,15.0,2580,-10,,,2026-08-22
2025-12-22,Holger Rune,15.0,2590,-,,,2026-08-22
2025-12-15,Holger Rune,15.0,2590,-,,,2026-08-22
2025-12-08,Holger Rune,15.0,2590,-,,,2026-08-22
2025-12-01,Holger Rune,15.0,2590,-,,,2026-08-22
2025-11-24,Holger Rune,15.0,2590,-,,,2026-08-22
2025-11-17,Holger Rune,15.0,2590,-,,,2026-08-22
2025-11-10,Holger Rune,15.0,2590,-,,,2026-08-22
2025-11-03,Holger Rune,15.0,2590,-400,,,2026-08-22
2025-10-27,Holger Rune,12.0,2990,-190,400.0,,2026-08-22
2025-10-20,Holger Rune,10.0,3180,+90,200.0,10.0,2026-08-22
2025-10-13,Holger Rune,11.0,3090,+100,,,2026-08-22
,Jonathan Erlich,,,,,,2026-08-22
,Juan Monaco,,,,,,2026-08-22
,Karsten Schulz,,,,,,2026-08-22
,Mark Basham,,,,,,2026-08-22
2026-08-10,Max Purcell,1046.0,17,-,,,2026-08-22
2026-08-03,Max Purcell,1038.0,17,-,,,2026-08-22
2026-07-27,Max Purcell,1034.0,17,-,,,2026-08-22
,Rhyne Williams,,,,,,2026-08-22
,Ruben Bemelmans,,,,,,2026-08-22
,Scott Draper,,,,,,2026-08-22
,Terry Moor,,,,,,2026-08-22
,Wilhelm Bungert,,,,,,2026-08-22
,Austin Smith,,,,,,2026-08-22
,Dominic Durand,,,,,,2026-08-22
,Fred Berli,,,,,,2026-08-22
,Ingo Buding,,,,,,2026-08-22
,Jack Lowe,,,,,,2026-08-22
,Jose Cordon,,,,,,2026-08-22
,Juan Alberto Rios,,,,,,2026-08-22
,Kenneth Andersson,,,,,,2026-08-22
,Ma Ilahi,,,,,,2026-08-22
,Pavel Chekhov,,,,,,2026-08-22
,Peter Adolph,,,,,,2026-08-22
,Peter Ledbetter,,,,,,2026-08-22
,Peter Pokorny,,,,,,2026-08-22
,R Naylor,,,,,,2026-08-22
,Sivagnanam Suresh,,,,,,2026-08-22
,Yildirak Das,,,,,,2026-08-22
,Young Min Kwon,,,,,,2026-08-22
,Altug Celikbilek,,,,,,2026-08-22
,Andrew Ilie,,,,,,2026-08-22
,Buff Farrow,,,,,,2026-08-22
,Daniel Orsanic,,,,,,2026-08-22
,Didac Perez,,,,,,2026-08-22
,Doug Burke,,,,,,2026-08-22
,Karol Kucera,,,,,,2026-08-22
,Olivier Rochus,,,,,,2026-08-22
,Soon Woo Kwon,,,,,,2026-08-22
,Tj Middleton,,,,,,2026-08-22
,B Dimalanta,,,,,,2026-08-22
,Chris Delaney,,,,,,2026-08-22
,Christian Duxin,,,,,,2026-08-22
,Cliff Montgomery,,,,,,2026-08-22
,Dennis Matthews,,,,,,2026-08-22
,Don Fahrney,,,,,,2026-08-22
,Gary Groslimond,,,,,,2026-08-22
,Gerry Thompson,,,,,,2026-08-22
,Hernando Salas,,,,,,2026-08-22
,John Andrews,,,,,,2026-08-22
,John Manderson,,,,,,2026-08-22
,Krystian Pfeiffer,,,,,,2026-08-22
,Lee Childs,,,,,,2026-08-22
,Paul Chaput,,,,,,2026-08-22
,Pete Smith,,,,,,2026-08-22
,Peter Wilson,,,,,,2026-08-22
,Robert Eriksson,,,,,,2026-08-22
,Rocky Vasquez,,,,,,2026-08-22
,Ron Fick,,,,,,2026-08-22
,Schalk Van Der Merwe,,,,,,2026-08-22
,Sergio Gomez Barrio,,,,,,2026-08-22
,Terry Fahlenbock,,,,,,2026-08-22
,Warren Girle,,,,,,2026-08-22
,Adrian Marcu,,,,,,2026-08-22
,Andrea Gaudenzi,,,,,,2026-08-22
2026-08-10,Antoine Ghibaudo,341.0,159,+13,10.0,1.0,2026-08-22
2026-08-03,Antoine Ghibaudo,351.0,146,-,,,2026-08-22
2026-07-27,Antoine Ghibaudo,349.0,146,-,,,2026-08-22
2026-08-10,Colton Smith,200.0,283,-,30.0,,2026-08-22
2026-08-10,Colton Smith,200.0,283,-,30.0,,2026-08-22
2026-08-10,Colton Smith,200.0,283,-,30.0,,2026-08-22
2026-08-10,Colton Smith,200.0,283,-,30.0,,2026-08-22
2026-08-03,Colton Smith,197.0,283,-30,,,2026-08-22
2026-08-03,Colton Smith,197.0,283,-30,,,2026-08-22
2026-08-03,Colton Smith,197.0,283,-30,,,2026-08-22
2026-08-03,Colton Smith,197.0,283,-30,,,2026-08-22
2026-07-27,Colton Smith,184.0,313,-16,30.0,,2026-08-22
2026-07-27,Colton Smith,184.0,313,-16,30.0,,2026-08-22
2026-07-27,Colton Smith,184.0,313,-16,30.0,,2026-08-22
2026-07-27,Colton Smith,184.0,313,-16,30.0,,2026-08-22
2026-07-20,Colton Smith,174.0,329,+12,16.0,,2026-08-22
2026-07-20,Colton Smith,174.0,329,+12,16.0,,2026-08-22
2026-07-20,Colton Smith,174.0,329,+12,16.0,,2026-08-22
2026-07-13,Colton Smith,181.0,317,+8,,,2026-08-22
2026-07-13,Colton Smith,181.0,317,+8,,,2026-08-22
2026-07-13,Colton Smith,181.0,317,+8,,,2026-08-22
2026-06-29,Colton Smith,186.0,309,-,8.0,,2026-08-22
2026-06-29,Colton Smith,186.0,309,-,8.0,,2026-08-22
2026-06-29,Colton Smith,186.0,309,-,8.0,,2026-08-22
2026-06-22,Colton Smith,188.0,309,-32,,,2026-08-22
2026-06-22,Colton Smith,188.0,309,-32,,,2026-08-22
2026-06-15,Colton Smith,177.0,341,-,38.0,,2026-08-22
2026-06-15,Colton Smith,177.0,341,-,38.0,,2026-08-22
2026-06-08,Colton Smith,176.0,341,+19,,,2026-08-22
2026-06-08,Colton Smith,176.0,341,+19,,,2026-08-22
2026-05-25,Colton Smith,185.0,322,-,64.0,,2026-08-22
2026-05-25,Colton Smith,185.0,322,-,64.0,,2026-08-22
2026-05-18,Colton Smith,186.0,322,+14,,,2026-08-22
2026-05-18,Colton Smith,186.0,322,+14,,,2026-08-22
2026-05-04,Colton Smith,190.0,308,-,,,2026-08-22
2026-05-04,Colton Smith,190.0,308,-,,,2026-08-22
2026-04-20,Colton Smith,190.0,308,-,,,2026-08-22
2026-04-20,Colton Smith,190.0,308,-,,,2026-08-22
2026-04-13,Colton Smith,189.0,308,-,,,2026-08-22
2026-04-13,Colton Smith,189.0,308,-,,,2026-08-22
2026-04-06,Colton Smith,193.0,308,-63,,,2026-08-22
2026-04-06,Colton Smith,193.0,308,-63,,,2026-08-22
2026-03-30,Colton Smith,164.0,371,-,63.0,,2026-08-22
2026-03-30,Colton Smith,164.0,371,-,63.0,,2026-08-22
2026-03-16,Colton Smith,162.0,371,-75,,,2026-08-22
2026-03-16,Colton Smith,162.0,371,-75,,,2026-08-22
2026-03-02,Colton Smith,136.0,446,-,75.0,,2026-08-22
2026-02-23,Colton Smith,138.0,446,-,,,2026-08-22
2026-02-16,Colton Smith,141.0,446,-,,,2026-08-22
2026-02-09,Colton Smith,142.0,446,+75,,,2026-08-22
2026-02-02,Colton Smith,161.0,371,-53,,,2026-08-22
2026-01-19,Colton Smith,148.0,424,-,75.0,,2026-08-22
2026-01-12,Colton Smith,148.0,424,-,,,2026-08-22
2026-01-05,Colton Smith,145.0,424,-,,,2026-08-22
2025-12-29,Colton Smith,146.0,424,-,,,2026-08-22
2025-12-22,Colton Smith,146.0,424,-,,,2026-08-22
2025-12-15,Colton Smith,146.0,424,-,,,2026-08-22
2025-12-08,Colton Smith,146.0,424,-,,,2026-08-22
2025-12-01,Colton Smith,146.0,424,-,,,2026-08-22
2025-11-24,Colton Smith,145.0,424,-,,,2026-08-22
2025-11-17,Colton Smith,144.0,424,-,,,2026-08-22
2025-11-10,Colton Smith,146.0,424,-,,,2026-08-22
2025-11-03,Colton Smith,147.0,424,-12,,,2026-08-22
2025-10-27,Colton Smith,144.0,436,-42,12.0,,2026-08-22
2025-10-20,Colton Smith,136.0,478,-,44.0,,2026-08-22
2025-10-13,Colton Smith,135.0,478,+4,,,2026-08-22
,David Dowlen,,,,,,2026-08-22
,David Livingston,,,,,,2026-08-22
,Diego Hartfield,,,,,,2026-08-22
,Juan Ignacio Londero,,,,,,2026-08-22
2026-08-10,Maks Kasnikowski,234.0,243,+2,31.0,8.0,2026-08-22
2026-08-03,Maks Kasnikowski,231.0,241,-,,,2026-08-22
2026-07-27,Maks Kasnikowski,233.0,241,+18,,,2026-08-22
,Mike Cahill,,,,,,2026-08-22
,Pablo Campana,,,,,,2026-08-22
2026-08-10,Rudolf Molleker,481.0,95,+4,8.0,,2026-08-22
2026-08-03,Rudolf Molleker,488.0,91,-1,,,2026-08-22
2026-07-27,Rudolf Molleker,484.0,92,-,1.0,,2026-08-22
,Tasuku Iwami,,,,,,2026-08-22
,Andres Funes,,,,,,2026-08-22
,Carlos Fernandes,,,,,,2026-08-22
,Charles Caudle,,,,,,2026-08-22
,Cristobal Saavedra Corvalan,,,,,,2026-08-22
,Eric Riley,,,,,,2026-08-22
,Jaime Cortes,,,,,,2026-08-22
,Jeff Etterbeek,,,,,,2026-08-22
,Jorge Justo,,,,,,2026-08-22
,Mario Piuk,,,,,,2026-08-22
,Panomkorn Pladchunil,,,,,,2026-08-22
,Peter Pilsl,,,,,,2026-08-22
,Peter Spang,,,,,,2026-08-22
,Radoslav Lukaev,,,,,,2026-08-22
,Tom Kreiss,,,,,,2026-08-22
,Tony Madrid,,,,,,2026-08-22
,Alejandro Falla,,,,,,2026-08-22
,Anders Jarryd,,,,,,2026-08-22
,Andrew Kratzmann,,,,,,2026-08-22
,Eyal Erlich,,,,,,2026-08-22
,Frederik Nielsen,,,,,,2026-08-22
2026-08-10,Giles Hussey,276.0,204,-,14.0,2.0,2026-08-22
2026-08-03,Giles Hussey,270.0,204,-14,,,2026-08-22
2026-07-27,Giles Hussey,253.0,218,-,16.0,2.0,2026-08-22
,Guido Andreozzi,,,,,,2026-08-22
,Hans Jurgen Pohmann,,,,,,2026-08-22
,Jens Woehrmann,,,,,,2026-08-22
,John James,,,,,,2026-08-22
2026-08-10,Lorenzo Musetti,15.0,2415,+40,10.0,10.0,2026-08-22
2026-08-10,Lorenzo Musetti,15.0,2415,+40,10.0,10.0,2026-08-22
2026-08-10,Lorenzo Musetti,15.0,2415,+40,10.0,10.0,2026-08-22
2026-08-10,Lorenzo Musetti,15.0,2415,+40,10.0,10.0,2026-08-22
2026-08-03,Lorenzo Musetti,13.0,2375,+60,,,2026-08-22
2026-08-03,Lorenzo Musetti,13.0,2375,+60,,,2026-08-22
2026-08-03,Lorenzo Musetti,13.0,2375,+60,,,2026-08-22
2026-08-03,Lorenzo Musetti,13.0,2375,+60,,,2026-08-22
2026-07-27,Lorenzo Musetti,15.0,2315,-,50.0,10.0,2026-08-22
2026-07-27,Lorenzo Musetti,15.0,2315,-,50.0,10.0,2026-08-22
2026-07-27,Lorenzo Musetti,15.0,2315,-,50.0,10.0,2026-08-22
2026-07-27,Lorenzo Musetti,15.0,2315,-,50.0,10.0,2026-08-22
2026-07-20,Lorenzo Musetti,15.0,2315,-,,,2026-08-22
2026-07-20,Lorenzo Musetti,15.0,2315,-,,,2026-08-22
2026-07-20,Lorenzo Musetti,15.0,2315,-,,,2026-08-22
2026-07-13,Lorenzo Musetti,14.0,2315,-10,,,2026-08-22
2026-07-13,Lorenzo Musetti,14.0,2315,-10,,,2026-08-22
2026-07-13,Lorenzo Musetti,14.0,2315,-10,,,2026-08-22
2026-06-29,Lorenzo Musetti,15.0,2325,-,10.0,10.0,2026-08-22
2026-06-29,Lorenzo Musetti,15.0,2325,-,10.0,10.0,2026-08-22
2026-06-29,Lorenzo Musetti,15.0,2325,-,10.0,10.0,2026-08-22
2026-06-22,Lorenzo Musetti,15.0,2325,+10,,,2026-08-22
2026-06-22,Lorenzo Musetti,15.0,2325,+10,,,2026-08-22
2026-06-15,Lorenzo Musetti,15.0,2315,-,,,2026-08-22
2026-06-15,Lorenzo Musetti,15.0,2315,-,,,2026-08-22
2026-06-08,Lorenzo Musetti,16.0,2315,-800,,,2026-08-22
2026-06-08,Lorenzo Musetti,16.0,2315,-800,,,2026-08-22
2026-05-25,Lorenzo Musetti,11.0,3115,-,800.0,10.0,2026-08-22
2026-05-25,Lorenzo Musetti,11.0,3115,-,800.0,10.0,2026-08-22
2026-05-18,Lorenzo Musetti,11.0,3115,-300,,,2026-08-22
2026-05-18,Lorenzo Musetti,11.0,3115,-300,,,2026-08-22
2026-05-04,Lorenzo Musetti,10.0,3415,-300,400.0,10.0,2026-08-22
2026-05-04,Lorenzo Musetti,10.0,3415,-300,400.0,10.0,2026-08-22
2026-04-20,Lorenzo Musetti,9.0,3715,+90,400.0,10.0,2026-08-22
2026-04-20,Lorenzo Musetti,9.0,3715,+90,400.0,10.0,2026-08-22
2026-04-13,Lorenzo Musetti,9.0,3625,-640,,,2026-08-22
2026-04-13,Lorenzo Musetti,9.0,3625,-640,,,2026-08-22
2026-04-06,Lorenzo Musetti,5.0,4265,-,650.0,10.0,2026-08-22
2026-04-06,Lorenzo Musetti,5.0,4265,-,650.0,10.0,2026-08-22
2026-03-30,Lorenzo Musetti,5.0,4265,-100,,,2026-08-22
2026-03-30,Lorenzo Musetti,5.0,4265,-100,,,2026-08-22
2026-03-16,Lorenzo Musetti,5.0,4365,-40,100.0,10.0,2026-08-22
2026-03-16,Lorenzo Musetti,5.0,4365,-40,100.0,10.0,2026-08-22
2026-03-02,Lorenzo Musetti,5.0,4405,-,50.0,10.0,2026-08-22
2026-02-23,Lorenzo Musetti,5.0,4405,-,,,2026-08-22
2026-02-16,Lorenzo Musetti,5.0,4405,-,,,2026-08-22
2026-02-09,Lorenzo Musetti,5.0,4405,-,,,2026-08-22
2026-02-02,Lorenzo Musetti,5.0,4405,+300,,,2026-08-22
2026-01-19,Lorenzo Musetti,5.0,4105,-,100.0,50.0,2026-08-22
2026-01-12,Lorenzo Musetti,5.0,4105,+115,,,2026-08-22
2026-01-05,Lorenzo Musetti,7.0,3990,-,,,2026-08-22
2025-12-29,Lorenzo Musetti,8.0,3990,-50,,,2026-08-22
2025-12-22,Lorenzo Musetti,8.0,4040,-,,,2026-08-22
2025-12-15,Lorenzo Musetti,8.0,4040,-,,,2026-08-22
2025-12-08,Lorenzo Musetti,8.0,4040,-,,,2026-08-22
2025-12-01,Lorenzo Musetti,8.0,4040,-,,,2026-08-22
2025-11-24,Lorenzo Musetti,8.0,4040,-,,,2026-08-22
2025-11-17,Lorenzo Musetti,8.0,4040,+200,,,2026-08-22
2025-11-10,Lorenzo Musetti,9.0,3840,+155,,,2026-08-22
2025-11-03,Lorenzo Musetti,9.0,3685,-,,,2026-08-22
2025-10-27,Lorenzo Musetti,8.0,3685,-,,,2026-08-22
2025-10-20,Lorenzo Musetti,8.0,3685,+40,200.0,10.0,2026-08-22
2025-10-13,Lorenzo Musetti,8.0,3645,+90,,,2026-08-22
,Lukas Dlouhy,,,,,,2026-08-22
,Matthew Ebden,,,,,,2026-08-22
,Patrice Kuchna,,,,,,2026-08-22
,Andre Van Der Merwe B,,,,,,2026-08-22
,Bob Giltinan,,,,,,2026-08-22
,Cole Gromley,,,,,,2026-08-22
,David Berns,,,,,,2026-08-22
,Don Turner,,,,,,2026-08-22
,Francis Conquy,,,,,,2026-08-22
,Fritz Sehmrau,,,,,,2026-08-22
,Glenn Hamilton,,,,,,2026-08-22
,Graham Silberman,,,,,,2026-08-22
,Guido Possamai,,,,,,2026-08-22
,H Lerke,,,,,,2026-08-22
,Jim Mclennan,,,,,,2026-08-22
,John Davis,,,,,,2026-08-22
,Marco Filippeschi,,,,,,2026-08-22
,Mark Shires,,,,,,2026-08-22
,Max Wunschig,,,,,,2026-08-22
,Patrizio Parrini,,,,,,2026-08-22
,R Carter,,,,,,2026-08-22
,Ramiro Benavides,,,,,,2026-08-22
,Remzi Aydin,,,,,,2026-08-22
,S G Laing,,,,,,2026-08-22
,Sergio Cruz,,,,,,2026-08-22
,Sever Muresan,,,,,,2026-08-22
,Terje Larsen,,,,,,2026-08-22
,Walter Hodsdon,,,,,,2026-08-22
,Yuval Hirsch,,,,,,2026-08-22
,Alexander Kudryavtsev,,,,,,2026-08-22
,Antoine Hoang,,,,,,2026-08-22
,Bjorn Fratangelo,,,,,,2026-08-22
,Bret Garnett,,,,,,2026-08-22
,Francisco Gonzalez,,,,,,2026-08-22
,Horst Skoff,,,,,,2026-08-22
,Jia Ping Xia,,,,,,2026-08-22
2026-08-10,Johan Nikles,420.0,116,-,,,2026-08-22
2026-08-03,Johan Nikles,412.0,116,+1,,,2026-08-22
2026-07-27,Johan Nikles,412.0,115,-1,,,2026-08-22
,John Mattke,,,,,,2026-08-22
2026-08-10,Juan Pablo Varillas,236.0,240,-,,,2026-08-22
2026-08-03,Juan Pablo Varillas,232.0,240,+37,,,2026-08-22
2026-07-27,Juan Pablo Varillas,274.0,203,+1,,,2026-08-22
2026-08-10,Louis Wessels,530.0,81,-,2.0,1.0,2026-08-22
2026-08-03,Louis Wessels,523.0,81,-,,,2026-08-22
2026-07-27,Louis Wessels,528.0,81,+3,,,2026-08-22
,Michal Tabara,,,,,,2026-08-22
2026-08-10,Raphael Collignon,38.0,1222,-12,,,2026-08-22
2026-08-10,Raphael Collignon,38.0,1222,-12,,,2026-08-22
2026-08-10,Raphael Collignon,38.0,1222,-12,,,2026-08-22
2026-08-10,Raphael Collignon,38.0,1222,-12,,,2026-08-22
2026-08-03,Raphael Collignon,38.0,1234,-,,,2026-08-22
2026-08-03,Raphael Collignon,38.0,1234,-,,,2026-08-22
2026-08-03,Raphael Collignon,38.0,1234,-,,,2026-08-22
2026-08-03,Raphael Collignon,38.0,1234,-,,,2026-08-22
2026-07-27,Raphael Collignon,38.0,1234,-,,,2026-08-22
2026-07-27,Raphael Collignon,38.0,1234,-,,,2026-08-22
2026-07-27,Raphael Collignon,38.0,1234,-,,,2026-08-22
2026-07-27,Raphael Collignon,38.0,1234,-,,,2026-08-22
2026-07-20,Raphael Collignon,37.0,1234,+143,,,2026-08-22
2026-07-20,Raphael Collignon,37.0,1234,+143,,,2026-08-22
2026-07-20,Raphael Collignon,37.0,1234,+143,,,2026-08-22
2026-07-13,Raphael Collignon,42.0,1091,-,,,2026-08-22
2026-07-13,Raphael Collignon,42.0,1091,-,,,2026-08-22
2026-07-13,Raphael Collignon,42.0,1091,-,,,2026-08-22
2026-06-29,Raphael Collignon,43.0,1091,+22,10.0,10.0,2026-08-22
2026-06-29,Raphael Collignon,43.0,1091,+22,10.0,10.0,2026-08-22
2026-06-29,Raphael Collignon,43.0,1091,+22,10.0,10.0,2026-08-22
2026-06-22,Raphael Collignon,43.0,1069,+103,,,2026-08-22
2026-06-22,Raphael Collignon,43.0,1069,+103,,,2026-08-22
2026-06-15,Raphael Collignon,51.0,966,-,,,2026-08-22
2026-06-15,Raphael Collignon,51.0,966,-,,,2026-08-22
2026-06-08,Raphael Collignon,51.0,966,+100,,,2026-08-22
2026-06-08,Raphael Collignon,51.0,966,+100,,,2026-08-22
2026-05-25,Raphael Collignon,62.0,866,+12,,,2026-08-22
2026-05-25,Raphael Collignon,62.0,866,+12,,,2026-08-22
2026-05-18,Raphael Collignon,64.0,854,+52,25.0,22.0,2026-08-22
2026-05-18,Raphael Collignon,64.0,854,+52,25.0,22.0,2026-08-22
2026-05-04,Raphael Collignon,68.0,802,-,,,2026-08-22
2026-05-04,Raphael Collignon,68.0,802,-,,,2026-08-22
2026-04-20,Raphael Collignon,71.0,802,-16,,,2026-08-22
2026-04-20,Raphael Collignon,71.0,802,-16,,,2026-08-22
2026-04-13,Raphael Collignon,65.0,818,+25,16.0,,2026-08-22
2026-04-13,Raphael Collignon,65.0,818,+25,16.0,,2026-08-22
2026-04-06,Raphael Collignon,68.0,793,-9,100.0,,2026-08-22
2026-04-06,Raphael Collignon,68.0,793,-9,100.0,,2026-08-22
2026-03-30,Raphael Collignon,65.0,802,+34,25.0,16.0,2026-08-22
2026-03-30,Raphael Collignon,65.0,802,+34,25.0,16.0,2026-08-22
2026-03-16,Raphael Collignon,72.0,768,+35,,,2026-08-22
2026-03-16,Raphael Collignon,72.0,768,+35,,,2026-08-22
2026-03-02,Raphael Collignon,77.0,733,-44,,,2026-08-22
2026-02-23,Raphael Collignon,71.0,777,-125,44.0,,2026-08-22
2026-02-16,Raphael Collignon,59.0,902,+125,125.0,,2026-08-22
2026-02-09,Raphael Collignon,69.0,777,-,,,2026-08-22
2026-02-02,Raphael Collignon,72.0,777,+10,,,2026-08-22
2026-01-19,Raphael Collignon,72.0,767,-,,,2026-08-22
2026-01-12,Raphael Collignon,72.0,767,+63,,,2026-08-22
2026-01-05,Raphael Collignon,84.0,704,-,,,2026-08-22
2025-12-29,Raphael Collignon,85.0,704,-,,,2026-08-22
2025-12-22,Raphael Collignon,87.0,704,-,,,2026-08-22
2025-12-15,Raphael Collignon,87.0,704,-,,,2026-08-22
2025-12-08,Raphael Collignon,87.0,704,-,,,2026-08-22
2025-12-01,Raphael Collignon,87.0,704,-,,,2026-08-22
2025-11-24,Raphael Collignon,86.0,704,-,,,2026-08-22
2025-11-17,Raphael Collignon,86.0,704,-75,,,2026-08-22
2025-11-10,Raphael Collignon,74.0,779,-,75.0,,2026-08-22
2025-11-03,Raphael Collignon,76.0,779,-34,,,2026-08-22
2025-10-27,Raphael Collignon,73.0,813,-,69.0,,2026-08-22
2025-10-20,Raphael Collignon,73.0,813,+100,,,2026-08-22
2025-10-13,Raphael Collignon,90.0,713,+22,,,2026-08-22
,Richey Reneberg,,,,,,2026-08-22
,Todd Martin,,,,,,2026-08-22
,Wayne Arthurs,,,,,,2026-08-22
,A Hernandez,,,,,,2026-08-22
,Cary Leeds,,,,,,2026-08-22
,Don Hodgskins,,,,,,2026-08-22
,Gabriel Auroux,,,,,,2026-08-22
,Giovanni Biccai,,,,,,2026-08-22
,Henry Somerville,,,,,,2026-08-22
,Jack May,,,,,,2026-08-22
,Lynton Franzi,,,,,,2026-08-22
,Noel Phillips,,,,,,2026-08-22
,Richard Browne,,,,,,2026-08-22
,Richard Howes,,,,,,2026-08-22
,Richard Stott,,,,,,2026-08-22
,S Johansson,,,,,,2026-08-22
,Santaella,,,,,,2026-08-22
,Shirzad Akbari,,,,,,2026-08-22
,Stepan Koudelka,,,,,,2026-08-22
,Tom Christensen,,,,,,2026-08-22
,Bradley Klahn,,,,,,2026-08-22
,Colin Fleming,,,,,,2026-08-22
,Denis Kudla,,,,,,2026-08-22
,Denys Maasdorp,,,,,,2026-08-22
,Javier Frana,,,,,,2026-08-22
,Jimmy Wang,,,,,,2026-08-22
,Raymond Sarmiento,,,,,,2026-08-22
,Ted Scherman,,,,,,2026-08-22
2026-08-10,Vishnu Vardhan,1363.0,7,-,,,2026-08-22
2026-08-03,Vishnu Vardhan,1346.0,7,-,,,2026-08-22
2026-07-27,Vishnu Vardhan,,7,-,,,2026-08-22
,Yuki Bhambri,,,,,,2026-08-22
,B Wheadley,,,,,,2026-08-22
,Bertalan Csoknyai,,,,,,2026-08-22
,Bob Levine,,,,,,2026-08-22
,Daniele Balducci,,,,,,2026-08-22
,Dennis Kylur,,,,,,2026-08-22
,Des Hill,,,,,,2026-08-22
,Dusan Kulhaj,,,,,,2026-08-22
,Ezio Di Matteo,,,,,,2026-08-22
,Gordon Birt,,,,,,2026-08-22
,Hans Finkentscher,,,,,,2026-08-22
,Henry Bunis,,,,,,2026-08-22
,Herbert Browne,,,,,,2026-08-22
,Ivan Camus,,,,,,2026-08-22
,James Shaffer,,,,,,2026-08-22
,Jeff Austin,,,,,,2026-08-22
,Johann Futternecht,,,,,,2026-08-22
,M Pine,,,,,,2026-08-22
,Panizza,,,,,,2026-08-22
,Peter Gray,,,,,,2026-08-22
,Ruan Kruger,,,,,,2026-08-22
,Terry Neudecker,,,,,,2026-08-22
,Vyacheslav Egorov,,,,,,2026-08-22
2026-08-10,Alejandro Moro Canas,240.0,239,-,,,2026-08-22
2026-08-03,Alejandro Moro Canas,236.0,239,-19,,,2026-08-22
2026-07-27,Alejandro Moro Canas,221.0,258,+6,25.0,6.0,2026-08-22
,Barry Cowan,,,,,,2026-08-22
,Dan Goldberg,,,,,,2026-08-22
,Francisco Cabello,,,,,,2026-08-22
,Girts Dzelde,,,,,,2026-08-22
,Goran Prpic,,,,,,2026-08-22
2026-08-10,Henry Searle,220.0,259,-,20.0,7.0,2026-08-22
2026-08-03,Henry Searle,217.0,259,-1,,,2026-08-22
2026-07-27,Henry Searle,217.0,260,-,4.0,3.0,2026-08-22
,Johan Landsberg,,,,,,2026-08-22
,Julio Peralta,,,,,,2026-08-22
2026-08-10,Mohamed Safwat,,1,-,,,2026-08-22
2026-08-03,Mohamed Safwat,,1,-,,,2026-08-22
2026-07-27,Mohamed Safwat,,1,-,,,2026-08-22
,Yevgeny Kafelnikov,,,,,,2026-08-22
,Antonio Martinez,,,,,,2026-08-22
,Bob Kaufman,,,,,,2026-08-22
,Bryan Desatnik,,,,,,2026-08-22
,D Tomlinson,,,,,,2026-08-22
,Dumitru Viziru,,,,,,2026-08-22
,Giuseppe Verri,,,,,,2026-08-22
,Harald Elschenbroich,,,,,,2026-08-22
,Javier Garcia Sintes,,,,,,2026-08-22
,Jean Van Rensburg,,,,,,2026-08-22
,Klaus Eberhard,,,,,,2026-08-22
,Larry Axtell,,,,,,2026-08-22
,Luis Alberich,,,,,,2026-08-22
,Mark Farrell,,,,,,2026-08-22
,Maurice Claitte,,,,,,2026-08-22
,Neil Golden,,,,,,2026-08-22
,Rainer Falenti,,,,,,2026-08-22
,S Carr,,,,,,2026-08-22
,Chuhan Wang,,,,,,2026-08-22
,David Adams,,,,,,2026-08-22
,Fabio Fognini,,,,,,2026-08-22
,Gilles Muller,,,,,,2026-08-22
,Jay Lapidus,,,,,,2026-08-22
,Jesse Witten,,,,,,2026-08-22
,John Frawley,,,,,,2026-08-22
2026-08-10,Kasidit Samrej,412.0,120,-,34.0,5.0,2026-08-22
2026-08-03,Kasidit Samrej,406.0,120,-,,,2026-08-22
2026-07-27,Kasidit Samrej,403.0,120,-,,,2026-08-22
,Mel Purcell,,,,,,2026-08-22
2026-08-10,Moez Echargui,197.0,287,-,75.0,,2026-08-22
2026-08-10,Moez Echargui,197.0,287,-,75.0,,2026-08-22
2026-08-10,Moez Echargui,197.0,287,-,75.0,,2026-08-22
2026-08-10,Moez Echargui,197.0,287,-,75.0,,2026-08-22
2026-08-03,Moez Echargui,194.0,287,-92,,,2026-08-22
2026-08-03,Moez Echargui,194.0,287,-92,,,2026-08-22
2026-08-03,Moez Echargui,194.0,287,-92,,,2026-08-22
2026-08-03,Moez Echargui,194.0,287,-92,,,2026-08-22
2026-07-27,Moez Echargui,151.0,379,-,105.0,,2026-08-22
2026-07-27,Moez Echargui,151.0,379,-,105.0,,2026-08-22
2026-07-27,Moez Echargui,151.0,379,-,105.0,,2026-08-22
2026-07-27,Moez Echargui,151.0,379,-,105.0,,2026-08-22
2026-07-20,Moez Echargui,151.0,379,-,,,2026-08-22
2026-07-20,Moez Echargui,151.0,379,-,,,2026-08-22
2026-07-20,Moez Echargui,151.0,379,-,,,2026-08-22
2026-07-13,Moez Echargui,151.0,379,+6,,,2026-08-22
2026-07-13,Moez Echargui,151.0,379,+6,,,2026-08-22
2026-07-13,Moez Echargui,151.0,379,+6,,,2026-08-22
2026-06-29,Moez Echargui,157.0,373,-3,10.0,,2026-08-22
2026-06-29,Moez Echargui,157.0,373,-3,10.0,,2026-08-22
2026-06-29,Moez Echargui,157.0,373,-3,10.0,,2026-08-22
2026-06-22,Moez Echargui,155.0,376,-25,3.0,,2026-08-22
2026-06-22,Moez Echargui,155.0,376,-25,3.0,,2026-08-22
2026-06-15,Moez Echargui,150.0,401,-25,25.0,,2026-08-22
2026-06-15,Moez Echargui,150.0,401,-25,25.0,,2026-08-22
2026-06-08,Moez Echargui,142.0,426,-15,25.0,,2026-08-22
2026-06-08,Moez Echargui,142.0,426,-15,25.0,,2026-08-22
2026-05-25,Moez Echargui,139.0,441,-,15.0,,2026-08-22
2026-05-25,Moez Echargui,139.0,441,-,15.0,,2026-08-22
2026-05-18,Moez Echargui,138.0,441,-6,,,2026-08-22
2026-05-18,Moez Echargui,138.0,441,-6,,,2026-08-22
2026-05-04,Moez Echargui,140.0,447,+6,6.0,,2026-08-22
2026-05-04,Moez Echargui,140.0,447,+6,6.0,,2026-08-22
2026-04-20,Moez Echargui,144.0,441,+8,4.0,,2026-08-22
2026-04-20,Moez Echargui,144.0,441,+8,4.0,,2026-08-22
2026-04-13,Moez Echargui,146.0,433,-8,,,2026-08-22
2026-04-13,Moez Echargui,146.0,433,-8,,,2026-08-22
2026-04-06,Moez Echargui,145.0,441,+6,8.0,,2026-08-22
2026-04-06,Moez Echargui,145.0,441,+6,8.0,,2026-08-22
2026-03-30,Moez Echargui,144.0,435,-2,1.0,,2026-08-22
2026-03-30,Moez Echargui,144.0,435,-2,1.0,,2026-08-22
2026-03-16,Moez Echargui,141.0,437,+2,3.0,1.0,2026-08-22
2026-03-16,Moez Echargui,141.0,437,+2,3.0,1.0,2026-08-22
2026-03-02,Moez Echargui,138.0,435,-,,,2026-08-22
2026-02-23,Moez Echargui,141.0,435,-14,,,2026-08-22
2026-02-16,Moez Echargui,139.0,449,+15,15.0,1.0,2026-08-22
2026-02-09,Moez Echargui,146.0,434,-,,,2026-08-22
2026-02-02,Moez Echargui,142.0,434,-14,,,2026-08-22
2026-01-19,Moez Echargui,134.0,448,-,15.0,1.0,2026-08-22
2026-01-12,Moez Echargui,134.0,448,-2,,,2026-08-22
2026-01-05,Moez Echargui,134.0,450,-,3.0,1.0,2026-08-22
2025-12-29,Moez Echargui,134.0,450,-2,,,2026-08-22
2025-12-22,Moez Echargui,135.0,452,-,,,2026-08-22
2025-12-15,Moez Echargui,135.0,452,-,,,2026-08-22
2025-12-08,Moez Echargui,135.0,452,-,,,2026-08-22
2025-12-01,Moez Echargui,136.0,452,-,,,2026-08-22
2025-11-24,Moez Echargui,136.0,452,-,,,2026-08-22
2025-11-17,Moez Echargui,136.0,452,-,,,2026-08-22
2025-11-10,Moez Echargui,137.0,452,+6,,,2026-08-22
2025-11-03,Moez Echargui,140.0,446,-,,,2026-08-22
2025-10-27,Moez Echargui,141.0,446,-,,,2026-08-22
2025-10-20,Moez Echargui,144.0,446,-,,,2026-08-22
2025-10-13,Moez Echargui,145.0,446,+6,,,2026-08-22
,Oscar Hernandez,,,,,,2026-08-22
,Roger Taylor,,,,,,2026-08-22
,Simone Colombo,,,,,,2026-08-22
,Thierry Pham,,,,,,2026-08-22
2026-08-10,Toby Samuel,113.0,576,-,16.0,7.0,2026-08-22
2026-08-10,Toby Samuel,113.0,576,-,16.0,7.0,2026-08-22
2026-08-10,Toby Samuel,113.0,576,-,16.0,7.0,2026-08-22
2026-08-10,Toby Samuel,113.0,576,-,16.0,7.0,2026-08-22
2026-08-03,Toby Samuel,109.0,576,-,,,2026-08-22
2026-08-03,Toby Samuel,109.0,576,-,,,2026-08-22
2026-08-03,Toby Samuel,109.0,576,-,,,2026-08-22
2026-08-03,Toby Samuel,109.0,576,-,,,2026-08-22
2026-07-27,Toby Samuel,112.0,576,+68,,,2026-08-22
2026-07-27,Toby Samuel,112.0,576,+68,,,2026-08-22
2026-07-27,Toby Samuel,112.0,576,+68,,,2026-08-22
2026-07-27,Toby Samuel,112.0,576,+68,,,2026-08-22
2026-07-20,Toby Samuel,127.0,508,-,,,2026-08-22
2026-07-20,Toby Samuel,127.0,508,-,,,2026-08-22
2026-07-20,Toby Samuel,127.0,508,-,,,2026-08-22
2026-07-13,Toby Samuel,129.0,508,-7,,,2026-08-22
2026-07-13,Toby Samuel,129.0,508,-7,,,2026-08-22
2026-07-13,Toby Samuel,129.0,508,-7,,,2026-08-22
2026-06-29,Toby Samuel,123.0,515,+101,,,2026-08-22
2026-06-29,Toby Samuel,123.0,515,+101,,,2026-08-22
2026-06-29,Toby Samuel,123.0,515,+101,,,2026-08-22
2026-06-22,Toby Samuel,142.0,414,-,,,2026-08-22
2026-06-22,Toby Samuel,142.0,414,-,,,2026-08-22
2026-06-15,Toby Samuel,144.0,414,+10,,,2026-08-22
2026-06-15,Toby Samuel,144.0,414,+10,,,2026-08-22
2026-06-08,Toby Samuel,150.0,404,+26,,,2026-08-22
2026-06-08,Toby Samuel,150.0,404,+26,,,2026-08-22
2026-05-25,Toby Samuel,159.0,378,-,14.0,2.0,2026-08-22
2026-05-25,Toby Samuel,159.0,378,-,14.0,2.0,2026-08-22
2026-05-18,Toby Samuel,159.0,378,-,,,2026-08-22
2026-05-18,Toby Samuel,159.0,378,-,,,2026-08-22
2026-05-04,Toby Samuel,161.0,378,-,,,2026-08-22
2026-05-04,Toby Samuel,161.0,378,-,,,2026-08-22
2026-04-20,Toby Samuel,163.0,378,-,,,2026-08-22
2026-04-20,Toby Samuel,163.0,378,-,,,2026-08-22
2026-04-13,Toby Samuel,163.0,378,+20,,,2026-08-22
2026-04-13,Toby Samuel,163.0,378,+20,,,2026-08-22
2026-04-06,Toby Samuel,169.0,358,+6,,,2026-08-22
2026-04-06,Toby Samuel,169.0,358,+6,,,2026-08-22
2026-03-30,Toby Samuel,172.0,352,-,,,2026-08-22
2026-03-30,Toby Samuel,172.0,352,-,,,2026-08-22
2026-03-16,Toby Samuel,171.0,352,+124,,,2026-08-22
2026-03-16,Toby Samuel,171.0,352,+124,,,2026-08-22
2026-08-10,Tristan Boyer,170.0,338,-,30.0,,2026-08-22
2026-08-10,Tristan Boyer,170.0,338,-,30.0,,2026-08-22
2026-08-10,Tristan Boyer,170.0,338,-,30.0,,2026-08-22
2026-08-10,Tristan Boyer,170.0,338,-,30.0,,2026-08-22
2026-08-03,Tristan Boyer,168.0,338,-12,,,2026-08-22
2026-08-03,Tristan Boyer,168.0,338,-12,,,2026-08-22
2026-08-03,Tristan Boyer,168.0,338,-12,,,2026-08-22
2026-08-03,Tristan Boyer,168.0,338,-12,,,2026-08-22
2026-07-27,Tristan Boyer,162.0,350,+8,50.0,,2026-08-22
2026-07-27,Tristan Boyer,162.0,350,+8,50.0,,2026-08-22
2026-07-27,Tristan Boyer,162.0,350,+8,50.0,,2026-08-22
2026-07-27,Tristan Boyer,162.0,350,+8,50.0,,2026-08-22
2026-07-20,Tristan Boyer,166.0,342,-,,,2026-08-22
2026-07-20,Tristan Boyer,166.0,342,-,,,2026-08-22
2026-07-20,Tristan Boyer,166.0,342,-,,,2026-08-22
2026-07-13,Tristan Boyer,164.0,342,+40,,,2026-08-22
2026-07-13,Tristan Boyer,164.0,342,+40,,,2026-08-22
2026-07-13,Tristan Boyer,164.0,342,+40,,,2026-08-22
2026-06-29,Tristan Boyer,191.0,302,-,,,2026-08-22
2026-06-29,Tristan Boyer,191.0,302,-,,,2026-08-22
2026-06-29,Tristan Boyer,191.0,302,-,,,2026-08-22
2026-06-22,Tristan Boyer,193.0,302,-8,,,2026-08-22
2026-06-22,Tristan Boyer,193.0,302,-8,,,2026-08-22
2026-06-15,Tristan Boyer,191.0,310,+18,8.0,,2026-08-22
2026-06-15,Tristan Boyer,191.0,310,+18,8.0,,2026-08-22
2026-06-08,Tristan Boyer,198.0,292,+5,7.0,,2026-08-22
2026-06-08,Tristan Boyer,198.0,292,+5,7.0,,2026-08-22
2026-05-25,Tristan Boyer,199.0,287,-,8.0,,2026-08-22
2026-05-25,Tristan Boyer,199.0,287,-,8.0,,2026-08-22
2026-01-19,Tristan Boyer,181.0,326,-,80.0,,2026-08-22
2026-01-12,Tristan Boyer,181.0,326,-,,,2026-08-22
2026-01-05,Tristan Boyer,178.0,326,-,,,2026-08-22
2025-12-29,Tristan Boyer,180.0,326,-,,,2026-08-22
2025-12-22,Tristan Boyer,180.0,326,-,,,2026-08-22
2025-12-15,Tristan Boyer,180.0,326,-,,,2026-08-22
2025-12-08,Tristan Boyer,180.0,326,-,,,2026-08-22
2025-12-01,Tristan Boyer,181.0,326,-,,,2026-08-22
2025-11-24,Tristan Boyer,180.0,326,-,,,2026-08-22
2025-11-17,Tristan Boyer,180.0,326,-100,,,2026-08-22
2025-11-10,Tristan Boyer,144.0,426,-,100.0,,2026-08-22
2025-11-03,Tristan Boyer,145.0,426,+22,,,2026-08-22
2025-10-27,Tristan Boyer,152.0,404,-7,,,2026-08-22
2025-10-20,Tristan Boyer,148.0,411,-100,7.0,,2026-08-22
2025-10-13,Tristan Boyer,124.0,511,-7,100.0,,2026-08-22
,A Rolfe,,,,,,2026-08-22
,Alfonso Ochoa,,,,,,2026-08-22
,Constantin Popovici,,,,,,2026-08-22
,E Mcalpine,,,,,,2026-08-22
,F J Vetter,,,,,,2026-08-22
,George Hardie,,,,,,2026-08-22
,Ian Hewitt,,,,,,2026-08-22
,Ian Pollard,,,,,,2026-08-22
,N Burlacher,,,,,,2026-08-22
,Peter Kanderal,,,,,,2026-08-22
,R L Cross,,,,,,2026-08-22
,Rolf Durr,,,,,,2026-08-22
,Thierry Quintin,,,,,,2026-08-22
,Ahmed El Mehelmy,,,,,,2026-08-22
,Andrew Castle,,,,,,2026-08-22
,Andrew Sznajder,,,,,,2026-08-22
,Bastian Trinker,,,,,,2026-08-22
2026-08-10,Ignacio Buse,36.0,1335,-15,35.0,25.0,2026-08-22
2026-08-10,Ignacio Buse,36.0,1335,-15,35.0,25.0,2026-08-22
2026-08-10,Ignacio Buse,36.0,1335,-15,35.0,25.0,2026-08-22
2026-08-10,Ignacio Buse,36.0,1335,-15,35.0,25.0,2026-08-22
2026-08-03,Ignacio Buse,33.0,1350,-,,,2026-08-22
2026-08-03,Ignacio Buse,33.0,1350,-,,,2026-08-22
2026-08-03,Ignacio Buse,33.0,1350,-,,,2026-08-22
2026-08-03,Ignacio Buse,33.0,1350,-,,,2026-08-22
2026-07-27,Ignacio Buse,34.0,1350,+38,,,2026-08-22
2026-07-27,Ignacio Buse,34.0,1350,+38,,,2026-08-22
2026-07-27,Ignacio Buse,34.0,1350,+38,,,2026-08-22
2026-07-27,Ignacio Buse,34.0,1350,+38,,,2026-08-22
2026-07-20,Ignacio Buse,35.0,1312,-101,,,2026-08-22
2026-07-20,Ignacio Buse,35.0,1312,-101,,,2026-08-22
2026-07-20,Ignacio Buse,35.0,1312,-101,,,2026-08-22
2026-07-13,Ignacio Buse,33.0,1413,+38,113.0,12.0,2026-08-22
2026-07-13,Ignacio Buse,33.0,1413,+38,113.0,12.0,2026-08-22
2026-07-13,Ignacio Buse,33.0,1413,+38,113.0,12.0,2026-08-22
2026-06-29,Ignacio Buse,34.0,1375,+15,,,2026-08-22
2026-06-29,Ignacio Buse,34.0,1375,+15,,,2026-08-22
2026-06-29,Ignacio Buse,34.0,1375,+15,,,2026-08-22
2026-06-22,Ignacio Buse,34.0,1360,+44,,,2026-08-22
2026-06-22,Ignacio Buse,34.0,1360,+44,,,2026-08-22
2026-06-15,Ignacio Buse,35.0,1316,-,,,2026-08-22
2026-06-15,Ignacio Buse,35.0,1316,-,,,2026-08-22
2026-06-08,Ignacio Buse,35.0,1316,-96,,,2026-08-22
2026-06-08,Ignacio Buse,35.0,1316,-96,,,2026-08-22
2026-05-25,Ignacio Buse,31.0,1412,+519,112.0,6.0,2026-08-22
2026-05-25,Ignacio Buse,31.0,1412,+519,112.0,6.0,2026-08-22
2026-05-18,Ignacio Buse,57.0,893,+30,,,2026-08-22
2026-05-18,Ignacio Buse,57.0,893,+30,,,2026-08-22
2026-05-04,Ignacio Buse,62.0,863,-1,,,2026-08-22
2026-05-04,Ignacio Buse,62.0,863,-1,,,2026-08-22
2026-04-20,Ignacio Buse,58.0,864,-,56.0,,2026-08-22
2026-04-20,Ignacio Buse,58.0,864,-,56.0,,2026-08-22
2026-04-13,Ignacio Buse,60.0,864,-,,,2026-08-22
2026-04-13,Ignacio Buse,60.0,864,-,,,2026-08-22
2026-04-06,Ignacio Buse,61.0,864,-,,,2026-08-22
2026-04-06,Ignacio Buse,61.0,864,-,,,2026-08-22
2026-03-30,Ignacio Buse,59.0,864,+28,25.0,,2026-08-22
2026-03-30,Ignacio Buse,59.0,864,+28,25.0,,2026-08-22
2026-03-16,Ignacio Buse,63.0,836,-12,2.0,,2026-08-22
2026-03-16,Ignacio Buse,63.0,836,-12,2.0,,2026-08-22
2026-03-02,Ignacio Buse,63.0,848,-,22.0,,2026-08-22
2026-02-23,Ignacio Buse,66.0,848,+200,,,2026-08-22
2026-02-16,Ignacio Buse,91.0,648,+25,,,2026-08-22
2026-02-09,Ignacio Buse,96.0,623,-,,,2026-08-22
2026-02-02,Ignacio Buse,98.0,623,-4,,,2026-08-22
2026-01-19,Ignacio Buse,100.0,627,-,4.0,,2026-08-22
2026-01-12,Ignacio Buse,99.0,627,-,,,2026-08-22
2026-01-05,Ignacio Buse,100.0,627,-,,,2026-08-22
2025-12-29,Ignacio Buse,102.0,627,-,,,2026-08-22
2025-12-22,Ignacio Buse,104.0,627,-,,,2026-08-22
2025-12-15,Ignacio Buse,104.0,627,-,,,2026-08-22
2025-12-08,Ignacio Buse,104.0,627,-,,,2026-08-22
2025-12-01,Ignacio Buse,104.0,627,-,,,2026-08-22
2025-11-24,Ignacio Buse,104.0,627,-,,,2026-08-22
2025-11-17,Ignacio Buse,105.0,627,+50,,,2026-08-22
2025-11-10,Ignacio Buse,110.0,577,+6,,,2026-08-22
2025-11-03,Ignacio Buse,109.0,571,+12,,,2026-08-22
2025-10-27,Ignacio Buse,110.0,559,-,,,2026-08-22
2025-10-20,Ignacio Buse,111.0,559,-,,,2026-08-22
2025-10-13,Ignacio Buse,113.0,559,-25,,,2026-08-22
2026-08-10,Jaime Faria,79.0,762,+2,35.0,8.0,2026-08-22
2026-08-10,Jaime Faria,79.0,762,+2,35.0,8.0,2026-08-22
2026-08-10,Jaime Faria,79.0,762,+2,35.0,8.0,2026-08-22
2026-08-10,Jaime Faria,79.0,762,+2,35.0,8.0,2026-08-22
2026-08-03,Jaime Faria,79.0,760,-,,,2026-08-22
2026-08-03,Jaime Faria,79.0,760,-,,,2026-08-22
2026-08-03,Jaime Faria,79.0,760,-,,,2026-08-22
2026-08-03,Jaime Faria,79.0,760,-,,,2026-08-22
2026-07-27,Jaime Faria,79.0,760,+42,,,2026-08-22
2026-07-27,Jaime Faria,79.0,760,+42,,,2026-08-22
2026-07-27,Jaime Faria,79.0,760,+42,,,2026-08-22
2026-07-27,Jaime Faria,79.0,760,+42,,,2026-08-22
2026-07-20,Jaime Faria,88.0,718,+18,,,2026-08-22
2026-07-20,Jaime Faria,88.0,718,+18,,,2026-08-22
2026-07-20,Jaime Faria,88.0,718,+18,,,2026-08-22
2026-07-13,Jaime Faria,92.0,700,+40,,,2026-08-22
2026-07-13,Jaime Faria,92.0,700,+40,,,2026-08-22
2026-07-13,Jaime Faria,92.0,700,+40,,,2026-08-22
2026-06-29,Jaime Faria,98.0,660,-,40.0,6.0,2026-08-22
2026-06-29,Jaime Faria,98.0,660,-,40.0,6.0,2026-08-22
2026-06-29,Jaime Faria,98.0,660,-,40.0,6.0,2026-08-22
2026-06-22,Jaime Faria,97.0,660,-8,,,2026-08-22
2026-06-22,Jaime Faria,97.0,660,-8,,,2026-08-22
2026-06-15,Jaime Faria,93.0,668,-,16.0,6.0,2026-08-22
2026-06-15,Jaime Faria,93.0,668,-,16.0,6.0,2026-08-22
2026-06-08,Jaime Faria,94.0,668,+120,,,2026-08-22
2026-06-08,Jaime Faria,94.0,668,+120,,,2026-08-22
2026-05-25,Jaime Faria,115.0,548,-,10.0,6.0,2026-08-22
2026-05-25,Jaime Faria,115.0,548,-,10.0,6.0,2026-08-22
2026-05-18,Jaime Faria,117.0,548,+19,,,2026-08-22
2026-05-18,Jaime Faria,117.0,548,+19,,,2026-08-22
2026-05-04,Jaime Faria,119.0,529,+70,10.0,6.0,2026-08-22
2026-05-04,Jaime Faria,119.0,529,+70,10.0,6.0,2026-08-22
2026-04-20,Jaime Faria,136.0,459,+16,,,2026-08-22
2026-04-20,Jaime Faria,136.0,459,+16,,,2026-08-22
2026-04-13,Jaime Faria,142.0,443,-,,,2026-08-22
2026-04-13,Jaime Faria,142.0,443,-,,,2026-08-22
2026-04-06,Jaime Faria,143.0,443,-,,,2026-08-22
2026-04-06,Jaime Faria,143.0,443,-,,,2026-08-22
2026-03-30,Jaime Faria,143.0,443,+62,,,2026-08-22
2026-03-30,Jaime Faria,143.0,443,+62,,,2026-08-22
2026-03-16,Jaime Faria,157.0,381,+6,,,2026-08-22
2026-03-16,Jaime Faria,157.0,381,+6,,,2026-08-22
2026-03-02,Jaime Faria,163.0,375,-50,,,2026-08-22
2026-02-23,Jaime Faria,145.0,425,-,50.0,,2026-08-22
2026-02-16,Jaime Faria,147.0,425,-,113.0,,2026-08-22
2026-02-09,Jaime Faria,148.0,425,-,,,2026-08-22
2026-02-02,Jaime Faria,145.0,425,+12,,,2026-08-22
2026-01-19,Jaime Faria,151.0,413,-,80.0,,2026-08-22
2026-01-12,Jaime Faria,151.0,413,+8,,,2026-08-22
2026-01-05,Jaime Faria,151.0,405,-,,,2026-08-22
2025-12-29,Jaime Faria,151.0,405,-,,,2026-08-22
2025-12-22,Jaime Faria,152.0,405,-,,,2026-08-22
2025-12-15,Jaime Faria,152.0,405,-,,,2026-08-22
2025-12-08,Jaime Faria,152.0,405,-,,,2026-08-22
2025-12-01,Jaime Faria,152.0,405,-,,,2026-08-22
2025-11-24,Jaime Faria,152.0,405,-,,,2026-08-22
2025-11-17,Jaime Faria,149.0,405,-,,,2026-08-22
2025-11-10,Jaime Faria,152.0,405,-,,,2026-08-22
2025-11-03,Jaime Faria,153.0,405,-,,,2026-08-22
2025-10-27,Jaime Faria,151.0,405,-96,,,2026-08-22
2025-10-20,Jaime Faria,127.0,501,-,100.0,,2026-08-22
2025-10-13,Jaime Faria,128.0,501,-58,,,2026-08-22
,Martin Alund,,,,,,2026-08-22
,Pavel Snobel,,,,,,2026-08-22
,Pieter Aldrich,,,,,,2026-08-22
,Simone Bolelli,,,,,,2026-08-22
,Steve Bryan,,,,,,2026-08-22
,Ugo Colombini,,,,,,2026-08-22
,Wayne Hampson,,,,,,2026-08-22
,A Matthews,,,,,,2026-08-22
,Chuck De Voe,,,,,,2026-08-22
,D O'keefe,,,,,,2026-08-22
,Davn Santiago,,,,,,2026-08-22
,Donald Forsythe,,,,,,2026-08-22
,Felipe Rios,,,,,,2026-08-22
,Francesco Michelotti,,,,,,2026-08-22
,Gordon Forbes,,,,,,2026-08-22
,Graham Thompson,,,,,,2026-08-22
,Guiliano Fanfani,,,,,,2026-08-22
,H Brenner,,,,,,2026-08-22
,Hadiman Hadiman,,,,,,2026-08-22
,John Hammill,,,,,,2026-08-22
,Jose Villarete,,,,,,2026-08-22
,N Folker,,,,,,2026-08-22
,Peter Gerads,,,,,,2026-08-22
,Rameez Junaid,,,,,,2026-08-22
,Simone Ercoli,,,,,,2026-08-22
,Wayne Pascoe,,,,,,2026-08-22
,Widyo Tetuko,,,,,,2026-08-22
,Willi Busold,,,,,,2026-08-22
,Corrado Borroni,,,,,,2026-08-22
,Dexter Macbride,,,,,,2026-08-22
2026-08-10,Dusan Lajovic,146.0,400,+22,75.0,,2026-08-22
2026-08-10,Dusan Lajovic,146.0,400,+22,75.0,,2026-08-22
2026-08-10,Dusan Lajovic,146.0,400,+22,75.0,,2026-08-22
2026-08-10,Dusan Lajovic,146.0,400,+22,75.0,,2026-08-22
2026-08-03,Dusan Lajovic,149.0,378,-,,,2026-08-22
2026-08-03,Dusan Lajovic,149.0,378,-,,,2026-08-22
2026-08-03,Dusan Lajovic,149.0,378,-,,,2026-08-22
2026-08-03,Dusan Lajovic,149.0,378,-,,,2026-08-22
2026-07-27,Dusan Lajovic,152.0,378,-,,,2026-08-22
2026-07-27,Dusan Lajovic,152.0,378,-,,,2026-08-22
2026-07-27,Dusan Lajovic,152.0,378,-,,,2026-08-22
2026-07-27,Dusan Lajovic,152.0,378,-,,,2026-08-22
2026-07-20,Dusan Lajovic,152.0,378,-,,,2026-08-22
2026-07-20,Dusan Lajovic,152.0,378,-,,,2026-08-22
2026-07-20,Dusan Lajovic,152.0,378,-,,,2026-08-22
2026-07-13,Dusan Lajovic,152.0,378,-,,,2026-08-22
2026-07-13,Dusan Lajovic,152.0,378,-,,,2026-08-22
2026-07-13,Dusan Lajovic,152.0,378,-,,,2026-08-22
2026-06-29,Dusan Lajovic,153.0,378,-,26.0,,2026-08-22
2026-06-29,Dusan Lajovic,153.0,378,-,26.0,,2026-08-22
2026-06-29,Dusan Lajovic,153.0,378,-,26.0,,2026-08-22
2026-06-22,Dusan Lajovic,153.0,378,-64,,,2026-08-22
2026-06-22,Dusan Lajovic,153.0,378,-64,,,2026-08-22
2026-06-15,Dusan Lajovic,139.0,442,-2,64.0,,2026-08-22
2026-06-15,Dusan Lajovic,139.0,442,-2,64.0,,2026-08-22
2026-06-08,Dusan Lajovic,140.0,444,-2,8.0,,2026-08-22
2026-06-08,Dusan Lajovic,140.0,444,-2,8.0,,2026-08-22
2026-05-25,Dusan Lajovic,137.0,446,-,10.0,,2026-08-22
2026-05-25,Dusan Lajovic,137.0,446,-,10.0,,2026-08-22
2026-05-18,Dusan Lajovic,136.0,446,-25,,,2026-08-22
2026-05-18,Dusan Lajovic,136.0,446,-25,,,2026-08-22
2026-05-04,Dusan Lajovic,132.0,471,+20,50.0,,2026-08-22
2026-05-04,Dusan Lajovic,132.0,471,+20,50.0,,2026-08-22
2026-04-20,Dusan Lajovic,138.0,451,-8,30.0,,2026-08-22
2026-04-20,Dusan Lajovic,138.0,451,-8,30.0,,2026-08-22
2026-04-13,Dusan Lajovic,134.0,459,-40,16.0,,2026-08-22
2026-04-13,Dusan Lajovic,134.0,459,-40,16.0,,2026-08-22
2026-04-06,Dusan Lajovic,128.0,499,+13,40.0,,2026-08-22
2026-04-06,Dusan Lajovic,128.0,499,+13,40.0,,2026-08-22
2026-03-30,Dusan Lajovic,132.0,486,-25,,,2026-08-22
2026-03-30,Dusan Lajovic,132.0,486,-25,,,2026-08-22
2026-03-16,Dusan Lajovic,127.0,511,-24,25.0,,2026-08-22
2026-03-16,Dusan Lajovic,127.0,511,-24,25.0,,2026-08-22
2026-03-02,Dusan Lajovic,120.0,535,-6,30.0,6.0,2026-08-22
2026-02-23,Dusan Lajovic,116.0,541,+56,13.0,7.0,2026-08-22
2026-02-16,Dusan Lajovic,129.0,485,-18,,,2026-08-22
2026-02-09,Dusan Lajovic,123.0,503,-,25.0,7.0,2026-08-22
2026-02-02,Dusan Lajovic,123.0,503,+6,,,2026-08-22
2026-01-19,Dusan Lajovic,125.0,497,-,10.0,6.0,2026-08-22
2026-01-12,Dusan Lajovic,125.0,497,+10,,,2026-08-22
2026-01-05,Dusan Lajovic,125.0,487,-26,,,2026-08-22
2025-12-29,Dusan Lajovic,121.0,513,-6,32.0,6.0,2026-08-22
2025-12-22,Dusan Lajovic,120.0,519,-,,,2026-08-22
2025-12-15,Dusan Lajovic,120.0,519,-,,,2026-08-22
2025-12-08,Dusan Lajovic,120.0,519,-,,,2026-08-22
2025-12-01,Dusan Lajovic,120.0,519,-,,,2026-08-22
2025-11-24,Dusan Lajovic,119.0,519,-,,,2026-08-22
2025-11-17,Dusan Lajovic,119.0,519,-,,,2026-08-22
2025-11-10,Dusan Lajovic,119.0,519,-19,,,2026-08-22
2025-11-03,Dusan Lajovic,115.0,538,-,25.0,6.0,2026-08-22
2025-10-27,Dusan Lajovic,116.0,538,-,,,2026-08-22
2025-10-20,Dusan Lajovic,117.0,538,+10,,,2026-08-22
2025-10-13,Dusan Lajovic,121.0,528,+14,,,2026-08-22
,Filip Prpic,,,,,,2026-08-22
,Francisco Clavet,,,,,,2026-08-22
,Govind Nanda,,,,,,2026-08-22
2026-08-10,Henry Bernet,436.0,110,-,,,2026-08-22
2026-08-03,Henry Bernet,430.0,110,-,,,2026-08-22
2026-07-27,Henry Bernet,426.0,110,-8,,,2026-08-22
,Joost Winnink,,,,,,2026-08-22
,Leonardo Lavalle,,,,,,2026-08-22
,Marco Chiudinelli,,,,,,2026-08-22
,Michael Berrer,,,,,,2026-08-22
,Robin Kern,,,,,,2026-08-22
,Tomas Smid,,,,,,2026-08-22
,Bert Leach,,,,,,2026-08-22
,Bill Shippey,,,,,,2026-08-22
,Carlos Chabalgoity,,,,,,2026-08-22
,Corey Wittenberg,,,,,,2026-08-22
,D Tunnock,,,,,,2026-08-22
,Frank Mcardle,,,,,,2026-08-22
,Marian Laudin,,,,,,2026-08-22
,Stevenson Clarke,,,,,,2026-08-22
2026-08-10,Adrian Andreev,841.0,32,+18,,,2026-08-22
2026-08-03,Adrian Andreev,1108.0,14,+2,,,2026-08-22
2026-07-27,Adrian Andreev,1148.0,12,-,,,2026-08-22
2026-08-10,Aleksandar Vukic,99.0,666,+17,20.0,13.0,2026-08-22
2026-08-10,Aleksandar Vukic,99.0,666,+17,20.0,13.0,2026-08-22
2026-08-10,Aleksandar Vukic,99.0,666,+17,20.0,13.0,2026-08-22
2026-08-10,Aleksandar Vukic,99.0,666,+17,20.0,13.0,2026-08-22
2026-08-03,Aleksandar Vukic,101.0,649,+25,,,2026-08-22
2026-08-03,Aleksandar Vukic,101.0,649,+25,,,2026-08-22
2026-08-03,Aleksandar Vukic,101.0,649,+25,,,2026-08-22
2026-08-03,Aleksandar Vukic,101.0,649,+25,,,2026-08-22
2026-07-27,Aleksandar Vukic,105.0,624,-12,50.0,13.0,2026-08-22
2026-07-27,Aleksandar Vukic,105.0,624,-12,50.0,13.0,2026-08-22
2026-07-27,Aleksandar Vukic,105.0,624,-12,50.0,13.0,2026-08-22
2026-07-27,Aleksandar Vukic,105.0,624,-12,50.0,13.0,2026-08-22
2026-07-20,Aleksandar Vukic,102.0,636,+62,25.0,13.0,2026-08-22
2026-07-20,Aleksandar Vukic,102.0,636,+62,25.0,13.0,2026-08-22
2026-07-20,Aleksandar Vukic,102.0,636,+62,25.0,13.0,2026-08-22
2026-07-13,Aleksandar Vukic,113.0,574,-40,,,2026-08-22
2026-07-13,Aleksandar Vukic,113.0,574,-40,,,2026-08-22
2026-07-13,Aleksandar Vukic,113.0,574,-40,,,2026-08-22
2026-06-29,Aleksandar Vukic,104.0,614,-,50.0,13.0,2026-08-22
2026-06-29,Aleksandar Vukic,104.0,614,-,50.0,13.0,2026-08-22
2026-06-29,Aleksandar Vukic,104.0,614,-,50.0,13.0,2026-08-22
2026-06-22,Aleksandar Vukic,103.0,614,-12,,,2026-08-22
2026-06-22,Aleksandar Vukic,103.0,614,-12,,,2026-08-22
2026-06-15,Aleksandar Vukic,98.0,626,-,25.0,13.0,2026-08-22
2026-06-15,Aleksandar Vukic,98.0,626,-,25.0,13.0,2026-08-22
2026-06-08,Aleksandar Vukic,100.0,626,-,,,2026-08-22
2026-06-08,Aleksandar Vukic,100.0,626,-,,,2026-08-22
2026-05-25,Aleksandar Vukic,96.0,626,-,10.0,13.0,2026-08-22
2026-05-25,Aleksandar Vukic,96.0,626,-,10.0,13.0,2026-08-22
2026-05-18,Aleksandar Vukic,100.0,626,-,,,2026-08-22
2026-05-18,Aleksandar Vukic,100.0,626,-,,,2026-08-22
2026-05-04,Aleksandar Vukic,99.0,626,-37,30.0,10.0,2026-08-22
2026-05-04,Aleksandar Vukic,99.0,626,-37,30.0,10.0,2026-08-22
2026-04-20,Aleksandar Vukic,89.0,663,-,50.0,13.0,2026-08-22
2026-04-20,Aleksandar Vukic,89.0,663,-,50.0,13.0,2026-08-22
2026-04-13,Aleksandar Vukic,89.0,663,-,,,2026-08-22
2026-04-13,Aleksandar Vukic,89.0,663,-,,,2026-08-22
2026-04-06,Aleksandar Vukic,87.0,663,-,,,2026-08-22
2026-04-06,Aleksandar Vukic,87.0,663,-,,,2026-08-22
2026-03-30,Aleksandar Vukic,84.0,663,+7,,,2026-08-22
2026-03-30,Aleksandar Vukic,84.0,663,+7,,,2026-08-22
2026-03-16,Aleksandar Vukic,93.0,656,-,,,2026-08-22
2026-03-16,Aleksandar Vukic,93.0,656,-,,,2026-08-22
2026-03-02,Aleksandar Vukic,89.0,656,-,,,2026-08-22
2026-02-23,Aleksandar Vukic,91.0,656,-,,,2026-08-22
2026-02-16,Aleksandar Vukic,88.0,656,-,,,2026-08-22
2026-02-09,Aleksandar Vukic,88.0,656,-,,,2026-08-22
2026-02-02,Aleksandar Vukic,91.0,656,-90,,,2026-08-22
2026-01-19,Aleksandar Vukic,78.0,746,+53,100.0,10.0,2026-08-22
2026-01-12,Aleksandar Vukic,87.0,693,-,,,2026-08-22
2026-01-05,Aleksandar Vukic,87.0,693,-15,,,2026-08-22
2025-12-29,Aleksandar Vukic,84.0,708,-10,25.0,10.0,2026-08-22
2025-12-22,Aleksandar Vukic,82.0,718,-,,,2026-08-22
2025-12-15,Aleksandar Vukic,82.0,718,-,,,2026-08-22
2025-12-08,Aleksandar Vukic,82.0,718,-,,,2026-08-22
2025-12-01,Aleksandar Vukic,82.0,718,-,,,2026-08-22
2025-11-24,Aleksandar Vukic,82.0,718,-,,,2026-08-22
2025-11-17,Aleksandar Vukic,82.0,718,-,,,2026-08-22
2025-11-10,Aleksandar Vukic,82.0,718,+15,,,2026-08-22
2025-11-03,Aleksandar Vukic,87.0,703,+70,,,2026-08-22
2025-10-27,Aleksandar Vukic,103.0,633,-25,,,2026-08-22
2025-10-20,Aleksandar Vukic,100.0,658,-75,35.0,10.0,2026-08-22
2025-10-13,Aleksandar Vukic,85.0,733,-50,100.0,10.0,2026-08-22
,Allen Belobrajdic,,,,,,2026-08-22
,Colin Dibley,,,,,,2026-08-22
,Daniel Montes De Oca,,,,,,2026-08-22
,Dimitar Kutrovsky,,,,,,2026-08-22
2026-08-10,Filip Cristian Jianu,284.0,197,-,6.0,1.0,2026-08-22
2026-08-03,Filip Cristian Jianu,279.0,197,-,,,2026-08-22
2026-07-27,Filip Cristian Jianu,279.0,197,-,,,2026-08-22
,Jean Marc Piacentile,,,,,,2026-08-22
,John Stimpson,,,,,,2026-08-22
2026-08-10,Luca Van Assche,54.0,1001,+3,,,2026-08-22
2026-08-10,Luca Van Assche,54.0,1001,+3,,,2026-08-22
2026-08-10,Luca Van Assche,54.0,1001,+3,,,2026-08-22
2026-08-10,Luca Van Assche,54.0,1001,+3,,,2026-08-22
2026-08-03,Luca Van Assche,49.0,998,-,,,2026-08-22
2026-08-03,Luca Van Assche,49.0,998,-,,,2026-08-22
2026-08-03,Luca Van Assche,49.0,998,-,,,2026-08-22
2026-08-03,Luca Van Assche,49.0,998,-,,,2026-08-22
2026-07-27,Luca Van Assche,48.0,998,+243,,,2026-08-22
2026-07-27,Luca Van Assche,48.0,998,+243,,,2026-08-22
2026-07-27,Luca Van Assche,48.0,998,+243,,,2026-08-22
2026-07-27,Luca Van Assche,48.0,998,+243,,,2026-08-22
2026-07-20,Luca Van Assche,78.0,755,+18,,,2026-08-22
2026-07-20,Luca Van Assche,78.0,755,+18,,,2026-08-22
2026-07-20,Luca Van Assche,78.0,755,+18,,,2026-08-22
2026-07-13,Luca Van Assche,86.0,737,+2,,,2026-08-22
2026-07-13,Luca Van Assche,86.0,737,+2,,,2026-08-22
2026-07-13,Luca Van Assche,86.0,737,+2,,,2026-08-22
2026-06-29,Luca Van Assche,80.0,735,-,8.0,6.0,2026-08-22
2026-06-29,Luca Van Assche,80.0,735,-,8.0,6.0,2026-08-22
2026-06-29,Luca Van Assche,80.0,735,-,8.0,6.0,2026-08-22
2026-06-22,Luca Van Assche,82.0,735,+109,,,2026-08-22
2026-06-22,Luca Van Assche,82.0,735,+109,,,2026-08-22
2026-06-15,Luca Van Assche,100.0,626,-7,16.0,6.0,2026-08-22
2026-06-15,Luca Van Assche,100.0,626,-7,16.0,6.0,2026-08-22
2026-06-08,Luca Van Assche,98.0,633,+34,14.0,6.0,2026-08-22
2026-06-08,Luca Van Assche,98.0,633,+34,14.0,6.0,2026-08-22
2026-05-25,Luca Van Assche,100.0,599,-,23.0,13.0,2026-08-22
2026-05-25,Luca Van Assche,100.0,599,-,23.0,13.0,2026-08-22
2026-05-18,Luca Van Assche,103.0,599,-37,,,2026-08-22
2026-05-18,Luca Van Assche,103.0,599,-37,,,2026-08-22
2026-05-04,Luca Van Assche,97.0,636,-,44.0,7.0,2026-08-22
2026-05-04,Luca Van Assche,97.0,636,-,44.0,7.0,2026-08-22
2026-04-20,Luca Van Assche,98.0,636,+1,,,2026-08-22
2026-04-20,Luca Van Assche,98.0,636,+1,,,2026-08-22
2026-04-13,Luca Van Assche,100.0,635,-9,,,2026-08-22
2026-04-13,Luca Van Assche,100.0,635,-9,,,2026-08-22
2026-04-06,Luca Van Assche,94.0,644,+43,25.0,7.0,2026-08-22
2026-04-06,Luca Van Assche,94.0,644,+43,25.0,7.0,2026-08-22
2026-03-30,Luca Van Assche,109.0,601,+4,,,2026-08-22
2026-03-30,Luca Van Assche,109.0,601,+4,,,2026-08-22
2026-03-16,Luca Van Assche,106.0,597,+7,,,2026-08-22
2026-03-16,Luca Van Assche,106.0,597,+7,,,2026-08-22
2026-03-02,Luca Van Assche,105.0,590,-6,12.0,,2026-08-22
2026-02-23,Luca Van Assche,100.0,596,+119,12.0,6.0,2026-08-22
2026-02-16,Luca Van Assche,130.0,477,-16,,,2026-08-22
2026-02-09,Luca Van Assche,126.0,493,-,32.0,,2026-08-22
2026-02-02,Luca Van Assche,127.0,493,+141,,,2026-08-22
2026-01-19,Luca Van Assche,165.0,352,-,,,2026-08-22
2026-01-12,Luca Van Assche,165.0,352,-,,,2026-08-22
2026-01-05,Luca Van Assche,164.0,352,-,,,2026-08-22
2025-12-29,Luca Van Assche,166.0,352,-,,,2026-08-22
2025-12-22,Luca Van Assche,166.0,352,-,,,2026-08-22
2025-12-15,Luca Van Assche,166.0,352,-,,,2026-08-22
2025-12-08,Luca Van Assche,166.0,352,-,,,2026-08-22
2025-12-01,Luca Van Assche,166.0,352,-,,,2026-08-22
2025-11-24,Luca Van Assche,165.0,352,-,,,2026-08-22
2025-11-17,Luca Van Assche,167.0,352,+6,,,2026-08-22
2025-11-10,Luca Van Assche,168.0,346,+13,,,2026-08-22
2025-11-03,Luca Van Assche,172.0,333,-,,,2026-08-22
2025-10-27,Luca Van Assche,170.0,333,-14,,,2026-08-22
2025-10-20,Luca Van Assche,165.0,347,+112,14.0,,2026-08-22
,Marcus Sarstrand,,,,,,2026-08-22
,Nicola Bruno,,,,,,2026-08-22
,Niels Desein,,,,,,2026-08-22
,Oscar Serrano,,,,,,2026-08-22
,Peter Mcnamara,,,,,,2026-08-22
,Richard Gonzalez,,,,,,2026-08-22
2026-08-10,Tiago Torres,352.0,153,-,,,2026-08-22
2026-08-03,Tiago Torres,343.0,153,-4,,,2026-08-22
2026-07-27,Tiago Torres,332.0,157,+48,7.0,3.0,2026-08-22
,Tomas Nydahl,,,,,,2026-08-22
,Ulf Stenlund,,,,,,2026-08-22
,Xavier Avila,,,,,,2026-08-22
,Balaram Singh,,,,,,2026-08-22
,Chaim Arlozorov,,,,,,2026-08-22
,Ernst Blanke,,,,,,2026-08-22
,G Atwell,,,,,,2026-08-22
,G Kenway,,,,,,2026-08-22
,Hans Docher,,,,,,2026-08-22
,I Kuba,,,,,,2026-08-22
,Jim Lewallen,,,,,,2026-08-22
,Jozef Orlikowski,,,,,,2026-08-22
,Juan Gisbert,,,,,,2026-08-22
,Mal Anderson,,,,,,2026-08-22
,Nikola Soear,,,,,,2026-08-22
,Nikos Rovas,,,,,,2026-08-22
,Peter Langsford,,,,,,2026-08-22
,Russell Seymour,,,,,,2026-08-22
,Scott Barksdale,,,,,,2026-08-22
,Steve Stefanki,,,,,,2026-08-22
,Steven Korteling,,,,,,2026-08-22
,Wieslaw Nowicki,,,,,,2026-08-22
,Zan Guerry,,,,,,2026-08-22
,Andrey Golubev,,,,,,2026-08-22
2026-08-10,Cruz Hewitt,376.0,136,-,,,2026-08-22
2026-08-03,Cruz Hewitt,370.0,136,+75,,,2026-08-22
2026-07-27,Cruz Hewitt,612.0,61,-,,,2026-08-22
,Francisco Maciel,,,,,,2026-08-22
,Hans Fredborg,,,,,,2026-08-22
,Joshua Eagle,,,,,,2026-08-22
,Magnus Tideman,,,,,,2026-08-22
,Omar Camporese,,,,,,2026-08-22
,Paul Annacone,,,,,,2026-08-22
,Richard Gasquet,,,,,,2026-08-22
,Tommy Haas,,,,,,2026-08-22
,Alan Jackson,,,,,,2026-08-22
,Andrew Jarrett,,,,,,2026-08-22
,Bodo Nitsche,,,,,,2026-08-22
,Eric Nunez,,,,,,2026-08-22
,Frans De Kort,,,,,,2026-08-22
,John Levin,,,,,,2026-08-22
,John Spiegel,,,,,,2026-08-22
,Julian Olave,,,,,,2026-08-22
,S Eummongkol,,,,,,2026-08-22
,Uncapher,,,,,,2026-08-22
,Alan Fox,,,,,,2026-08-22
,Andy Murray,,,,,,2026-08-22
,Billy Nealon,,,,,,2026-08-22
,Christian Saceanu,,,,,,2026-08-22
2026-08-10,Francisco Comesana,109.0,603,-,100.0,,2026-08-22
2026-08-10,Francisco Comesana,109.0,603,-,100.0,,2026-08-22
2026-08-10,Francisco Comesana,109.0,603,-,100.0,,2026-08-22
2026-08-10,Francisco Comesana,109.0,603,-,100.0,,2026-08-22
2026-08-03,Francisco Comesana,107.0,603,-30,,,2026-08-22
2026-08-03,Francisco Comesana,107.0,603,-30,,,2026-08-22
2026-08-03,Francisco Comesana,107.0,603,-30,,,2026-08-22
2026-08-03,Francisco Comesana,107.0,603,-30,,,2026-08-22
2026-07-27,Francisco Comesana,100.0,633,-17,30.0,,2026-08-22
2026-07-27,Francisco Comesana,100.0,633,-17,30.0,,2026-08-22
2026-07-27,Francisco Comesana,100.0,633,-17,30.0,,2026-08-22
2026-07-27,Francisco Comesana,100.0,633,-17,30.0,,2026-08-22
2026-07-20,Francisco Comesana,101.0,650,-40,25.0,8.0,2026-08-22
2026-07-20,Francisco Comesana,101.0,650,-40,25.0,8.0,2026-08-22
2026-07-20,Francisco Comesana,101.0,650,-40,25.0,8.0,2026-08-22
2026-07-13,Francisco Comesana,94.0,690,+2,50.0,10.0,2026-08-22
2026-07-13,Francisco Comesana,94.0,690,+2,50.0,10.0,2026-08-22
2026-07-13,Francisco Comesana,94.0,690,+2,50.0,10.0,2026-08-22
2026-06-29,Francisco Comesana,91.0,688,-,10.0,10.0,2026-08-22
2026-06-29,Francisco Comesana,91.0,688,-,10.0,10.0,2026-08-22
2026-06-29,Francisco Comesana,91.0,688,-,10.0,10.0,2026-08-22
2026-06-22,Francisco Comesana,90.0,688,-,,,2026-08-22
2026-06-22,Francisco Comesana,90.0,688,-,,,2026-08-22
2026-06-15,Francisco Comesana,88.0,688,-,,,2026-08-22
2026-06-15,Francisco Comesana,88.0,688,-,,,2026-08-22
2026-06-08,Francisco Comesana,89.0,688,+90,,,2026-08-22
2026-06-08,Francisco Comesana,89.0,688,+90,,,2026-08-22
2026-05-25,Francisco Comesana,102.0,598,+28,10.0,10.0,2026-08-22
2026-05-25,Francisco Comesana,102.0,598,+28,10.0,10.0,2026-08-22
2026-05-18,Francisco Comesana,114.0,570,-,,,2026-08-22
2026-05-18,Francisco Comesana,114.0,570,-,,,2026-08-22
2026-05-04,Francisco Comesana,114.0,570,-40,30.0,8.0,2026-08-22
2026-05-04,Francisco Comesana,114.0,570,-40,30.0,8.0,2026-08-22
2026-04-20,Francisco Comesana,105.0,610,-39,50.0,8.0,2026-08-22
2026-04-20,Francisco Comesana,105.0,610,-39,50.0,8.0,2026-08-22
2026-04-13,Francisco Comesana,92.0,649,+15,64.0,25.0,2026-08-22
2026-04-13,Francisco Comesana,92.0,649,+15,64.0,25.0,2026-08-22
2026-04-06,Francisco Comesana,99.0,634,-25,,,2026-08-22
2026-04-06,Francisco Comesana,99.0,634,-25,,,2026-08-22
2026-03-30,Francisco Comesana,87.0,659,-20,50.0,25.0,2026-08-22
2026-03-30,Francisco Comesana,87.0,659,-20,50.0,25.0,2026-08-22
2026-03-16,Francisco Comesana,82.0,679,-15,30.0,25.0,2026-08-22
2026-03-16,Francisco Comesana,82.0,679,-15,30.0,25.0,2026-08-22
2026-03-02,Francisco Comesana,82.0,694,-,,,2026-08-22
2026-02-23,Francisco Comesana,82.0,694,-175,25.0,8.0,2026-08-22
2026-02-16,Francisco Comesana,63.0,869,-,200.0,25.0,2026-08-22
2026-02-09,Francisco Comesana,63.0,869,-,,,2026-08-22
2026-02-02,Francisco Comesana,64.0,869,+40,,,2026-08-22
2026-01-19,Francisco Comesana,68.0,829,-,10.0,25.0,2026-08-22
2026-01-12,Francisco Comesana,68.0,829,-,,,2026-08-22
2026-01-05,Francisco Comesana,66.0,829,-,,,2026-08-22
2025-12-29,Francisco Comesana,67.0,829,-16,,,2026-08-22
2025-12-22,Francisco Comesana,67.0,845,-,,,2026-08-22
2025-12-15,Francisco Comesana,67.0,845,-,,,2026-08-22
2025-12-08,Francisco Comesana,67.0,845,-,,,2026-08-22
2025-12-01,Francisco Comesana,67.0,845,-,,,2026-08-22
2025-11-24,Francisco Comesana,67.0,845,-59,,,2026-08-22
2025-11-17,Francisco Comesana,61.0,904,-,75.0,16.0,2026-08-22
2025-11-10,Francisco Comesana,61.0,904,-,,,2026-08-22
2025-11-03,Francisco Comesana,61.0,904,+24,,,2026-08-22
2025-10-27,Francisco Comesana,68.0,880,-,,,2026-08-22
2025-10-20,Francisco Comesana,64.0,880,+13,,,2026-08-22
2025-10-13,Francisco Comesana,68.0,867,-45,,,2026-08-22
,Frederik Fetterlein,,,,,,2026-08-22
2026-08-10,Hyeon Chung,583.0,68,-,,,2026-08-22
2026-08-03,Hyeon Chung,575.0,68,-,,,2026-08-22
2026-07-27,Hyeon Chung,573.0,68,-,,,2026-08-22
,Ilya Belyaev,,,,,,2026-08-22
,Jan Willem Lodder,,,,,,2026-08-22
2026-08-10,Joao Lucas Reis Da Silva,263.0,214,-,12.0,,2026-08-22
2026-08-03,Joao Lucas Reis Da Silva,258.0,214,-,,,2026-08-22
2026-07-27,Joao Lucas Reis Da Silva,259.0,214,-10,,,2026-08-22
2026-05-25,Joao Lucas Reis Da Silva,198.0,291,-,25.0,,2026-08-22
2026-05-25,Joao Lucas Reis Da Silva,198.0,291,-,25.0,,2026-08-22
2026-05-18,Joao Lucas Reis Da Silva,200.0,291,+6,,,2026-08-22
2026-05-18,Joao Lucas Reis Da Silva,200.0,291,+6,,,2026-08-22
2026-04-20,Joao Lucas Reis Da Silva,196.0,303,+28,18.0,,2026-08-22
2026-04-20,Joao Lucas Reis Da Silva,196.0,303,+28,18.0,,2026-08-22
2025-11-24,Joao Lucas Reis Da Silva,191.0,309,+2,25.0,4.0,2026-08-22
2025-11-17,Joao Lucas Reis Da Silva,187.0,307,-,,,2026-08-22
2025-11-10,Joao Lucas Reis Da Silva,187.0,307,+41,,,2026-08-22
,Johan Settergren,,,,,,2026-08-22
,Jurgen Zopp,,,,,,2026-08-22
,Marcelo Demoliner,,,,,,2026-08-22
,Marco Mirnegg,,,,,,2026-08-22
,Menno Oosting,,,,,,2026-08-22
,Michal Mertinak,,,,,,2026-08-22
,Oscar Burrieza,,,,,,2026-08-22
,Peter Ballauff,,,,,,2026-08-22
,Shuzo Matsuoka,,,,,,2026-08-22
,Tao Mu,,,,,,2026-08-22
,Antonio Zugarelli,,,,,,2026-08-22
,Eddie Knol,,,,,,2026-08-22
,Giuseppe Belli,,,,,,2026-08-22
,Gottfried Dallwitz,,,,,,2026-08-22
,Hank Emnes,,,,,,2026-08-22
,John Van Nostrand,,,,,,2026-08-22
,Martin Lorenzoni,,,,,,2026-08-22
,Michael Greenberg,,,,,,2026-08-22
,Mike Gandolfo,,,,,,2026-08-22
,Mohammad Hossein Akbari,,,,,,2026-08-22
,O S Morris,,,,,,2026-08-22
,Oscar Escribano,,,,,,2026-08-22
,Robbie Smith,,,,,,2026-08-22
,Romeo Rafon,,,,,,2026-08-22
,Ron Cornell,,,,,,2026-08-22
,Alexandar Lazarov,,,,,,2026-08-22
,Alexander Zverev Sr,,,,,,2026-08-22
,Andres Molteni,,,,,,2026-08-22
,Brian Devening,,,,,,2026-08-22
,Dick Stockton,,,,,,2026-08-22
,Dmitry Vlasov,,,,,,2026-08-22
,Dominik Meffert,,,,,,2026-08-22
,Florian Krumrey,,,,,,2026-08-22
,Guillermo Coria,,,,,,2026-08-22
,Jarkko Nieminen,,,,,,2026-08-22
,Martin Wostenholme,,,,,,2026-08-22
,Ned Caswell,,,,,,2026-08-22
,Nikolay Davydenko,,,,,,2026-08-22
2026-08-10,Stefano Napolitano,229.0,245,-,,,2026-08-22
2026-08-03,Stefano Napolitano,226.0,245,-,,,2026-08-22
2026-07-27,Stefano Napolitano,229.0,245,-,,,2026-08-22
2026-08-10,Thai Son Kwiatkowski,,3,-,,,2026-08-22
2026-08-03,Thai Son Kwiatkowski,,3,-,,,2026-08-22
2026-07-27,Thai Son Kwiatkowski,,3,-,,,2026-08-22
2026-08-10,Ye Cong Mo,720.0,47,-,7.0,,2026-08-22
2026-08-03,Ye Cong Mo,716.0,47,-,,,2026-08-22
2026-07-27,Ye Cong Mo,709.0,47,-,,,2026-08-22
,Ahmet Gencsoy,,,,,,2026-08-22
,Alex Geuer,,,,,,2026-08-22
,Bob Brett,,,,,,2026-08-22
,George Tittmann,,,,,,2026-08-22
,Glenn Mccoll,,,,,,2026-08-22
,John Allgood,,,,,,2026-08-22
,Kaoru Maruyama,,,,,,2026-08-22
,Lance Lumsden,,,,,,2026-08-22
,Marco Alciati,,,,,,2026-08-22
,Ola Hellgren,,,,,,2026-08-22
,Peter Holenstein,,,,,,2026-08-22
,Peter Scholl,,,,,,2026-08-22
,Rainer Kuhlmey,,,,,,2026-08-22
,Ricardo Narcio,,,,,,2026-08-22
,Sulistyo Wibowo,,,,,,2026-08-22
,Tom Simonson,,,,,,2026-08-22
,Unknown Doherty,,,,,,2026-08-22
,Yoshiya Hamano,,,,,,2026-08-22
,Charles Bud Cox,,,,,,2026-08-22
,Christophe Roger Vasselin,,,,,,2026-08-22
,Franco Davin,,,,,,2026-08-22
,Francois Jauffret,,,,,,2026-08-22
,Massimo Cierro,,,,,,2026-08-22
,Sammy Giammalva,,,,,,2026-08-22
,Ted Farnsworth,,,,,,2026-08-22
,Younes El Aynaoui,,,,,,2026-08-22
,A Berwitz,,,,,,2026-08-22
,Alberto Comas,,,,,,2026-08-22
,David Betous,,,,,,2026-08-22
,Francois Godbout,,,,,,2026-08-22
,Franz Stauder,,,,,,2026-08-22
,G Smith,,,,,,2026-08-22
,Geoff Stubbs,,,,,,2026-08-22
,Gonzalo Nunez,,,,,,2026-08-22
,Greg Braun,,,,,,2026-08-22
,Helmuth Rudzinski,,,,,,2026-08-22
,Jan Simbera,,,,,,2026-08-22
2026-08-10,Karim Bennani,450.0,104,+2,,,2026-08-22
2026-08-03,Karim Bennani,449.0,102,+3,,,2026-08-22
2026-07-27,Karim Bennani,458.0,99,-,,,2026-08-22
,Leonhardt Scheuermann,,,,,,2026-08-22
,Louis Pretorius,,,,,,2026-08-22
,Michael Sangster,,,,,,2026-08-22
,Norbert Gruber,,,,,,2026-08-22
,Omar Urbinati,,,,,,2026-08-22
,Rob Steckley,,,,,,2026-08-22
,Robert Hill,,,,,,2026-08-22
,Roland Russo,,,,,,2026-08-22
,Sergio Gutierrez Ferrol,,,,,,2026-08-22
,Ulrich Trettin,,,,,,2026-08-22
,Victor Ebbessen,,,,,,2026-08-22
,Christophe Van Garsse,,,,,,2026-08-22
,David Prinosil,,,,,,2026-08-22
,Guillermo Alcaide,,,,,,2026-08-22
,Jeevan Nedunchezhiyan,,,,,,2026-08-22
,Julian Knowle,,,,,,2026-08-22
2026-08-10,Lautaro Midon,193.0,293,-,12.0,6.0,2026-08-22
2026-08-10,Lautaro Midon,193.0,293,-,12.0,6.0,2026-08-22
2026-08-10,Lautaro Midon,193.0,293,-,12.0,6.0,2026-08-22
2026-08-10,Lautaro Midon,193.0,293,-,12.0,6.0,2026-08-22
2026-08-03,Lautaro Midon,191.0,293,-,,,2026-08-22
2026-08-03,Lautaro Midon,191.0,293,-,,,2026-08-22
2026-08-03,Lautaro Midon,191.0,293,-,,,2026-08-22
2026-08-03,Lautaro Midon,191.0,293,-,,,2026-08-22
2026-07-27,Lautaro Midon,196.0,293,-,,,2026-08-22
2026-07-27,Lautaro Midon,196.0,293,-,,,2026-08-22
2026-07-27,Lautaro Midon,196.0,293,-,,,2026-08-22
2026-07-27,Lautaro Midon,196.0,293,-,,,2026-08-22
2026-07-20,Lautaro Midon,194.0,293,+32,,,2026-08-22
2026-07-20,Lautaro Midon,194.0,293,+32,,,2026-08-22
2026-07-20,Lautaro Midon,194.0,293,+32,,,2026-08-22
,Magnus Larsson,,,,,,2026-08-22
,Marcelo Ingaramo,,,,,,2026-08-22
,Marcio Carlsson,,,,,,2026-08-22
,Marian Vajda,,,,,,2026-08-22
2026-08-10,Max Basing,248.0,226,+7,15.0,1.0,2026-08-22
2026-08-03,Max Basing,250.0,219,+3,,,2026-08-22
2026-07-27,Max Basing,257.0,216,-,,,2026-08-22
,Santiago Gonzalez,,,,,,2026-08-22
,Toshiaki Sakai,,,,,,2026-08-22
,Artem Derepasko,,,,,,2026-08-22
,Audley Bell,,,,,,2026-08-22
,Bob Barker,,,,,,2026-08-22
,Bob Kerr,,,,,,2026-08-22
,Brian Ford,,,,,,2026-08-22
,Drew Meyers,,,,,,2026-08-22
,Flavio Mazzocchi,,,,,,2026-08-22
,Gordon Sawyer,,,,,,2026-08-22
,Guillem Burniol,,,,,,2026-08-22
,Ian Parkin,,,,,,2026-08-22
,Jim Ward,,,,,,2026-08-22
,Klaus Unverdross,,,,,,2026-08-22
,Morten Ronneberg,,,,,,2026-08-22
,Nick Badenhorst,,,,,,2026-08-22
2026-08-10,Radu David Turcanu,649.0,56,+1,16.0,,2026-08-22
2026-08-03,Radu David Turcanu,648.0,55,+2,,,2026-08-22
2026-07-27,Radu David Turcanu,663.0,53,+7,1.0,,2026-08-22
,Rohun Beven,,,,,,2026-08-22
,Shai Friedman,,,,,,2026-08-22
2026-08-10,Adrian Mannarino,52.0,1005,-,120.0,10.0,2026-08-22
2026-08-10,Adrian Mannarino,52.0,1005,-,120.0,10.0,2026-08-22
2026-08-10,Adrian Mannarino,52.0,1005,-,120.0,10.0,2026-08-22
2026-08-10,Adrian Mannarino,52.0,1005,-,120.0,10.0,2026-08-22
2026-08-03,Adrian Mannarino,47.0,1005,-,,,2026-08-22
2026-08-03,Adrian Mannarino,47.0,1005,-,,,2026-08-22
2026-08-03,Adrian Mannarino,47.0,1005,-,,,2026-08-22
2026-08-03,Adrian Mannarino,47.0,1005,-,,,2026-08-22
2026-07-27,Adrian Mannarino,47.0,1005,-,50.0,8.0,2026-08-22
2026-07-27,Adrian Mannarino,47.0,1005,-,50.0,8.0,2026-08-22
2026-07-27,Adrian Mannarino,47.0,1005,-,50.0,8.0,2026-08-22
2026-07-27,Adrian Mannarino,47.0,1005,-,50.0,8.0,2026-08-22
2026-07-20,Adrian Mannarino,46.0,1005,-,,,2026-08-22
2026-07-20,Adrian Mannarino,46.0,1005,-,,,2026-08-22
2026-07-20,Adrian Mannarino,46.0,1005,-,,,2026-08-22
2026-07-13,Adrian Mannarino,49.0,1005,-134,,,2026-08-22
2026-07-13,Adrian Mannarino,49.0,1005,-134,,,2026-08-22
2026-07-13,Adrian Mannarino,49.0,1005,-134,,,2026-08-22
2026-06-29,Adrian Mannarino,40.0,1139,-,194.0,10.0,2026-08-22
2026-06-29,Adrian Mannarino,40.0,1139,-,194.0,10.0,2026-08-22
2026-06-29,Adrian Mannarino,40.0,1139,-,194.0,10.0,2026-08-22
2026-06-22,Adrian Mannarino,40.0,1139,+40,,,2026-08-22
2026-06-22,Adrian Mannarino,40.0,1139,+40,,,2026-08-22
2026-06-15,Adrian Mannarino,44.0,1099,+68,,,2026-08-22
2026-06-15,Adrian Mannarino,44.0,1099,+68,,,2026-08-22
2026-06-08,Adrian Mannarino,46.0,1031,-6,32.0,8.0,2026-08-22
2026-06-08,Adrian Mannarino,46.0,1031,-6,32.0,8.0,2026-08-22
2026-05-25,Adrian Mannarino,45.0,1037,-,16.0,8.0,2026-08-22
2026-05-25,Adrian Mannarino,45.0,1037,-,16.0,8.0,2026-08-22
2026-05-18,Adrian Mannarino,44.0,1037,+2,,,2026-08-22
2026-05-18,Adrian Mannarino,44.0,1037,+2,,,2026-08-22
2026-05-04,Adrian Mannarino,45.0,1035,+10,,,2026-08-22
2026-05-04,Adrian Mannarino,45.0,1035,+10,,,2026-08-22
2026-04-20,Adrian Mannarino,46.0,1025,-,,,2026-08-22
2026-04-20,Adrian Mannarino,46.0,1025,-,,,2026-08-22
2026-04-13,Adrian Mannarino,46.0,1025,-25,,,2026-08-22
2026-04-13,Adrian Mannarino,46.0,1025,-25,,,2026-08-22
2026-04-06,Adrian Mannarino,46.0,1050,-32,35.0,,2026-08-22
2026-04-06,Adrian Mannarino,46.0,1050,-32,35.0,,2026-08-22
2026-03-30,Adrian Mannarino,43.0,1082,+22,32.0,,2026-08-22
2026-03-30,Adrian Mannarino,43.0,1082,+22,32.0,,2026-08-22
2026-03-16,Adrian Mannarino,43.0,1060,+35,8.0,,2026-08-22
2026-03-16,Adrian Mannarino,43.0,1060,+35,8.0,,2026-08-22
2026-03-02,Adrian Mannarino,48.0,1025,-,,,2026-08-22
2026-02-23,Adrian Mannarino,51.0,1025,-,,,2026-08-22
2026-02-16,Adrian Mannarino,49.0,1025,+50,,,2026-08-22
2026-02-09,Adrian Mannarino,52.0,975,+165,,,2026-08-22
2026-02-02,Adrian Mannarino,70.0,810,-,,,2026-08-22
2026-01-19,Adrian Mannarino,69.0,810,-,10.0,,2026-08-22
2026-01-12,Adrian Mannarino,69.0,810,-7,,,2026-08-22
2026-01-05,Adrian Mannarino,68.0,817,-,7.0,,2026-08-22
2025-12-29,Adrian Mannarino,69.0,817,-,,,2026-08-22
2025-12-22,Adrian Mannarino,69.0,817,-,,,2026-08-22
2025-12-15,Adrian Mannarino,69.0,817,-,,,2026-08-22
2025-12-08,Adrian Mannarino,69.0,817,-,,,2026-08-22
2025-12-01,Adrian Mannarino,69.0,817,-,,,2026-08-22
2025-11-24,Adrian Mannarino,69.0,817,-,,,2026-08-22
2025-11-17,Adrian Mannarino,69.0,817,-,,,2026-08-22
2025-11-10,Adrian Mannarino,70.0,817,-,,,2026-08-22
2025-11-03,Adrian Mannarino,71.0,817,-100,,,2026-08-22
2025-10-27,Adrian Mannarino,60.0,917,-,100.0,,2026-08-22
2025-10-20,Adrian Mannarino,58.0,917,-25,,,2026-08-22
2025-10-13,Adrian Mannarino,59.0,942,+20,25.0,,2026-08-22
,Bill Scanlon,,,,,,2026-08-22
2026-08-10,Ethan Quinn,58.0,979,-10,30.0,10.0,2026-08-22
2026-08-10,Ethan Quinn,58.0,979,-10,30.0,10.0,2026-08-22
2026-08-10,Ethan Quinn,58.0,979,-10,30.0,10.0,2026-08-22
2026-08-10,Ethan Quinn,58.0,979,-10,30.0,10.0,2026-08-22
2026-08-03,Ethan Quinn,51.0,989,-20,,,2026-08-22
2026-08-03,Ethan Quinn,51.0,989,-20,,,2026-08-22
2026-08-03,Ethan Quinn,51.0,989,-20,,,2026-08-22
2026-08-03,Ethan Quinn,51.0,989,-20,,,2026-08-22
2026-07-27,Ethan Quinn,46.0,1009,-12,30.0,10.0,2026-08-22
2026-07-27,Ethan Quinn,46.0,1009,-12,30.0,10.0,2026-08-22
2026-07-27,Ethan Quinn,46.0,1009,-12,30.0,10.0,2026-08-22
2026-07-27,Ethan Quinn,46.0,1009,-12,30.0,10.0,2026-08-22
2026-07-20,Ethan Quinn,45.0,1021,-,25.0,13.0,2026-08-22
2026-07-20,Ethan Quinn,45.0,1021,-,25.0,13.0,2026-08-22
2026-07-20,Ethan Quinn,45.0,1021,-,25.0,13.0,2026-08-22
2026-07-13,Ethan Quinn,47.0,1021,-,,,2026-08-22
2026-07-13,Ethan Quinn,47.0,1021,-,,,2026-08-22
2026-07-13,Ethan Quinn,47.0,1021,-,,,2026-08-22
2026-06-29,Ethan Quinn,47.0,1021,+127,50.0,13.0,2026-08-22
2026-06-29,Ethan Quinn,47.0,1021,+127,50.0,13.0,2026-08-22
2026-06-29,Ethan Quinn,47.0,1021,+127,50.0,13.0,2026-08-22
2026-06-22,Ethan Quinn,63.0,894,+40,38.0,13.0,2026-08-22
2026-06-22,Ethan Quinn,63.0,894,+40,38.0,13.0,2026-08-22
2026-06-15,Ethan Quinn,66.0,854,-,,,2026-08-22
2026-06-15,Ethan Quinn,66.0,854,-,,,2026-08-22
2026-06-08,Ethan Quinn,67.0,854,-120,,,2026-08-22
2026-06-08,Ethan Quinn,67.0,854,-120,,,2026-08-22
2026-05-25,Ethan Quinn,50.0,974,-,130.0,13.0,2026-08-22
2026-05-25,Ethan Quinn,50.0,974,-,130.0,13.0,2026-08-22
2026-05-18,Ethan Quinn,49.0,974,-3,,,2026-08-22
2026-05-18,Ethan Quinn,49.0,974,-3,,,2026-08-22
2026-05-04,Ethan Quinn,48.0,977,-,,,2026-08-22
2026-05-04,Ethan Quinn,48.0,977,-,,,2026-08-22
2026-04-20,Ethan Quinn,48.0,977,+50,50.0,10.0,2026-08-22
2026-04-20,Ethan Quinn,48.0,977,+50,50.0,10.0,2026-08-22
2026-04-13,Ethan Quinn,50.0,927,+16,25.0,10.0,2026-08-22
2026-04-13,Ethan Quinn,50.0,927,+16,25.0,10.0,2026-08-22
2026-04-06,Ethan Quinn,54.0,911,-15,,,2026-08-22
2026-04-06,Ethan Quinn,54.0,911,-15,,,2026-08-22
2026-03-30,Ethan Quinn,56.0,926,+20,25.0,10.0,2026-08-22
2026-03-30,Ethan Quinn,56.0,926,+20,25.0,10.0,2026-08-22
2026-03-16,Ethan Quinn,56.0,906,+145,30.0,10.0,2026-08-22
2026-03-16,Ethan Quinn,56.0,906,+145,30.0,10.0,2026-08-22
2026-03-02,Ethan Quinn,73.0,761,-15,30.0,7.0,2026-08-22
2026-02-23,Ethan Quinn,72.0,776,-,25.0,10.0,2026-08-22
2026-02-16,Ethan Quinn,70.0,776,+18,,,2026-08-22
2026-02-09,Ethan Quinn,74.0,758,-62,32.0,10.0,2026-08-22
2026-02-02,Ethan Quinn,68.0,820,+87,75.0,13.0,2026-08-22
2026-01-19,Ethan Quinn,80.0,733,-,,,2026-08-22
2026-01-12,Ethan Quinn,78.0,733,-,,,2026-08-22
2026-01-05,Ethan Quinn,76.0,733,-56,,,2026-08-22
2025-12-29,Ethan Quinn,70.0,789,-13,69.0,13.0,2026-08-22
2025-12-22,Ethan Quinn,70.0,802,-,,,2026-08-22
2025-12-15,Ethan Quinn,70.0,802,-,,,2026-08-22
2025-12-08,Ethan Quinn,70.0,802,-,,,2026-08-22
2025-12-01,Ethan Quinn,70.0,802,-,,,2026-08-22
2025-11-24,Ethan Quinn,70.0,802,-,,,2026-08-22
2025-11-17,Ethan Quinn,70.0,802,-62,,,2026-08-22
2025-11-10,Ethan Quinn,64.0,864,-,75.0,13.0,2026-08-22
2025-11-03,Ethan Quinn,67.0,864,+27,,,2026-08-22
2025-10-27,Ethan Quinn,71.0,837,+3,,,2026-08-22
2025-10-20,Ethan Quinn,71.0,834,-,,,2026-08-22
2025-10-13,Ethan Quinn,72.0,834,-2,,,2026-08-22
2026-08-10,Ilya Ivashka,374.0,136,+16,7.0,,2026-08-22
2026-08-03,Ilya Ivashka,402.0,120,-,,,2026-08-22
2026-07-27,Ilya Ivashka,401.0,120,-,,,2026-08-22
,Jack Brasington,,,,,,2026-08-22
,Laird Dunlop,,,,,,2026-08-22
,Markus Hantschk,,,,,,2026-08-22
2026-08-10,Pablo Llamas Ruiz,130.0,489,-,,,2026-08-22
2026-08-10,Pablo Llamas Ruiz,130.0,489,-,,,2026-08-22
2026-08-10,Pablo Llamas Ruiz,130.0,489,-,,,2026-08-22
2026-08-10,Pablo Llamas Ruiz,130.0,489,-,,,2026-08-22
2026-08-03,Pablo Llamas Ruiz,127.0,489,-,,,2026-08-22
2026-08-03,Pablo Llamas Ruiz,127.0,489,-,,,2026-08-22
2026-08-03,Pablo Llamas Ruiz,127.0,489,-,,,2026-08-22
2026-08-03,Pablo Llamas Ruiz,127.0,489,-,,,2026-08-22
2026-07-27,Pablo Llamas Ruiz,129.0,489,-55,,,2026-08-22
2026-07-27,Pablo Llamas Ruiz,129.0,489,-55,,,2026-08-22
2026-07-27,Pablo Llamas Ruiz,129.0,489,-55,,,2026-08-22
2026-07-27,Pablo Llamas Ruiz,129.0,489,-55,,,2026-08-22
2026-07-20,Pablo Llamas Ruiz,117.0,544,-1,63.0,6.0,2026-08-22
2026-07-20,Pablo Llamas Ruiz,117.0,544,-1,63.0,6.0,2026-08-22
2026-07-20,Pablo Llamas Ruiz,117.0,544,-1,63.0,6.0,2026-08-22
2026-07-13,Pablo Llamas Ruiz,116.0,545,+20,7.0,6.0,2026-08-22
2026-07-13,Pablo Llamas Ruiz,116.0,545,+20,7.0,6.0,2026-08-22
2026-07-13,Pablo Llamas Ruiz,116.0,545,+20,7.0,6.0,2026-08-22
2026-06-29,Pablo Llamas Ruiz,119.0,525,-,,,2026-08-22
2026-06-29,Pablo Llamas Ruiz,119.0,525,-,,,2026-08-22
2026-06-29,Pablo Llamas Ruiz,119.0,525,-,,,2026-08-22
2026-06-22,Pablo Llamas Ruiz,119.0,525,-,,,2026-08-22
2026-06-22,Pablo Llamas Ruiz,119.0,525,-,,,2026-08-22
2026-06-15,Pablo Llamas Ruiz,120.0,525,-,,,2026-08-22
2026-06-15,Pablo Llamas Ruiz,120.0,525,-,,,2026-08-22
2026-06-08,Pablo Llamas Ruiz,120.0,525,+10,,,2026-08-22
2026-06-08,Pablo Llamas Ruiz,120.0,525,+10,,,2026-08-22
2026-05-25,Pablo Llamas Ruiz,122.0,515,-,40.0,3.0,2026-08-22
2026-05-25,Pablo Llamas Ruiz,122.0,515,-,40.0,3.0,2026-08-22
2026-05-18,Pablo Llamas Ruiz,124.0,515,+67,,,2026-08-22
2026-05-18,Pablo Llamas Ruiz,124.0,515,+67,,,2026-08-22
2026-05-04,Pablo Llamas Ruiz,139.0,448,+9,,,2026-08-22
2026-05-04,Pablo Llamas Ruiz,139.0,448,+9,,,2026-08-22
2026-04-20,Pablo Llamas Ruiz,145.0,439,+20,,,2026-08-22
2026-04-20,Pablo Llamas Ruiz,145.0,439,+20,,,2026-08-22
2026-04-13,Pablo Llamas Ruiz,151.0,419,+5,,,2026-08-22
2026-04-13,Pablo Llamas Ruiz,151.0,419,+5,,,2026-08-22
2026-04-06,Pablo Llamas Ruiz,152.0,414,-,,,2026-08-22
2026-04-06,Pablo Llamas Ruiz,152.0,414,-,,,2026-08-22
2026-03-30,Pablo Llamas Ruiz,151.0,414,+100,,,2026-08-22
2026-03-30,Pablo Llamas Ruiz,151.0,414,+100,,,2026-08-22
2026-03-16,Pablo Llamas Ruiz,191.0,314,-,12.0,,2026-08-22
2026-03-16,Pablo Llamas Ruiz,191.0,314,-,12.0,,2026-08-22
2026-03-02,Pablo Llamas Ruiz,193.0,314,-,,,2026-08-22
2026-02-23,Pablo Llamas Ruiz,194.0,314,-,,,2026-08-22
2026-02-16,Pablo Llamas Ruiz,189.0,314,+22,,,2026-08-22
,Scott Oudsema,,,,,,2026-08-22
,Tomas Zib,,,,,,2026-08-22
,Alex Witt,,,,,,2026-08-22
,Andre Makkink,,,,,,2026-08-22
,Anthony Bull,,,,,,2026-08-22
,Bill Carroll,,,,,,2026-08-22
,C Floe,,,,,,2026-08-22
,Craig Venter,,,,,,2026-08-22
,Dainis Riekstins,,,,,,2026-08-22
,Francois Synnaeghal,,,,,,2026-08-22
,Jan Coebergh,,,,,,2026-08-22
,Joel Figueras,,,,,,2026-08-22
,R Frost,,,,,,2026-08-22
,Rick Rozen,,,,,,2026-08-22
,Sergio Tacchini,,,,,,2026-08-22
,Skip Taylor,,,,,,2026-08-22
,Stanley Matthews,,,,,,2026-08-22
,Stefano Mezzadri,,,,,,2026-08-22
,Yukihiko Murata,,,,,,2026-08-22
,Arnaud Boetsch,,,,,,2026-08-22
,Chip Hooper,,,,,,2026-08-22
,Dick Savitt,,,,,,2026-08-22
,Earl Butch Buchholz,,,,,,2026-08-22
2026-08-10,Guy Den Ouden,215.0,263,+14,,,2026-08-22
2026-08-03,Guy Den Ouden,222.0,249,-44,,,2026-08-22
2026-07-27,Guy Den Ouden,195.0,293,-,44.0,,2026-08-22
2026-07-27,Guy Den Ouden,195.0,293,-,44.0,,2026-08-22
2026-07-27,Guy Den Ouden,195.0,293,-,44.0,,2026-08-22
2026-07-27,Guy Den Ouden,195.0,293,-,44.0,,2026-08-22
2026-07-20,Guy Den Ouden,193.0,293,+53,,,2026-08-22
2026-07-20,Guy Den Ouden,193.0,293,+53,,,2026-08-22
2026-07-20,Guy Den Ouden,193.0,293,+53,,,2026-08-22
2026-05-04,Guy Den Ouden,195.0,304,-,48.0,,2026-08-22
2026-05-04,Guy Den Ouden,195.0,304,-,48.0,,2026-08-22
2026-04-20,Guy Den Ouden,193.0,304,-29,,,2026-08-22
2026-04-20,Guy Den Ouden,193.0,304,-29,,,2026-08-22
2026-04-13,Guy Den Ouden,181.0,333,-8,29.0,,2026-08-22
2026-04-13,Guy Den Ouden,181.0,333,-8,29.0,,2026-08-22
2026-04-06,Guy Den Ouden,175.0,341,-,8.0,,2026-08-22
2026-04-06,Guy Den Ouden,175.0,341,-,8.0,,2026-08-22
2026-03-30,Guy Den Ouden,176.0,341,-,,,2026-08-22
2026-03-30,Guy Den Ouden,176.0,341,-,,,2026-08-22
2026-03-16,Guy Den Ouden,175.0,341,-50,,,2026-08-22
2026-03-16,Guy Den Ouden,175.0,341,-50,,,2026-08-22
2026-03-02,Guy Den Ouden,156.0,391,-10,50.0,,2026-08-22
2026-02-23,Guy Den Ouden,151.0,401,-4,10.0,,2026-08-22
2026-02-16,Guy Den Ouden,154.0,405,+50,4.0,,2026-08-22
2026-02-09,Guy Den Ouden,169.0,355,-16,,,2026-08-22
2026-02-02,Guy Den Ouden,162.0,371,-1,16.0,,2026-08-22
2026-01-19,Guy Den Ouden,160.0,372,-,1.0,,2026-08-22
2026-01-12,Guy Den Ouden,160.0,372,-,,,2026-08-22
2026-01-05,Guy Den Ouden,158.0,372,-,,,2026-08-22
2025-12-29,Guy Den Ouden,160.0,372,-,,,2026-08-22
2025-12-22,Guy Den Ouden,160.0,372,-,,,2026-08-22
2025-12-15,Guy Den Ouden,160.0,372,-,,,2026-08-22
2025-12-08,Guy Den Ouden,160.0,372,-,,,2026-08-22
2025-12-01,Guy Den Ouden,160.0,372,-,,,2026-08-22
2025-11-24,Guy Den Ouden,161.0,372,-,,,2026-08-22
2025-11-17,Guy Den Ouden,160.0,372,-4,,,2026-08-22
2025-11-10,Guy Den Ouden,161.0,376,-,4.0,,2026-08-22
2025-11-03,Guy Den Ouden,158.0,376,-,,,2026-08-22
2025-10-27,Guy Den Ouden,157.0,376,-,,,2026-08-22
2025-10-20,Guy Den Ouden,155.0,376,-,,,2026-08-22
2025-10-13,Guy Den Ouden,157.0,376,-,,,2026-08-22
,Mahesh Bhupathi,,,,,,2026-08-22
2026-08-10,Manuel Sanchez,,1,-,,,2026-08-22
2026-08-03,Manuel Sanchez,,1,-,,,2026-08-22
2026-07-27,Manuel Sanchez,,1,-,,,2026-08-22
2026-08-10,Nicolas Moreno De Alboran,878.0,28,-,,,2026-08-22
2026-08-03,Nicolas Moreno De Alboran,863.0,28,-,,,2026-08-22
2026-07-27,Nicolas Moreno De Alboran,870.0,28,-,,,2026-08-22
,Richard Vogel,,,,,,2026-08-22
,Tim Van Rijthoven,,,,,,2026-08-22
,Yves Allegro,,,,,,2026-08-22
,A Jackson,,,,,,2026-08-22
,Bill Wallace,,,,,,2026-08-22
,Enver Mehmedbasich,,,,,,2026-08-22
,J Luna,,,,,,2026-08-22
,Jack Adolphson,,,,,,2026-08-22
,Jeremy Bond,,,,,,2026-08-22
,Karim Maamoun,,,,,,2026-08-22
,P Coyle,,,,,,2026-08-22
,Pete Daschmans,,,,,,2026-08-22
,S Joseph,,,,,,2026-08-22
,Siegfried Kipka,,,,,,2026-08-22
,Steve Woodley,,,,,,2026-08-22
,Tim Cooper,,,,,,2026-08-22
,Volker Hauffe,,,,,,2026-08-22
2026-08-10,Adrian Boitan,441.0,108,-,25.0,,2026-08-22
2026-08-03,Adrian Boitan,435.0,108,-1,,,2026-08-22
2026-07-27,Adrian Boitan,429.0,109,+1,1.0,,2026-08-22
2026-08-10,Alex Rybakov,507.0,89,-,,,2026-08-22
2026-08-03,Alex Rybakov,502.0,89,-4,,,2026-08-22
2026-07-27,Alex Rybakov,475.0,93,-,4.0,,2026-08-22
,Bonit Wiryawan,,,,,,2026-08-22
2026-08-10,Brandon Nakashima,22.0,2135,+625,50.0,25.0,2026-08-22
2026-08-10,Brandon Nakashima,22.0,2135,+625,50.0,25.0,2026-08-22
2026-08-10,Brandon Nakashima,22.0,2135,+625,50.0,25.0,2026-08-22
2026-08-10,Brandon Nakashima,22.0,2135,+625,50.0,25.0,2026-08-22
2026-08-03,Brandon Nakashima,31.0,1510,+150,,,2026-08-22
2026-08-03,Brandon Nakashima,31.0,1510,+150,,,2026-08-22
2026-08-03,Brandon Nakashima,31.0,1510,+150,,,2026-08-22
2026-08-03,Brandon Nakashima,31.0,1510,+150,,,2026-08-22
2026-07-27,Brandon Nakashima,33.0,1360,-75,50.0,25.0,2026-08-22
2026-07-27,Brandon Nakashima,33.0,1360,-75,50.0,25.0,2026-08-22
2026-07-27,Brandon Nakashima,33.0,1360,-75,50.0,25.0,2026-08-22
2026-07-27,Brandon Nakashima,33.0,1360,-75,50.0,25.0,2026-08-22
2026-07-20,Brandon Nakashima,32.0,1435,-,100.0,25.0,2026-08-22
2026-07-20,Brandon Nakashima,32.0,1435,-,100.0,25.0,2026-08-22
2026-07-20,Brandon Nakashima,32.0,1435,-,100.0,25.0,2026-08-22
2026-07-13,Brandon Nakashima,32.0,1435,-50,,,2026-08-22
2026-07-13,Brandon Nakashima,32.0,1435,-50,,,2026-08-22
2026-07-13,Brandon Nakashima,32.0,1435,-50,,,2026-08-22
2026-06-29,Brandon Nakashima,31.0,1485,-,100.0,25.0,2026-08-22
2026-06-29,Brandon Nakashima,31.0,1485,-,100.0,25.0,2026-08-22
2026-06-29,Brandon Nakashima,31.0,1485,-,100.0,25.0,2026-08-22
2026-06-22,Brandon Nakashima,31.0,1485,+100,,,2026-08-22
2026-06-22,Brandon Nakashima,31.0,1485,+100,,,2026-08-22
2026-06-15,Brandon Nakashima,32.0,1385,-,100.0,25.0,2026-08-22
2026-06-15,Brandon Nakashima,32.0,1385,-,100.0,25.0,2026-08-22
2026-06-08,Brandon Nakashima,32.0,1385,+90,,,2026-08-22
2026-06-08,Brandon Nakashima,32.0,1385,+90,,,2026-08-22
2026-05-25,Brandon Nakashima,35.0,1295,-,10.0,50.0,2026-08-22
2026-05-25,Brandon Nakashima,35.0,1295,-,10.0,50.0,2026-08-22
2026-05-18,Brandon Nakashima,33.0,1295,-,,,2026-08-22
2026-05-18,Brandon Nakashima,33.0,1295,-,,,2026-08-22
2026-05-04,Brandon Nakashima,32.0,1295,-90,50.0,50.0,2026-08-22
2026-05-04,Brandon Nakashima,32.0,1295,-90,50.0,50.0,2026-08-22
2026-04-20,Brandon Nakashima,32.0,1385,-,100.0,50.0,2026-08-22
2026-04-20,Brandon Nakashima,32.0,1385,-,100.0,50.0,2026-08-22
2026-04-13,Brandon Nakashima,33.0,1385,-,,,2026-08-22
2026-04-13,Brandon Nakashima,33.0,1385,-,,,2026-08-22
2026-04-06,Brandon Nakashima,33.0,1385,-10,,,2026-08-22
2026-04-06,Brandon Nakashima,33.0,1385,-10,,,2026-08-22
2026-03-30,Brandon Nakashima,33.0,1395,-90,100.0,50.0,2026-08-22
2026-03-30,Brandon Nakashima,33.0,1395,-90,100.0,50.0,2026-08-22
2026-03-16,Brandon Nakashima,30.0,1485,-50,100.0,50.0,2026-08-22
2026-03-16,Brandon Nakashima,30.0,1485,-50,100.0,50.0,2026-08-22
2026-03-02,Brandon Nakashima,30.0,1535,-,100.0,50.0,2026-08-22
2026-02-23,Brandon Nakashima,29.0,1535,-,200.0,50.0,2026-08-22
2026-02-16,Brandon Nakashima,29.0,1535,-,,,2026-08-22
2026-02-09,Brandon Nakashima,29.0,1535,-,,,2026-08-22
2026-02-02,Brandon Nakashima,32.0,1535,-,,,2026-08-22
2026-01-19,Brandon Nakashima,30.0,1535,-,10.0,50.0,2026-08-22
2026-01-12,Brandon Nakashima,29.0,1535,+155,,,2026-08-22
2026-01-05,Brandon Nakashima,33.0,1380,-,,,2026-08-22
2025-12-29,Brandon Nakashima,35.0,1380,-50,,,2026-08-22
2025-12-22,Brandon Nakashima,33.0,1430,-,,,2026-08-22
2025-12-15,Brandon Nakashima,33.0,1430,-,,,2026-08-22
2025-12-08,Brandon Nakashima,33.0,1430,-,,,2026-08-22
2025-12-01,Brandon Nakashima,33.0,1430,-,,,2026-08-22
2025-11-24,Brandon Nakashima,33.0,1430,-,,,2026-08-22
2025-11-17,Brandon Nakashima,33.0,1430,-,,,2026-08-22
2025-11-10,Brandon Nakashima,33.0,1430,-,,,2026-08-22
2025-11-03,Brandon Nakashima,33.0,1430,-40,,,2026-08-22
2025-10-27,Brandon Nakashima,33.0,1470,-,,,2026-08-22
2025-10-20,Brandon Nakashima,32.0,1470,+40,,,2026-08-22
2025-10-13,Brandon Nakashima,34.0,1430,-40,,,2026-08-22
,Brian Page,,,,,,2026-08-22
,Carsten Arriens,,,,,,2026-08-22
,Chris Pridham,,,,,,2026-08-22
,David Felgate,,,,,,2026-08-22
,Eduardo Medica,,,,,,2026-08-22
2026-08-10,Matias Soto,262.0,214,-,,,2026-08-22
2026-08-03,Matias Soto,256.0,214,-4,,,2026-08-22
2026-07-27,Matias Soto,252.0,218,-,7.0,,2026-08-22
,Miloslav Lacek,,,,,,2026-08-22
,Nicolas Massu,,,,,,2026-08-22
,Paul Gerken,,,,,,2026-08-22
,Andrew Carlson,,,,,,2026-08-22
,Billy Knight,,,,,,2026-08-22
,Bryan Borea,,,,,,2026-08-22
,Djordje Djuranovic,,,,,,2026-08-22
,Enrique Perez Alvarez,,,,,,2026-08-22
,Fritz Wolmarans,,,,,,2026-08-22
,Gerardo Wortelboer,,,,,,2026-08-22
,Giovanni Travia,,,,,,2026-08-22
,H Gais,,,,,,2026-08-22
,Jan Eric Palm,,,,,,2026-08-22
,Juan Ignacio Muntanola,,,,,,2026-08-22
,Juan Notz,,,,,,2026-08-22
,Larry Kroll,,,,,,2026-08-22
,Matthew Breen,,,,,,2026-08-22
,Raimo Ojala,,,,,,2026-08-22
,Reynaldo Garrido,,,,,,2026-08-22
,Roger Mckee,,,,,,2026-08-22
,Brian Wilson,,,,,,2026-08-22
,Craig Edwards,,,,,,2026-08-22
2026-08-10,Daniel Rincon,206.0,274,-,4.0,,2026-08-22
2026-08-03,Daniel Rincon,203.0,274,-,,,2026-08-22
2026-07-27,Daniel Rincon,207.0,274,+2,,,2026-08-22
,David Lewis,,,,,,2026-08-22
,Filippo Messori,,,,,,2026-08-22
,Giorgio Galimberti,,,,,,2026-08-22
,Juan Giner,,,,,,2026-08-22
,Juan Sebastian Cabal,,,,,,2026-08-22
,Karl Richter,,,,,,2026-08-22
2026-08-10,Lloyd Harris,175.0,323,+6,10.0,,2026-08-22
2026-08-10,Lloyd Harris,175.0,323,+6,10.0,,2026-08-22
2026-08-10,Lloyd Harris,175.0,323,+6,10.0,,2026-08-22
2026-08-10,Lloyd Harris,175.0,323,+6,10.0,,2026-08-22
2026-08-03,Lloyd Harris,179.0,317,-,,,2026-08-22
2026-08-03,Lloyd Harris,179.0,317,-,,,2026-08-22
2026-08-03,Lloyd Harris,179.0,317,-,,,2026-08-22
2026-08-03,Lloyd Harris,179.0,317,-,,,2026-08-22
2026-07-27,Lloyd Harris,182.0,317,+8,,,2026-08-22
2026-07-27,Lloyd Harris,182.0,317,+8,,,2026-08-22
2026-07-27,Lloyd Harris,182.0,317,+8,,,2026-08-22
2026-07-27,Lloyd Harris,182.0,317,+8,,,2026-08-22
2026-07-20,Lloyd Harris,186.0,309,-,,,2026-08-22
2026-07-20,Lloyd Harris,186.0,309,-,,,2026-08-22
2026-07-20,Lloyd Harris,186.0,309,-,,,2026-08-22
2026-07-13,Lloyd Harris,187.0,309,-50,,,2026-08-22
2026-07-13,Lloyd Harris,187.0,309,-50,,,2026-08-22
2026-07-13,Lloyd Harris,187.0,309,-50,,,2026-08-22
2026-06-29,Lloyd Harris,160.0,359,-,50.0,,2026-08-22
2026-06-29,Lloyd Harris,160.0,359,-,50.0,,2026-08-22
2026-06-29,Lloyd Harris,160.0,359,-,50.0,,2026-08-22
2026-06-22,Lloyd Harris,161.0,359,-8,,,2026-08-22
2026-06-22,Lloyd Harris,161.0,359,-8,,,2026-08-22
2026-06-15,Lloyd Harris,161.0,367,-8,8.0,,2026-08-22
2026-06-15,Lloyd Harris,161.0,367,-8,8.0,,2026-08-22
2026-06-08,Lloyd Harris,160.0,375,-48,8.0,,2026-08-22
2026-06-08,Lloyd Harris,160.0,375,-48,8.0,,2026-08-22
2026-05-25,Lloyd Harris,143.0,423,-,56.0,,2026-08-22
2026-05-25,Lloyd Harris,143.0,423,-,56.0,,2026-08-22
2026-05-18,Lloyd Harris,144.0,423,-,,,2026-08-22
2026-05-18,Lloyd Harris,144.0,423,-,,,2026-08-22
2026-05-04,Lloyd Harris,146.0,423,+10,,,2026-08-22
2026-05-04,Lloyd Harris,146.0,423,+10,,,2026-08-22
2026-04-20,Lloyd Harris,155.0,413,-,,,2026-08-22
2026-04-20,Lloyd Harris,155.0,413,-,,,2026-08-22
2026-04-13,Lloyd Harris,153.0,413,-,,,2026-08-22
2026-04-13,Lloyd Harris,153.0,413,-,,,2026-08-22
2026-04-06,Lloyd Harris,153.0,413,+7,,,2026-08-22
2026-04-06,Lloyd Harris,153.0,413,+7,,,2026-08-22
2026-03-30,Lloyd Harris,152.0,406,+7,,,2026-08-22
2026-03-30,Lloyd Harris,152.0,406,+7,,,2026-08-22
2026-03-16,Lloyd Harris,149.0,399,-,,,2026-08-22
2026-03-16,Lloyd Harris,149.0,399,-,,,2026-08-22
2026-03-02,Lloyd Harris,152.0,399,-,,,2026-08-22
2026-02-23,Lloyd Harris,152.0,399,-,,,2026-08-22
2026-02-16,Lloyd Harris,155.0,399,+75,,,2026-08-22
2026-02-09,Lloyd Harris,186.0,324,-7,,,2026-08-22
2026-02-02,Lloyd Harris,185.0,331,+75,7.0,,2026-08-22
,Marius Copil,,,,,,2026-08-22
,Michael Tauson,,,,,,2026-08-22
,Miguel Nido,,,,,,2026-08-22
,Santiago Fa Rodriguez Taverna,,,,,,2026-08-22
,Sasa Tuksar,,,,,,2026-08-22
,Tom Leonard,,,,,,2026-08-22
,Alexander Shvec,,,,,,2026-08-22
,Andrzej Licis,,,,,,2026-08-22
,Anibal Leal,,,,,,2026-08-22
,Bert Van Slooten,,,,,,2026-08-22
,Conrad Hamilton,,,,,,2026-08-22
,D Hillen,,,,,,2026-08-22
,Felix Morey,,,,,,2026-08-22
,Greg Perkins,,,,,,2026-08-22
,Jean Francois Caujolle,,,,,,2026-08-22
,Kenny Smith,,,,,,2026-08-22
,Kevin Keele,,,,,,2026-08-22
,Khaled Baligh,,,,,,2026-08-22
,Leif Beck,,,,,,2026-08-22
,Mariano Albert Ferrando,,,,,,2026-08-22
,Miguel Carbo,,,,,,2026-08-22
,Mike Prineas,,,,,,2026-08-22
,Patrick Beraud,,,,,,2026-08-22
,Peter Lamp,,,,,,2026-08-22
,Richard Ravreby,,,,,,2026-08-22
,Shigeru Ota,,,,,,2026-08-22
,Stewart Richter,,,,,,2026-08-22
,Alexander Slabinsky,,,,,,2026-08-22
,Bob Puddicombe,,,,,,2026-08-22
,Brad Pearce,,,,,,2026-08-22
,Dean Botha,,,,,,2026-08-22
,Gustavo Guerrero,,,,,,2026-08-22
2026-08-10,Karen Khachanov,39.0,1140,+10,100.0,,2026-08-22
2026-08-10,Karen Khachanov,39.0,1140,+10,100.0,,2026-08-22
2026-08-10,Karen Khachanov,39.0,1140,+10,100.0,,2026-08-22
2026-08-10,Karen Khachanov,39.0,1140,+10,100.0,,2026-08-22
2026-08-03,Karen Khachanov,39.0,1130,-650,,,2026-08-22
2026-08-03,Karen Khachanov,39.0,1130,-650,,,2026-08-22
2026-08-03,Karen Khachanov,39.0,1130,-650,,,2026-08-22
2026-08-03,Karen Khachanov,39.0,1130,-650,,,2026-08-22
2026-07-27,Karen Khachanov,26.0,1780,-,650.0,,2026-08-22
2026-07-27,Karen Khachanov,26.0,1780,-,650.0,,2026-08-22
2026-07-27,Karen Khachanov,26.0,1780,-,650.0,,2026-08-22
2026-07-27,Karen Khachanov,26.0,1780,-,650.0,,2026-08-22
2026-07-20,Karen Khachanov,26.0,1780,-,,,2026-08-22
2026-07-20,Karen Khachanov,26.0,1780,-,,,2026-08-22
2026-07-20,Karen Khachanov,26.0,1780,-,,,2026-08-22
2026-07-13,Karen Khachanov,26.0,1780,-300,,,2026-08-22
2026-07-13,Karen Khachanov,26.0,1780,-300,,,2026-08-22
2026-07-13,Karen Khachanov,26.0,1780,-300,,,2026-08-22
2026-06-29,Karen Khachanov,22.0,2080,-,400.0,,2026-08-22
2026-06-29,Karen Khachanov,22.0,2080,-,400.0,,2026-08-22
2026-06-29,Karen Khachanov,22.0,2080,-,400.0,,2026-08-22
2026-06-22,Karen Khachanov,22.0,2080,-200,,,2026-08-22
2026-06-22,Karen Khachanov,22.0,2080,-200,,,2026-08-22
2026-06-15,Karen Khachanov,18.0,2280,-40,200.0,,2026-08-22
2026-06-15,Karen Khachanov,18.0,2280,-40,200.0,,2026-08-22
2026-06-08,Karen Khachanov,15.0,2320,-,50.0,10.0,2026-08-22
2026-06-08,Karen Khachanov,15.0,2320,-,50.0,10.0,2026-08-22
2026-05-25,Karen Khachanov,15.0,2320,-,100.0,10.0,2026-08-22
2026-05-25,Karen Khachanov,15.0,2320,-,100.0,10.0,2026-08-22
2026-05-18,Karen Khachanov,15.0,2320,+100,50.0,10.0,2026-08-22
2026-05-18,Karen Khachanov,15.0,2320,+100,50.0,10.0,2026-08-22
2026-05-04,Karen Khachanov,15.0,2220,-,100.0,10.0,2026-08-22
2026-05-04,Karen Khachanov,15.0,2220,-,100.0,10.0,2026-08-22
2026-04-20,Karen Khachanov,16.0,2220,-190,50.0,10.0,2026-08-22
2026-04-20,Karen Khachanov,16.0,2220,-190,50.0,10.0,2026-08-22
2026-04-13,Karen Khachanov,14.0,2410,-,200.0,10.0,2026-08-22
2026-04-13,Karen Khachanov,14.0,2410,-,200.0,10.0,2026-08-22
2026-04-06,Karen Khachanov,14.0,2410,-,,,2026-08-22
2026-04-06,Karen Khachanov,14.0,2410,-,,,2026-08-22
2026-03-30,Karen Khachanov,15.0,2410,-,,,2026-08-22
2026-03-30,Karen Khachanov,15.0,2410,-,,,2026-08-22
2026-03-16,Karen Khachanov,15.0,2410,-40,50.0,10.0,2026-08-22
2026-03-16,Karen Khachanov,15.0,2410,-40,50.0,10.0,2026-08-22
2026-03-02,Karen Khachanov,16.0,2450,-,50.0,10.0,2026-08-22
2026-02-23,Karen Khachanov,16.0,2450,+90,50.0,10.0,2026-08-22
2026-02-16,Karen Khachanov,17.0,2360,+40,,,2026-08-22
2026-02-09,Karen Khachanov,18.0,2320,-,,,2026-08-22
2026-02-02,Karen Khachanov,18.0,2320,-,,,2026-08-22
2026-01-19,Karen Khachanov,18.0,2320,-,100.0,,2026-08-22
2026-01-12,Karen Khachanov,17.0,2320,-,,,2026-08-22
2026-01-05,Karen Khachanov,17.0,2320,-,,,2026-08-22
2025-12-29,Karen Khachanov,17.0,2320,-,,,2026-08-22
2025-12-22,Karen Khachanov,18.0,2320,-,,,2026-08-22
2025-12-15,Karen Khachanov,18.0,2320,-,,,2026-08-22
2025-12-08,Karen Khachanov,18.0,2320,-,,,2026-08-22
2025-12-01,Karen Khachanov,18.0,2320,-,,,2026-08-22
2025-11-24,Karen Khachanov,18.0,2320,-,,,2026-08-22
2025-11-17,Karen Khachanov,18.0,2320,-,,,2026-08-22
2025-11-10,Karen Khachanov,18.0,2320,-,,,2026-08-22
2025-11-03,Karen Khachanov,18.0,2320,-300,,,2026-08-22
2025-10-27,Karen Khachanov,14.0,2620,-330,400.0,,2026-08-22
2025-10-20,Karen Khachanov,13.0,2950,-240,330.0,,2026-08-22
2025-10-13,Karen Khachanov,10.0,3190,-,250.0,10.0,2026-08-22
,Lloyd Bourne,,,,,,2026-08-22
,Quino Munoz,,,,,,2026-08-22
,Roger Rasheed,,,,,,2026-08-22
,Rui Machado,,,,,,2026-08-22
,Travis Rettenmaier,,,,,,2026-08-22
,Barry Conway,,,,,,2026-08-22
,Eugene Speni,,,,,,2026-08-22
,Francisco Pinto,,,,,,2026-08-22
,John Schaefer,,,,,,2026-08-22
,K Tobin,,,,,,2026-08-22
,Larry Collins,,,,,,2026-08-22
,Mike Beene,,,,,,2026-08-22
,Omar Awadhy,,,,,,2026-08-22
,Omar Laimina,,,,,,2026-08-22
,Otto Oberparleiter,,,,,,2026-08-22
,Tomer Zimmerman,,,,,,2026-08-22
,Tony Dawson,,,,,,2026-08-22
,Carlos Kirmayr,,,,,,2026-08-22
,Chris Eaton,,,,,,2026-08-22
,Doug Flach,,,,,,2026-08-22
,Joakim Nystrom,,,,,,2026-08-22
,Joao Sousa,,,,,,2026-08-22
,Milan Holecek,,,,,,2026-08-22
,Nicolas Thomann,,,,,,2026-08-22
2026-08-10,Roberto Carballes Baena,190.0,299,-,30.0,,2026-08-22
2026-08-10,Roberto Carballes Baena,190.0,299,-,30.0,,2026-08-22
2026-08-10,Roberto Carballes Baena,190.0,299,-,30.0,,2026-08-22
2026-08-10,Roberto Carballes Baena,190.0,299,-,30.0,,2026-08-22
2026-08-03,Roberto Carballes Baena,188.0,299,-24,,,2026-08-22
2026-08-03,Roberto Carballes Baena,188.0,299,-24,,,2026-08-22
2026-08-03,Roberto Carballes Baena,188.0,299,-24,,,2026-08-22
2026-08-03,Roberto Carballes Baena,188.0,299,-24,,,2026-08-22
2026-07-27,Roberto Carballes Baena,176.0,323,-,30.0,,2026-08-22
2026-07-27,Roberto Carballes Baena,176.0,323,-,30.0,,2026-08-22
2026-07-27,Roberto Carballes Baena,176.0,323,-,30.0,,2026-08-22
2026-07-27,Roberto Carballes Baena,176.0,323,-,30.0,,2026-08-22
2026-07-20,Roberto Carballes Baena,177.0,323,-19,,,2026-08-22
2026-07-20,Roberto Carballes Baena,177.0,323,-19,,,2026-08-22
2026-07-20,Roberto Carballes Baena,177.0,323,-19,,,2026-08-22
2026-07-13,Roberto Carballes Baena,165.0,342,-11,25.0,6.0,2026-08-22
2026-07-13,Roberto Carballes Baena,165.0,342,-11,25.0,6.0,2026-08-22
2026-07-13,Roberto Carballes Baena,165.0,342,-11,25.0,6.0,2026-08-22
2026-06-29,Roberto Carballes Baena,163.0,353,-,26.0,13.0,2026-08-22
2026-06-29,Roberto Carballes Baena,163.0,353,-,26.0,13.0,2026-08-22
2026-06-29,Roberto Carballes Baena,163.0,353,-,26.0,13.0,2026-08-22
2026-06-22,Roberto Carballes Baena,166.0,353,+9,,,2026-08-22
2026-06-22,Roberto Carballes Baena,166.0,353,+9,,,2026-08-22
2026-06-15,Roberto Carballes Baena,172.0,344,+38,,,2026-08-22
2026-06-15,Roberto Carballes Baena,172.0,344,+38,,,2026-08-22
2026-06-08,Roberto Carballes Baena,191.0,306,+24,,,2026-08-22
2026-06-08,Roberto Carballes Baena,191.0,306,+24,,,2026-08-22
2026-05-04,Roberto Carballes Baena,199.0,292,+6,10.0,,2026-08-22
2026-05-04,Roberto Carballes Baena,199.0,292,+6,10.0,,2026-08-22
2026-03-30,Roberto Carballes Baena,159.0,379,+14,100.0,6.0,2026-08-22
2026-03-30,Roberto Carballes Baena,159.0,379,+14,100.0,6.0,2026-08-22
2026-03-16,Roberto Carballes Baena,165.0,365,-3,30.0,6.0,2026-08-22
2026-03-16,Roberto Carballes Baena,165.0,365,-3,30.0,6.0,2026-08-22
2026-03-02,Roberto Carballes Baena,168.0,368,-,10.0,7.0,2026-08-22
2026-02-23,Roberto Carballes Baena,164.0,368,+18,,,2026-08-22
2026-02-16,Roberto Carballes Baena,175.0,350,+7,,,2026-08-22
2026-02-09,Roberto Carballes Baena,175.0,343,-,,,2026-08-22
2026-02-02,Roberto Carballes Baena,175.0,343,-84,,,2026-08-22
2026-01-19,Roberto Carballes Baena,147.0,427,-,100.0,,2026-08-22
2026-01-12,Roberto Carballes Baena,147.0,427,-42,,,2026-08-22
2026-01-05,Roberto Carballes Baena,128.0,469,-,50.0,,2026-08-22
2025-12-29,Roberto Carballes Baena,129.0,469,-,,,2026-08-22
2025-12-22,Roberto Carballes Baena,130.0,469,-,,,2026-08-22
2025-12-15,Roberto Carballes Baena,130.0,469,-,,,2026-08-22
2025-12-08,Roberto Carballes Baena,131.0,469,-,,,2026-08-22
2025-12-01,Roberto Carballes Baena,131.0,469,-,,,2026-08-22
2025-11-24,Roberto Carballes Baena,132.0,469,-,,,2026-08-22
2025-11-17,Roberto Carballes Baena,133.0,469,-,,,2026-08-22
2025-11-10,Roberto Carballes Baena,134.0,469,-,,,2026-08-22
2025-11-03,Roberto Carballes Baena,133.0,469,-26,,,2026-08-22
2025-10-27,Roberto Carballes Baena,126.0,495,-,26.0,,2026-08-22
2025-10-20,Roberto Carballes Baena,129.0,495,-25,,,2026-08-22
2025-10-13,Roberto Carballes Baena,122.0,520,-44,25.0,,2026-08-22
,Vasilis Mazarakis,,,,,,2026-08-22
,Vladimir Gabrichidze,,,,,,2026-08-22
2026-08-10,Zhe Li,,1,-,,,2026-08-22
2026-08-03,Zhe Li,,1,-,,,2026-08-22
2026-07-27,Zhe Li,,1,-,,,2026-08-22
,Alberto Capitan,,,,,,2026-08-22
,Catalin Gard,,,,,,2026-08-22
,Charles Hoeveler,,,,,,2026-08-22
,Clem Robertson,,,,,,2026-08-22
,David Egdes,,,,,,2026-08-22
,Gustav Reinach,,,,,,2026-08-22
,Jean Pierre Richer,,,,,,2026-08-22
,Jiri Medonos,,,,,,2026-08-22
,Kerlin Butchee,,,,,,2026-08-22
,Lajos Levai,,,,,,2026-08-22
,Masayoshi Takeyari,,,,,,2026-08-22
,N Gillasby,,,,,,2026-08-22
,O Escribano,,,,,,2026-08-22
,Osamu Ishiguro,,,,,,2026-08-22
,Robin Drysdale,,,,,,2026-08-22
,Toshihisa Tsuchihashi,,,,,,2026-08-22
,Eui Jong Chang,,,,,,2026-08-22
2026-08-10,Filip Peliwo,555.0,75,-,6.0,,2026-08-22
2026-08-03,Filip Peliwo,547.0,75,-,,,2026-08-22
2026-07-27,Filip Peliwo,548.0,75,-3,,,2026-08-22
2026-08-10,Gael Monfils,305.0,180,+30,,,2026-08-22
2026-08-03,Gael Monfils,347.0,150,-10,,,2026-08-22
2026-07-27,Gael Monfils,326.0,160,-,10.0,,2026-08-22
2026-04-20,Gael Monfils,200.0,290,-,30.0,,2026-08-22
2026-04-20,Gael Monfils,200.0,290,-,30.0,,2026-08-22
2026-04-13,Gael Monfils,200.0,290,-,,,2026-08-22
2026-04-13,Gael Monfils,200.0,290,-,,,2026-08-22
2026-04-06,Gael Monfils,199.0,290,-,50.0,,2026-08-22
2026-04-06,Gael Monfils,199.0,290,-,50.0,,2026-08-22
2026-03-16,Gael Monfils,153.0,390,-20,100.0,,2026-08-22
2026-03-16,Gael Monfils,153.0,390,-20,100.0,,2026-08-22
2026-03-02,Gael Monfils,148.0,410,+50,50.0,,2026-08-22
2026-02-23,Gael Monfils,170.0,360,-,,,2026-08-22
2026-02-16,Gael Monfils,170.0,360,-,,,2026-08-22
2026-02-09,Gael Monfils,162.0,360,-,,,2026-08-22
2026-02-02,Gael Monfils,165.0,360,-190,,,2026-08-22
2026-01-19,Gael Monfils,110.0,550,-,200.0,,2026-08-22
2026-01-12,Gael Monfils,110.0,550,-250,,,2026-08-22
2026-01-05,Gael Monfils,69.0,800,-25,250.0,,2026-08-22
2025-12-29,Gael Monfils,68.0,825,-,25.0,,2026-08-22
2025-12-22,Gael Monfils,68.0,825,-,,,2026-08-22
2025-12-15,Gael Monfils,68.0,825,-,,,2026-08-22
2025-12-08,Gael Monfils,68.0,825,-,,,2026-08-22
2025-12-01,Gael Monfils,68.0,825,-,,,2026-08-22
2025-11-24,Gael Monfils,68.0,825,-,,,2026-08-22
2025-11-17,Gael Monfils,68.0,825,-,,,2026-08-22
2025-11-10,Gael Monfils,69.0,825,-,,,2026-08-22
2025-11-03,Gael Monfils,70.0,825,-,,,2026-08-22
2025-10-27,Gael Monfils,72.0,825,-50,,,2026-08-22
2025-10-20,Gael Monfils,66.0,875,-,50.0,,2026-08-22
2025-10-13,Gael Monfils,65.0,875,-100,,,2026-08-22
2026-08-10,Kyrian Jacquet,119.0,551,+30,,,2026-08-22
2026-08-10,Kyrian Jacquet,119.0,551,+30,,,2026-08-22
2026-08-10,Kyrian Jacquet,119.0,551,+30,,,2026-08-22
2026-08-10,Kyrian Jacquet,119.0,551,+30,,,2026-08-22
2026-08-03,Kyrian Jacquet,121.0,521,-,,,2026-08-22
2026-08-03,Kyrian Jacquet,121.0,521,-,,,2026-08-22
2026-08-03,Kyrian Jacquet,121.0,521,-,,,2026-08-22
2026-08-03,Kyrian Jacquet,121.0,521,-,,,2026-08-22
2026-07-27,Kyrian Jacquet,120.0,521,+32,,,2026-08-22
2026-07-27,Kyrian Jacquet,120.0,521,+32,,,2026-08-22
2026-07-27,Kyrian Jacquet,120.0,521,+32,,,2026-08-22
2026-07-27,Kyrian Jacquet,120.0,521,+32,,,2026-08-22
2026-07-20,Kyrian Jacquet,134.0,489,-8,,,2026-08-22
2026-07-20,Kyrian Jacquet,134.0,489,-8,,,2026-08-22
2026-07-20,Kyrian Jacquet,134.0,489,-8,,,2026-08-22
2026-07-13,Kyrian Jacquet,130.0,497,+64,8.0,,2026-08-22
2026-07-13,Kyrian Jacquet,130.0,497,+64,8.0,,2026-08-22
2026-07-13,Kyrian Jacquet,130.0,497,+64,8.0,,2026-08-22
2026-06-29,Kyrian Jacquet,139.0,433,-,16.0,,2026-08-22
2026-06-29,Kyrian Jacquet,139.0,433,-,16.0,,2026-08-22
2026-06-29,Kyrian Jacquet,139.0,433,-,16.0,,2026-08-22
2026-06-22,Kyrian Jacquet,136.0,433,+22,,,2026-08-22
2026-06-22,Kyrian Jacquet,136.0,433,+22,,,2026-08-22
2026-06-15,Kyrian Jacquet,145.0,411,-,,,2026-08-22
2026-06-15,Kyrian Jacquet,145.0,411,-,,,2026-08-22
2026-06-08,Kyrian Jacquet,146.0,411,-,,,2026-08-22
2026-06-08,Kyrian Jacquet,146.0,411,-,,,2026-08-22
2026-05-25,Kyrian Jacquet,147.0,411,-,40.0,,2026-08-22
2026-05-25,Kyrian Jacquet,147.0,411,-,40.0,,2026-08-22
2026-05-18,Kyrian Jacquet,147.0,411,-12,,,2026-08-22
2026-05-18,Kyrian Jacquet,147.0,411,-12,,,2026-08-22
2026-05-04,Kyrian Jacquet,147.0,423,-,12.0,,2026-08-22
2026-05-04,Kyrian Jacquet,147.0,423,-,12.0,,2026-08-22
2026-04-20,Kyrian Jacquet,151.0,423,-,,,2026-08-22
2026-04-20,Kyrian Jacquet,151.0,423,-,,,2026-08-22
2026-04-13,Kyrian Jacquet,149.0,423,-,,,2026-08-22
2026-04-13,Kyrian Jacquet,149.0,423,-,,,2026-08-22
2026-04-06,Kyrian Jacquet,149.0,423,-,,,2026-08-22
2026-04-06,Kyrian Jacquet,149.0,423,-,,,2026-08-22
2026-03-30,Kyrian Jacquet,149.0,423,+16,,,2026-08-22
2026-03-30,Kyrian Jacquet,149.0,423,+16,,,2026-08-22
2026-03-16,Kyrian Jacquet,146.0,407,-,6.0,,2026-08-22
2026-03-16,Kyrian Jacquet,146.0,407,-,6.0,,2026-08-22
2026-03-02,Kyrian Jacquet,149.0,407,-,,,2026-08-22
2026-02-23,Kyrian Jacquet,150.0,407,-7,,,2026-08-22
2026-02-16,Kyrian Jacquet,153.0,414,-75,7.0,,2026-08-22
2026-02-09,Kyrian Jacquet,128.0,489,-100,75.0,,2026-08-22
2026-02-02,Kyrian Jacquet,102.0,589,+112,100.0,,2026-08-22
2026-01-19,Kyrian Jacquet,128.0,477,-,13.0,,2026-08-22
2026-01-12,Kyrian Jacquet,128.0,477,+35,,,2026-08-22
2026-01-05,Kyrian Jacquet,136.0,442,-,,,2026-08-22
2025-12-29,Kyrian Jacquet,137.0,442,-,,,2026-08-22
2025-12-22,Kyrian Jacquet,138.0,442,-,,,2026-08-22
2025-12-15,Kyrian Jacquet,138.0,442,-,,,2026-08-22
2025-12-08,Kyrian Jacquet,138.0,442,-,,,2026-08-22
2025-12-01,Kyrian Jacquet,138.0,442,-,,,2026-08-22
2025-11-24,Kyrian Jacquet,137.0,442,-7,,,2026-08-22
2025-11-17,Kyrian Jacquet,137.0,449,+6,7.0,,2026-08-22
2025-11-10,Kyrian Jacquet,138.0,443,+57,6.0,,2026-08-22
2025-11-03,Kyrian Jacquet,156.0,386,-,,,2026-08-22
2025-10-27,Kyrian Jacquet,155.0,386,-,,,2026-08-22
2025-10-20,Kyrian Jacquet,151.0,386,+75,,,2026-08-22
2025-10-13,Kyrian Jacquet,183.0,311,+13,,,2026-08-22
,Martin Emmrich,,,,,,2026-08-22
,Martin Garcia,,,,,,2026-08-22
,Martin Vassallo Arguello,,,,,,2026-08-22
,Neil Borwick,,,,,,2026-08-22
,Philip Johnson,,,,,,2026-08-22
,Richard Fromberg,,,,,,2026-08-22
,Werner Eschauer,,,,,,2026-08-22
,A Galbraith,,,,,,2026-08-22
,Alexei Belov,,,,,,2026-08-22
,Andras Szikszay,,,,,,2026-08-22
,Dick Stradmeijer,,,,,,2026-08-22
,Harvey Becker,,,,,,2026-08-22
,K Reid,,,,,,2026-08-22
,Ned Weld,,,,,,2026-08-22
,Pavel Hutka,,,,,,2026-08-22
,Reed Cordish,,,,,,2026-08-22
,Rob Kilderry,,,,,,2026-08-22
,Suehiro Ito,,,,,,2026-08-22
,Wilhelm Burgemeister,,,,,,2026-08-22
,Andreas Maurer,,,,,,2026-08-22
,Claudio Pistolesi,,,,,,2026-08-22
,Jaime Pinto Bravo,,,,,,2026-08-22
,Malcolm Allen,,,,,,2026-08-22
,Oren Motevassel,,,,,,2026-08-22
,Patrice Hagelauer,,,,,,2026-08-22
2026-08-10,Ramkumar Ramanathan,,6,-,,,2026-08-22
2026-08-03,Ramkumar Ramanathan,,6,-,,,2026-08-22
2026-07-27,Ramkumar Ramanathan,,6,-,,,2026-08-22
2026-08-10,Reda Bennani,474.0,97,-,11.0,,2026-08-22
2026-08-03,Reda Bennani,463.0,97,+4,,,2026-08-22
2026-07-27,Reda Bennani,474.0,93,+7,3.0,,2026-08-22
,Tim Smyczek,,,,,,2026-08-22
,Bo Holmstrom,,,,,,2026-08-22
,Federico Cervantes,,,,,,2026-08-22
,Felix Ponte,,,,,,2026-08-22
,G Roberts,,,,,,2026-08-22
,Issa Khodaei,,,,,,2026-08-22
,Jan Hordijk,,,,,,2026-08-22
,Jan Pisecky,,,,,,2026-08-22
,John Eagleton,,,,,,2026-08-22
,John Evans,,,,,,2026-08-22
,Kurt Ring,,,,,,2026-08-22
,Martin Goldberg,,,,,,2026-08-22
,Mike Crane,,,,,,2026-08-22
,Pablo Galdon,,,,,,2026-08-22
,Rabie Chaki,,,,,,2026-08-22
,Radovan Chrz,,,,,,2026-08-22
,Thomaz Koch,,,,,,2026-08-22
,Yaoki Ishii,,,,,,2026-08-22
,Broderick Dyke,,,,,,2026-08-22
2026-08-10,Fajing Sun,324.0,166,+4,,,2026-08-22
2026-08-03,Fajing Sun,326.0,162,-,,,2026-08-22
2026-07-27,Fajing Sun,322.0,162,-,,,2026-08-22
2026-05-04,Fajing Sun,197.0,296,+22,100.0,,2026-08-22
2026-05-04,Fajing Sun,197.0,296,+22,100.0,,2026-08-22
,Fernando Meligeni,,,,,,2026-08-22
,Florent Serra,,,,,,2026-08-22
,Gonzalo Lama,,,,,,2026-08-22
2026-08-10,James Duckworth,86.0,743,+22,,,2026-08-22
2026-08-10,James Duckworth,86.0,743,+22,,,2026-08-22
2026-08-10,James Duckworth,86.0,743,+22,,,2026-08-22
2026-08-10,James Duckworth,86.0,743,+22,,,2026-08-22
2026-08-03,James Duckworth,86.0,721,-25,,,2026-08-22
2026-08-03,James Duckworth,86.0,721,-25,,,2026-08-22
2026-08-03,James Duckworth,86.0,721,-25,,,2026-08-22
2026-08-03,James Duckworth,86.0,721,-25,,,2026-08-22
2026-07-27,James Duckworth,83.0,746,-,50.0,7.0,2026-08-22
2026-07-27,James Duckworth,83.0,746,-,50.0,7.0,2026-08-22
2026-07-27,James Duckworth,83.0,746,-,50.0,7.0,2026-08-22
2026-07-27,James Duckworth,83.0,746,-,50.0,7.0,2026-08-22
2026-07-20,James Duckworth,82.0,746,-42,,,2026-08-22
2026-07-20,James Duckworth,82.0,746,-42,,,2026-08-22
2026-07-20,James Duckworth,82.0,746,-42,,,2026-08-22
2026-07-13,James Duckworth,74.0,788,+40,50.0,8.0,2026-08-22
2026-07-13,James Duckworth,74.0,788,+40,50.0,8.0,2026-08-22
2026-07-13,James Duckworth,74.0,788,+40,50.0,8.0,2026-08-22
2026-06-29,James Duckworth,79.0,748,-28,10.0,8.0,2026-08-22
2026-06-29,James Duckworth,79.0,748,-28,10.0,8.0,2026-08-22
2026-06-29,James Duckworth,79.0,748,-28,10.0,8.0,2026-08-22
2026-06-22,James Duckworth,78.0,776,-,38.0,10.0,2026-08-22
2026-06-22,James Duckworth,78.0,776,-,38.0,10.0,2026-08-22
2026-06-15,James Duckworth,78.0,776,+14,,,2026-08-22
2026-06-15,James Duckworth,78.0,776,+14,,,2026-08-22
2026-06-08,James Duckworth,79.0,762,+40,13.0,12.0,2026-08-22
2026-06-08,James Duckworth,79.0,762,+40,13.0,12.0,2026-08-22
2026-05-25,James Duckworth,82.0,722,-,10.0,12.0,2026-08-22
2026-05-25,James Duckworth,82.0,722,-,10.0,12.0,2026-08-22
2026-05-18,James Duckworth,83.0,722,-,,,2026-08-22
2026-05-18,James Duckworth,83.0,722,-,,,2026-08-22
2026-05-04,James Duckworth,81.0,722,-,,,2026-08-22
2026-05-04,James Duckworth,81.0,722,-,,,2026-08-22
2026-04-20,James Duckworth,79.0,722,-62,,,2026-08-22
2026-04-20,James Duckworth,79.0,722,-62,,,2026-08-22
2026-04-13,James Duckworth,70.0,784,+112,75.0,13.0,2026-08-22
2026-04-13,James Duckworth,70.0,784,+112,75.0,13.0,2026-08-22
2026-04-06,James Duckworth,86.0,672,+32,,,2026-08-22
2026-04-06,James Duckworth,86.0,672,+32,,,2026-08-22
2026-03-30,James Duckworth,95.0,640,-54,,,2026-08-22
2026-03-30,James Duckworth,95.0,640,-54,,,2026-08-22
2026-03-16,James Duckworth,80.0,694,+3,64.0,8.0,2026-08-22
2026-03-16,James Duckworth,80.0,694,+3,64.0,8.0,2026-08-22
2026-03-02,James Duckworth,83.0,691,-,10.0,8.0,2026-08-22
2026-02-23,James Duckworth,83.0,691,-,,,2026-08-22
2026-02-16,James Duckworth,80.0,691,-,,,2026-08-22
2026-02-09,James Duckworth,83.0,691,-3,,,2026-08-22
2026-02-02,James Duckworth,86.0,694,-,13.0,10.0,2026-08-22
2026-01-19,James Duckworth,88.0,694,-,50.0,10.0,2026-08-22
2026-01-12,James Duckworth,86.0,694,-,,,2026-08-22
2026-01-05,James Duckworth,86.0,694,-,13.0,10.0,2026-08-22
2025-12-29,James Duckworth,87.0,694,-10,,,2026-08-22
2025-12-22,James Duckworth,86.0,704,-,,,2026-08-22
2025-12-15,James Duckworth,86.0,704,-,,,2026-08-22
2025-12-08,James Duckworth,86.0,704,-,,,2026-08-22
2025-12-01,James Duckworth,86.0,704,+14,,,2026-08-22
2025-11-24,James Duckworth,87.0,690,+75,,,2026-08-22
2025-11-17,James Duckworth,106.0,615,+12,,,2026-08-22
2025-11-10,James Duckworth,106.0,603,+50,,,2026-08-22
2025-11-03,James Duckworth,113.0,553,-,,,2026-08-22
2025-10-27,James Duckworth,112.0,553,-25,,,2026-08-22
2025-10-20,James Duckworth,108.0,578,+113,25.0,,2026-08-22
2025-10-13,James Duckworth,138.0,465,-135,,,2026-08-22
,Jimmy Arias,,,,,,2026-08-22
2026-08-10,Juncheng Shang,228.0,245,+50,10.0,,2026-08-22
2026-08-03,Juncheng Shang,281.0,195,-10,,,2026-08-22
2026-07-27,Juncheng Shang,270.0,205,-,10.0,,2026-08-22
,Keith Richardson,,,,,,2026-08-22
,Oleg Ogorodov,,,,,,2026-08-22
,Robert Trogolo,,,,,,2026-08-22
,Rohan Bopanna,,,,,,2026-08-22
2026-08-10,Stefanos Sakellaridis,157.0,368,-,8.0,2.0,2026-08-22
2026-08-10,Stefanos Sakellaridis,157.0,368,-,8.0,2.0,2026-08-22
2026-08-10,Stefanos Sakellaridis,157.0,368,-,8.0,2.0,2026-08-22
2026-08-10,Stefanos Sakellaridis,157.0,368,-,8.0,2.0,2026-08-22
2026-08-03,Stefanos Sakellaridis,155.0,368,-,,,2026-08-22
2026-08-03,Stefanos Sakellaridis,155.0,368,-,,,2026-08-22
2026-08-03,Stefanos Sakellaridis,155.0,368,-,,,2026-08-22
2026-08-03,Stefanos Sakellaridis,155.0,368,-,,,2026-08-22
2026-07-27,Stefanos Sakellaridis,155.0,368,-36,,,2026-08-22
2026-07-27,Stefanos Sakellaridis,155.0,368,-36,,,2026-08-22
2026-07-27,Stefanos Sakellaridis,155.0,368,-36,,,2026-08-22
2026-07-27,Stefanos Sakellaridis,155.0,368,-36,,,2026-08-22
2026-07-20,Stefanos Sakellaridis,148.0,404,-,40.0,4.0,2026-08-22
2026-07-20,Stefanos Sakellaridis,148.0,404,-,40.0,4.0,2026-08-22
2026-07-20,Stefanos Sakellaridis,148.0,404,-,40.0,4.0,2026-08-22
2026-07-13,Stefanos Sakellaridis,147.0,404,-,,,2026-08-22
2026-07-13,Stefanos Sakellaridis,147.0,404,-,,,2026-08-22
2026-07-13,Stefanos Sakellaridis,147.0,404,-,,,2026-08-22
2026-06-29,Stefanos Sakellaridis,148.0,404,-,16.0,4.0,2026-08-22
2026-06-29,Stefanos Sakellaridis,148.0,404,-,16.0,4.0,2026-08-22
2026-06-29,Stefanos Sakellaridis,148.0,404,-,16.0,4.0,2026-08-22
2026-06-22,Stefanos Sakellaridis,146.0,404,+8,,,2026-08-22
2026-06-22,Stefanos Sakellaridis,146.0,404,+8,,,2026-08-22
2026-06-15,Stefanos Sakellaridis,153.0,396,-,,,2026-08-22
2026-06-15,Stefanos Sakellaridis,153.0,396,-,,,2026-08-22
2026-06-08,Stefanos Sakellaridis,155.0,396,+102,,,2026-08-22
2026-06-08,Stefanos Sakellaridis,155.0,396,+102,,,2026-08-22
2026-05-25,Stefanos Sakellaridis,197.0,294,-,,,2026-08-22
2026-05-25,Stefanos Sakellaridis,197.0,294,-,,,2026-08-22
2026-05-18,Stefanos Sakellaridis,198.0,294,+4,,,2026-08-22
2026-05-18,Stefanos Sakellaridis,198.0,294,+4,,,2026-08-22
2026-05-04,Stefanos Sakellaridis,200.0,290,+17,,,2026-08-22
2026-05-04,Stefanos Sakellaridis,200.0,290,+17,,,2026-08-22
,Yuichi Sugita,,,,,,2026-08-22
,A Moscoso,,,,,,2026-08-22
,Alan Gooch,,,,,,2026-08-22
,Arif Kocak,,,,,,2026-08-22
,B Moreau,,,,,,2026-08-22
,Eugenio Rossi,,,,,,2026-08-22
,Guenther Winn,,,,,,2026-08-22
,Laurie Weatherhog,,,,,,2026-08-22
,Lex Hester,,,,,,2026-08-22
,Peter Becroft,,,,,,2026-08-22
,R Bagot,,,,,,2026-08-22
,Tetsuya Chaen,,,,,,2026-08-22
,Yuval Karutzi,,,,,,2026-08-22
,Andres Vysand,,,,,,2026-08-22
,Arne Thoms,,,,,,2026-08-22
2026-08-10,Darwin Blanch,224.0,249,-,21.0,4.0,2026-08-22
2026-08-03,Darwin Blanch,221.0,249,-,,,2026-08-22
2026-07-27,Darwin Blanch,226.0,249,-,,,2026-08-22
,David Dilucia,,,,,,2026-08-22
,Heath Denman,,,,,,2026-08-22
,Huub Van Boeckel,,,,,,2026-08-22
,John Laffnie De Jager,,,,,,2026-08-22
,Juan Garat,,,,,,2026-08-22
2026-08-10,Kamil Majchrzak,68.0,917,+10,100.0,,2026-08-22
2026-08-10,Kamil Majchrzak,68.0,917,+10,100.0,,2026-08-22
2026-08-10,Kamil Majchrzak,68.0,917,+10,100.0,,2026-08-22
2026-08-10,Kamil Majchrzak,68.0,917,+10,100.0,,2026-08-22
2026-08-03,Kamil Majchrzak,67.0,907,+50,,,2026-08-22
2026-08-03,Kamil Majchrzak,67.0,907,+50,,,2026-08-22
2026-08-03,Kamil Majchrzak,67.0,907,+50,,,2026-08-22
2026-08-03,Kamil Majchrzak,67.0,907,+50,,,2026-08-22
2026-07-27,Kamil Majchrzak,72.0,857,-,,,2026-08-22
2026-07-27,Kamil Majchrzak,72.0,857,-,,,2026-08-22
2026-07-27,Kamil Majchrzak,72.0,857,-,,,2026-08-22
2026-07-27,Kamil Majchrzak,72.0,857,-,,,2026-08-22
2026-07-20,Kamil Majchrzak,71.0,857,-25,,,2026-08-22
2026-07-20,Kamil Majchrzak,71.0,857,-25,,,2026-08-22
2026-07-20,Kamil Majchrzak,71.0,857,-25,,,2026-08-22
2026-07-13,Kamil Majchrzak,66.0,882,-150,25.0,,2026-08-22
2026-07-13,Kamil Majchrzak,66.0,882,-150,25.0,,2026-08-22
2026-07-13,Kamil Majchrzak,66.0,882,-150,25.0,,2026-08-22
2026-06-29,Kamil Majchrzak,45.0,1032,-,200.0,,2026-08-22
2026-06-29,Kamil Majchrzak,45.0,1032,-,200.0,,2026-08-22
2026-06-29,Kamil Majchrzak,45.0,1032,-,200.0,,2026-08-22
2026-06-22,Kamil Majchrzak,46.0,1032,-,,,2026-08-22
2026-06-22,Kamil Majchrzak,46.0,1032,-,,,2026-08-22
2026-06-15,Kamil Majchrzak,47.0,1032,+250,,,2026-08-22
2026-06-15,Kamil Majchrzak,47.0,1032,+250,,,2026-08-22
2026-06-08,Kamil Majchrzak,76.0,782,+35,,,2026-08-22
2026-06-08,Kamil Majchrzak,76.0,782,+35,,,2026-08-22
2026-05-25,Kamil Majchrzak,78.0,747,-,10.0,,2026-08-22
2026-05-25,Kamil Majchrzak,78.0,747,-,10.0,,2026-08-22
2026-05-18,Kamil Majchrzak,77.0,747,-,,,2026-08-22
2026-05-18,Kamil Majchrzak,77.0,747,-,,,2026-08-22
2026-05-04,Kamil Majchrzak,76.0,747,-20,,,2026-08-22
2026-05-04,Kamil Majchrzak,76.0,747,-20,,,2026-08-22
2026-04-20,Kamil Majchrzak,74.0,767,-,20.0,,2026-08-22
2026-04-20,Kamil Majchrzak,74.0,767,-,20.0,,2026-08-22
2026-04-13,Kamil Majchrzak,73.0,767,-100,,,2026-08-22
2026-04-13,Kamil Majchrzak,73.0,767,-100,,,2026-08-22
2026-04-06,Kamil Majchrzak,60.0,867,-88,100.0,,2026-08-22
2026-04-06,Kamil Majchrzak,60.0,867,-88,100.0,,2026-08-22
2026-03-30,Kamil Majchrzak,53.0,955,+50,113.0,,2026-08-22
2026-03-30,Kamil Majchrzak,53.0,955,+50,113.0,,2026-08-22
2026-03-16,Kamil Majchrzak,57.0,905,+10,,,2026-08-22
2026-03-16,Kamil Majchrzak,57.0,905,+10,,,2026-08-22
2026-03-02,Kamil Majchrzak,57.0,895,-25,20.0,,2026-08-22
2026-02-23,Kamil Majchrzak,56.0,920,-,25.0,,2026-08-22
2026-02-16,Kamil Majchrzak,56.0,920,-,,,2026-08-22
2026-02-09,Kamil Majchrzak,55.0,920,-8,,,2026-08-22
2026-02-02,Kamil Majchrzak,55.0,928,+10,8.0,,2026-08-22
2026-01-19,Kamil Majchrzak,59.0,918,-,40.0,,2026-08-22
2026-01-12,Kamil Majchrzak,58.0,918,+57,,,2026-08-22
2026-01-05,Kamil Majchrzak,59.0,861,-,,,2026-08-22
2025-12-29,Kamil Majchrzak,62.0,861,-,,,2026-08-22
2025-12-22,Kamil Majchrzak,62.0,861,-,,,2026-08-22
2025-12-15,Kamil Majchrzak,62.0,861,-,,,2026-08-22
2025-12-08,Kamil Majchrzak,62.0,861,-,,,2026-08-22
2025-12-01,Kamil Majchrzak,62.0,861,-,,,2026-08-22
2025-11-24,Kamil Majchrzak,63.0,861,-,,,2026-08-22
2025-11-17,Kamil Majchrzak,64.0,861,-,,,2026-08-22
2025-11-10,Kamil Majchrzak,66.0,861,-,,,2026-08-22
2025-11-03,Kamil Majchrzak,68.0,861,-,,,2026-08-22
2025-10-27,Kamil Majchrzak,70.0,861,+25,,,2026-08-22
2025-10-20,Kamil Majchrzak,70.0,836,+18,,,2026-08-22
2025-10-13,Kamil Majchrzak,75.0,818,-50,7.0,,2026-08-22
,Mark Petchey,,,,,,2026-08-22
,Neville Godwin,,,,,,2026-08-22
,Phillip King,,,,,,2026-08-22
,Piet Norval,,,,,,2026-08-22
2026-08-10,Ryan Peniston,454.0,103,-,,,2026-08-22
2026-08-03,Ryan Peniston,445.0,103,-,,,2026-08-22
2026-07-27,Ryan Peniston,445.0,103,-,,,2026-08-22
2025-11-17,Ryan Peniston,200.0,287,-,,,2026-08-22
2025-11-10,Ryan Peniston,197.0,287,-3,,,2026-08-22
2025-11-03,Ryan Peniston,194.0,290,-,25.0,4.0,2026-08-22
2025-10-27,Ryan Peniston,190.0,290,-,,,2026-08-22
2025-10-20,Ryan Peniston,192.0,290,-,,,2026-08-22
2025-10-13,Ryan Peniston,194.0,290,+47,,,2026-08-22
,Scott Warner,,,,,,2026-08-22
,Abe Segal,,,,,,2026-08-22
,Basil Wheeler,,,,,,2026-08-22
,Bobby Heald,,,,,,2026-08-22
,Bruno Orecchio,,,,,,2026-08-22
,D Powell,,,,,,2026-08-22
,Danny Cox,,,,,,2026-08-22
,Dieter Kapfhammer,,,,,,2026-08-22
,Frank Schwanner,,,,,,2026-08-22
,Helmar Stiegler,,,,,,2026-08-22
,Joel Hoffman,,,,,,2026-08-22
,Juan Fernandez,,,,,,2026-08-22
,Lew Grinnan,,,,,,2026-08-22
,Luiz Flor,,,,,,2026-08-22
,Peng Sun,,,,,,2026-08-22
,Unknown Daniele,,,,,,2026-08-22
,Chris Mayotte,,,,,,2026-08-22
,Christian Lindell,,,,,,2026-08-22
,Daniel Cox,,,,,,2026-08-22
,Grant Doyle,,,,,,2026-08-22
2026-08-10,Grigor Dimitrov,138.0,432,-,,,2026-08-22
2026-08-10,Grigor Dimitrov,138.0,432,-,,,2026-08-22
2026-08-10,Grigor Dimitrov,138.0,432,-,,,2026-08-22
2026-08-10,Grigor Dimitrov,138.0,432,-,,,2026-08-22
2026-08-03,Grigor Dimitrov,137.0,432,-,,,2026-08-22
2026-08-03,Grigor Dimitrov,137.0,432,-,,,2026-08-22
2026-08-03,Grigor Dimitrov,137.0,432,-,,,2026-08-22
2026-08-03,Grigor Dimitrov,137.0,432,-,,,2026-08-22
2026-07-27,Grigor Dimitrov,140.0,432,-,,,2026-08-22
2026-07-27,Grigor Dimitrov,140.0,432,-,,,2026-08-22
2026-07-27,Grigor Dimitrov,140.0,432,-,,,2026-08-22
2026-07-27,Grigor Dimitrov,140.0,432,-,,,2026-08-22
2026-07-20,Grigor Dimitrov,142.0,432,+25,,,2026-08-22
2026-07-20,Grigor Dimitrov,142.0,432,+25,,,2026-08-22
2026-07-20,Grigor Dimitrov,142.0,432,+25,,,2026-08-22
2026-07-13,Grigor Dimitrov,146.0,407,-,,,2026-08-22
2026-07-13,Grigor Dimitrov,146.0,407,-,,,2026-08-22
2026-07-13,Grigor Dimitrov,146.0,407,-,,,2026-08-22
2026-06-29,Grigor Dimitrov,146.0,407,+50,200.0,,2026-08-22
2026-06-29,Grigor Dimitrov,146.0,407,+50,200.0,,2026-08-22
2026-06-29,Grigor Dimitrov,146.0,407,+50,200.0,,2026-08-22
2026-06-22,Grigor Dimitrov,164.0,357,+12,,,2026-08-22
2026-06-22,Grigor Dimitrov,164.0,357,+12,,,2026-08-22
2026-06-15,Grigor Dimitrov,169.0,345,-,,,2026-08-22
2026-06-15,Grigor Dimitrov,169.0,345,-,,,2026-08-22
2026-06-08,Grigor Dimitrov,170.0,345,-10,,,2026-08-22
2026-06-08,Grigor Dimitrov,170.0,345,-10,,,2026-08-22
2026-05-25,Grigor Dimitrov,168.0,355,-,10.0,,2026-08-22
2026-05-25,Grigor Dimitrov,168.0,355,-,10.0,,2026-08-22
2026-05-18,Grigor Dimitrov,170.0,355,-10,,,2026-08-22
2026-05-18,Grigor Dimitrov,170.0,355,-10,,,2026-08-22
2026-05-04,Grigor Dimitrov,170.0,365,-90,10.0,,2026-08-22
2026-05-04,Grigor Dimitrov,170.0,365,-90,10.0,,2026-08-22
2026-04-20,Grigor Dimitrov,137.0,455,-,100.0,,2026-08-22
2026-04-20,Grigor Dimitrov,137.0,455,-,100.0,,2026-08-22
2026-04-13,Grigor Dimitrov,135.0,455,-190,,,2026-08-22
2026-04-13,Grigor Dimitrov,135.0,455,-190,,,2026-08-22
2026-04-06,Grigor Dimitrov,93.0,645,-,200.0,,2026-08-22
2026-04-06,Grigor Dimitrov,93.0,645,-,200.0,,2026-08-22
2026-03-30,Grigor Dimitrov,93.0,645,-390,,,2026-08-22
2026-03-30,Grigor Dimitrov,93.0,645,-390,,,2026-08-22
2026-03-16,Grigor Dimitrov,44.0,1035,-70,400.0,,2026-08-22
2026-03-16,Grigor Dimitrov,44.0,1035,-70,400.0,,2026-08-22
2026-03-02,Grigor Dimitrov,42.0,1105,-,100.0,,2026-08-22
2026-02-23,Grigor Dimitrov,44.0,1105,-,,,2026-08-22
2026-02-16,Grigor Dimitrov,42.0,1105,-,,,2026-08-22
2026-02-09,Grigor Dimitrov,43.0,1105,-,,,2026-08-22
2026-02-02,Grigor Dimitrov,43.0,1105,-,,,2026-08-22
2026-01-19,Grigor Dimitrov,45.0,1105,-,10.0,,2026-08-22
2026-01-12,Grigor Dimitrov,45.0,1105,+25,,,2026-08-22
2026-01-05,Grigor Dimitrov,47.0,1080,-100,,,2026-08-22
2025-12-29,Grigor Dimitrov,44.0,1180,-,100.0,,2026-08-22
2025-12-22,Grigor Dimitrov,44.0,1180,-,,,2026-08-22
2025-12-15,Grigor Dimitrov,44.0,1180,-,,,2026-08-22
2025-12-08,Grigor Dimitrov,44.0,1180,-,,,2026-08-22
2025-12-01,Grigor Dimitrov,44.0,1180,-,,,2026-08-22
2025-11-24,Grigor Dimitrov,44.0,1180,-,,,2026-08-22
2025-11-17,Grigor Dimitrov,44.0,1180,-,,,2026-08-22
2025-11-10,Grigor Dimitrov,44.0,1180,-,,,2026-08-22
2025-11-03,Grigor Dimitrov,44.0,1180,-150,,,2026-08-22
2025-10-27,Grigor Dimitrov,38.0,1330,-50,200.0,,2026-08-22
2025-10-20,Grigor Dimitrov,37.0,1380,-165,50.0,,2026-08-22
2025-10-13,Grigor Dimitrov,32.0,1545,-100,165.0,,2026-08-22
,Hans Peter Kandler,,,,,,2026-08-22
,Mariusz Fyrstenberg,,,,,,2026-08-22
,Martin Klizan,,,,,,2026-08-22
,Paul Baccanello,,,,,,2026-08-22
,Paul Mcnamee,,,,,,2026-08-22
,Peter Palandjian,,,,,,2026-08-22
,Raven Klaasen,,,,,,2026-08-22
,Robbie Koenig,,,,,,2026-08-22
,Robert Maud,,,,,,2026-08-22
,Santiago Mora,,,,,,2026-08-22
,Tennys Sandgren,,,,,,2026-08-22
,Tim Mayotte,,,,,,2026-08-22
,A Brogden,,,,,,2026-08-22
,Ali Madani,,,,,,2026-08-22
,Aniceto Alvarez,,,,,,2026-08-22
,Bruce Brescia,,,,,,2026-08-22
,Chum Steele Iii,,,,,,2026-08-22
,Colin Robertson,,,,,,2026-08-22
,Gabriel Trujillo Soler,,,,,,2026-08-22
,Geoff Sara,,,,,,2026-08-22
,Gunther Gnettner,,,,,,2026-08-22
,Hugo Varela,,,,,,2026-08-22
,J M Learmont,,,,,,2026-08-22
,Louk Sanders,,,,,,2026-08-22
,Peter Mcpherson,,,,,,2026-08-22
,Peter Popovic,,,,,,2026-08-22
,Rich Anderson,,,,,,2026-08-22
,Ted Hoehn,,,,,,2026-08-22
,Teodor Batchev,,,,,,2026-08-22
,V Rudj,,,,,,2026-08-22
,Walter Johnson,,,,,,2026-08-22
,Wright,,,,,,2026-08-22
,Andre Sa,,,,,,2026-08-22
,Axel Pretzsch,,,,,,2026-08-22
,Benedikt Dorsch,,,,,,2026-08-22
,Bong Soo Kim,,,,,,2026-08-22
,Cary Stansbury,,,,,,2026-08-22
2026-08-10,Dhakshineswar Suresh,400.0,124,-,10.0,,2026-08-22
2026-08-03,Dhakshineswar Suresh,393.0,124,-19,,,2026-08-22
2026-07-27,Dhakshineswar Suresh,353.0,143,+37,19.0,,2026-08-22
,Filip Krajinovic,,,,,,2026-08-22
2026-08-10,Hady Habib,706.0,48,-,12.0,,2026-08-22
2026-08-03,Hady Habib,698.0,48,-6,,,2026-08-22
2026-07-27,Hady Habib,650.0,54,-,6.0,,2026-08-22
2025-11-24,Hady Habib,178.0,328,-,100.0,,2026-08-22
2025-11-17,Hady Habib,178.0,328,-6,12.0,,2026-08-22
2025-11-10,Hady Habib,173.0,334,+6,6.0,,2026-08-22
2025-11-03,Hady Habib,174.0,328,-,,,2026-08-22
2025-10-27,Hady Habib,171.0,328,-7,,,2026-08-22
2025-10-20,Hady Habib,170.0,335,-,7.0,,2026-08-22
2025-10-13,Hady Habib,168.0,335,+18,,,2026-08-22
,Jim Grabb,,,,,,2026-08-22
,Max Mirnyi,,,,,,2026-08-22
,Mikael Tillstrom,,,,,,2026-08-22
,Mike De Palmer,,,,,,2026-08-22
,Pat Cash,,,,,,2026-08-22
,Peter Lundgren,,,,,,2026-08-22
,Woody Hunt,,,,,,2026-08-22
,Bill Atkins,,,,,,2026-08-22
,Cedric Kauffmann,,,,,,2026-08-22
,Chris Louw,,,,,,2026-08-22
,Dawood Khan,,,,,,2026-08-22
,Jose Antonio Sanchez De Luna,,,,,,2026-08-22
,Josef Brabenec,,,,,,2026-08-22
,Juan Carlos Martinez,,,,,,2026-08-22
,K Brebnor,,,,,,2026-08-22
,L Lebowitz,,,,,,2026-08-22
,Mark Meyers,,,,,,2026-08-22
,Nick Gould,,,,,,2026-08-22
,Sandeep Kirtane,,,,,,2026-08-22
,Steve Stockton,,,,,,2026-08-22
,Takanyi Garanganga,,,,,,2026-08-22
,Tapio Jokinen,,,,,,2026-08-22
,Warrick Jones,,,,,,2026-08-22
,Adam Neff,,,,,,2026-08-22
,Carl Uwe Steeb,,,,,,2026-08-22
,Chris Kennedy,,,,,,2026-08-22
,Edgardo Massa,,,,,,2026-08-22
,Federico Luzzi,,,,,,2026-08-22
2026-08-10,Francesco Passaro,222.0,258,-,,,2026-08-22
2026-08-03,Francesco Passaro,219.0,258,-,,,2026-08-22
2026-07-27,Francesco Passaro,220.0,258,-25,,,2026-08-22
2026-07-20,Francesco Passaro,200.0,283,-31,25.0,,2026-08-22
2026-07-20,Francesco Passaro,200.0,283,-31,25.0,,2026-08-22
2026-07-20,Francesco Passaro,200.0,283,-31,25.0,,2026-08-22
2026-07-13,Francesco Passaro,182.0,314,+4,38.0,,2026-08-22
2026-07-13,Francesco Passaro,182.0,314,+4,38.0,,2026-08-22
2026-07-13,Francesco Passaro,182.0,314,+4,38.0,,2026-08-22
2026-06-29,Francesco Passaro,185.0,310,+6,8.0,,2026-08-22
2026-06-29,Francesco Passaro,185.0,310,+6,8.0,,2026-08-22
2026-06-29,Francesco Passaro,185.0,310,+6,8.0,,2026-08-22
2026-06-22,Francesco Passaro,190.0,304,-35,,,2026-08-22
2026-06-22,Francesco Passaro,190.0,304,-35,,,2026-08-22
2026-06-15,Francesco Passaro,178.0,339,-16,35.0,,2026-08-22
2026-06-15,Francesco Passaro,178.0,339,-16,35.0,,2026-08-22
2026-06-08,Francesco Passaro,166.0,355,-17,16.0,,2026-08-22
2026-06-08,Francesco Passaro,166.0,355,-17,16.0,,2026-08-22
2026-05-25,Francesco Passaro,161.0,372,-,24.0,7.0,2026-08-22
2026-05-25,Francesco Passaro,161.0,372,-,24.0,7.0,2026-08-22
2026-05-18,Francesco Passaro,161.0,372,-59,,,2026-08-22
2026-05-18,Francesco Passaro,161.0,372,-59,,,2026-08-22
2026-05-04,Francesco Passaro,145.0,431,-,75.0,16.0,2026-08-22
2026-05-04,Francesco Passaro,145.0,431,-,75.0,16.0,2026-08-22
2026-04-20,Francesco Passaro,149.0,431,-,,,2026-08-22
2026-04-20,Francesco Passaro,149.0,431,-,,,2026-08-22
2026-04-13,Francesco Passaro,147.0,431,-,,,2026-08-22
2026-04-13,Francesco Passaro,147.0,431,-,,,2026-08-22
2026-04-06,Francesco Passaro,147.0,431,-,,,2026-08-22
2026-04-06,Francesco Passaro,147.0,431,-,,,2026-08-22
2026-03-30,Francesco Passaro,146.0,431,-,,,2026-08-22
2026-03-30,Francesco Passaro,146.0,431,-,,,2026-08-22
2026-03-16,Francesco Passaro,143.0,431,-,,,2026-08-22
2026-03-16,Francesco Passaro,143.0,431,-,,,2026-08-22
2026-03-02,Francesco Passaro,140.0,431,-,,,2026-08-22
2026-02-23,Francesco Passaro,144.0,431,+55,,,2026-08-22
2026-02-16,Francesco Passaro,163.0,376,-,,,2026-08-22
2026-02-09,Francesco Passaro,159.0,376,-8,13.0,8.0,2026-08-22
2026-02-02,Francesco Passaro,155.0,384,-52,16.0,8.0,2026-08-22
2026-01-19,Francesco Passaro,140.0,436,-,66.0,8.0,2026-08-22
2026-01-12,Francesco Passaro,140.0,436,-,,,2026-08-22
2026-01-05,Francesco Passaro,140.0,436,-5,,,2026-08-22
2025-12-29,Francesco Passaro,138.0,441,-8,13.0,8.0,2026-08-22
2025-12-22,Francesco Passaro,137.0,449,-,,,2026-08-22
2025-12-15,Francesco Passaro,137.0,449,-,,,2026-08-22
2025-12-08,Francesco Passaro,137.0,449,-,,,2026-08-22
2025-12-01,Francesco Passaro,137.0,449,-42,,,2026-08-22
2025-11-24,Francesco Passaro,123.0,491,+6,50.0,8.0,2026-08-22
2025-11-17,Francesco Passaro,128.0,485,-,,,2026-08-22
2025-11-10,Francesco Passaro,128.0,485,+5,,,2026-08-22
2025-11-03,Francesco Passaro,129.0,480,-,,,2026-08-22
2025-10-27,Francesco Passaro,132.0,480,+18,,,2026-08-22
2025-10-20,Francesco Passaro,139.0,462,-,,,2026-08-22
2025-10-13,Francesco Passaro,141.0,462,+13,,,2026-08-22
,Gene Scott,,,,,,2026-08-22
,Jared Palmer,,,,,,2026-08-22
,Jerome Vanier,,,,,,2026-08-22
,John Patrick Smith,,,,,,2026-08-22
,Juan Carlos Baguena,,,,,,2026-08-22
,Martin Sinner,,,,,,2026-08-22
,Pedja Krstin,,,,,,2026-08-22
,Razvan Sabau,,,,,,2026-08-22
,Stan Smith,,,,,,2026-08-22
,Tomas Anzari,,,,,,2026-08-22
,Vasek Pospisil,,,,,,2026-08-22
,Abdulla Hajji,,,,,,2026-08-22
,Doug King,,,,,,2026-08-22
,Edgar Schurmann,,,,,,2026-08-22
,G Loader,,,,,,2026-08-22
,Geoff Griffiths,,,,,,2026-08-22
,Jacques Sellschop,,,,,,2026-08-22
,Jonathan Leach,,,,,,2026-08-22
,Kristien Cee,,,,,,2026-08-22
,Leo Rolle,,,,,,2026-08-22
,M Blakeway,,,,,,2026-08-22
,Marc Bolle,,,,,,2026-08-22
,Mark Jeffrey,,,,,,2026-08-22
,Maurice Pugnaire,,,,,,2026-08-22
,Nicholas Kalogeropoulos,,,,,,2026-08-22
,R Kiesling,,,,,,2026-08-22
,Richard Evans,,,,,,2026-08-22
,Richard Gallien,,,,,,2026-08-22
,Toma Ovici,,,,,,2026-08-22
,Toshisuke Sakai,,,,,,2026-08-22
,Vladimir Korotkov,,,,,,2026-08-22
2026-08-10,Ziga Sesko,795.0,37,+15,,,2026-08-22
2026-08-03,Ziga Sesko,960.0,22,-,,,2026-08-22
2026-07-27,Ziga Sesko,960.0,22,-,,,2026-08-22
,Balazs Taroczy,,,,,,2026-08-22
,Benjamin Lock,,,,,,2026-08-22
2026-08-10,Filip Misolic,476.0,96,-,16.0,,2026-08-22
2026-08-03,Filip Misolic,464.0,96,-,,,2026-08-22
2026-07-27,Filip Misolic,464.0,96,-25,,,2026-08-22
2026-06-15,Filip Misolic,162.0,359,-,100.0,,2026-08-22
2026-06-15,Filip Misolic,162.0,359,-,100.0,,2026-08-22
2026-06-08,Filip Misolic,164.0,359,-130,,,2026-08-22
2026-06-08,Filip Misolic,164.0,359,-130,,,2026-08-22
2026-05-25,Filip Misolic,129.0,489,-,130.0,,2026-08-22
2026-05-25,Filip Misolic,129.0,489,-,130.0,,2026-08-22
2026-05-18,Filip Misolic,129.0,489,-87,,,2026-08-22
2026-05-18,Filip Misolic,129.0,489,-87,,,2026-08-22
2026-05-04,Filip Misolic,111.0,576,-7,87.0,,2026-08-22
2026-05-04,Filip Misolic,111.0,576,-7,87.0,,2026-08-22
2026-04-20,Filip Misolic,111.0,583,-,7.0,,2026-08-22
2026-04-20,Filip Misolic,111.0,583,-,7.0,,2026-08-22
2026-04-13,Filip Misolic,111.0,583,-14,,,2026-08-22
2026-04-13,Filip Misolic,111.0,583,-14,,,2026-08-22
2026-04-06,Filip Misolic,110.0,597,-63,14.0,,2026-08-22
2026-04-06,Filip Misolic,110.0,597,-63,14.0,,2026-08-22
2026-03-30,Filip Misolic,86.0,660,-11,63.0,,2026-08-22
2026-03-30,Filip Misolic,86.0,660,-11,63.0,,2026-08-22
2026-03-16,Filip Misolic,87.0,671,-,11.0,,2026-08-22
2026-03-16,Filip Misolic,87.0,671,-,11.0,,2026-08-22
2026-03-02,Filip Misolic,84.0,671,-,,,2026-08-22
2026-02-23,Filip Misolic,86.0,671,-16,,,2026-08-22
2026-02-16,Filip Misolic,81.0,687,-41,16.0,,2026-08-22
2026-02-09,Filip Misolic,76.0,728,-,48.0,7.0,2026-08-22
2026-02-02,Filip Misolic,78.0,728,+3,,,2026-08-22
2026-01-19,Filip Misolic,84.0,725,+5,,,2026-08-22
2026-01-12,Filip Misolic,82.0,720,-4,,,2026-08-22
2026-01-05,Filip Misolic,79.0,724,-,6.0,2.0,2026-08-22
2025-12-29,Filip Misolic,80.0,724,-2,,,2026-08-22
2025-12-22,Filip Misolic,79.0,726,-,,,2026-08-22
2025-12-15,Filip Misolic,79.0,726,-,,,2026-08-22
2025-12-08,Filip Misolic,79.0,726,-,,,2026-08-22
2025-12-01,Filip Misolic,79.0,726,-,,,2026-08-22
2025-11-24,Filip Misolic,79.0,726,-,,,2026-08-22
2025-11-17,Filip Misolic,79.0,726,-,,,2026-08-22
2025-11-10,Filip Misolic,80.0,726,-,,,2026-08-22
2025-11-03,Filip Misolic,85.0,726,-,,,2026-08-22
2025-10-27,Filip Misolic,87.0,726,+50,,,2026-08-22
2025-10-20,Filip Misolic,95.0,676,+13,,,2026-08-22
2025-10-13,Filip Misolic,95.0,663,-,,,2026-08-22
,James Ward,,,,,,2026-08-22
,Jiri Vesely,,,,,,2026-08-22
,Mark Kaplan,,,,,,2026-08-22
,Mark Witsken,,,,,,2026-08-22
,Marty Davis,,,,,,2026-08-22
,Mike Brown,,,,,,2026-08-22
,Thierry Bernasconi,,,,,,2026-08-22
,Al Bunis,,,,,,2026-08-22
,Anthony Billington,,,,,,2026-08-22
,B Moran,,,,,,2026-08-22
,Dennis Maddern,,,,,,2026-08-22
,Dieter Schultheiss,,,,,,2026-08-22
,Eduardo Mandarino,,,,,,2026-08-22
,Frank Falderbaum,,,,,,2026-08-22
,Manfred Gastler,,,,,,2026-08-22
,Riccardo Bellotti,,,,,,2026-08-22
,Sicilia,,,,,,2026-08-22
,U Fischtel,,,,,,2026-08-22
,William Finger,,,,,,2026-08-22
,Andy Andrews,,,,,,2026-08-22
,Bernabe Zapata Miralles,,,,,,2026-08-22
,Brian Baker,,,,,,2026-08-22
,Brian Macphie,,,,,,2026-08-22
2026-08-10,Elmer Moller,172.0,333,+25,6.0,,2026-08-22
2026-08-10,Elmer Moller,172.0,333,+25,6.0,,2026-08-22
2026-08-10,Elmer Moller,172.0,333,+25,6.0,,2026-08-22
2026-08-10,Elmer Moller,172.0,333,+25,6.0,,2026-08-22
2026-08-03,Elmer Moller,184.0,308,+6,,,2026-08-22
2026-08-03,Elmer Moller,184.0,308,+6,,,2026-08-22
2026-08-03,Elmer Moller,184.0,308,+6,,,2026-08-22
2026-08-03,Elmer Moller,184.0,308,+6,,,2026-08-22
2026-07-27,Elmer Moller,190.0,302,-,,,2026-08-22
2026-07-27,Elmer Moller,190.0,302,-,,,2026-08-22
2026-07-27,Elmer Moller,190.0,302,-,,,2026-08-22
2026-07-27,Elmer Moller,190.0,302,-,,,2026-08-22
2026-07-20,Elmer Moller,190.0,302,-,,,2026-08-22
2026-07-20,Elmer Moller,190.0,302,-,,,2026-08-22
2026-07-20,Elmer Moller,190.0,302,-,,,2026-08-22
2026-07-13,Elmer Moller,190.0,302,-104,,,2026-08-22
2026-07-13,Elmer Moller,190.0,302,-104,,,2026-08-22
2026-07-13,Elmer Moller,190.0,302,-104,,,2026-08-22
2026-06-29,Elmer Moller,147.0,406,+6,110.0,,2026-08-22
2026-06-29,Elmer Moller,147.0,406,+6,110.0,,2026-08-22
2026-06-29,Elmer Moller,147.0,406,+6,110.0,,2026-08-22
2026-06-22,Elmer Moller,149.0,400,-,,,2026-08-22
2026-06-22,Elmer Moller,149.0,400,-,,,2026-08-22
2026-06-15,Elmer Moller,151.0,400,-,,,2026-08-22
2026-06-15,Elmer Moller,151.0,400,-,,,2026-08-22
2026-06-08,Elmer Moller,151.0,400,-26,,,2026-08-22
2026-06-08,Elmer Moller,151.0,400,-26,,,2026-08-22
2026-05-25,Elmer Moller,142.0,426,-,26.0,,2026-08-22
2026-05-25,Elmer Moller,142.0,426,-,26.0,,2026-08-22
2026-05-18,Elmer Moller,143.0,426,+22,,,2026-08-22
2026-05-18,Elmer Moller,143.0,426,+22,,,2026-08-22
2026-05-04,Elmer Moller,153.0,404,+40,,,2026-08-22
2026-05-04,Elmer Moller,153.0,404,+40,,,2026-08-22
2026-04-20,Elmer Moller,169.0,364,-125,30.0,,2026-08-22
2026-04-20,Elmer Moller,169.0,364,-125,30.0,,2026-08-22
2026-04-13,Elmer Moller,129.0,489,-,125.0,,2026-08-22
2026-04-13,Elmer Moller,129.0,489,-,125.0,,2026-08-22
2026-04-06,Elmer Moller,131.0,489,+11,,,2026-08-22
2026-04-06,Elmer Moller,131.0,489,+11,,,2026-08-22
2026-03-30,Elmer Moller,134.0,478,-56,14.0,,2026-08-22
2026-03-30,Elmer Moller,134.0,478,-56,14.0,,2026-08-22
2026-03-16,Elmer Moller,122.0,534,-,56.0,,2026-08-22
2026-03-16,Elmer Moller,122.0,534,-,56.0,,2026-08-22
2026-03-02,Elmer Moller,121.0,534,+25,,,2026-08-22
2026-02-23,Elmer Moller,127.0,509,-,,,2026-08-22
2026-02-16,Elmer Moller,121.0,509,-,,,2026-08-22
2026-02-09,Elmer Moller,121.0,509,-,,,2026-08-22
2026-02-02,Elmer Moller,120.0,509,-8,,,2026-08-22
2026-01-19,Elmer Moller,119.0,517,-,16.0,,2026-08-22
2026-01-12,Elmer Moller,119.0,517,-,,,2026-08-22
2026-01-05,Elmer Moller,119.0,517,-,,,2026-08-22
2025-12-29,Elmer Moller,120.0,517,-,,,2026-08-22
2025-12-22,Elmer Moller,121.0,517,-,,,2026-08-22
2025-12-15,Elmer Moller,121.0,517,-,,,2026-08-22
2025-12-08,Elmer Moller,121.0,517,-,,,2026-08-22
2025-12-01,Elmer Moller,121.0,517,+100,,,2026-08-22
2025-11-24,Elmer Moller,147.0,417,+12,,,2026-08-22
2025-11-17,Elmer Moller,152.0,405,-7,,,2026-08-22
2025-11-10,Elmer Moller,148.0,412,-44,7.0,,2026-08-22
2025-11-03,Elmer Moller,138.0,456,-,44.0,,2026-08-22
2025-10-27,Elmer Moller,139.0,456,-,,,2026-08-22
2025-10-20,Elmer Moller,141.0,456,-,,,2026-08-22
2025-10-13,Elmer Moller,143.0,456,-75,,,2026-08-22
,Emilio Sanchez,,,,,,2026-08-22
,Joey Rive,,,,,,2026-08-22
,Kevin Ullyett,,,,,,2026-08-22
,Luke Saville,,,,,,2026-08-22
,Paolo Pambianco,,,,,,2026-08-22
,Patrick Galbraith,,,,,,2026-08-22
,Peter Moraing,,,,,,2026-08-22
2026-08-10,Remy Bertola,182.0,319,-,,,2026-08-22
2026-08-10,Remy Bertola,182.0,319,-,,,2026-08-22
2026-08-10,Remy Bertola,182.0,319,-,,,2026-08-22
2026-08-10,Remy Bertola,182.0,319,-,,,2026-08-22
2026-08-03,Remy Bertola,176.0,319,-,,,2026-08-22
2026-08-03,Remy Bertola,176.0,319,-,,,2026-08-22
2026-08-03,Remy Bertola,176.0,319,-,,,2026-08-22
2026-08-03,Remy Bertola,176.0,319,-,,,2026-08-22
2026-07-27,Remy Bertola,179.0,319,-,,,2026-08-22
2026-07-27,Remy Bertola,179.0,319,-,,,2026-08-22
2026-07-27,Remy Bertola,179.0,319,-,,,2026-08-22
2026-07-27,Remy Bertola,179.0,319,-,,,2026-08-22
2026-07-20,Remy Bertola,182.0,319,-,,,2026-08-22
2026-07-20,Remy Bertola,182.0,319,-,,,2026-08-22
2026-07-20,Remy Bertola,182.0,319,-,,,2026-08-22
2026-07-13,Remy Bertola,179.0,319,+11,,,2026-08-22
2026-07-13,Remy Bertola,179.0,319,+11,,,2026-08-22
2026-07-13,Remy Bertola,179.0,319,+11,,,2026-08-22
2026-06-29,Remy Bertola,187.0,308,-3,,,2026-08-22
2026-06-29,Remy Bertola,187.0,308,-3,,,2026-08-22
2026-06-29,Remy Bertola,187.0,308,-3,,,2026-08-22
2026-06-22,Remy Bertola,187.0,311,+15,8.0,5.0,2026-08-22
2026-06-22,Remy Bertola,187.0,311,+15,8.0,5.0,2026-08-22
2026-06-15,Remy Bertola,197.0,296,-,25.0,5.0,2026-08-22
2026-06-15,Remy Bertola,197.0,296,-,25.0,5.0,2026-08-22
2026-06-08,Remy Bertola,196.0,296,+23,,,2026-08-22
2026-06-08,Remy Bertola,196.0,296,+23,,,2026-08-22
2026-04-13,Remy Bertola,199.0,292,+4,21.0,4.0,2026-08-22
2026-04-13,Remy Bertola,199.0,292,+4,21.0,4.0,2026-08-22
,Sam Groth,,,,,,2026-08-22
2026-08-10,Zsombor Piros,121.0,542,+25,12.0,,2026-08-22
2026-08-10,Zsombor Piros,121.0,542,+25,12.0,,2026-08-22
2026-08-10,Zsombor Piros,121.0,542,+25,12.0,,2026-08-22
2026-08-10,Zsombor Piros,121.0,542,+25,12.0,,2026-08-22
2026-08-03,Zsombor Piros,123.0,517,-,,,2026-08-22
2026-08-03,Zsombor Piros,123.0,517,-,,,2026-08-22
2026-08-03,Zsombor Piros,123.0,517,-,,,2026-08-22
2026-08-03,Zsombor Piros,123.0,517,-,,,2026-08-22
2026-07-27,Zsombor Piros,122.0,517,-8,,,2026-08-22
2026-07-27,Zsombor Piros,122.0,517,-8,,,2026-08-22
2026-07-27,Zsombor Piros,122.0,517,-8,,,2026-08-22
2026-07-27,Zsombor Piros,122.0,517,-8,,,2026-08-22
2026-07-20,Zsombor Piros,119.0,525,-,16.0,,2026-08-22
2026-07-20,Zsombor Piros,119.0,525,-,16.0,,2026-08-22
2026-07-20,Zsombor Piros,119.0,525,-,16.0,,2026-08-22
2026-07-13,Zsombor Piros,120.0,525,+183,,,2026-08-22
2026-07-13,Zsombor Piros,120.0,525,+183,,,2026-08-22
2026-07-13,Zsombor Piros,120.0,525,+183,,,2026-08-22
2026-06-29,Zsombor Piros,169.0,342,-,,,2026-08-22
2026-06-29,Zsombor Piros,169.0,342,-,,,2026-08-22
2026-06-29,Zsombor Piros,169.0,342,-,,,2026-08-22
2026-06-22,Zsombor Piros,172.0,342,-,,,2026-08-22
2026-06-22,Zsombor Piros,172.0,342,-,,,2026-08-22
2026-06-15,Zsombor Piros,175.0,342,+14,,,2026-08-22
2026-06-15,Zsombor Piros,175.0,342,+14,,,2026-08-22
2026-06-08,Zsombor Piros,183.0,328,-14,,,2026-08-22
2026-06-08,Zsombor Piros,183.0,328,-14,,,2026-08-22
2026-05-25,Zsombor Piros,173.0,342,-,14.0,,2026-08-22
2026-05-25,Zsombor Piros,173.0,342,-,14.0,,2026-08-22
2026-05-18,Zsombor Piros,175.0,342,-31,,,2026-08-22
2026-05-18,Zsombor Piros,175.0,342,-31,,,2026-08-22
2026-05-04,Zsombor Piros,163.0,373,-59,75.0,,2026-08-22
2026-05-04,Zsombor Piros,163.0,373,-59,75.0,,2026-08-22
2026-04-20,Zsombor Piros,148.0,432,-3,75.0,,2026-08-22
2026-04-20,Zsombor Piros,148.0,432,-3,75.0,,2026-08-22
2026-04-13,Zsombor Piros,144.0,435,+57,3.0,,2026-08-22
2026-04-13,Zsombor Piros,144.0,435,+57,3.0,,2026-08-22
2026-04-06,Zsombor Piros,161.0,378,-18,18.0,,2026-08-22
2026-04-06,Zsombor Piros,161.0,378,-18,18.0,,2026-08-22
2026-03-30,Zsombor Piros,153.0,396,-6,18.0,,2026-08-22
2026-03-30,Zsombor Piros,153.0,396,-6,18.0,,2026-08-22
2026-03-16,Zsombor Piros,148.0,402,-14,6.0,,2026-08-22
2026-03-16,Zsombor Piros,148.0,402,-14,6.0,,2026-08-22
2026-03-02,Zsombor Piros,142.0,416,+75,14.0,,2026-08-22
2026-02-23,Zsombor Piros,180.0,341,-,,,2026-08-22
2026-02-16,Zsombor Piros,178.0,341,-,,,2026-08-22
2026-02-09,Zsombor Piros,176.0,341,-,,,2026-08-22
2026-02-02,Zsombor Piros,176.0,341,-,,,2026-08-22
2026-01-19,Zsombor Piros,170.0,341,-,50.0,,2026-08-22
2026-01-12,Zsombor Piros,170.0,341,-12,,,2026-08-22
2026-01-05,Zsombor Piros,162.0,353,-,12.0,,2026-08-22
2025-12-29,Zsombor Piros,164.0,353,-,,,2026-08-22
2025-12-22,Zsombor Piros,164.0,353,-,,,2026-08-22
2025-12-15,Zsombor Piros,164.0,353,-,,,2026-08-22
2025-12-08,Zsombor Piros,164.0,353,-,,,2026-08-22
2025-12-01,Zsombor Piros,164.0,353,-,,,2026-08-22
2025-11-24,Zsombor Piros,164.0,353,-,,,2026-08-22
2025-11-17,Zsombor Piros,165.0,353,-,,,2026-08-22
2025-11-10,Zsombor Piros,166.0,353,-,,,2026-08-22
2025-11-03,Zsombor Piros,165.0,353,-5,,,2026-08-22
2025-10-27,Zsombor Piros,163.0,358,-11,5.0,,2026-08-22
2025-10-20,Zsombor Piros,159.0,369,-7,11.0,,2026-08-22
2025-10-13,Zsombor Piros,156.0,376,-,7.0,,2026-08-22
,Akinori Naguro,,,,,,2026-08-22
,Alan Koth,,,,,,2026-08-22
,Alex Coxe,,,,,,2026-08-22
,Alvaro Margets,,,,,,2026-08-22
,George Berner,,,,,,2026-08-22
,Gianluca Rinaldini,,,,,,2026-08-22
,Goran Bergstrand,,,,,,2026-08-22
,Han Cheol Shin,,,,,,2026-08-22
,Howard Broun,,,,,,2026-08-22
,Karim Hossam,,,,,,2026-08-22
,Lars Olander,,,,,,2026-08-22
,N Wynward,,,,,,2026-08-22
,Nasser Ghanim Al Khulaifi,,,,,,2026-08-22
,Nick Boyne,,,,,,2026-08-22
,Norman Perry,,,,,,2026-08-22
,Oswaldo Cruz,,,,,,2026-08-22
,R Turley,,,,,,2026-08-22
,Sergio Zaglia,,,,,,2026-08-22
,Taisen Kanai,,,,,,2026-08-22
,Thierry Stevaux,,,,,,2026-08-22
2026-08-10,Adam Walton,98.0,670,+16,50.0,14.0,2026-08-22
2026-08-10,Adam Walton,98.0,670,+16,50.0,14.0,2026-08-22
2026-08-10,Adam Walton,98.0,670,+16,50.0,14.0,2026-08-22
2026-08-10,Adam Walton,98.0,670,+16,50.0,14.0,2026-08-22
2026-08-03,Adam Walton,97.0,654,-16,,,2026-08-22
2026-08-03,Adam Walton,97.0,654,-16,,,2026-08-22
2026-08-03,Adam Walton,97.0,654,-16,,,2026-08-22
2026-08-03,Adam Walton,97.0,654,-16,,,2026-08-22
2026-07-27,Adam Walton,96.0,670,+2,30.0,14.0,2026-08-22
2026-07-27,Adam Walton,96.0,670,+2,30.0,14.0,2026-08-22
2026-07-27,Adam Walton,96.0,670,+2,30.0,14.0,2026-08-22
2026-07-27,Adam Walton,96.0,670,+2,30.0,14.0,2026-08-22
2026-07-20,Adam Walton,99.0,668,-86,,,2026-08-22
2026-07-20,Adam Walton,99.0,668,-86,,,2026-08-22
2026-07-20,Adam Walton,99.0,668,-86,,,2026-08-22
2026-07-13,Adam Walton,79.0,754,+50,100.0,14.0,2026-08-22
2026-07-13,Adam Walton,79.0,754,+50,100.0,14.0,2026-08-22
2026-07-13,Adam Walton,79.0,754,+50,100.0,14.0,2026-08-22
2026-06-29,Adam Walton,85.0,704,+28,10.0,10.0,2026-08-22
2026-06-29,Adam Walton,85.0,704,+28,10.0,10.0,2026-08-22
2026-06-29,Adam Walton,85.0,704,+28,10.0,10.0,2026-08-22
2026-06-22,Adam Walton,92.0,676,-3,,,2026-08-22
2026-06-22,Adam Walton,92.0,676,-3,,,2026-08-22
2026-06-15,Adam Walton,91.0,679,-,13.0,10.0,2026-08-22
2026-06-15,Adam Walton,91.0,679,-,13.0,10.0,2026-08-22
2026-06-08,Adam Walton,91.0,679,+65,,,2026-08-22
2026-06-08,Adam Walton,91.0,679,+65,,,2026-08-22
2026-05-25,Adam Walton,97.0,614,-,50.0,8.0,2026-08-22
2026-05-25,Adam Walton,97.0,614,-,50.0,8.0,2026-08-22
2026-05-18,Adam Walton,101.0,614,+6,,,2026-08-22
2026-05-18,Adam Walton,101.0,614,+6,,,2026-08-22
2026-05-04,Adam Walton,103.0,608,+61,,,2026-08-22
2026-05-04,Adam Walton,103.0,608,+61,,,2026-08-22
2026-04-20,Adam Walton,117.0,547,-48,6.0,,2026-08-22
2026-04-20,Adam Walton,117.0,547,-48,6.0,,2026-08-22
2026-04-13,Adam Walton,109.0,595,-,64.0,6.0,2026-08-22
2026-04-13,Adam Walton,109.0,595,-,64.0,6.0,2026-08-22
2026-04-06,Adam Walton,111.0,595,-19,,,2026-08-22
2026-04-06,Adam Walton,111.0,595,-19,,,2026-08-22
2026-03-30,Adam Walton,105.0,614,-60,25.0,6.0,2026-08-22
2026-03-30,Adam Walton,105.0,614,-60,25.0,6.0,2026-08-22
2026-03-16,Adam Walton,85.0,674,+24,110.0,6.0,2026-08-22
2026-03-16,Adam Walton,85.0,674,+24,110.0,6.0,2026-08-22
2026-03-02,Adam Walton,91.0,650,-19,50.0,6.0,2026-08-22
2026-02-23,Adam Walton,87.0,669,+26,25.0,6.0,2026-08-22
2026-02-16,Adam Walton,93.0,643,-,,,2026-08-22
2026-02-09,Adam Walton,93.0,643,-69,,,2026-08-22
2026-02-02,Adam Walton,81.0,712,-15,75.0,6.0,2026-08-22
2026-01-19,Adam Walton,81.0,727,-,32.0,13.0,2026-08-22
2026-01-12,Adam Walton,79.0,727,-5,,,2026-08-22
2026-01-05,Adam Walton,77.0,732,-,13.0,8.0,2026-08-22
2025-12-29,Adam Walton,78.0,732,-8,,,2026-08-22
2025-12-22,Adam Walton,78.0,740,-,,,2026-08-22
2025-12-15,Adam Walton,78.0,740,-,,,2026-08-22
2025-12-08,Adam Walton,78.0,740,-,,,2026-08-22
2025-12-01,Adam Walton,78.0,740,-,,,2026-08-22
2025-11-24,Adam Walton,78.0,740,-,,,2026-08-22
2025-11-17,Adam Walton,78.0,740,-,,,2026-08-22
2025-11-10,Adam Walton,79.0,740,-,,,2026-08-22
2025-11-03,Adam Walton,83.0,740,-,,,2026-08-22
2025-10-27,Adam Walton,83.0,740,-56,,,2026-08-22
2025-10-20,Adam Walton,74.0,796,-,64.0,8.0,2026-08-22
2025-10-13,Adam Walton,76.0,796,-6,25.0,8.0,2026-08-22
,Andrei Chesnokov,,,,,,2026-08-22
,Craig A Miller,,,,,,2026-08-22
2026-08-10,Dane Sweeny,124.0,518,-,30.0,18.0,2026-08-22
2026-08-10,Dane Sweeny,124.0,518,-,30.0,18.0,2026-08-22
2026-08-10,Dane Sweeny,124.0,518,-,30.0,18.0,2026-08-22
2026-08-10,Dane Sweeny,124.0,518,-,30.0,18.0,2026-08-22
2026-08-03,Dane Sweeny,122.0,518,-,,,2026-08-22
2026-08-03,Dane Sweeny,122.0,518,-,,,2026-08-22
2026-08-03,Dane Sweeny,122.0,518,-,,,2026-08-22
2026-08-03,Dane Sweeny,122.0,518,-,,,2026-08-22
2026-07-27,Dane Sweeny,121.0,518,-,,,2026-08-22
2026-07-27,Dane Sweeny,121.0,518,-,,,2026-08-22
2026-07-27,Dane Sweeny,121.0,518,-,,,2026-08-22
2026-07-27,Dane Sweeny,121.0,518,-,,,2026-08-22
2026-07-20,Dane Sweeny,122.0,518,-3,,,2026-08-22
2026-07-20,Dane Sweeny,122.0,518,-3,,,2026-08-22
2026-07-20,Dane Sweeny,122.0,518,-3,,,2026-08-22
2026-07-13,Dane Sweeny,122.0,521,+28,15.0,12.0,2026-08-22
2026-07-13,Dane Sweeny,122.0,521,+28,15.0,12.0,2026-08-22
2026-07-13,Dane Sweeny,122.0,521,+28,15.0,12.0,2026-08-22
2026-06-29,Dane Sweeny,127.0,493,-,,,2026-08-22
2026-06-29,Dane Sweeny,127.0,493,-,,,2026-08-22
2026-06-29,Dane Sweeny,127.0,493,-,,,2026-08-22
2026-06-22,Dane Sweeny,126.0,493,-,,,2026-08-22
2026-06-22,Dane Sweeny,126.0,493,-,,,2026-08-22
2026-06-15,Dane Sweeny,126.0,493,+25,,,2026-08-22
2026-06-15,Dane Sweeny,126.0,493,+25,,,2026-08-22
2026-06-08,Dane Sweeny,132.0,468,-,,,2026-08-22
2026-06-08,Dane Sweeny,132.0,468,-,,,2026-08-22
2026-05-25,Dane Sweeny,131.0,468,-,,,2026-08-22
2026-05-25,Dane Sweeny,131.0,468,-,,,2026-08-22
2026-05-18,Dane Sweeny,131.0,468,+6,,,2026-08-22
2026-05-18,Dane Sweeny,131.0,468,+6,,,2026-08-22
2026-05-04,Dane Sweeny,135.0,462,-,,,2026-08-22
2026-05-04,Dane Sweeny,135.0,462,-,,,2026-08-22
2026-04-20,Dane Sweeny,134.0,462,-,,,2026-08-22
2026-04-20,Dane Sweeny,134.0,462,-,,,2026-08-22
2026-04-13,Dane Sweeny,132.0,462,-,,,2026-08-22
2026-04-13,Dane Sweeny,132.0,462,-,,,2026-08-22
2026-04-06,Dane Sweeny,135.0,462,-,,,2026-08-22
2026-04-06,Dane Sweeny,135.0,462,-,,,2026-08-22
2026-03-30,Dane Sweeny,135.0,462,-8,,,2026-08-22
2026-03-30,Dane Sweeny,135.0,462,-8,,,2026-08-22
2026-03-16,Dane Sweeny,132.0,470,+2,16.0,8.0,2026-08-22
2026-03-16,Dane Sweeny,132.0,470,+2,16.0,8.0,2026-08-22
2026-03-02,Dane Sweeny,131.0,468,-,,,2026-08-22
2026-02-23,Dane Sweeny,133.0,468,-,,,2026-08-22
2026-02-16,Dane Sweeny,134.0,468,+4,,,2026-08-22
2026-02-09,Dane Sweeny,138.0,464,+67,,,2026-08-22
2026-02-02,Dane Sweeny,151.0,397,+72,,,2026-08-22
2026-01-19,Dane Sweeny,182.0,325,-,8.0,3.0,2026-08-22
2026-01-12,Dane Sweeny,182.0,325,+10,,,2026-08-22
2026-01-05,Dane Sweeny,183.0,315,-5,,,2026-08-22
2025-12-29,Dane Sweeny,182.0,320,-3,8.0,3.0,2026-08-22
2025-12-22,Dane Sweeny,181.0,323,-,,,2026-08-22
2025-12-15,Dane Sweeny,181.0,323,-,,,2026-08-22
2025-12-08,Dane Sweeny,181.0,323,-,,,2026-08-22
2025-12-01,Dane Sweeny,182.0,323,+42,,,2026-08-22
,Eric Jelen,,,,,,2026-08-22
2026-08-10,Jason Kubler,473.0,97,-,,,2026-08-22
2026-08-03,Jason Kubler,462.0,97,-,,,2026-08-22
2026-07-27,Jason Kubler,462.0,97,-,,,2026-08-22
2026-02-02,Jason Kubler,179.0,339,+34,44.0,,2026-08-22
2026-01-19,Jason Kubler,194.0,305,-,6.0,,2026-08-22
2026-01-12,Jason Kubler,192.0,305,-,,,2026-08-22
2026-01-05,Jason Kubler,192.0,305,-,,,2026-08-22
2025-12-29,Jason Kubler,195.0,305,-,,,2026-08-22
2025-12-22,Jason Kubler,196.0,305,-,,,2026-08-22
2025-12-15,Jason Kubler,196.0,305,-,,,2026-08-22
2025-12-08,Jason Kubler,196.0,305,-16,,,2026-08-22
2025-12-01,Jason Kubler,184.0,321,+6,16.0,,2026-08-22
2025-11-24,Jason Kubler,188.0,315,+14,,,2026-08-22
2025-11-17,Jason Kubler,190.0,301,-,8.0,,2026-08-22
2025-11-10,Jason Kubler,190.0,301,-,,,2026-08-22
2025-11-03,Jason Kubler,188.0,301,-,,,2026-08-22
2025-10-27,Jason Kubler,184.0,301,-,,,2026-08-22
2025-10-20,Jason Kubler,185.0,301,-,,,2026-08-22
2025-10-13,Jason Kubler,186.0,301,+10,,,2026-08-22
,Jose Rubin Statham,,,,,,2026-08-22
2026-08-10,Laurent Lokoli,409.0,120,-,14.0,,2026-08-22
2026-08-03,Laurent Lokoli,403.0,120,-8,,,2026-08-22
2026-07-27,Laurent Lokoli,384.0,128,-,8.0,,2026-08-22
,Matt Lucena,,,,,,2026-08-22
,William Notar,,,,,,2026-08-22
,Brian Marcus,,,,,,2026-08-22
,C R Evans,,,,,,2026-08-22
,David Mitchell,,,,,,2026-08-22
,F R Burns,,,,,,2026-08-22
,Francois Servelle,,,,,,2026-08-22
,George Taylor,,,,,,2026-08-22
,Gordon Jones,,,,,,2026-08-22
,Ian Middleton,,,,,,2026-08-22
,Ichiro Nakanishi,,,,,,2026-08-22
,Jan Leschly,,,,,,2026-08-22
,John Picken,,,,,,2026-08-22
,Kazuya Morita,,,,,,2026-08-22
,M Camara,,,,,,2026-08-22
,Paul Fitzsimmons,,,,,,2026-08-22
,Robert Millington,,,,,,2026-08-22
,Sebastien Gerard,,,,,,2026-08-22
,Steve Herdoiza,,,,,,2026-08-22
,Unknown Vinti,,,,,,2026-08-22
,Dan Cassidy,,,,,,2026-08-22
,Dusan Lojda,,,,,,2026-08-22
,Lionel Barthez,,,,,,2026-08-22
,Mike Bryan,,,,,,2026-08-22
,Olivier Delaitre,,,,,,2026-08-22
,Ricardo Cano,,,,,,2026-08-22
,Roberto Quiroz,,,,,,2026-08-22
,Tuomas Ketola,,,,,,2026-08-22
,Wayne Odesnik,,,,,,2026-08-22
,Bill Bartlett,,,,,,2026-08-22
,Clint Murphy,,,,,,2026-08-22
,Harold Hunt,,,,,,2026-08-22
,J Cabeza,,,,,,2026-08-22
,Jim Bochte,,,,,,2026-08-22
,Joel Ostroff,,,,,,2026-08-22
,Jun Kamiwazumi,,,,,,2026-08-22
,Kishiya Matsumoto,,,,,,2026-08-22
,P Corne,,,,,,2026-08-22
,Piet Snyman,,,,,,2026-08-22
,Tony Palafox,,,,,,2026-08-22
,U Calle,,,,,,2026-08-22
,William Shivar,,,,,,2026-08-22
,Bobby Kokavec,,,,,,2026-08-22
,David De Miguel,,,,,,2026-08-22
,Dick Norman,,,,,,2026-08-22
2026-08-10,Dino Prizmic,101.0,652,-,44.0,,2026-08-22
2026-08-10,Dino Prizmic,101.0,652,-,44.0,,2026-08-22
2026-08-10,Dino Prizmic,101.0,652,-,44.0,,2026-08-22
2026-08-10,Dino Prizmic,101.0,652,-,44.0,,2026-08-22
2026-08-03,Dino Prizmic,98.0,652,-,,,2026-08-22
2026-08-03,Dino Prizmic,98.0,652,-,,,2026-08-22
2026-08-03,Dino Prizmic,98.0,652,-,,,2026-08-22
2026-08-03,Dino Prizmic,98.0,652,-,,,2026-08-22
2026-07-27,Dino Prizmic,98.0,652,-50,,,2026-08-22
2026-07-27,Dino Prizmic,98.0,652,-50,,,2026-08-22
2026-07-27,Dino Prizmic,98.0,652,-50,,,2026-08-22
2026-07-27,Dino Prizmic,98.0,652,-50,,,2026-08-22
2026-07-20,Dino Prizmic,91.0,702,-39,50.0,,2026-08-22
2026-07-20,Dino Prizmic,91.0,702,-39,50.0,,2026-08-22
2026-07-20,Dino Prizmic,91.0,702,-39,50.0,,2026-08-22
2026-07-13,Dino Prizmic,84.0,741,+50,64.0,,2026-08-22
2026-07-13,Dino Prizmic,84.0,741,+50,64.0,,2026-08-22
2026-07-13,Dino Prizmic,84.0,741,+50,64.0,,2026-08-22
2026-06-29,Dino Prizmic,89.0,691,-44,,,2026-08-22
2026-06-29,Dino Prizmic,89.0,691,-44,,,2026-08-22
2026-06-29,Dino Prizmic,89.0,691,-44,,,2026-08-22
2026-06-22,Dino Prizmic,81.0,735,-,44.0,,2026-08-22
2026-06-22,Dino Prizmic,81.0,735,-,44.0,,2026-08-22
2026-06-15,Dino Prizmic,82.0,735,-100,,,2026-08-22
2026-06-15,Dino Prizmic,82.0,735,-100,,,2026-08-22
2026-06-08,Dino Prizmic,70.0,835,+50,100.0,,2026-08-22
2026-06-08,Dino Prizmic,70.0,835,+50,100.0,,2026-08-22
2026-05-25,Dino Prizmic,72.0,785,-,,,2026-08-22
2026-05-25,Dino Prizmic,72.0,785,-,,,2026-08-22
2026-05-18,Dino Prizmic,71.0,785,+45,,,2026-08-22
2026-05-18,Dino Prizmic,71.0,785,+45,,,2026-08-22
2026-05-04,Dino Prizmic,79.0,740,+70,75.0,,2026-08-22
2026-05-04,Dino Prizmic,79.0,740,+70,75.0,,2026-08-22
2026-04-20,Dino Prizmic,87.0,670,-,,,2026-08-22
2026-04-20,Dino Prizmic,87.0,670,-,,,2026-08-22
2026-04-13,Dino Prizmic,87.0,670,+64,,,2026-08-22
2026-04-13,Dino Prizmic,87.0,670,+64,,,2026-08-22
2026-04-06,Dino Prizmic,106.0,606,+21,,,2026-08-22
2026-04-06,Dino Prizmic,106.0,606,+21,,,2026-08-22
2026-03-30,Dino Prizmic,112.0,585,-6,4.0,,2026-08-22
2026-03-30,Dino Prizmic,112.0,585,-6,4.0,,2026-08-22
2026-03-16,Dino Prizmic,108.0,591,+50,6.0,,2026-08-22
2026-03-16,Dino Prizmic,108.0,591,+50,6.0,,2026-08-22
2026-03-02,Dino Prizmic,119.0,541,+12,,,2026-08-22
2026-02-23,Dino Prizmic,120.0,529,+22,26.0,,2026-08-22
2026-02-16,Dino Prizmic,122.0,507,-,3.0,,2026-08-22
2026-02-09,Dino Prizmic,122.0,507,-,,,2026-08-22
2026-02-02,Dino Prizmic,121.0,507,+26,,,2026-08-22
2026-01-19,Dino Prizmic,127.0,481,-,,,2026-08-22
2026-01-12,Dino Prizmic,127.0,481,-6,,,2026-08-22
2026-01-05,Dino Prizmic,126.0,487,-,6.0,,2026-08-22
2025-12-29,Dino Prizmic,127.0,487,-,,,2026-08-22
2025-12-22,Dino Prizmic,128.0,487,-,,,2026-08-22
2025-12-15,Dino Prizmic,128.0,487,-,,,2026-08-22
2025-12-08,Dino Prizmic,128.0,487,-,,,2026-08-22
2025-12-01,Dino Prizmic,128.0,487,-,,,2026-08-22
2025-11-24,Dino Prizmic,127.0,487,-14,,,2026-08-22
2025-11-17,Dino Prizmic,122.0,501,-,14.0,,2026-08-22
2025-11-10,Dino Prizmic,123.0,501,-,,,2026-08-22
2025-11-03,Dino Prizmic,121.0,501,-35,,,2026-08-22
2025-10-27,Dino Prizmic,118.0,536,-,35.0,,2026-08-22
2025-10-20,Dino Prizmic,119.0,536,-,,,2026-08-22
2025-10-13,Dino Prizmic,120.0,536,-25,,,2026-08-22
,Emmanuel Marmillod,,,,,,2026-08-22
,Fernando Roese,,,,,,2026-08-22
,Louk Sorensen,,,,,,2026-08-22
2026-08-10,Mateus Alves,414.0,118,+15,,,2026-08-22
2026-08-03,Mateus Alves,447.0,103,+1,,,2026-08-22
2026-07-27,Mateus Alves,449.0,102,-,,,2026-08-22
2026-08-10,Nicolas Alvarez Varona,709.0,48,-,,,2026-08-22
2026-08-03,Nicolas Alvarez Varona,702.0,48,-,,,2026-08-22
2026-07-27,Nicolas Alvarez Varona,698.0,48,-44,,,2026-08-22
,Robert Casey,,,,,,2026-08-22
,Ronald Agenor,,,,,,2026-08-22
2026-08-10,Tung Lin Wu,370.0,138,-,,,2026-08-22
2026-08-03,Tung Lin Wu,363.0,138,-2,,,2026-08-22
2026-07-27,Tung Lin Wu,357.0,140,-18,2.0,,2026-08-22
,Victor Hanescu,,,,,,2026-08-22
2026-08-10,Zizou Bergs,33.0,1365,+25,30.0,25.0,2026-08-22
2026-08-10,Zizou Bergs,33.0,1365,+25,30.0,25.0,2026-08-22
2026-08-10,Zizou Bergs,33.0,1365,+25,30.0,25.0,2026-08-22
2026-08-10,Zizou Bergs,33.0,1365,+25,30.0,25.0,2026-08-22
2026-08-03,Zizou Bergs,34.0,1340,-,,,2026-08-22
2026-08-03,Zizou Bergs,34.0,1340,-,,,2026-08-22
2026-08-03,Zizou Bergs,34.0,1340,-,,,2026-08-22
2026-08-03,Zizou Bergs,34.0,1340,-,,,2026-08-22
2026-07-27,Zizou Bergs,36.0,1340,-,,,2026-08-22
2026-07-27,Zizou Bergs,36.0,1340,-,,,2026-08-22
2026-07-27,Zizou Bergs,36.0,1340,-,,,2026-08-22
2026-07-27,Zizou Bergs,36.0,1340,-,,,2026-08-22
2026-07-20,Zizou Bergs,34.0,1340,-,,,2026-08-22
2026-07-20,Zizou Bergs,34.0,1340,-,,,2026-08-22
2026-07-20,Zizou Bergs,34.0,1340,-,,,2026-08-22
2026-07-13,Zizou Bergs,35.0,1340,+90,,,2026-08-22
2026-07-13,Zizou Bergs,35.0,1340,+90,,,2026-08-22
2026-07-13,Zizou Bergs,35.0,1340,+90,,,2026-08-22
2026-06-29,Zizou Bergs,37.0,1250,+240,10.0,10.0,2026-08-22
2026-06-29,Zizou Bergs,37.0,1250,+240,10.0,10.0,2026-08-22
2026-06-29,Zizou Bergs,37.0,1250,+240,10.0,10.0,2026-08-22
2026-06-22,Zizou Bergs,48.0,1010,-,,,2026-08-22
2026-06-22,Zizou Bergs,48.0,1010,-,,,2026-08-22
2026-06-15,Zizou Bergs,48.0,1010,-140,,,2026-08-22
2026-06-15,Zizou Bergs,48.0,1010,-140,,,2026-08-22
2026-06-08,Zizou Bergs,40.0,1150,-,165.0,25.0,2026-08-22
2026-06-08,Zizou Bergs,40.0,1150,-,165.0,25.0,2026-08-22
2026-05-25,Zizou Bergs,40.0,1150,-,10.0,25.0,2026-08-22
2026-05-25,Zizou Bergs,40.0,1150,-,10.0,25.0,2026-08-22
2026-05-18,Zizou Bergs,38.0,1150,+10,,,2026-08-22
2026-05-18,Zizou Bergs,38.0,1150,+10,,,2026-08-22
2026-05-04,Zizou Bergs,39.0,1140,+80,,,2026-08-22
2026-05-04,Zizou Bergs,39.0,1140,+80,,,2026-08-22
2026-04-20,Zizou Bergs,44.0,1060,-50,10.0,,2026-08-22
2026-04-20,Zizou Bergs,44.0,1060,-50,10.0,,2026-08-22
2026-04-13,Zizou Bergs,40.0,1110,+100,100.0,,2026-08-22
2026-04-13,Zizou Bergs,40.0,1110,+100,100.0,,2026-08-22
2026-04-06,Zizou Bergs,47.0,1010,-,,,2026-08-22
2026-04-06,Zizou Bergs,47.0,1010,-,,,2026-08-22
2026-03-30,Zizou Bergs,46.0,1010,-20,,,2026-08-22
2026-03-30,Zizou Bergs,46.0,1010,-20,,,2026-08-22
2026-03-16,Zizou Bergs,45.0,1030,-,50.0,,2026-08-22
2026-03-16,Zizou Bergs,45.0,1030,-,50.0,,2026-08-22
2026-03-02,Zizou Bergs,47.0,1030,-50,30.0,,2026-08-22
2026-02-23,Zizou Bergs,46.0,1080,-,50.0,,2026-08-22
2026-02-16,Zizou Bergs,44.0,1080,-90,50.0,,2026-08-22
2026-02-09,Zizou Bergs,39.0,1170,-,100.0,10.0,2026-08-22
2026-02-02,Zizou Bergs,40.0,1170,-,,,2026-08-22
2026-01-19,Zizou Bergs,43.0,1170,-,10.0,10.0,2026-08-22
2026-01-12,Zizou Bergs,43.0,1170,-23,,,2026-08-22
2026-01-05,Zizou Bergs,42.0,1193,-15,178.0,10.0,2026-08-22
2025-12-29,Zizou Bergs,42.0,1208,-10,25.0,10.0,2026-08-22
2025-12-22,Zizou Bergs,43.0,1218,-,,,2026-08-22
2025-12-15,Zizou Bergs,43.0,1218,-,,,2026-08-22
2025-12-08,Zizou Bergs,43.0,1218,-,,,2026-08-22
2025-12-01,Zizou Bergs,43.0,1218,-,,,2026-08-22
2025-11-24,Zizou Bergs,43.0,1218,-,,,2026-08-22
2025-11-17,Zizou Bergs,43.0,1218,-,,,2026-08-22
2025-11-10,Zizou Bergs,43.0,1218,-40,,,2026-08-22
2025-11-03,Zizou Bergs,40.0,1258,-16,50.0,10.0,2026-08-22
2025-10-27,Zizou Bergs,41.0,1274,-,66.0,10.0,2026-08-22
2025-10-20,Zizou Bergs,40.0,1274,-25,,,2026-08-22
2025-10-13,Zizou Bergs,39.0,1299,+170,50.0,25.0,2026-08-22
,Andrew Mcgrath,,,,,,2026-08-22
,Brent Pirow,,,,,,2026-08-22
,Dale Fritz,,,,,,2026-08-22
,Fabrizio Berliri,,,,,,2026-08-22
,Guy Fritz,,,,,,2026-08-22
,Hector Aguilar,,,,,,2026-08-22
,Jack Jackson,,,,,,2026-08-22
,John Stoddart,,,,,,2026-08-22
,Michihisa Onoda,,,,,,2026-08-22
,Mikhail Biryukov,,,,,,2026-08-22
,Patrick Ciorcila,,,,,,2026-08-22
,Peter Anton Biner,,,,,,2026-08-22
,Peter Doerner,,,,,,2026-08-22
,Alex Bogdanovic,,,,,,2026-08-22
2026-08-10,Alex Molcan,75.0,791,-,81.0,,2026-08-22
2026-08-10,Alex Molcan,75.0,791,-,81.0,,2026-08-22
2026-08-10,Alex Molcan,75.0,791,-,81.0,,2026-08-22
2026-08-10,Alex Molcan,75.0,791,-,81.0,,2026-08-22
2026-08-03,Alex Molcan,75.0,791,-2,,,2026-08-22
2026-08-03,Alex Molcan,75.0,791,-2,,,2026-08-22
2026-08-03,Alex Molcan,75.0,791,-2,,,2026-08-22
2026-08-03,Alex Molcan,75.0,791,-2,,,2026-08-22
2026-07-27,Alex Molcan,74.0,793,+46,4.0,2.0,2026-08-22
2026-07-27,Alex Molcan,74.0,793,+46,4.0,2.0,2026-08-22
2026-07-27,Alex Molcan,74.0,793,+46,4.0,2.0,2026-08-22
2026-07-27,Alex Molcan,74.0,793,+46,4.0,2.0,2026-08-22
2026-07-20,Alex Molcan,81.0,747,+98,4.0,2.0,2026-08-22
2026-07-20,Alex Molcan,81.0,747,+98,4.0,2.0,2026-08-22
2026-07-20,Alex Molcan,81.0,747,+98,4.0,2.0,2026-08-22
2026-07-13,Alex Molcan,101.0,649,+10,,,2026-08-22
2026-07-13,Alex Molcan,101.0,649,+10,,,2026-08-22
2026-07-13,Alex Molcan,101.0,649,+10,,,2026-08-22
2026-06-29,Alex Molcan,101.0,639,+13,40.0,,2026-08-22
2026-06-29,Alex Molcan,101.0,639,+13,40.0,,2026-08-22
2026-06-29,Alex Molcan,101.0,639,+13,40.0,,2026-08-22
2026-06-22,Alex Molcan,102.0,626,-,,,2026-08-22
2026-06-22,Alex Molcan,102.0,626,-,,,2026-08-22
2026-06-15,Alex Molcan,101.0,626,-,,,2026-08-22
2026-06-15,Alex Molcan,101.0,626,-,,,2026-08-22
2026-06-08,Alex Molcan,102.0,626,+55,,,2026-08-22
2026-06-08,Alex Molcan,102.0,626,+55,,,2026-08-22
2026-05-25,Alex Molcan,110.0,571,-25,3.0,,2026-08-22
2026-05-25,Alex Molcan,110.0,571,-25,3.0,,2026-08-22
2026-05-18,Alex Molcan,106.0,596,+25,25.0,,2026-08-22
2026-05-18,Alex Molcan,106.0,596,+25,25.0,,2026-08-22
2026-05-04,Alex Molcan,113.0,571,-30,,,2026-08-22
2026-05-04,Alex Molcan,113.0,571,-30,,,2026-08-22
2026-04-20,Alex Molcan,107.0,601,+225,30.0,,2026-08-22
2026-04-20,Alex Molcan,107.0,601,+225,30.0,,2026-08-22
2026-04-13,Alex Molcan,166.0,376,-,,,2026-08-22
2026-04-13,Alex Molcan,166.0,376,-,,,2026-08-22
2026-04-06,Alex Molcan,163.0,376,+62,,,2026-08-22
2026-04-06,Alex Molcan,163.0,376,+62,,,2026-08-22
2026-03-30,Alex Molcan,189.0,314,+12,1.0,,2026-08-22
2026-03-30,Alex Molcan,189.0,314,+12,1.0,,2026-08-22
2026-03-16,Alex Molcan,200.0,302,-,,,2026-08-22
2026-03-16,Alex Molcan,200.0,302,-,,,2026-08-22
2026-03-02,Alex Molcan,200.0,302,-,,,2026-08-22
2026-02-16,Alex Molcan,200.0,302,-,,,2026-08-22
2026-02-09,Alex Molcan,200.0,302,-,,,2026-08-22
2026-02-02,Alex Molcan,200.0,302,+16,,,2026-08-22
2025-11-10,Alex Molcan,199.0,286,+7,,,2026-08-22
2025-11-03,Alex Molcan,199.0,279,-,,,2026-08-22
2025-10-27,Alex Molcan,199.0,279,-,,,2026-08-22
2025-10-20,Alex Molcan,199.0,279,+8,,,2026-08-22
,Alexander Mronz,,,,,,2026-08-22
,Jiri Vanek,,,,,,2026-08-22
,Jordi Arrese,,,,,,2026-08-22
,Libor Pimek,,,,,,2026-08-22
,Michael Grant,,,,,,2026-08-22
,N Vijay Sundar Prashanth,,,,,,2026-08-22
,Patrice Beust,,,,,,2026-08-22
,Philip Bester,,,,,,2026-08-22
,Riccardo Ghedin,,,,,,2026-08-22
,Srinivasan Vasudevan,,,,,,2026-08-22
,Trey Waltke,,,,,,2026-08-22
,Arseny Markoff,,,,,,2026-08-22
,Bill Maze,,,,,,2026-08-22
,Conway Unger,,,,,,2026-08-22
,Curt Stalder,,,,,,2026-08-22
,Filip Veger,,,,,,2026-08-22
,Franco Belli,,,,,,2026-08-22
,Frank Tutvin,,,,,,2026-08-22
,G Doughty,,,,,,2026-08-22
,Gardet,,,,,,2026-08-22
,Giuseppe Tartari,,,,,,2026-08-22
,Gregoire Burquier,,,,,,2026-08-22
,Hidehiko Tanizawa,,,,,,2026-08-22
,Ian Beverly,,,,,,2026-08-22
,Jacques Hervet,,,,,,2026-08-22
,Javier Restrepo,,,,,,2026-08-22
,Juan Manuel Hidalgo,,,,,,2026-08-22
,Kento Takeuchi,,,,,,2026-08-22
,Kinantan Sangitan,,,,,,2026-08-22
,Lew Smolin,,,,,,2026-08-22
,M Patterson,,,,,,2026-08-22
,Nick Lee,,,,,,2026-08-22
,Nuno Matias,,,,,,2026-08-22
,R S Edwards,,,,,,2026-08-22
,Rob Danner,,,,,,2026-08-22
,Spencer Segura,,,,,,2026-08-22
,Wataru Fujii,,,,,,2026-08-22
,Andrei Cherkasov,,,,,,2026-08-22
,Bob Bryan,,,,,,2026-08-22
,Brandon Coupe,,,,,,2026-08-22
,Bruce Manson,,,,,,2026-08-22
2026-08-10,David Jorda Sanchis,187.0,305,-,20.0,4.0,2026-08-22
2026-08-10,David Jorda Sanchis,187.0,305,-,20.0,4.0,2026-08-22
2026-08-10,David Jorda Sanchis,187.0,305,-,20.0,4.0,2026-08-22
2026-08-10,David Jorda Sanchis,187.0,305,-,20.0,4.0,2026-08-22
2026-08-03,David Jorda Sanchis,186.0,305,-,,,2026-08-22
2026-08-03,David Jorda Sanchis,186.0,305,-,,,2026-08-22
2026-08-03,David Jorda Sanchis,186.0,305,-,,,2026-08-22
2026-08-03,David Jorda Sanchis,186.0,305,-,,,2026-08-22
2026-07-27,David Jorda Sanchis,188.0,305,-,,,2026-08-22
2026-07-27,David Jorda Sanchis,188.0,305,-,,,2026-08-22
2026-07-27,David Jorda Sanchis,188.0,305,-,,,2026-08-22
2026-07-27,David Jorda Sanchis,188.0,305,-,,,2026-08-22
2026-07-20,David Jorda Sanchis,188.0,305,-,,,2026-08-22
2026-07-20,David Jorda Sanchis,188.0,305,-,,,2026-08-22
2026-07-20,David Jorda Sanchis,188.0,305,-,,,2026-08-22
2026-07-13,David Jorda Sanchis,189.0,305,-7,,,2026-08-22
2026-07-13,David Jorda Sanchis,189.0,305,-7,,,2026-08-22
2026-07-13,David Jorda Sanchis,189.0,305,-7,,,2026-08-22
2026-06-29,David Jorda Sanchis,184.0,312,-,13.0,3.0,2026-08-22
2026-06-29,David Jorda Sanchis,184.0,312,-,13.0,3.0,2026-08-22
2026-06-29,David Jorda Sanchis,184.0,312,-,13.0,3.0,2026-08-22
2026-06-22,David Jorda Sanchis,186.0,312,-,,,2026-08-22
2026-06-22,David Jorda Sanchis,186.0,312,-,,,2026-08-22
2026-06-15,David Jorda Sanchis,190.0,312,+99,,,2026-08-22
2026-06-15,David Jorda Sanchis,190.0,312,+99,,,2026-08-22
2026-08-10,Emilio Nava,108.0,604,-,50.0,7.0,2026-08-22
2026-08-10,Emilio Nava,108.0,604,-,50.0,7.0,2026-08-22
2026-08-10,Emilio Nava,108.0,604,-,50.0,7.0,2026-08-22
2026-08-10,Emilio Nava,108.0,604,-,50.0,7.0,2026-08-22
2026-08-03,Emilio Nava,106.0,604,-60,,,2026-08-22
2026-08-03,Emilio Nava,106.0,604,-60,,,2026-08-22
2026-08-03,Emilio Nava,106.0,604,-60,,,2026-08-22
2026-08-03,Emilio Nava,106.0,604,-60,,,2026-08-22
2026-07-27,Emilio Nava,97.0,664,-,70.0,10.0,2026-08-22
2026-07-27,Emilio Nava,97.0,664,-,70.0,10.0,2026-08-22
2026-07-27,Emilio Nava,97.0,664,-,70.0,10.0,2026-08-22
2026-07-27,Emilio Nava,97.0,664,-,70.0,10.0,2026-08-22
2026-07-20,Emilio Nava,100.0,664,-37,,,2026-08-22
2026-07-20,Emilio Nava,100.0,664,-37,,,2026-08-22
2026-07-20,Emilio Nava,100.0,664,-37,,,2026-08-22
2026-07-13,Emilio Nava,91.0,701,-3,50.0,13.0,2026-08-22
2026-07-13,Emilio Nava,91.0,701,-3,50.0,13.0,2026-08-22
2026-07-13,Emilio Nava,91.0,701,-3,50.0,13.0,2026-08-22
2026-06-29,Emilio Nava,86.0,704,-,,,2026-08-22
2026-06-29,Emilio Nava,86.0,704,-,,,2026-08-22
2026-06-29,Emilio Nava,86.0,704,-,,,2026-08-22
2026-06-22,Emilio Nava,87.0,704,-3,,,2026-08-22
2026-06-22,Emilio Nava,87.0,704,-3,,,2026-08-22
2026-06-15,Emilio Nava,85.0,707,-,16.0,13.0,2026-08-22
2026-06-15,Emilio Nava,85.0,707,-,16.0,13.0,2026-08-22
2026-06-08,Emilio Nava,87.0,707,+76,,,2026-08-22
2026-06-08,Emilio Nava,87.0,707,+76,,,2026-08-22
2026-05-25,Emilio Nava,94.0,631,-,64.0,23.0,2026-08-22
2026-05-25,Emilio Nava,94.0,631,-,64.0,23.0,2026-08-22
2026-05-18,Emilio Nava,97.0,631,+37,,,2026-08-22
2026-05-18,Emilio Nava,97.0,631,+37,,,2026-08-22
2026-05-04,Emilio Nava,108.0,594,+45,,,2026-08-22
2026-05-04,Emilio Nava,108.0,594,+45,,,2026-08-22
2026-04-20,Emilio Nava,116.0,549,-31,,,2026-08-22
2026-04-20,Emilio Nava,116.0,549,-31,,,2026-08-22
2026-04-13,Emilio Nava,112.0,580,-35,44.0,7.0,2026-08-22
2026-04-13,Emilio Nava,112.0,580,-35,44.0,7.0,2026-08-22
2026-04-06,Emilio Nava,103.0,615,-,75.0,7.0,2026-08-22
2026-04-06,Emilio Nava,103.0,615,-,75.0,7.0,2026-08-22
2026-03-30,Emilio Nava,104.0,615,-126,,,2026-08-22
2026-03-30,Emilio Nava,104.0,615,-126,,,2026-08-22
2026-03-16,Emilio Nava,74.0,741,-12,150.0,14.0,2026-08-22
2026-03-16,Emilio Nava,74.0,741,-12,150.0,14.0,2026-08-22
2026-03-02,Emilio Nava,75.0,753,+43,22.0,7.0,2026-08-22
2026-02-23,Emilio Nava,79.0,710,-,,,2026-08-22
2026-02-16,Emilio Nava,76.0,710,-,,,2026-08-22
2026-02-09,Emilio Nava,81.0,710,-,,,2026-08-22
2026-02-02,Emilio Nava,82.0,710,+27,,,2026-08-22
2026-01-19,Emilio Nava,89.0,683,+6,30.0,14.0,2026-08-22
2026-01-12,Emilio Nava,88.0,677,-,,,2026-08-22
2026-01-05,Emilio Nava,88.0,677,-,,,2026-08-22
2025-12-29,Emilio Nava,88.0,677,-7,,,2026-08-22
2025-12-22,Emilio Nava,88.0,684,-,,,2026-08-22
2025-12-15,Emilio Nava,88.0,684,-,,,2026-08-22
2025-12-08,Emilio Nava,88.0,684,-,,,2026-08-22
2025-12-01,Emilio Nava,88.0,684,-,,,2026-08-22
2025-11-24,Emilio Nava,88.0,684,-,,,2026-08-22
2025-11-17,Emilio Nava,88.0,684,-,,,2026-08-22
2025-11-10,Emilio Nava,88.0,684,-1,,,2026-08-22
2025-11-03,Emilio Nava,90.0,685,-6,8.0,7.0,2026-08-22
2025-10-27,Emilio Nava,91.0,691,+9,13.0,7.0,2026-08-22
2025-10-20,Emilio Nava,92.0,682,-1,,,2026-08-22
2025-10-13,Emilio Nava,93.0,683,-,8.0,7.0,2026-08-22
,Farrukh Dustov,,,,,,2026-08-22
,Fernando Romboli,,,,,,2026-08-22
2026-08-10,Jaume Munar,46.0,1050,+30,60.0,,2026-08-22
2026-08-10,Jaume Munar,46.0,1050,+30,60.0,,2026-08-22
2026-08-10,Jaume Munar,46.0,1050,+30,60.0,,2026-08-22
2026-08-10,Jaume Munar,46.0,1050,+30,60.0,,2026-08-22
2026-08-03,Jaume Munar,45.0,1020,-30,,,2026-08-22
2026-08-03,Jaume Munar,45.0,1020,-30,,,2026-08-22
2026-08-03,Jaume Munar,45.0,1020,-30,,,2026-08-22
2026-08-03,Jaume Munar,45.0,1020,-30,,,2026-08-22
2026-07-27,Jaume Munar,43.0,1050,-25,30.0,,2026-08-22
2026-07-27,Jaume Munar,43.0,1050,-25,30.0,,2026-08-22
2026-07-27,Jaume Munar,43.0,1050,-25,30.0,,2026-08-22
2026-07-27,Jaume Munar,43.0,1050,-25,30.0,,2026-08-22
2026-07-20,Jaume Munar,43.0,1075,-,25.0,,2026-08-22
2026-07-20,Jaume Munar,43.0,1075,-,25.0,,2026-08-22
2026-07-20,Jaume Munar,43.0,1075,-,25.0,,2026-08-22
2026-07-13,Jaume Munar,44.0,1075,-,,,2026-08-22
2026-07-13,Jaume Munar,44.0,1075,-,,,2026-08-22
2026-07-13,Jaume Munar,44.0,1075,-,,,2026-08-22
2026-06-29,Jaume Munar,44.0,1075,+10,100.0,,2026-08-22
2026-06-29,Jaume Munar,44.0,1075,+10,100.0,,2026-08-22
2026-06-29,Jaume Munar,44.0,1075,+10,100.0,,2026-08-22
2026-06-22,Jaume Munar,44.0,1065,-40,,,2026-08-22
2026-06-22,Jaume Munar,44.0,1065,-40,,,2026-08-22
2026-06-15,Jaume Munar,43.0,1105,-,50.0,10.0,2026-08-22
2026-06-15,Jaume Munar,43.0,1105,-,50.0,10.0,2026-08-22
2026-06-08,Jaume Munar,44.0,1105,-40,,,2026-08-22
2026-06-08,Jaume Munar,44.0,1105,-40,,,2026-08-22
2026-05-25,Jaume Munar,41.0,1145,+40,50.0,10.0,2026-08-22
2026-05-25,Jaume Munar,41.0,1145,+40,50.0,10.0,2026-08-22
2026-05-18,Jaume Munar,39.0,1105,-50,,,2026-08-22
2026-05-18,Jaume Munar,39.0,1105,-50,,,2026-08-22
2026-05-04,Jaume Munar,38.0,1155,+20,100.0,,2026-08-22
2026-05-04,Jaume Munar,38.0,1155,+20,100.0,,2026-08-22
2026-04-20,Jaume Munar,38.0,1135,-40,10.0,,2026-08-22
2026-04-20,Jaume Munar,38.0,1135,-40,10.0,,2026-08-22
2026-04-13,Jaume Munar,38.0,1175,-,50.0,10.0,2026-08-22
2026-04-13,Jaume Munar,38.0,1175,-,50.0,10.0,2026-08-22
2026-04-06,Jaume Munar,37.0,1175,-,,,2026-08-22
2026-04-06,Jaume Munar,37.0,1175,-,,,2026-08-22
2026-03-30,Jaume Munar,37.0,1175,-50,,,2026-08-22
2026-03-30,Jaume Munar,37.0,1175,-50,,,2026-08-22
2026-03-16,Jaume Munar,35.0,1225,-10,50.0,10.0,2026-08-22
2026-03-16,Jaume Munar,35.0,1225,-10,50.0,10.0,2026-08-22
2026-03-02,Jaume Munar,36.0,1235,-,10.0,10.0,2026-08-22
2026-02-23,Jaume Munar,39.0,1235,-40,,,2026-08-22
2026-02-16,Jaume Munar,37.0,1275,+90,50.0,10.0,2026-08-22
2026-02-09,Jaume Munar,37.0,1185,-190,,,2026-08-22
2026-02-02,Jaume Munar,37.0,1375,+40,200.0,10.0,2026-08-22
2026-01-19,Jaume Munar,39.0,1335,+40,10.0,10.0,2026-08-22
2026-01-12,Jaume Munar,38.0,1295,-,,,2026-08-22
2026-01-05,Jaume Munar,38.0,1295,-90,,,2026-08-22
2025-12-29,Jaume Munar,33.0,1385,-10,100.0,10.0,2026-08-22
2025-12-22,Jaume Munar,36.0,1395,-,,,2026-08-22
2025-12-15,Jaume Munar,36.0,1395,-,,,2026-08-22
2025-12-08,Jaume Munar,36.0,1395,-,,,2026-08-22
2025-12-01,Jaume Munar,36.0,1395,-,,,2026-08-22
2025-11-24,Jaume Munar,36.0,1395,-,,,2026-08-22
2025-11-17,Jaume Munar,36.0,1395,-,,,2026-08-22
2025-11-10,Jaume Munar,36.0,1395,-,,,2026-08-22
2025-11-03,Jaume Munar,36.0,1395,-,,,2026-08-22
2025-10-27,Jaume Munar,36.0,1395,+187,,,2026-08-22
2025-10-20,Jaume Munar,42.0,1208,-,13.0,,2026-08-22
2025-10-13,Jaume Munar,42.0,1208,+70,,,2026-08-22
,Jean Rene Lisnard,,,,,,2026-08-22
,John Millman,,,,,,2026-08-22
,Matthew Barton,,,,,,2026-08-22
2026-08-10,Otto Virtanen,116.0,564,-,,,2026-08-22
2026-08-10,Otto Virtanen,116.0,564,-,,,2026-08-22
2026-08-10,Otto Virtanen,116.0,564,-,,,2026-08-22
2026-08-10,Otto Virtanen,116.0,564,-,,,2026-08-22
2026-08-03,Otto Virtanen,114.0,564,+8,,,2026-08-22
2026-08-03,Otto Virtanen,114.0,564,+8,,,2026-08-22
2026-08-03,Otto Virtanen,114.0,564,+8,,,2026-08-22
2026-08-03,Otto Virtanen,114.0,564,+8,,,2026-08-22
2026-07-27,Otto Virtanen,115.0,556,+44,,,2026-08-22
2026-07-27,Otto Virtanen,115.0,556,+44,,,2026-08-22
2026-07-27,Otto Virtanen,115.0,556,+44,,,2026-08-22
2026-07-27,Otto Virtanen,115.0,556,+44,,,2026-08-22
2026-07-20,Otto Virtanen,125.0,512,-,,,2026-08-22
2026-07-20,Otto Virtanen,125.0,512,-,,,2026-08-22
2026-07-20,Otto Virtanen,125.0,512,-,,,2026-08-22
2026-07-13,Otto Virtanen,126.0,512,+80,,,2026-08-22
2026-07-13,Otto Virtanen,126.0,512,+80,,,2026-08-22
2026-07-13,Otto Virtanen,126.0,512,+80,,,2026-08-22
2026-06-29,Otto Virtanen,140.0,432,-,,,2026-08-22
2026-06-29,Otto Virtanen,140.0,432,-,,,2026-08-22
2026-06-29,Otto Virtanen,140.0,432,-,,,2026-08-22
2026-06-22,Otto Virtanen,137.0,432,+64,,,2026-08-22
2026-06-22,Otto Virtanen,137.0,432,+64,,,2026-08-22
2026-06-15,Otto Virtanen,160.0,368,-25,,,2026-08-22
2026-06-15,Otto Virtanen,160.0,368,-25,,,2026-08-22
2026-06-08,Otto Virtanen,158.0,393,-69,25.0,,2026-08-22
2026-06-08,Otto Virtanen,158.0,393,-69,25.0,,2026-08-22
2026-05-25,Otto Virtanen,134.0,462,-,133.0,,2026-08-22
2026-05-25,Otto Virtanen,134.0,462,-,133.0,,2026-08-22
2026-05-18,Otto Virtanen,134.0,462,-50,,,2026-08-22
2026-05-18,Otto Virtanen,134.0,462,-50,,,2026-08-22
2026-05-04,Otto Virtanen,127.0,512,-,50.0,,2026-08-22
2026-05-04,Otto Virtanen,127.0,512,-,50.0,,2026-08-22
2026-04-20,Otto Virtanen,121.0,512,+25,,,2026-08-22
2026-04-20,Otto Virtanen,121.0,512,+25,,,2026-08-22
2026-04-13,Otto Virtanen,130.0,487,-,,,2026-08-22
2026-04-13,Otto Virtanen,130.0,487,-,,,2026-08-22
2026-04-06,Otto Virtanen,133.0,487,-25,,,2026-08-22
2026-04-06,Otto Virtanen,133.0,487,-25,,,2026-08-22
2026-03-30,Otto Virtanen,123.0,512,-,25.0,,2026-08-22
2026-03-30,Otto Virtanen,123.0,512,-,25.0,,2026-08-22
2026-03-16,Otto Virtanen,126.0,512,+25,,,2026-08-22
2026-03-16,Otto Virtanen,126.0,512,+25,,,2026-08-22
2026-03-02,Otto Virtanen,128.0,487,+12,,,2026-08-22
2026-02-23,Otto Virtanen,131.0,475,-13,13.0,,2026-08-22
2026-02-16,Otto Virtanen,128.0,488,-25,13.0,,2026-08-22
2026-02-09,Otto Virtanen,118.0,513,-,25.0,,2026-08-22
2026-02-02,Otto Virtanen,116.0,513,+25,,,2026-08-22
2026-01-19,Otto Virtanen,126.0,488,-,10.0,,2026-08-22
2026-01-12,Otto Virtanen,126.0,488,-,,,2026-08-22
2026-01-05,Otto Virtanen,124.0,488,-,,,2026-08-22
2025-12-29,Otto Virtanen,126.0,488,-,,,2026-08-22
2025-12-22,Otto Virtanen,127.0,488,-,,,2026-08-22
2025-12-15,Otto Virtanen,127.0,488,-,,,2026-08-22
2025-12-08,Otto Virtanen,127.0,488,-,,,2026-08-22
2025-12-01,Otto Virtanen,127.0,488,-,,,2026-08-22
2025-11-24,Otto Virtanen,126.0,488,-,,,2026-08-22
2025-11-17,Otto Virtanen,126.0,488,-,,,2026-08-22
2025-11-10,Otto Virtanen,126.0,488,+48,,,2026-08-22
2025-11-03,Otto Virtanen,141.0,440,+16,16.0,,2026-08-22
2025-10-27,Otto Virtanen,147.0,424,-100,,,2026-08-22
2025-10-20,Otto Virtanen,120.0,524,-25,100.0,,2026-08-22
2025-10-13,Otto Virtanen,116.0,549,+100,25.0,,2026-08-22
,Patrick Mohr,,,,,,2026-08-22
,Paul Wekesa,,,,,,2026-08-22
,Pere Riba,,,,,,2026-08-22
,Rick Fagel,,,,,,2026-08-22
,Rodolphe Gilbert,,,,,,2026-08-22
,Sebastien Leblanc,,,,,,2026-08-22
,A J Gould,,,,,,2026-08-22
,A Luttrell,,,,,,2026-08-22
,Abdul Hamid Makhkamov,,,,,,2026-08-22
,B Newman,,,,,,2026-08-22
,Bob Stuckert,,,,,,2026-08-22
,Boro Jovanovic,,,,,,2026-08-22
,Charlie Shaw,,,,,,2026-08-22
,Colin Rees,,,,,,2026-08-22
,D Belesson,,,,,,2026-08-22
,Don Gale,,,,,,2026-08-22
,Dragan Savic,,,,,,2026-08-22
,Gary Rose,,,,,,2026-08-22
,Henry Kamakana,,,,,,2026-08-22
,James Smith,,,,,,2026-08-22
,Jaroslav Drobny,,,,,,2026-08-22
,Jens Peter,,,,,,2026-08-22
,John Williams,,,,,,2026-08-22
,Keith Diepraam,,,,,,2026-08-22
,Lothar Pawlik,,,,,,2026-08-22
,Peter Jubber,,,,,,2026-08-22
,R P Tuck,,,,,,2026-08-22
,Steve Docherty,,,,,,2026-08-22
,Takahiro Ittogi,,,,,,2026-08-22
,Takao Yamamoto,,,,,,2026-08-22
,Tanakorn Srichaphan,,,,,,2026-08-22
,William Brown,,,,,,2026-08-22
,Amine Ahouda,,,,,,2026-08-22
,Andrei Merinov,,,,,,2026-08-22
,Eric Korita,,,,,,2026-08-22
,Ignacio Martinez,,,,,,2026-08-22
,James Blake,,,,,,2026-08-22
,Jeff Tarango,,,,,,2026-08-22
,Jose Lopez Maeso,,,,,,2026-08-22
,Michael Kures,,,,,,2026-08-22
,Mike Estep,,,,,,2026-08-22
2026-08-10,Reilly Opelka,142.0,421,-,50.0,,2026-08-22
2026-08-10,Reilly Opelka,142.0,421,-,50.0,,2026-08-22
2026-08-10,Reilly Opelka,142.0,421,-,50.0,,2026-08-22
2026-08-10,Reilly Opelka,142.0,421,-,50.0,,2026-08-22
2026-08-03,Reilly Opelka,142.0,421,-50,,,2026-08-22
2026-08-03,Reilly Opelka,142.0,421,-50,,,2026-08-22
2026-08-03,Reilly Opelka,142.0,421,-50,,,2026-08-22
2026-08-03,Reilly Opelka,142.0,421,-50,,,2026-08-22
2026-07-27,Reilly Opelka,135.0,471,-25,50.0,,2026-08-22
2026-07-27,Reilly Opelka,135.0,471,-25,50.0,,2026-08-22
2026-07-27,Reilly Opelka,135.0,471,-25,50.0,,2026-08-22
2026-07-27,Reilly Opelka,135.0,471,-25,50.0,,2026-08-22
2026-07-20,Reilly Opelka,132.0,496,-,25.0,,2026-08-22
2026-07-20,Reilly Opelka,132.0,496,-,25.0,,2026-08-22
2026-07-20,Reilly Opelka,132.0,496,-,25.0,,2026-08-22
2026-07-13,Reilly Opelka,131.0,496,-50,,,2026-08-22
2026-07-13,Reilly Opelka,131.0,496,-50,,,2026-08-22
2026-07-13,Reilly Opelka,131.0,496,-50,,,2026-08-22
2026-06-29,Reilly Opelka,115.0,546,-25,50.0,,2026-08-22
2026-06-29,Reilly Opelka,115.0,546,-25,50.0,,2026-08-22
2026-06-29,Reilly Opelka,115.0,546,-25,50.0,,2026-08-22
2026-06-22,Reilly Opelka,109.0,571,-50,25.0,,2026-08-22
2026-06-22,Reilly Opelka,109.0,571,-50,25.0,,2026-08-22
2026-06-15,Reilly Opelka,102.0,621,-97,50.0,,2026-08-22
2026-06-15,Reilly Opelka,102.0,621,-97,50.0,,2026-08-22
2026-06-08,Reilly Opelka,86.0,718,-40,107.0,10.0,2026-08-22
2026-06-08,Reilly Opelka,86.0,718,-40,107.0,10.0,2026-08-22
2026-05-25,Reilly Opelka,76.0,758,-,50.0,10.0,2026-08-22
2026-05-25,Reilly Opelka,76.0,758,-,50.0,10.0,2026-08-22
2026-05-18,Reilly Opelka,75.0,758,-10,,,2026-08-22
2026-05-18,Reilly Opelka,75.0,758,-10,,,2026-08-22
2026-05-04,Reilly Opelka,74.0,768,-35,,,2026-08-22
2026-05-04,Reilly Opelka,74.0,768,-35,,,2026-08-22
2026-04-20,Reilly Opelka,70.0,803,-,55.0,20.0,2026-08-22
2026-04-20,Reilly Opelka,70.0,803,-,55.0,20.0,2026-08-22
2026-04-13,Reilly Opelka,68.0,803,-,,,2026-08-22
2026-04-13,Reilly Opelka,68.0,803,-,,,2026-08-22
2026-04-06,Reilly Opelka,67.0,803,-,,,2026-08-22
2026-04-06,Reilly Opelka,67.0,803,-,,,2026-08-22
2026-03-30,Reilly Opelka,64.0,803,-,,,2026-08-22
2026-03-30,Reilly Opelka,64.0,803,-,,,2026-08-22
2026-03-16,Reilly Opelka,67.0,803,+17,50.0,10.0,2026-08-22
2026-03-16,Reilly Opelka,67.0,803,+17,50.0,10.0,2026-08-22
2026-03-02,Reilly Opelka,68.0,786,-,13.0,10.0,2026-08-22
2026-02-23,Reilly Opelka,69.0,786,-,,,2026-08-22
2026-02-16,Reilly Opelka,69.0,786,-12,,,2026-08-22
2026-02-09,Reilly Opelka,67.0,798,-75,25.0,13.0,2026-08-22
2026-02-02,Reilly Opelka,63.0,873,-,100.0,25.0,2026-08-22
2026-01-19,Reilly Opelka,63.0,873,-,50.0,25.0,2026-08-22
2026-01-12,Reilly Opelka,62.0,873,+12,,,2026-08-22
2026-01-05,Reilly Opelka,60.0,861,-152,,,2026-08-22
2025-12-29,Reilly Opelka,52.0,1013,-13,165.0,13.0,2026-08-22
2025-12-22,Reilly Opelka,50.0,1026,-,,,2026-08-22
2025-12-15,Reilly Opelka,50.0,1026,-,,,2026-08-22
2025-12-08,Reilly Opelka,50.0,1026,-,,,2026-08-22
2025-12-01,Reilly Opelka,50.0,1026,-,,,2026-08-22
2025-11-24,Reilly Opelka,50.0,1026,-,,,2026-08-22
2025-11-17,Reilly Opelka,50.0,1026,-,,,2026-08-22
2025-11-10,Reilly Opelka,50.0,1026,-,,,2026-08-22
2025-11-03,Reilly Opelka,50.0,1026,+16,,,2026-08-22
2025-10-27,Reilly Opelka,52.0,1010,+115,,,2026-08-22
2025-10-20,Reilly Opelka,62.0,895,-,,,2026-08-22
2025-10-13,Reilly Opelka,62.0,895,-,,,2026-08-22
,Seong Chan Hong,,,,,,2026-08-22
,Tarek El Sakka,,,,,,2026-08-22
2026-08-10,Yuta Shimizu,393.0,129,-,,,2026-08-22
2026-08-03,Yuta Shimizu,385.0,129,-,,,2026-08-22
2026-07-27,Yuta Shimizu,380.0,129,-1,,,2026-08-22
,Austen Brice,,,,,,2026-08-22
,Ben Anzola,,,,,,2026-08-22
,Bernd Loibl,,,,,,2026-08-22
,Don Bitler,,,,,,2026-08-22
,Frits Luyk,,,,,,2026-08-22
,Jacobus Coetzer,,,,,,2026-08-22
,Jean Baptiste Chanfreau,,,,,,2026-08-22
,Jukka Narakka,,,,,,2026-08-22
,Kevin Miller,,,,,,2026-08-22
,Piet Van Eysden,,,,,,2026-08-22
,Ralph Kok,,,,,,2026-08-22
,Ramon Barril,,,,,,2026-08-22
,Theo Du Plessis,,,,,,2026-08-22
,Alex Antonitsch,,,,,,2026-08-22
,Alexander Volkov,,,,,,2026-08-22
2026-08-10,Amir Omarkhanov,624.0,60,+2,,,2026-08-22
2026-08-03,Amir Omarkhanov,629.0,58,-,,,2026-08-22
2026-07-27,Amir Omarkhanov,627.0,58,+2,,,2026-08-22
,Frank Dancevic,,,,,,2026-08-22
,Frederic Vitoux,,,,,,2026-08-22
,George Bastl,,,,,,2026-08-22
2026-08-10,Johannus Monday,312.0,177,+7,,,2026-08-22
2026-08-03,Johannus Monday,315.0,170,-,,,2026-08-22
2026-07-27,Johannus Monday,312.0,170,-,,,2026-08-22
,Juan Antonio Marin,,,,,,2026-08-22
,Mark Kratzmann,,,,,,2026-08-22
2026-08-10,Martin Landaluce,67.0,922,+2,50.0,8.0,2026-08-22
2026-08-10,Martin Landaluce,67.0,922,+2,50.0,8.0,2026-08-22
2026-08-10,Martin Landaluce,67.0,922,+2,50.0,8.0,2026-08-22
2026-08-10,Martin Landaluce,67.0,922,+2,50.0,8.0,2026-08-22
2026-08-03,Martin Landaluce,64.0,920,-,,,2026-08-22
2026-08-03,Martin Landaluce,64.0,920,-,,,2026-08-22
2026-08-03,Martin Landaluce,64.0,920,-,,,2026-08-22
2026-08-03,Martin Landaluce,64.0,920,-,,,2026-08-22
2026-07-27,Martin Landaluce,63.0,920,-,,,2026-08-22
2026-07-27,Martin Landaluce,63.0,920,-,,,2026-08-22
2026-07-27,Martin Landaluce,63.0,920,-,,,2026-08-22
2026-07-27,Martin Landaluce,63.0,920,-,,,2026-08-22
2026-07-20,Martin Landaluce,62.0,920,-,,,2026-08-22
2026-07-20,Martin Landaluce,62.0,920,-,,,2026-08-22
2026-07-20,Martin Landaluce,62.0,920,-,,,2026-08-22
2026-07-13,Martin Landaluce,62.0,920,-6,,,2026-08-22
2026-07-13,Martin Landaluce,62.0,920,-6,,,2026-08-22
2026-07-13,Martin Landaluce,62.0,920,-6,,,2026-08-22
2026-06-29,Martin Landaluce,60.0,926,-,16.0,7.0,2026-08-22
2026-06-29,Martin Landaluce,60.0,926,-,16.0,7.0,2026-08-22
2026-06-29,Martin Landaluce,60.0,926,-,16.0,7.0,2026-08-22
2026-06-22,Martin Landaluce,58.0,926,-10,,,2026-08-22
2026-06-22,Martin Landaluce,58.0,926,-10,,,2026-08-22
2026-06-15,Martin Landaluce,55.0,936,+17,35.0,7.0,2026-08-22
2026-06-15,Martin Landaluce,55.0,936,+17,35.0,7.0,2026-08-22
2026-06-08,Martin Landaluce,58.0,919,+92,16.0,8.0,2026-08-22
2026-06-08,Martin Landaluce,58.0,919,+92,16.0,8.0,2026-08-22
2026-05-25,Martin Landaluce,69.0,827,-,,,2026-08-22
2026-05-25,Martin Landaluce,69.0,827,-,,,2026-08-22
2026-05-18,Martin Landaluce,67.0,827,+188,,,2026-08-22
2026-05-18,Martin Landaluce,67.0,827,+188,,,2026-08-22
2026-05-04,Martin Landaluce,94.0,639,+5,22.0,8.0,2026-08-22
2026-05-04,Martin Landaluce,94.0,639,+5,22.0,8.0,2026-08-22
2026-04-20,Martin Landaluce,99.0,634,-,,8.0,2026-08-22
2026-04-20,Martin Landaluce,99.0,634,-,,8.0,2026-08-22
2026-04-13,Martin Landaluce,101.0,634,+27,,,2026-08-22
2026-04-13,Martin Landaluce,101.0,634,+27,,,2026-08-22
2026-04-06,Martin Landaluce,105.0,607,-,,,2026-08-22
2026-04-06,Martin Landaluce,105.0,607,-,,,2026-08-22
2026-03-30,Martin Landaluce,106.0,607,+213,,,2026-08-22
2026-03-30,Martin Landaluce,106.0,607,+213,,,2026-08-22
2026-03-16,Martin Landaluce,151.0,394,+3,,,2026-08-22
2026-03-16,Martin Landaluce,151.0,394,+3,,,2026-08-22
2026-03-02,Martin Landaluce,155.0,391,-,,,2026-08-22
2026-02-23,Martin Landaluce,156.0,391,+1,,,2026-08-22
2026-02-16,Martin Landaluce,159.0,390,+2,,,2026-08-22
2026-02-09,Martin Landaluce,155.0,388,-,,,2026-08-22
2026-02-02,Martin Landaluce,154.0,388,-32,,,2026-08-22
2026-01-19,Martin Landaluce,149.0,420,-,40.0,,2026-08-22
2026-01-12,Martin Landaluce,149.0,420,-,,,2026-08-22
2026-01-05,Martin Landaluce,146.0,420,-29,,,2026-08-22
2025-12-29,Martin Landaluce,135.0,449,-6,35.0,6.0,2026-08-22
2025-12-22,Martin Landaluce,134.0,455,-,,,2026-08-22
2025-12-15,Martin Landaluce,134.0,455,-,,,2026-08-22
2025-12-08,Martin Landaluce,134.0,455,-,,,2026-08-22
2025-12-01,Martin Landaluce,135.0,455,-,,,2026-08-22
2025-11-24,Martin Landaluce,135.0,455,-19,,,2026-08-22
2025-11-17,Martin Landaluce,131.0,474,-5,25.0,6.0,2026-08-22
2025-11-10,Martin Landaluce,130.0,479,-,12.0,7.0,2026-08-22
2025-11-03,Martin Landaluce,130.0,479,-,,,2026-08-22
2025-10-27,Martin Landaluce,133.0,479,-,,,2026-08-22
2025-10-20,Martin Landaluce,135.0,479,-90,,,2026-08-22
2025-10-13,Martin Landaluce,110.0,569,-11,125.0,7.0,2026-08-22
,Oliver Fernandez,,,,,,2026-08-22
2026-08-10,Pavel Kotov,249.0,226,-,,,2026-08-22
2026-08-03,Pavel Kotov,245.0,226,-,,,2026-08-22
2026-07-27,Pavel Kotov,243.0,226,-,,,2026-08-22
,Stephen Noteboom,,,,,,2026-08-22
,Thomaz Bellucci,,,,,,2026-08-22
,Tony Roche,,,,,,2026-08-22
,Alberto Paris,,,,,,2026-08-22
,Andrea Filippucci,,,,,,2026-08-22
,Bert Kearney,,,,,,2026-08-22
,Chip Fisher,,,,,,2026-08-22
,Diko Murdono,,,,,,2026-08-22
,Franco Bartoni,,,,,,2026-08-22
,Gilles Bastie,,,,,,2026-08-22
,Haroon Rahim,,,,,,2026-08-22
,Jason Morton,,,,,,2026-08-22
,Jose Guerrero,,,,,,2026-08-22
,Juan Carlos Ayala,,,,,,2026-08-22
,Luka Gregorc,,,,,,2026-08-22
,Marc Krippendorf,,,,,,2026-08-22
,Michele Pirro,,,,,,2026-08-22
,Peerakiat Siriluethaiwattana,,,,,,2026-08-22
,Raul Contreras,,,,,,2026-08-22
,Rick Fisher,,,,,,2026-08-22
,Robert Lee,,,,,,2026-08-22
,Roger Cooper,,,,,,2026-08-22
,Susheel Narla,,,,,,2026-08-22
,T Ayling,,,,,,2026-08-22
,William Mason,,,,,,2026-08-22
,Alexander Peya,,,,,,2026-08-22
,Bing Chao Lin,,,,,,2026-08-22
,Evan King,,,,,,2026-08-22
,Hugo Chapacu,,,,,,2026-08-22
,Ion Moldovan,,,,,,2026-08-22
2026-08-10,Jack Pinnington Jones,177.0,322,-,,,2026-08-22
2026-08-10,Jack Pinnington Jones,177.0,322,-,,,2026-08-22
2026-08-10,Jack Pinnington Jones,177.0,322,-,,,2026-08-22
2026-08-10,Jack Pinnington Jones,177.0,322,-,,,2026-08-22
2026-08-03,Jack Pinnington Jones,172.0,322,-12,,,2026-08-22
2026-08-03,Jack Pinnington Jones,172.0,322,-12,,,2026-08-22
2026-08-03,Jack Pinnington Jones,172.0,322,-12,,,2026-08-22
2026-08-03,Jack Pinnington Jones,172.0,322,-12,,,2026-08-22
2026-07-27,Jack Pinnington Jones,172.0,334,-,12.0,,2026-08-22
2026-07-27,Jack Pinnington Jones,172.0,334,-,12.0,,2026-08-22
2026-07-27,Jack Pinnington Jones,172.0,334,-,12.0,,2026-08-22
2026-07-27,Jack Pinnington Jones,172.0,334,-,12.0,,2026-08-22
2026-07-20,Jack Pinnington Jones,171.0,334,-,,,2026-08-22
2026-07-20,Jack Pinnington Jones,171.0,334,-,,,2026-08-22
2026-07-20,Jack Pinnington Jones,171.0,334,-,,,2026-08-22
2026-07-13,Jack Pinnington Jones,170.0,334,-100,,,2026-08-22
2026-07-13,Jack Pinnington Jones,170.0,334,-100,,,2026-08-22
2026-07-13,Jack Pinnington Jones,170.0,334,-100,,,2026-08-22
2026-06-29,Jack Pinnington Jones,138.0,434,+25,100.0,,2026-08-22
2026-06-29,Jack Pinnington Jones,138.0,434,+25,100.0,,2026-08-22
2026-06-29,Jack Pinnington Jones,138.0,434,+25,100.0,,2026-08-22
2026-06-22,Jack Pinnington Jones,145.0,409,-,,,2026-08-22
2026-06-22,Jack Pinnington Jones,145.0,409,-,,,2026-08-22
2026-06-15,Jack Pinnington Jones,147.0,409,-56,,,2026-08-22
2026-06-15,Jack Pinnington Jones,147.0,409,-56,,,2026-08-22
2026-06-08,Jack Pinnington Jones,133.0,465,-3,64.0,,2026-08-22
2026-06-08,Jack Pinnington Jones,133.0,465,-3,64.0,,2026-08-22
2026-05-25,Jack Pinnington Jones,132.0,468,-,3.0,,2026-08-22
2026-05-25,Jack Pinnington Jones,132.0,468,-,3.0,,2026-08-22
2026-05-18,Jack Pinnington Jones,132.0,468,+7,,,2026-08-22
2026-05-18,Jack Pinnington Jones,132.0,468,+7,,,2026-08-22
2026-05-04,Jack Pinnington Jones,137.0,461,-,,,2026-08-22
2026-05-04,Jack Pinnington Jones,137.0,461,-,,,2026-08-22
2026-04-20,Jack Pinnington Jones,135.0,461,-,,,2026-08-22
2026-04-20,Jack Pinnington Jones,135.0,461,-,,,2026-08-22
2026-04-13,Jack Pinnington Jones,133.0,461,-,,,2026-08-22
2026-04-13,Jack Pinnington Jones,133.0,461,-,,,2026-08-22
2026-04-06,Jack Pinnington Jones,136.0,461,+5,,,2026-08-22
2026-04-06,Jack Pinnington Jones,136.0,461,+5,,,2026-08-22
2026-03-30,Jack Pinnington Jones,138.0,456,-,8.0,,2026-08-22
2026-03-30,Jack Pinnington Jones,138.0,456,-,8.0,,2026-08-22
2026-03-16,Jack Pinnington Jones,136.0,456,-,,,2026-08-22
2026-03-16,Jack Pinnington Jones,136.0,456,-,,,2026-08-22
2026-03-02,Jack Pinnington Jones,134.0,456,-,,,2026-08-22
2026-02-23,Jack Pinnington Jones,136.0,456,-,,,2026-08-22
2026-02-16,Jack Pinnington Jones,138.0,456,+125,,,2026-08-22
2026-02-09,Jack Pinnington Jones,181.0,331,-13,,,2026-08-22
2026-02-02,Jack Pinnington Jones,173.0,344,+44,13.0,,2026-08-22
2026-01-19,Jack Pinnington Jones,197.0,300,-,,,2026-08-22
2026-01-12,Jack Pinnington Jones,196.0,300,+13,,,2026-08-22
2025-11-17,Jack Pinnington Jones,199.0,287,-12,,,2026-08-22
2025-11-10,Jack Pinnington Jones,194.0,299,-,12.0,,2026-08-22
2025-11-03,Jack Pinnington Jones,190.0,299,-,,,2026-08-22
2025-10-27,Jack Pinnington Jones,185.0,299,-,,,2026-08-22
2025-10-20,Jack Pinnington Jones,186.0,299,+6,,,2026-08-22
2025-10-13,Jack Pinnington Jones,191.0,293,-16,,,2026-08-22
2026-08-10,Max Hans Rehberg,342.0,158,-,,,2026-08-22
2026-08-03,Max Hans Rehberg,332.0,158,+6,,,2026-08-22
2026-07-27,Max Hans Rehberg,339.0,152,+35,,,2026-08-22
,Noah Rubin,,,,,,2026-08-22
,Roberto Azar,,,,,,2026-08-22
,Anthony Fawcett,,,,,,2026-08-22
,Clint Bowles,,,,,,2026-08-22
,David Seigel,,,,,,2026-08-22
,David Smith,,,,,,2026-08-22
,Dick Moffatt,,,,,,2026-08-22
,Frank Puncec,,,,,,2026-08-22
,Freddie De Jesus,,,,,,2026-08-22
,Gerard Wimmer,,,,,,2026-08-22
,Hyeong Keun Song,,,,,,2026-08-22
,Jim Ebbitt,,,,,,2026-08-22
,Kosti Killa,,,,,,2026-08-22
,Luis Moreira,,,,,,2026-08-22
,M Borgener,,,,,,2026-08-22
,Toizo Hosoi,,,,,,2026-08-22
,Tomas Jaci,,,,,,2026-08-22
,U Unknown,,,,,,2026-08-22
,Alex Obrien,,,,,,2026-08-22
,Artem Sitak,,,,,,2026-08-22
,Butch Seewagen,,,,,,2026-08-22
2026-08-10,Chris Rodesch,153.0,377,-,,,2026-08-22
2026-08-10,Chris Rodesch,153.0,377,-,,,2026-08-22
2026-08-10,Chris Rodesch,153.0,377,-,,,2026-08-22
2026-08-10,Chris Rodesch,153.0,377,-,,,2026-08-22
2026-08-03,Chris Rodesch,150.0,377,-,,,2026-08-22
2026-08-03,Chris Rodesch,150.0,377,-,,,2026-08-22
2026-08-03,Chris Rodesch,150.0,377,-,,,2026-08-22
2026-08-03,Chris Rodesch,150.0,377,-,,,2026-08-22
2026-07-27,Chris Rodesch,153.0,377,-,,,2026-08-22
2026-07-27,Chris Rodesch,153.0,377,-,,,2026-08-22
2026-07-27,Chris Rodesch,153.0,377,-,,,2026-08-22
2026-07-27,Chris Rodesch,153.0,377,-,,,2026-08-22
2026-07-20,Chris Rodesch,153.0,377,+75,,,2026-08-22
2026-07-20,Chris Rodesch,153.0,377,+75,,,2026-08-22
2026-07-20,Chris Rodesch,153.0,377,+75,,,2026-08-22
2026-07-13,Chris Rodesch,191.0,302,-32,,,2026-08-22
2026-07-13,Chris Rodesch,191.0,302,-32,,,2026-08-22
2026-07-13,Chris Rodesch,191.0,302,-32,,,2026-08-22
2026-06-29,Chris Rodesch,173.0,334,-,40.0,,2026-08-22
2026-06-29,Chris Rodesch,173.0,334,-,40.0,,2026-08-22
2026-06-29,Chris Rodesch,173.0,334,-,40.0,,2026-08-22
2026-06-22,Chris Rodesch,179.0,334,-3,,,2026-08-22
2026-06-22,Chris Rodesch,179.0,334,-3,,,2026-08-22
2026-06-15,Chris Rodesch,179.0,337,-,3.0,,2026-08-22
2026-06-15,Chris Rodesch,179.0,337,-,3.0,,2026-08-22
2026-06-08,Chris Rodesch,177.0,337,-22,,,2026-08-22
2026-06-08,Chris Rodesch,177.0,337,-22,,,2026-08-22
2026-05-25,Chris Rodesch,165.0,359,-,22.0,,2026-08-22
2026-05-25,Chris Rodesch,165.0,359,-,22.0,,2026-08-22
2026-05-18,Chris Rodesch,166.0,359,-10,,,2026-08-22
2026-05-18,Chris Rodesch,166.0,359,-10,,,2026-08-22
2026-05-04,Chris Rodesch,166.0,369,+10,22.0,,2026-08-22
2026-05-04,Chris Rodesch,166.0,369,+10,22.0,,2026-08-22
2026-04-20,Chris Rodesch,171.0,359,-75,,,2026-08-22
2026-04-20,Chris Rodesch,171.0,359,-75,,,2026-08-22
2026-04-13,Chris Rodesch,145.0,434,-,75.0,,2026-08-22
2026-04-13,Chris Rodesch,145.0,434,-,75.0,,2026-08-22
2026-04-06,Chris Rodesch,146.0,434,-,,,2026-08-22
2026-04-06,Chris Rodesch,146.0,434,-,,,2026-08-22
2026-03-30,Chris Rodesch,145.0,434,-,,,2026-08-22
2026-03-30,Chris Rodesch,145.0,434,-,,,2026-08-22
2026-03-16,Chris Rodesch,142.0,434,-12,16.0,,2026-08-22
2026-03-16,Chris Rodesch,142.0,434,-12,16.0,,2026-08-22
2026-03-02,Chris Rodesch,137.0,446,-,12.0,,2026-08-22
2026-02-23,Chris Rodesch,139.0,446,-,,,2026-08-22
2026-02-16,Chris Rodesch,142.0,446,-10,,,2026-08-22
2026-02-09,Chris Rodesch,139.0,456,-,10.0,,2026-08-22
2026-02-02,Chris Rodesch,138.0,456,+175,,,2026-08-22
2025-11-10,Chris Rodesch,175.0,328,+8,44.0,,2026-08-22
2025-11-03,Chris Rodesch,182.0,320,+26,,,2026-08-22
2025-10-27,Chris Rodesch,189.0,294,+4,14.0,,2026-08-22
2025-10-20,Chris Rodesch,191.0,290,-4,,,2026-08-22
2025-10-13,Chris Rodesch,190.0,294,-15,4.0,,2026-08-22
,Christophe Freyss,,,,,,2026-08-22
,Gerald Melzer,,,,,,2026-08-22
,Jonathan Stark,,,,,,2026-08-22
2026-08-10,Joris De Loore,1156.0,12,-,3.0,,2026-08-22
2026-08-03,Joris De Loore,1150.0,12,-,,,2026-08-22
2026-07-27,Joris De Loore,1143.0,12,-,,,2026-08-22
,Karsten Braasch,,,,,,2026-08-22
2026-08-10,Martin Krumich,255.0,220,-,10.0,4.0,2026-08-22
2026-08-03,Martin Krumich,249.0,220,+8,,,2026-08-22
2026-07-27,Martin Krumich,261.0,212,-,,,2026-08-22
,Patrice Dominguez,,,,,,2026-08-22
,Patrick Baur,,,,,,2026-08-22
,Steven Diez,,,,,,2026-08-22
,Bob Helmers,,,,,,2026-08-22
,Charlie Applewhaite,,,,,,2026-08-22
,Fernando Demattei,,,,,,2026-08-22
,Geoff Masters,,,,,,2026-08-22
,Jack Tuero,,,,,,2026-08-22
,Leonardo Olguin,,,,,,2026-08-22
,Luis Baraldi,,,,,,2026-08-22
,Mark Joffey,,,,,,2026-08-22
,Matti Timonen,,,,,,2026-08-22
,Mick Marchment,,,,,,2026-08-22
,Pat Serret,,,,,,2026-08-22
,Patrick Osnua,,,,,,2026-08-22
,Suk Young Jeong,,,,,,2026-08-22
,Al Parker,,,,,,2026-08-22
2026-08-10,Alexander Zverev,3.0,8090,-30,400.0,40.0,2026-08-22
2026-08-10,Alexander Zverev,3.0,8090,-30,400.0,40.0,2026-08-22
2026-08-10,Alexander Zverev,3.0,8090,-30,400.0,40.0,2026-08-22
2026-08-10,Alexander Zverev,3.0,8090,-30,400.0,40.0,2026-08-22
2026-08-03,Alexander Zverev,3.0,8120,-360,,,2026-08-22
2026-08-03,Alexander Zverev,3.0,8120,-360,,,2026-08-22
2026-08-03,Alexander Zverev,3.0,8120,-360,,,2026-08-22
2026-08-03,Alexander Zverev,3.0,8120,-360,,,2026-08-22
2026-07-27,Alexander Zverev,2.0,8480,-,400.0,40.0,2026-08-22
2026-07-27,Alexander Zverev,2.0,8480,-,400.0,40.0,2026-08-22
2026-07-27,Alexander Zverev,2.0,8480,-,400.0,40.0,2026-08-22
2026-07-27,Alexander Zverev,2.0,8480,-,400.0,40.0,2026-08-22
2026-07-20,Alexander Zverev,2.0,8480,-,,,2026-08-22
2026-07-20,Alexander Zverev,2.0,8480,-,,,2026-08-22
2026-07-20,Alexander Zverev,2.0,8480,-,,,2026-08-22
2026-07-13,Alexander Zverev,2.0,8480,+1290,,,2026-08-22
2026-07-13,Alexander Zverev,2.0,8480,+1290,,,2026-08-22
2026-07-13,Alexander Zverev,2.0,8480,+1290,,,2026-08-22
2026-06-29,Alexander Zverev,3.0,7190,-,10.0,40.0,2026-08-22
2026-06-29,Alexander Zverev,3.0,7190,-,10.0,40.0,2026-08-22
2026-06-29,Alexander Zverev,3.0,7190,-,10.0,40.0,2026-08-22
2026-06-22,Alexander Zverev,3.0,7190,-,,,2026-08-22
2026-06-22,Alexander Zverev,3.0,7190,-,,,2026-08-22
2026-06-15,Alexander Zverev,3.0,7190,-115,200.0,40.0,2026-08-22
2026-06-15,Alexander Zverev,3.0,7190,-115,200.0,40.0,2026-08-22
2026-06-08,Alexander Zverev,3.0,7305,+1600,165.0,50.0,2026-08-22
2026-06-08,Alexander Zverev,3.0,7305,+1600,165.0,50.0,2026-08-22
2026-05-25,Alexander Zverev,3.0,5705,-,400.0,50.0,2026-08-22
2026-05-25,Alexander Zverev,3.0,5705,-,400.0,50.0,2026-08-22
2026-05-18,Alexander Zverev,3.0,5705,-100,,,2026-08-22
2026-05-18,Alexander Zverev,3.0,5705,-100,,,2026-08-22
2026-05-04,Alexander Zverev,3.0,5805,+550,200.0,50.0,2026-08-22
2026-05-04,Alexander Zverev,3.0,5805,+550,200.0,50.0,2026-08-22
2026-04-20,Alexander Zverev,3.0,5255,-300,100.0,50.0,2026-08-22
2026-04-20,Alexander Zverev,3.0,5255,-300,100.0,50.0,2026-08-22
2026-04-13,Alexander Zverev,3.0,5555,+350,500.0,50.0,2026-08-22
2026-04-13,Alexander Zverev,3.0,5555,+350,500.0,50.0,2026-08-22
2026-04-06,Alexander Zverev,3.0,5205,-,,,2026-08-22
2026-04-06,Alexander Zverev,3.0,5205,-,,,2026-08-22
2026-03-30,Alexander Zverev,3.0,5205,+300,,,2026-08-22
2026-03-30,Alexander Zverev,3.0,5205,+300,,,2026-08-22
2026-03-16,Alexander Zverev,4.0,4905,+350,100.0,50.0,2026-08-22
2026-03-16,Alexander Zverev,4.0,4905,+350,100.0,50.0,2026-08-22
2026-03-02,Alexander Zverev,4.0,4555,-,,,2026-08-22
2026-02-23,Alexander Zverev,4.0,4555,-50,50.0,40.0,2026-08-22
2026-02-16,Alexander Zverev,4.0,4605,-,100.0,50.0,2026-08-22
2026-02-09,Alexander Zverev,4.0,4605,-,,,2026-08-22
2026-02-02,Alexander Zverev,4.0,4605,-500,,,2026-08-22
2026-01-19,Alexander Zverev,3.0,5105,-,1300.0,50.0,2026-08-22
2026-01-12,Alexander Zverev,3.0,5105,-,,,2026-08-22
2026-01-05,Alexander Zverev,3.0,5105,-5,,,2026-08-22
2025-12-29,Alexander Zverev,3.0,5110,-50,55.0,50.0,2026-08-22
2025-12-22,Alexander Zverev,3.0,5160,-,,,2026-08-22
2025-12-15,Alexander Zverev,3.0,5160,-,,,2026-08-22
2025-12-08,Alexander Zverev,3.0,5160,-,,,2026-08-22
2025-12-01,Alexander Zverev,3.0,5160,-,,,2026-08-22
2025-11-24,Alexander Zverev,3.0,5160,-,,,2026-08-22
2025-11-17,Alexander Zverev,3.0,5160,+200,,,2026-08-22
2025-11-10,Alexander Zverev,3.0,4960,-600,,,2026-08-22
2025-11-03,Alexander Zverev,3.0,5560,-600,600.0,50.0,2026-08-22
2025-10-27,Alexander Zverev,3.0,6160,+230,1000.0,50.0,2026-08-22
2025-10-20,Alexander Zverev,3.0,5930,-,100.0,50.0,2026-08-22
2025-10-13,Alexander Zverev,3.0,5930,-50,,,2026-08-22
,Andrew Pattison,,,,,,2026-08-22
,Bernard Fritz,,,,,,2026-08-22
2026-08-10,Daniel Altmaier,65.0,944,+5,10.0,25.0,2026-08-22
2026-08-10,Daniel Altmaier,65.0,944,+5,10.0,25.0,2026-08-22
2026-08-10,Daniel Altmaier,65.0,944,+5,10.0,25.0,2026-08-22
2026-08-10,Daniel Altmaier,65.0,944,+5,10.0,25.0,2026-08-22
2026-08-03,Daniel Altmaier,60.0,939,+15,,,2026-08-22
2026-08-03,Daniel Altmaier,60.0,939,+15,,,2026-08-22
2026-08-03,Daniel Altmaier,60.0,939,+15,,,2026-08-22
2026-08-03,Daniel Altmaier,60.0,939,+15,,,2026-08-22
2026-07-27,Daniel Altmaier,62.0,924,-,10.0,25.0,2026-08-22
2026-07-27,Daniel Altmaier,62.0,924,-,10.0,25.0,2026-08-22
2026-07-27,Daniel Altmaier,62.0,924,-,10.0,25.0,2026-08-22
2026-07-27,Daniel Altmaier,62.0,924,-,10.0,25.0,2026-08-22
2026-07-20,Daniel Altmaier,61.0,924,-,,,2026-08-22
2026-07-20,Daniel Altmaier,61.0,924,-,,,2026-08-22
2026-07-20,Daniel Altmaier,61.0,924,-,,,2026-08-22
2026-07-13,Daniel Altmaier,60.0,924,-,25.0,16.0,2026-08-22
2026-07-13,Daniel Altmaier,60.0,924,-,25.0,16.0,2026-08-22
2026-07-13,Daniel Altmaier,60.0,924,-,25.0,16.0,2026-08-22
2026-06-29,Daniel Altmaier,61.0,924,-,10.0,16.0,2026-08-22
2026-06-29,Daniel Altmaier,61.0,924,-,10.0,16.0,2026-08-22
2026-06-29,Daniel Altmaier,61.0,924,-,10.0,16.0,2026-08-22
2026-06-22,Daniel Altmaier,59.0,924,+184,25.0,16.0,2026-08-22
2026-06-22,Daniel Altmaier,59.0,924,+184,25.0,16.0,2026-08-22
2026-06-15,Daniel Altmaier,81.0,740,-,,,2026-08-22
2026-06-15,Daniel Altmaier,81.0,740,-,,,2026-08-22
2026-06-08,Daniel Altmaier,85.0,740,-190,,,2026-08-22
2026-06-08,Daniel Altmaier,85.0,740,-190,,,2026-08-22
2026-05-25,Daniel Altmaier,57.0,930,+87,200.0,13.0,2026-08-22
2026-05-25,Daniel Altmaier,57.0,930,+87,200.0,13.0,2026-08-22
2026-05-18,Daniel Altmaier,65.0,843,-17,,,2026-08-22
2026-05-18,Daniel Altmaier,65.0,843,-17,,,2026-08-22
2026-05-04,Daniel Altmaier,64.0,860,-20,60.0,20.0,2026-08-22
2026-05-04,Daniel Altmaier,64.0,860,-20,60.0,20.0,2026-08-22
2026-04-20,Daniel Altmaier,55.0,880,-,30.0,10.0,2026-08-22
2026-04-20,Daniel Altmaier,55.0,880,-,30.0,10.0,2026-08-22
2026-04-13,Daniel Altmaier,56.0,880,-114,50.0,10.0,2026-08-22
2026-04-13,Daniel Altmaier,56.0,880,-114,50.0,10.0,2026-08-22
2026-04-06,Daniel Altmaier,49.0,994,+34,130.0,16.0,2026-08-22
2026-04-06,Daniel Altmaier,49.0,994,+34,130.0,16.0,2026-08-22
2026-03-30,Daniel Altmaier,52.0,960,+54,,,2026-08-22
2026-03-30,Daniel Altmaier,52.0,960,+54,,,2026-08-22
2026-03-16,Daniel Altmaier,55.0,906,-15,10.0,10.0,2026-08-22
2026-03-16,Daniel Altmaier,55.0,906,-15,10.0,10.0,2026-08-22
2026-03-02,Daniel Altmaier,55.0,921,-40,25.0,10.0,2026-08-22
2026-02-23,Daniel Altmaier,53.0,961,-,50.0,10.0,2026-08-22
2026-02-16,Daniel Altmaier,54.0,961,-34,,,2026-08-22
2026-02-09,Daniel Altmaier,51.0,995,-88,50.0,16.0,2026-08-22
2026-02-02,Daniel Altmaier,44.0,1083,-40,113.0,25.0,2026-08-22
2026-01-19,Daniel Altmaier,44.0,1123,-,50.0,25.0,2026-08-22
2026-01-12,Daniel Altmaier,44.0,1123,-,,,2026-08-22
2026-01-05,Daniel Altmaier,44.0,1123,-,,,2026-08-22
2025-12-29,Daniel Altmaier,46.0,1123,-25,,,2026-08-22
2025-12-22,Daniel Altmaier,46.0,1148,-,,,2026-08-22
2025-12-15,Daniel Altmaier,46.0,1148,-,,,2026-08-22
2025-12-08,Daniel Altmaier,46.0,1148,-,,,2026-08-22
2025-12-01,Daniel Altmaier,46.0,1148,-,,,2026-08-22
2025-11-24,Daniel Altmaier,46.0,1148,-,,,2026-08-22
2025-11-17,Daniel Altmaier,46.0,1148,-,,,2026-08-22
2025-11-10,Daniel Altmaier,46.0,1148,+25,,,2026-08-22
2025-11-03,Daniel Altmaier,46.0,1123,+84,25.0,16.0,2026-08-22
2025-10-27,Daniel Altmaier,50.0,1039,-9,,,2026-08-22
2025-10-20,Daniel Altmaier,51.0,1048,-,25.0,16.0,2026-08-22
2025-10-13,Daniel Altmaier,51.0,1048,+5,,,2026-08-22
,Dominik Koepfer,,,,,,2026-08-22
,Federico Mordegan,,,,,,2026-08-22
,Gustavo Garetto,,,,,,2026-08-22
,Jan Frode Andersen,,,,,,2026-08-22
2026-08-10,Matteo Martineau,286.0,195,-,,,2026-08-22
2026-08-03,Matteo Martineau,283.0,195,-,,,2026-08-22
2026-07-27,Matteo Martineau,280.0,195,+38,,,2026-08-22
,Peter Feigl,,,,,,2026-08-22
,Sergei Bubka,,,,,,2026-08-22
,Vincenzo Santopadre,,,,,,2026-08-22
,D Carter,,,,,,2026-08-22
,Frank Salazar,,,,,,2026-08-22
,Gordon Simmonds,,,,,,2026-08-22
,Hank Scoble,,,,,,2026-08-22
,James Flanagan,,,,,,2026-08-22
,John Paish,,,,,,2026-08-22
,Ljuben Genov,,,,,,2026-08-22
,Luis Alberto Ayala,,,,,,2026-08-22
,R E Williams,,,,,,2026-08-22
,R Louie,,,,,,2026-08-22
,Rand Evett,,,,,,2026-08-22
,Richard Garey,,,,,,2026-08-22
,Samir Farid,,,,,,2026-08-22
,Steve Mcdonald,,,,,,2026-08-22
,Steve Zalenski,,,,,,2026-08-22
,Yu Zheng,,,,,,2026-08-22
,Arthur De Greef,,,,,,2026-08-22
,Dave Randall,,,,,,2026-08-22
,Jesus Colas,,,,,,2026-08-22
2026-08-10,Lukas Neumayer,171.0,334,-,56.0,,2026-08-22
2026-08-10,Lukas Neumayer,171.0,334,-,56.0,,2026-08-22
2026-08-10,Lukas Neumayer,171.0,334,-,56.0,,2026-08-22
2026-08-10,Lukas Neumayer,171.0,334,-,56.0,,2026-08-22
2026-08-03,Lukas Neumayer,169.0,334,-,,,2026-08-22
2026-08-03,Lukas Neumayer,169.0,334,-,,,2026-08-22
2026-08-03,Lukas Neumayer,169.0,334,-,,,2026-08-22
2026-08-03,Lukas Neumayer,169.0,334,-,,,2026-08-22
2026-07-27,Lukas Neumayer,173.0,334,-,,,2026-08-22
2026-07-27,Lukas Neumayer,173.0,334,-,,,2026-08-22
2026-07-27,Lukas Neumayer,173.0,334,-,,,2026-08-22
2026-07-27,Lukas Neumayer,173.0,334,-,,,2026-08-22
2026-07-20,Lukas Neumayer,172.0,334,-9,,,2026-08-22
2026-07-20,Lukas Neumayer,172.0,334,-9,,,2026-08-22
2026-07-20,Lukas Neumayer,172.0,334,-9,,,2026-08-22
2026-07-13,Lukas Neumayer,162.0,343,-2,16.0,,2026-08-22
2026-07-13,Lukas Neumayer,162.0,343,-2,16.0,,2026-08-22
2026-07-13,Lukas Neumayer,162.0,343,-2,16.0,,2026-08-22
2026-06-29,Lukas Neumayer,167.0,345,-,14.0,,2026-08-22
2026-06-29,Lukas Neumayer,167.0,345,-,14.0,,2026-08-22
2026-06-29,Lukas Neumayer,167.0,345,-,14.0,,2026-08-22
2026-06-22,Lukas Neumayer,170.0,345,-8,,,2026-08-22
2026-06-22,Lukas Neumayer,170.0,345,-8,,,2026-08-22
2026-06-15,Lukas Neumayer,165.0,353,+2,8.0,,2026-08-22
2026-06-15,Lukas Neumayer,165.0,353,+2,8.0,,2026-08-22
2026-06-08,Lukas Neumayer,168.0,351,+32,,,2026-08-22
2026-06-08,Lukas Neumayer,168.0,351,+32,,,2026-08-22
2026-05-25,Lukas Neumayer,187.0,319,-,59.0,,2026-08-22
2026-05-25,Lukas Neumayer,187.0,319,-,59.0,,2026-08-22
2026-05-18,Lukas Neumayer,188.0,319,+12,,,2026-08-22
2026-05-18,Lukas Neumayer,188.0,319,+12,,,2026-08-22
2026-05-04,Lukas Neumayer,191.0,307,+4,,,2026-08-22
2026-05-04,Lukas Neumayer,191.0,307,+4,,,2026-08-22
2026-04-20,Lukas Neumayer,195.0,303,-,21.0,,2026-08-22
2026-04-20,Lukas Neumayer,195.0,303,-,21.0,,2026-08-22
2026-04-13,Lukas Neumayer,193.0,303,-,,,2026-08-22
2026-04-13,Lukas Neumayer,193.0,303,-,,,2026-08-22
2026-04-06,Lukas Neumayer,194.0,303,+50,,,2026-08-22
2026-04-06,Lukas Neumayer,194.0,303,+50,,,2026-08-22
2025-11-17,Lukas Neumayer,189.0,302,-,44.0,,2026-08-22
2025-11-10,Lukas Neumayer,188.0,302,-,,,2026-08-22
2025-11-03,Lukas Neumayer,186.0,302,-5,,,2026-08-22
2025-10-27,Lukas Neumayer,183.0,307,-,8.0,3.0,2026-08-22
2025-10-20,Lukas Neumayer,184.0,307,-,,,2026-08-22
2025-10-13,Lukas Neumayer,184.0,307,-10,,,2026-08-22
,Marcelo Filippini,,,,,,2026-08-22
,Mario Tabares,,,,,,2026-08-22
,Massimo Valeri,,,,,,2026-08-22
,Olivier Mutis,,,,,,2026-08-22
,Pablo Albano,,,,,,2026-08-22
2026-08-10,Stefan Kozlov,296.0,185,-,2.0,,2026-08-22
2026-08-03,Stefan Kozlov,295.0,185,-,,,2026-08-22
2026-07-27,Stefan Kozlov,292.0,185,+3,,,2026-08-22
,Stephane Bonneau,,,,,,2026-08-22
2026-08-10,Uladzimir Ignatik,1297.0,8,+1,,,2026-08-22
2026-08-03,Uladzimir Ignatik,1334.0,7,-,,,2026-08-22
2026-07-27,Uladzimir Ignatik,1329.0,7,+2,,,2026-08-22
,Alan Frey,,,,,,2026-08-22
,Bob Bardsley,,,,,,2026-08-22
,Brad Holland,,,,,,2026-08-22
,Lars Samuelson,,,,,,2026-08-22
,Ljuben Vodeb,,,,,,2026-08-22
,Luigi Chiaiese,,,,,,2026-08-22
,Markku Autio,,,,,,2026-08-22
,Maurice Hunter,,,,,,2026-08-22
,Melvin Tong,,,,,,2026-08-22
,P Gorostiaga,,,,,,2026-08-22
,Thomas Messmer,,,,,,2026-08-22
,Toby Crabel,,,,,,2026-08-22
,U Warfield,,,,,,2026-08-22
,Wei Leung,,,,,,2026-08-22
,Wilhelm Buchholz,,,,,,2026-08-22
,Agustin Moreno,,,,,,2026-08-22
2026-08-10,Alexander Blockx,32.0,1396,+43,50.0,7.0,2026-08-22
2026-08-10,Alexander Blockx,32.0,1396,+43,50.0,7.0,2026-08-22
2026-08-10,Alexander Blockx,32.0,1396,+43,50.0,7.0,2026-08-22
2026-08-10,Alexander Blockx,32.0,1396,+43,50.0,7.0,2026-08-22
2026-08-03,Alexander Blockx,32.0,1353,-23,,,2026-08-22
2026-08-03,Alexander Blockx,32.0,1353,-23,,,2026-08-22
2026-08-03,Alexander Blockx,32.0,1353,-23,,,2026-08-22
2026-08-03,Alexander Blockx,32.0,1353,-23,,,2026-08-22
2026-07-27,Alexander Blockx,32.0,1376,+158,30.0,7.0,2026-08-22
2026-07-27,Alexander Blockx,32.0,1376,+158,30.0,7.0,2026-08-22
2026-07-27,Alexander Blockx,32.0,1376,+158,30.0,7.0,2026-08-22
2026-07-27,Alexander Blockx,32.0,1376,+158,30.0,7.0,2026-08-22
2026-07-20,Alexander Blockx,38.0,1218,-15,,,2026-08-22
2026-07-20,Alexander Blockx,38.0,1218,-15,,,2026-08-22
2026-07-20,Alexander Blockx,38.0,1218,-15,,,2026-08-22
2026-07-13,Alexander Blockx,37.0,1233,-42,22.0,7.0,2026-08-22
2026-07-13,Alexander Blockx,37.0,1233,-42,22.0,7.0,2026-08-22
2026-07-13,Alexander Blockx,37.0,1233,-42,22.0,7.0,2026-08-22
2026-06-29,Alexander Blockx,36.0,1275,-,60.0,15.0,2026-08-22
2026-06-29,Alexander Blockx,36.0,1275,-,60.0,15.0,2026-08-22
2026-06-29,Alexander Blockx,36.0,1275,-,60.0,15.0,2026-08-22
2026-06-22,Alexander Blockx,37.0,1275,-,,,2026-08-22
2026-06-22,Alexander Blockx,37.0,1275,-,,,2026-08-22
2026-06-15,Alexander Blockx,37.0,1275,-5,,,2026-08-22
2026-06-15,Alexander Blockx,37.0,1275,-5,,,2026-08-22
2026-06-08,Alexander Blockx,37.0,1280,+42,13.0,8.0,2026-08-22
2026-06-08,Alexander Blockx,37.0,1280,+42,13.0,8.0,2026-08-22
2026-05-25,Alexander Blockx,37.0,1238,-,,,2026-08-22
2026-05-25,Alexander Blockx,37.0,1238,-,,,2026-08-22
2026-05-18,Alexander Blockx,36.0,1238,+38,,,2026-08-22
2026-05-18,Alexander Blockx,36.0,1238,+38,,,2026-08-22
2026-05-04,Alexander Blockx,36.0,1200,+386,12.0,8.0,2026-08-22
2026-05-04,Alexander Blockx,36.0,1200,+386,12.0,8.0,2026-08-22
2026-04-20,Alexander Blockx,69.0,814,+42,14.0,8.0,2026-08-22
2026-04-20,Alexander Blockx,69.0,814,+42,14.0,8.0,2026-08-22
2026-04-13,Alexander Blockx,72.0,772,+123,,,2026-08-22
2026-04-13,Alexander Blockx,72.0,772,+123,,,2026-08-22
2026-04-06,Alexander Blockx,91.0,649,-,,,2026-08-22
2026-04-06,Alexander Blockx,91.0,649,-,,,2026-08-22
2026-03-30,Alexander Blockx,92.0,649,-20,,,2026-08-22
2026-03-30,Alexander Blockx,92.0,649,-20,,,2026-08-22
2026-03-16,Alexander Blockx,88.0,669,+43,30.0,7.0,2026-08-22
2026-03-16,Alexander Blockx,88.0,669,+43,30.0,7.0,2026-08-22
2026-03-02,Alexander Blockx,97.0,626,-,,,2026-08-22
2026-02-23,Alexander Blockx,94.0,626,+56,,,2026-08-22
2026-02-16,Alexander Blockx,104.0,570,-,8.0,7.0,2026-08-22
2026-02-09,Alexander Blockx,103.0,570,-9,,,2026-08-22
2026-02-02,Alexander Blockx,105.0,579,-74,16.0,7.0,2026-08-22
2026-01-19,Alexander Blockx,96.0,653,-,100.0,7.0,2026-08-22
2026-01-12,Alexander Blockx,95.0,653,+118,,,2026-08-22
2026-01-05,Alexander Blockx,115.0,535,-,,,2026-08-22
2025-12-29,Alexander Blockx,117.0,535,-7,,,2026-08-22
2025-12-22,Alexander Blockx,116.0,542,-,,,2026-08-22
2025-12-15,Alexander Blockx,116.0,542,-,,,2026-08-22
2025-12-08,Alexander Blockx,116.0,542,-,,,2026-08-22
2025-12-01,Alexander Blockx,116.0,542,-,,,2026-08-22
2025-11-24,Alexander Blockx,115.0,542,-,,,2026-08-22
2025-11-17,Alexander Blockx,116.0,542,-93,,,2026-08-22
2025-11-10,Alexander Blockx,101.0,635,+3,100.0,7.0,2026-08-22
2025-11-03,Alexander Blockx,102.0,632,+118,22.0,7.0,2026-08-22
2025-10-27,Alexander Blockx,120.0,514,-,7.0,7.0,2026-08-22
2025-10-20,Alexander Blockx,121.0,514,-,,,2026-08-22
2025-10-13,Alexander Blockx,123.0,514,+1,,,2026-08-22
2026-08-10,Borna Coric,1001.0,20,-,10.0,,2026-08-22
2026-08-03,Borna Coric,985.0,20,-10,,,2026-08-22
2026-07-27,Borna Coric,848.0,30,-,10.0,,2026-08-22
2026-03-16,Borna Coric,178.0,338,-75,83.0,,2026-08-22
2026-03-16,Borna Coric,178.0,338,-75,83.0,,2026-08-22
2026-03-02,Borna Coric,146.0,413,-75,75.0,,2026-08-22
2026-02-23,Borna Coric,129.0,488,-,75.0,,2026-08-22
2026-02-16,Borna Coric,127.0,488,-,,,2026-08-22
2026-02-09,Borna Coric,129.0,488,-,,,2026-08-22
2026-02-02,Borna Coric,130.0,488,-10,,,2026-08-22
2026-01-19,Borna Coric,123.0,498,-,10.0,,2026-08-22
2026-01-12,Borna Coric,123.0,498,-,,,2026-08-22
2026-01-05,Borna Coric,122.0,498,-40,,,2026-08-22
2025-12-29,Borna Coric,115.0,538,-,40.0,,2026-08-22
2025-12-22,Borna Coric,117.0,538,-,,,2026-08-22
2025-12-15,Borna Coric,117.0,538,-,,,2026-08-22
2025-12-08,Borna Coric,117.0,538,-,,,2026-08-22
2025-12-01,Borna Coric,117.0,538,-,,,2026-08-22
2025-11-24,Borna Coric,116.0,538,-7,,,2026-08-22
2025-11-17,Borna Coric,115.0,545,-12,7.0,,2026-08-22
2025-11-10,Borna Coric,115.0,557,-,12.0,,2026-08-22
2025-11-03,Borna Coric,112.0,557,-,,,2026-08-22
2025-10-27,Borna Coric,111.0,557,-,,,2026-08-22
2025-10-20,Borna Coric,112.0,557,-25,,,2026-08-22
2025-10-13,Borna Coric,107.0,582,-,25.0,,2026-08-22
,Florian Mayer,,,,,,2026-08-22
,Gianluca Pozzi,,,,,,2026-08-22
,Hicham Arazi,,,,,,2026-08-22
,John Hayes,,,,,,2026-08-22
,Leonardo Mayer,,,,,,2026-08-22
,Matt Reid,,,,,,2026-08-22
2026-08-10,Miomir Kecmanovic,66.0,930,+5,60.0,35.0,2026-08-22
2026-08-10,Miomir Kecmanovic,66.0,930,+5,60.0,35.0,2026-08-22
2026-08-10,Miomir Kecmanovic,66.0,930,+5,60.0,35.0,2026-08-22
2026-08-10,Miomir Kecmanovic,66.0,930,+5,60.0,35.0,2026-08-22
2026-08-03,Miomir Kecmanovic,62.0,925,-5,,,2026-08-22
2026-08-03,Miomir Kecmanovic,62.0,925,-5,,,2026-08-22
2026-08-03,Miomir Kecmanovic,62.0,925,-5,,,2026-08-22
2026-08-03,Miomir Kecmanovic,62.0,925,-5,,,2026-08-22
2026-07-27,Miomir Kecmanovic,60.0,930,-,30.0,25.0,2026-08-22
2026-07-27,Miomir Kecmanovic,60.0,930,-,30.0,25.0,2026-08-22
2026-07-27,Miomir Kecmanovic,60.0,930,-,30.0,25.0,2026-08-22
2026-07-27,Miomir Kecmanovic,60.0,930,-,30.0,25.0,2026-08-22
2026-07-20,Miomir Kecmanovic,58.0,930,-,,,2026-08-22
2026-07-20,Miomir Kecmanovic,58.0,930,-,,,2026-08-22
2026-07-20,Miomir Kecmanovic,58.0,930,-,,,2026-08-22
2026-07-13,Miomir Kecmanovic,59.0,930,-90,,,2026-08-22
2026-07-13,Miomir Kecmanovic,59.0,930,-90,,,2026-08-22
2026-07-13,Miomir Kecmanovic,59.0,930,-90,,,2026-08-22
2026-06-29,Miomir Kecmanovic,50.0,1020,+40,100.0,10.0,2026-08-22
2026-06-29,Miomir Kecmanovic,50.0,1020,+40,100.0,10.0,2026-08-22
2026-06-29,Miomir Kecmanovic,50.0,1020,+40,100.0,10.0,2026-08-22
2026-06-22,Miomir Kecmanovic,51.0,980,-,,,2026-08-22
2026-06-22,Miomir Kecmanovic,51.0,980,-,,,2026-08-22
2026-06-15,Miomir Kecmanovic,50.0,980,-,,,2026-08-22
2026-06-15,Miomir Kecmanovic,50.0,980,-,,,2026-08-22
2026-06-08,Miomir Kecmanovic,49.0,980,-,,,2026-08-22
2026-06-08,Miomir Kecmanovic,49.0,980,-,,,2026-08-22
2026-05-25,Miomir Kecmanovic,48.0,980,-,50.0,10.0,2026-08-22
2026-05-25,Miomir Kecmanovic,48.0,980,-,50.0,10.0,2026-08-22
2026-05-18,Miomir Kecmanovic,47.0,980,+185,,,2026-08-22
2026-05-18,Miomir Kecmanovic,47.0,980,+185,,,2026-08-22
2026-05-04,Miomir Kecmanovic,70.0,795,-40,,,2026-08-22
2026-05-04,Miomir Kecmanovic,70.0,795,-40,,,2026-08-22
2026-04-20,Miomir Kecmanovic,65.0,835,-40,60.0,20.0,2026-08-22
2026-04-20,Miomir Kecmanovic,65.0,835,-40,60.0,20.0,2026-08-22
2026-04-13,Miomir Kecmanovic,58.0,875,-,50.0,10.0,2026-08-22
2026-04-13,Miomir Kecmanovic,58.0,875,-,50.0,10.0,2026-08-22
2026-04-06,Miomir Kecmanovic,59.0,875,-,,,2026-08-22
2026-04-06,Miomir Kecmanovic,59.0,875,-,,,2026-08-22
2026-03-30,Miomir Kecmanovic,58.0,875,-20,,,2026-08-22
2026-03-30,Miomir Kecmanovic,58.0,875,-20,,,2026-08-22
2026-03-16,Miomir Kecmanovic,58.0,895,+20,30.0,10.0,2026-08-22
2026-03-16,Miomir Kecmanovic,58.0,895,+20,30.0,10.0,2026-08-22
2026-03-02,Miomir Kecmanovic,58.0,875,+190,35.0,20.0,2026-08-22
2026-02-23,Miomir Kecmanovic,84.0,685,+15,,,2026-08-22
2026-02-16,Miomir Kecmanovic,83.0,670,-150,,,2026-08-22
2026-02-09,Miomir Kecmanovic,66.0,820,-,250.0,10.0,2026-08-22
2026-02-02,Miomir Kecmanovic,69.0,820,-90,,,2026-08-22
2026-01-19,Miomir Kecmanovic,60.0,910,-,100.0,10.0,2026-08-22
2026-01-12,Miomir Kecmanovic,59.0,910,-90,,,2026-08-22
2026-01-05,Miomir Kecmanovic,51.0,1000,-15,100.0,10.0,2026-08-22
2025-12-29,Miomir Kecmanovic,51.0,1015,-10,25.0,10.0,2026-08-22
2025-12-22,Miomir Kecmanovic,52.0,1025,-,,,2026-08-22
2025-12-15,Miomir Kecmanovic,52.0,1025,-,,,2026-08-22
2025-12-08,Miomir Kecmanovic,52.0,1025,-,,,2026-08-22
2025-12-01,Miomir Kecmanovic,52.0,1025,-,,,2026-08-22
2025-11-24,Miomir Kecmanovic,52.0,1025,-,,,2026-08-22
2025-11-17,Miomir Kecmanovic,52.0,1025,-,,,2026-08-22
2025-11-10,Miomir Kecmanovic,52.0,1025,+40,,,2026-08-22
2025-11-03,Miomir Kecmanovic,54.0,985,-16,,,2026-08-22
2025-10-27,Miomir Kecmanovic,53.0,1001,-40,66.0,10.0,2026-08-22
2025-10-20,Miomir Kecmanovic,52.0,1041,-25,50.0,10.0,2026-08-22
2025-10-13,Miomir Kecmanovic,49.0,1066,-20,50.0,10.0,2026-08-22
2026-08-10,Oleksii Krutykh,526.0,83,+2,,,2026-08-22
2026-08-03,Oleksii Krutykh,522.0,81,-,,,2026-08-22
2026-07-27,Oleksii Krutykh,527.0,81,+8,,,2026-08-22
,Steven Downs,,,,,,2026-08-22
,Takuto Niki,,,,,,2026-08-22
,Vadim Kutsenko,,,,,,2026-08-22
,Adi Kourim,,,,,,2026-08-22
,Adolf Musil,,,,,,2026-08-22
,Bob Alloo,,,,,,2026-08-22
,Eddie Fox,,,,,,2026-08-22
,Gary Henderson,,,,,,2026-08-22
,J O'brien,,,,,,2026-08-22
,John Edmond,,,,,,2026-08-22
,Julian Krinsky,,,,,,2026-08-22
,Julien Chauvin,,,,,,2026-08-22
,Keith Eckersall,,,,,,2026-08-22
,Maxime Authom,,,,,,2026-08-22
,Navdeep Singh,,,,,,2026-08-22
,P Rickey,,,,,,2026-08-22
,P Sullivan,,,,,,2026-08-22
,Per Jemsby,,,,,,2026-08-22
,Serge Soulie,,,,,,2026-08-22
,Cyril Suk,,,,,,2026-08-22
,Daniel Kosakowski,,,,,,2026-08-22
,Greg Whitecross,,,,,,2026-08-22
,Massimo Dellacqua,,,,,,2026-08-22
2026-08-10,Mikhail Kukushkin,333.0,162,-,,,2026-08-22
2026-08-03,Mikhail Kukushkin,324.0,162,-7,,,2026-08-22
2026-07-27,Mikhail Kukushkin,314.0,169,-,7.0,,2026-08-22
,Santiago Ventura,,,,,,2026-08-22
,Tom Nijssen,,,,,,2026-08-22
,Tom Okker,,,,,,2026-08-22
,B Morgan,,,,,,2026-08-22
,Bill Lefgron,,,,,,2026-08-22
,Bruno Chimenti,,,,,,2026-08-22
,Christoph Geukens,,,,,,2026-08-22
,Dave Hill,,,,,,2026-08-22
,Frank Parker,,,,,,2026-08-22
,Gerhard Suhr,,,,,,2026-08-22
,Hans Priller,,,,,,2026-08-22
,Jan Kukal,,,,,,2026-08-22
,Jean Scuvie,,,,,,2026-08-22
,John Anthony Southworth,,,,,,2026-08-22
,John Gardner,,,,,,2026-08-22
,Jon Daly,,,,,,2026-08-22
,Ken Stuart,,,,,,2026-08-22
,Kurt Wodak,,,,,,2026-08-22
,M White,,,,,,2026-08-22
,Ron Bohrnstedt,,,,,,2026-08-22
,Steve Beeland,,,,,,2026-08-22
,Antonio Padovani,,,,,,2026-08-22
2026-08-10,Cristian Garin,137.0,438,-,,,2026-08-22
2026-08-10,Cristian Garin,137.0,438,-,,,2026-08-22
2026-08-10,Cristian Garin,137.0,438,-,,,2026-08-22
2026-08-10,Cristian Garin,137.0,438,-,,,2026-08-22
2026-08-03,Cristian Garin,136.0,438,-,,,2026-08-22
2026-08-03,Cristian Garin,136.0,438,-,,,2026-08-22
2026-08-03,Cristian Garin,136.0,438,-,,,2026-08-22
2026-08-03,Cristian Garin,136.0,438,-,,,2026-08-22
2026-07-27,Cristian Garin,139.0,438,-,,,2026-08-22
2026-07-27,Cristian Garin,139.0,438,-,,,2026-08-22
2026-07-27,Cristian Garin,139.0,438,-,,,2026-08-22
2026-07-27,Cristian Garin,139.0,438,-,,,2026-08-22
2026-07-20,Cristian Garin,141.0,438,-,,,2026-08-22
2026-07-20,Cristian Garin,141.0,438,-,,,2026-08-22
2026-07-20,Cristian Garin,141.0,438,-,,,2026-08-22
2026-07-13,Cristian Garin,141.0,438,-66,,,2026-08-22
2026-07-13,Cristian Garin,141.0,438,-66,,,2026-08-22
2026-07-13,Cristian Garin,141.0,438,-66,,,2026-08-22
2026-06-29,Cristian Garin,125.0,504,-,66.0,,2026-08-22
2026-06-29,Cristian Garin,125.0,504,-,66.0,,2026-08-22
2026-06-29,Cristian Garin,125.0,504,-,66.0,,2026-08-22
2026-06-22,Cristian Garin,124.0,504,-25,,,2026-08-22
2026-06-22,Cristian Garin,124.0,504,-25,,,2026-08-22
2026-06-15,Cristian Garin,119.0,529,-25,25.0,,2026-08-22
2026-06-15,Cristian Garin,119.0,529,-25,25.0,,2026-08-22
2026-06-08,Cristian Garin,113.0,554,+2,25.0,,2026-08-22
2026-06-08,Cristian Garin,113.0,554,+2,25.0,,2026-08-22
2026-05-25,Cristian Garin,114.0,552,-,8.0,,2026-08-22
2026-05-25,Cristian Garin,114.0,552,-,8.0,,2026-08-22
2026-05-18,Cristian Garin,116.0,552,-50,,,2026-08-22
2026-05-18,Cristian Garin,116.0,552,-50,,,2026-08-22
2026-05-04,Cristian Garin,104.0,602,-77,100.0,,2026-08-22
2026-05-04,Cristian Garin,104.0,602,-77,100.0,,2026-08-22
2026-04-20,Cristian Garin,85.0,679,-,110.0,,2026-08-22
2026-04-20,Cristian Garin,85.0,679,-,110.0,,2026-08-22
2026-04-13,Cristian Garin,83.0,679,+80,,,2026-08-22
2026-04-13,Cristian Garin,83.0,679,+80,,,2026-08-22
2026-04-06,Cristian Garin,109.0,599,-25,,,2026-08-22
2026-04-06,Cristian Garin,109.0,599,-25,,,2026-08-22
2026-03-30,Cristian Garin,100.0,624,-22,25.0,,2026-08-22
2026-03-30,Cristian Garin,100.0,624,-22,25.0,,2026-08-22
2026-03-16,Cristian Garin,95.0,646,-10,22.0,,2026-08-22
2026-03-16,Cristian Garin,95.0,646,-10,22.0,,2026-08-22
2026-03-02,Cristian Garin,90.0,656,-,10.0,,2026-08-22
2026-02-23,Cristian Garin,93.0,656,-,25.0,,2026-08-22
2026-02-16,Cristian Garin,89.0,656,-,,,2026-08-22
2026-02-09,Cristian Garin,89.0,656,-,,,2026-08-22
2026-02-02,Cristian Garin,92.0,656,-70,,,2026-08-22
2026-01-19,Cristian Garin,82.0,726,-,80.0,,2026-08-22
2026-01-12,Cristian Garin,80.0,726,-,,,2026-08-22
2026-01-05,Cristian Garin,78.0,726,-,,,2026-08-22
2025-12-29,Cristian Garin,79.0,726,-,,,2026-08-22
2025-12-22,Cristian Garin,80.0,726,-,,,2026-08-22
2025-12-15,Cristian Garin,80.0,726,-,,,2026-08-22
2025-12-08,Cristian Garin,80.0,726,-,,,2026-08-22
2025-12-01,Cristian Garin,80.0,726,-,,,2026-08-22
2025-11-24,Cristian Garin,80.0,726,-,,,2026-08-22
2025-11-17,Cristian Garin,80.0,726,+100,,,2026-08-22
2025-11-10,Cristian Garin,105.0,626,+12,,,2026-08-22
2025-11-03,Cristian Garin,104.0,614,-,,,2026-08-22
2025-10-27,Cristian Garin,105.0,614,+35,,,2026-08-22
2025-10-20,Cristian Garin,107.0,579,-,,,2026-08-22
2025-10-13,Cristian Garin,108.0,579,+61,,,2026-08-22
,Danilo Marcelino,,,,,,2026-08-22
,Eric Deblicker,,,,,,2026-08-22
2026-08-10,Facundo Bagnis,786.0,38,-,10.0,,2026-08-22
2026-08-03,Facundo Bagnis,776.0,38,-50,,,2026-08-22
2026-07-27,Facundo Bagnis,500.0,88,-13,50.0,,2026-08-22
2026-08-10,Federico Agustin Gomez,181.0,320,-,,,2026-08-22
2026-08-10,Federico Agustin Gomez,181.0,320,-,,,2026-08-22
2026-08-10,Federico Agustin Gomez,181.0,320,-,,,2026-08-22
2026-08-10,Federico Agustin Gomez,181.0,320,-,,,2026-08-22
2026-08-03,Federico Agustin Gomez,174.0,320,+22,,,2026-08-22
2026-08-03,Federico Agustin Gomez,174.0,320,+22,,,2026-08-22
2026-08-03,Federico Agustin Gomez,174.0,320,+22,,,2026-08-22
2026-08-03,Federico Agustin Gomez,174.0,320,+22,,,2026-08-22
2026-07-27,Federico Agustin Gomez,191.0,298,-,,,2026-08-22
2026-07-27,Federico Agustin Gomez,191.0,298,-,,,2026-08-22
2026-07-27,Federico Agustin Gomez,191.0,298,-,,,2026-08-22
2026-07-27,Federico Agustin Gomez,191.0,298,-,,,2026-08-22
2026-07-20,Federico Agustin Gomez,191.0,298,+30,,,2026-08-22
2026-07-20,Federico Agustin Gomez,191.0,298,+30,,,2026-08-22
2026-07-20,Federico Agustin Gomez,191.0,298,+30,,,2026-08-22
2026-05-25,Federico Agustin Gomez,179.0,328,-,66.0,,2026-08-22
2026-05-25,Federico Agustin Gomez,179.0,328,-,66.0,,2026-08-22
2026-05-18,Federico Agustin Gomez,181.0,328,+6,,,2026-08-22
2026-05-18,Federico Agustin Gomez,181.0,328,+6,,,2026-08-22
2026-05-04,Federico Agustin Gomez,186.0,322,-,,,2026-08-22
2026-05-04,Federico Agustin Gomez,186.0,322,-,,,2026-08-22
2026-04-20,Federico Agustin Gomez,187.0,322,-,,,2026-08-22
2026-04-20,Federico Agustin Gomez,187.0,322,-,,,2026-08-22
2026-04-13,Federico Agustin Gomez,185.0,322,-22,,,2026-08-22
2026-04-13,Federico Agustin Gomez,185.0,322,-22,,,2026-08-22
2026-04-06,Federico Agustin Gomez,173.0,344,+13,22.0,,2026-08-22
2026-04-06,Federico Agustin Gomez,173.0,344,+13,22.0,,2026-08-22
2026-03-30,Federico Agustin Gomez,182.0,331,-,,,2026-08-22
2026-03-30,Federico Agustin Gomez,182.0,331,-,,,2026-08-22
2026-03-16,Federico Agustin Gomez,182.0,331,-,,,2026-08-22
2026-03-16,Federico Agustin Gomez,182.0,331,-,,,2026-08-22
2026-03-02,Federico Agustin Gomez,185.0,331,-,,,2026-08-22
2026-02-23,Federico Agustin Gomez,187.0,331,-,,,2026-08-22
2026-02-16,Federico Agustin Gomez,182.0,331,+25,,,2026-08-22
2026-02-09,Federico Agustin Gomez,196.0,306,-,,,2026-08-22
2026-02-02,Federico Agustin Gomez,197.0,306,-,,,2026-08-22
2026-01-19,Federico Agustin Gomez,192.0,306,-,,,2026-08-22
2026-01-12,Federico Agustin Gomez,190.0,306,-,,,2026-08-22
2026-01-05,Federico Agustin Gomez,190.0,306,-13,,,2026-08-22
2025-12-29,Federico Agustin Gomez,183.0,319,-,13.0,,2026-08-22
2025-12-22,Federico Agustin Gomez,183.0,319,-,,,2026-08-22
2025-12-15,Federico Agustin Gomez,183.0,319,-,,,2026-08-22
2025-12-08,Federico Agustin Gomez,183.0,319,-,,,2026-08-22
2025-12-01,Federico Agustin Gomez,185.0,319,+100,,,2026-08-22
,Hans Simonsson,,,,,,2026-08-22
2026-08-10,Hiroki Moriya,517.0,86,-,1.0,,2026-08-22
2026-08-03,Hiroki Moriya,511.0,86,-,,,2026-08-22
2026-07-27,Hiroki Moriya,510.0,86,-,,,2026-08-22
,Igor Andreev,,,,,,2026-08-22
,Irakli Labadze,,,,,,2026-08-22
,Jan Erik Lundquist,,,,,,2026-08-22
,Johannes Ager,,,,,,2026-08-22
,Nikola Cacic,,,,,,2026-08-22
,Peter Hajek,,,,,,2026-08-22
,Alberto Lazzarino,,,,,,2026-08-22
,Claudio Narbone,,,,,,2026-08-22
,David Whyte,,,,,,2026-08-22
,Emilio Marturano,,,,,,2026-08-22
,Eugenio Castigliano,,,,,,2026-08-22
,Francisco Rodriguez,,,,,,2026-08-22
,J Pugh,,,,,,2026-08-22
,Jonas Froberg,,,,,,2026-08-22
,Mitch Finkelstein,,,,,,2026-08-22
,S Fine,,,,,,2026-08-22
,Tau Luu,,,,,,2026-08-22
,Thomas Dupre,,,,,,2026-08-22
,Tres Cushing,,,,,,2026-08-22
,Austin Krajicek,,,,,,2026-08-22
,Francisco Roig,,,,,,2026-08-22
,Glenn Weiner,,,,,,2026-08-22
2026-08-10,Ivan Gakhov,478.0,96,+1,,,2026-08-22
2026-08-03,Ivan Gakhov,469.0,95,-4,,,2026-08-22
2026-07-27,Ivan Gakhov,459.0,99,-6,4.0,,2026-08-22
,John Lloyd,,,,,,2026-08-22
,Khalid Outaleb,,,,,,2026-08-22
,Lars Uebel,,,,,,2026-08-22
,Mark Wooldridge,,,,,,2026-08-22
,Marty Riessen,,,,,,2026-08-22
,Nicklas Timfjord,,,,,,2026-08-22
,Wayne Black,,,,,,2026-08-22
,Andy Fanowries,,,,,,2026-08-22
,Butch Kirkorian,,,,,,2026-08-22
,Carlos Schettwein,,,,,,2026-08-22
,Chris Bovett,,,,,,2026-08-22
,Colin Ebelthite,,,,,,2026-08-22
,Conrad Johnson,,,,,,2026-08-22
,D Carswell,,,,,,2026-08-22
,Giorgio Bologna,,,,,,2026-08-22
,Jim Landin,,,,,,2026-08-22
,Joe Becknell,,,,,,2026-08-22
,John O'shea,,,,,,2026-08-22
,Juan Arredondo,,,,,,2026-08-22
,Kouichi Sayama,,,,,,2026-08-22
,Larry Buhrman,,,,,,2026-08-22
,Lars Elvstrom,,,,,,2026-08-22
,Laurie Strong,,,,,,2026-08-22
,Luis Roa,,,,,,2026-08-22
,Mike Collins,,,,,,2026-08-22
,Mousa Shanan Zayed,,,,,,2026-08-22
,Mustafa Gengsoy,,,,,,2026-08-22
,Patrice Wiman,,,,,,2026-08-22
,Roberto Meneschincheri,,,,,,2026-08-22
,Tim Garcia,,,,,,2026-08-22
,Alexander Waske,,,,,,2026-08-22
,Ante Pavic,,,,,,2026-08-22
,David Vega Hernandez,,,,,,2026-08-22
2026-08-10,Gonzalo Villanueva,322.0,168,-,,,2026-08-22
2026-08-03,Gonzalo Villanueva,316.0,168,-,,,2026-08-22
2026-07-27,Gonzalo Villanueva,315.0,168,+2,,,2026-08-22
,Mark Nielsen,,,,,,2026-08-22
,Robert Kendrick,,,,,,2026-08-22
,Stefan Koubek,,,,,,2026-08-22
,A D'orsongna,,,,,,2026-08-22
,Alan Lane,,,,,,2026-08-22
,Andres Molina,,,,,,2026-08-22
,Brian Millar,,,,,,2026-08-22
,Dave Shibley,,,,,,2026-08-22
,Dave Snyder,,,,,,2026-08-22
,Eric Friedler,,,,,,2026-08-22
,Eric Huet,,,,,,2026-08-22
,F De Koenig,,,,,,2026-08-22
,Frank Korpas,,,,,,2026-08-22
,Helder Lopes,,,,,,2026-08-22
,J Young,,,,,,2026-08-22
,Jack D Neer,,,,,,2026-08-22
,Johan Jepson,,,,,,2026-08-22
,Josko Topic,,,,,,2026-08-22
,Kiyoshi Miyanami,,,,,,2026-08-22
,Marcello Bassanelli,,,,,,2026-08-22
,Marcus Hilpert,,,,,,2026-08-22
,Per Erik Dahl,,,,,,2026-08-22
,Peter Schlotz,,,,,,2026-08-22
,R Orford,,,,,,2026-08-22
,Rich Hillway,,,,,,2026-08-22
,Ryan Moore,,,,,,2026-08-22
,Samudra Sangitan,,,,,,2026-08-22
,Dennis Ralston,,,,,,2026-08-22
,Florin Mergea,,,,,,2026-08-22
,Gary Muller,,,,,,2026-08-22
,Gustavo Tiberti,,,,,,2026-08-22
,Jose Luis Damiani,,,,,,2026-08-22
,Markus Naewie,,,,,,2026-08-22
2026-08-10,Maxime Janvier,566.0,72,-,3.0,1.0,2026-08-22
2026-08-03,Maxime Janvier,559.0,72,+2,,,2026-08-22
2026-07-27,Maxime Janvier,565.0,70,+2,,,2026-08-22
,Michael Mortensen,,,,,,2026-08-22
,Pablo Gonzalez,,,,,,2026-08-22
2026-08-10,Pedro Sakamoto,506.0,90,-,,,2026-08-22
2026-08-03,Pedro Sakamoto,501.0,90,-,,,2026-08-22
2026-07-27,Pedro Sakamoto,496.0,90,-,,,2026-08-22
,Ryler Deheart,,,,,,2026-08-22
,Thomas Haldin,,,,,,2026-08-22
,Alain Bouteleux,,,,,,2026-08-22
,Antonio Solana,,,,,,2026-08-22
,Belzunce,,,,,,2026-08-22
,Bill Glaves,,,,,,2026-08-22
,Dan Cantwell,,,,,,2026-08-22
,Dave Hicks,,,,,,2026-08-22
,Esteban Fillol,,,,,,2026-08-22
,Ettore Rossetti,,,,,,2026-08-22
,Geoff Bluett,,,,,,2026-08-22
,George Szakacz,,,,,,2026-08-22
,Greg Grant,,,,,,2026-08-22
,Gunther Vanderveeren,,,,,,2026-08-22
,Hans Van Scheltema,,,,,,2026-08-22
,J Jetson,,,,,,2026-08-22
,Jorge Berman,,,,,,2026-08-22
,Keishiro Yanagi,,,,,,2026-08-22
,Kunio Tsukamoto,,,,,,2026-08-22
,Larry Parker,,,,,,2026-08-22
,Mehdi Ziadi,,,,,,2026-08-22
,Mike Shore,,,,,,2026-08-22
,Pancho Castillo,,,,,,2026-08-22
,Phil Brooks,,,,,,2026-08-22
,Scott Clark,,,,,,2026-08-22
,Sebastian Fitz,,,,,,2026-08-22
,Terry Hassall,,,,,,2026-08-22
,Yair Werthimer,,,,,,2026-08-22
,Alexander Sadecky,,,,,,2026-08-22
,Andrew Lobb,,,,,,2026-08-22
2026-08-10,Botic Van De Zandschulp,59.0,969,+87,165.0,13.0,2026-08-22
2026-08-10,Botic Van De Zandschulp,59.0,969,+87,165.0,13.0,2026-08-22
2026-08-10,Botic Van De Zandschulp,59.0,969,+87,165.0,13.0,2026-08-22
2026-08-10,Botic Van De Zandschulp,59.0,969,+87,165.0,13.0,2026-08-22
2026-08-03,Botic Van De Zandschulp,70.0,882,-,,,2026-08-22
2026-08-03,Botic Van De Zandschulp,70.0,882,-,,,2026-08-22
2026-08-03,Botic Van De Zandschulp,70.0,882,-,,,2026-08-22
2026-08-03,Botic Van De Zandschulp,70.0,882,-,,,2026-08-22
2026-07-27,Botic Van De Zandschulp,69.0,882,-87,,,2026-08-22
2026-07-27,Botic Van De Zandschulp,69.0,882,-87,,,2026-08-22
2026-07-27,Botic Van De Zandschulp,69.0,882,-87,,,2026-08-22
2026-07-27,Botic Van De Zandschulp,69.0,882,-87,,,2026-08-22
2026-07-20,Botic Van De Zandschulp,55.0,969,-,100.0,13.0,2026-08-22
2026-07-20,Botic Van De Zandschulp,55.0,969,-,100.0,13.0,2026-08-22
2026-07-20,Botic Van De Zandschulp,55.0,969,-,100.0,13.0,2026-08-22
2026-07-13,Botic Van De Zandschulp,55.0,969,-,25.0,13.0,2026-08-22
2026-07-13,Botic Van De Zandschulp,55.0,969,-,25.0,13.0,2026-08-22
2026-07-13,Botic Van De Zandschulp,55.0,969,-,25.0,13.0,2026-08-22
2026-06-29,Botic Van De Zandschulp,54.0,969,-,50.0,13.0,2026-08-22
2026-06-29,Botic Van De Zandschulp,54.0,969,-,50.0,13.0,2026-08-22
2026-06-29,Botic Van De Zandschulp,54.0,969,-,50.0,13.0,2026-08-22
2026-06-22,Botic Van De Zandschulp,52.0,969,+34,,,2026-08-22
2026-06-22,Botic Van De Zandschulp,52.0,969,+34,,,2026-08-22
2026-06-15,Botic Van De Zandschulp,56.0,935,-,,,2026-08-22
2026-06-15,Botic Van De Zandschulp,56.0,935,-,,,2026-08-22
2026-06-08,Botic Van De Zandschulp,55.0,935,-,,,2026-08-22
2026-06-08,Botic Van De Zandschulp,55.0,935,-,,,2026-08-22
2026-05-25,Botic Van De Zandschulp,55.0,935,-,10.0,13.0,2026-08-22
2026-05-25,Botic Van De Zandschulp,55.0,935,-,10.0,13.0,2026-08-22
2026-05-18,Botic Van De Zandschulp,53.0,935,+37,,,2026-08-22
2026-05-18,Botic Van De Zandschulp,53.0,935,+37,,,2026-08-22
2026-05-04,Botic Van De Zandschulp,54.0,898,-20,,,2026-08-22
2026-05-04,Botic Van De Zandschulp,54.0,898,-20,,,2026-08-22
2026-04-20,Botic Van De Zandschulp,52.0,918,-13,20.0,12.0,2026-08-22
2026-04-20,Botic Van De Zandschulp,52.0,918,-13,20.0,12.0,2026-08-22
2026-04-13,Botic Van De Zandschulp,49.0,931,-,63.0,12.0,2026-08-22
2026-04-13,Botic Van De Zandschulp,49.0,931,-,63.0,12.0,2026-08-22
2026-04-06,Botic Van De Zandschulp,52.0,931,+90,,,2026-08-22
2026-04-06,Botic Van De Zandschulp,52.0,931,+90,,,2026-08-22
2026-03-30,Botic Van De Zandschulp,62.0,841,+18,,,2026-08-22
2026-03-30,Botic Van De Zandschulp,62.0,841,+18,,,2026-08-22
2026-03-16,Botic Van De Zandschulp,65.0,823,-50,,,2026-08-22
2026-03-16,Botic Van De Zandschulp,65.0,823,-50,,,2026-08-22
2026-03-02,Botic Van De Zandschulp,59.0,873,-1,60.0,10.0,2026-08-22
2026-02-23,Botic Van De Zandschulp,61.0,874,-62,13.0,12.0,2026-08-22
2026-02-16,Botic Van De Zandschulp,55.0,936,+87,75.0,13.0,2026-08-22
2026-02-09,Botic Van De Zandschulp,65.0,849,-,,,2026-08-22
2026-02-02,Botic Van De Zandschulp,67.0,849,+90,,,2026-08-22
2026-01-19,Botic Van De Zandschulp,75.0,759,-,10.0,12.0,2026-08-22
2026-01-12,Botic Van De Zandschulp,75.0,759,+13,,,2026-08-22
2026-01-05,Botic Van De Zandschulp,75.0,746,-,,,2026-08-22
2025-12-29,Botic Van De Zandschulp,77.0,746,-10,,,2026-08-22
2025-12-22,Botic Van De Zandschulp,77.0,756,-,,,2026-08-22
2025-12-15,Botic Van De Zandschulp,77.0,756,-,,,2026-08-22
2025-12-08,Botic Van De Zandschulp,77.0,756,-,,,2026-08-22
2025-12-01,Botic Van De Zandschulp,77.0,756,-,,,2026-08-22
2025-11-24,Botic Van De Zandschulp,77.0,756,-,,,2026-08-22
2025-11-17,Botic Van De Zandschulp,77.0,756,-,,,2026-08-22
2025-11-10,Botic Van De Zandschulp,78.0,756,-,,,2026-08-22
2025-11-03,Botic Van De Zandschulp,80.0,756,+16,,,2026-08-22
2025-10-27,Botic Van De Zandschulp,84.0,740,-12,,,2026-08-22
2025-10-20,Botic Van De Zandschulp,82.0,752,+25,75.0,,2026-08-22
2025-10-13,Botic Van De Zandschulp,86.0,727,-20,,,2026-08-22
,Christian Bergstrom,,,,,,2026-08-22
,Claudio Panatta,,,,,,2026-08-22
2026-08-10,Diego Dedura,194.0,291,+3,,,2026-08-22
2026-08-10,Diego Dedura,194.0,291,+3,,,2026-08-22
2026-08-10,Diego Dedura,194.0,291,+3,,,2026-08-22
2026-08-10,Diego Dedura,194.0,291,+3,,,2026-08-22
2026-08-03,Diego Dedura,193.0,288,-2,,,2026-08-22
2026-08-03,Diego Dedura,193.0,288,-2,,,2026-08-22
2026-08-03,Diego Dedura,193.0,288,-2,,,2026-08-22
2026-08-03,Diego Dedura,193.0,288,-2,,,2026-08-22
2026-07-27,Diego Dedura,197.0,290,+71,6.0,4.0,2026-08-22
2026-07-27,Diego Dedura,197.0,290,+71,6.0,4.0,2026-08-22
2026-07-27,Diego Dedura,197.0,290,+71,6.0,4.0,2026-08-22
2026-07-27,Diego Dedura,197.0,290,+71,6.0,4.0,2026-08-22
,Dirk Dier,,,,,,2026-08-22
,Enrico Cocchi,,,,,,2026-08-22
,Henrik Holm,,,,,,2026-08-22
,Igor Saric,,,,,,2026-08-22
2026-08-10,J.j. Wolf,285.0,195,-,,,2026-08-22
2026-08-03,J.j. Wolf,282.0,195,+125,,,2026-08-22
2026-07-27,J.j. Wolf,563.0,70,+16,,,2026-08-22
,Jason Goodall,,,,,,2026-08-22
2026-08-10,Jerome Kym,179.0,321,+50,6.0,,2026-08-22
2026-08-10,Jerome Kym,179.0,321,+50,6.0,,2026-08-22
2026-08-10,Jerome Kym,179.0,321,+50,6.0,,2026-08-22
2026-08-10,Jerome Kym,179.0,321,+50,6.0,,2026-08-22
2026-08-03,Jerome Kym,205.0,271,-22,,,2026-08-22
2026-07-27,Jerome Kym,194.0,293,+8,22.0,,2026-08-22
2026-07-27,Jerome Kym,194.0,293,+8,22.0,,2026-08-22
2026-07-27,Jerome Kym,194.0,293,+8,22.0,,2026-08-22
2026-07-27,Jerome Kym,194.0,293,+8,22.0,,2026-08-22
2026-07-20,Jerome Kym,198.0,285,-25,,,2026-08-22
2026-07-20,Jerome Kym,198.0,285,-25,,,2026-08-22
2026-07-20,Jerome Kym,198.0,285,-25,,,2026-08-22
2026-07-13,Jerome Kym,186.0,310,+19,50.0,,2026-08-22
2026-07-13,Jerome Kym,186.0,310,+19,50.0,,2026-08-22
2026-07-13,Jerome Kym,186.0,310,+19,50.0,,2026-08-22
2026-06-29,Jerome Kym,196.0,291,-,22.0,,2026-08-22
2026-06-29,Jerome Kym,196.0,291,-,22.0,,2026-08-22
2026-06-29,Jerome Kym,196.0,291,-,22.0,,2026-08-22
2026-06-22,Jerome Kym,197.0,291,+6,,,2026-08-22
2026-06-22,Jerome Kym,197.0,291,+6,,,2026-08-22
2026-05-25,Jerome Kym,192.0,307,-,22.0,,2026-08-22
2026-05-25,Jerome Kym,192.0,307,-,22.0,,2026-08-22
2026-05-18,Jerome Kym,193.0,307,-12,,,2026-08-22
2026-05-18,Jerome Kym,193.0,307,-12,,,2026-08-22
2026-05-04,Jerome Kym,187.0,319,-35,12.0,,2026-08-22
2026-05-04,Jerome Kym,187.0,319,-35,12.0,,2026-08-22
2026-04-20,Jerome Kym,173.0,354,-,35.0,,2026-08-22
2026-04-20,Jerome Kym,173.0,354,-,35.0,,2026-08-22
2026-04-13,Jerome Kym,170.0,354,-,,,2026-08-22
2026-04-13,Jerome Kym,170.0,354,-,,,2026-08-22
2026-04-06,Jerome Kym,170.0,354,-,,,2026-08-22
2026-04-06,Jerome Kym,170.0,354,-,,,2026-08-22
2026-03-30,Jerome Kym,170.0,354,-,,,2026-08-22
2026-03-30,Jerome Kym,170.0,354,-,,,2026-08-22
2026-03-16,Jerome Kym,170.0,354,+12,,,2026-08-22
2026-03-16,Jerome Kym,170.0,354,+12,,,2026-08-22
2026-03-02,Jerome Kym,180.0,342,-,,,2026-08-22
2026-02-23,Jerome Kym,179.0,342,+35,,,2026-08-22
2026-02-16,Jerome Kym,197.0,307,-,,,2026-08-22
2026-02-09,Jerome Kym,195.0,307,-8,,,2026-08-22
2026-02-02,Jerome Kym,192.0,315,-,8.0,,2026-08-22
2026-01-19,Jerome Kym,187.0,315,-,8.0,,2026-08-22
2026-01-12,Jerome Kym,186.0,315,-,,,2026-08-22
2026-01-05,Jerome Kym,181.0,315,-,,,2026-08-22
2025-12-29,Jerome Kym,187.0,315,-,,,2026-08-22
2025-12-22,Jerome Kym,188.0,315,-,,,2026-08-22
2025-12-15,Jerome Kym,188.0,315,-,,,2026-08-22
2025-12-08,Jerome Kym,188.0,315,-,,,2026-08-22
2025-12-01,Jerome Kym,190.0,315,-,,,2026-08-22
2025-11-24,Jerome Kym,186.0,315,-,,,2026-08-22
2025-11-17,Jerome Kym,184.0,315,-,,,2026-08-22
2025-11-10,Jerome Kym,184.0,315,-8,,,2026-08-22
2025-11-03,Jerome Kym,178.0,323,-,8.0,,2026-08-22
2025-10-27,Jerome Kym,175.0,323,-25,,,2026-08-22
2025-10-20,Jerome Kym,163.0,348,-,25.0,,2026-08-22
2025-10-13,Jerome Kym,164.0,348,-39,,,2026-08-22
2026-08-10,Lukas Klein,615.0,62,-,16.0,,2026-08-22
2026-08-03,Lukas Klein,611.0,62,-,,,2026-08-22
2026-07-27,Lukas Klein,606.0,62,-125,,,2026-08-22
2026-07-13,Lukas Klein,185.0,312,-23,125.0,,2026-08-22
2026-07-13,Lukas Klein,185.0,312,-23,125.0,,2026-08-22
2026-07-13,Lukas Klein,185.0,312,-23,125.0,,2026-08-22
2026-06-29,Lukas Klein,171.0,335,-,23.0,,2026-08-22
2026-06-29,Lukas Klein,171.0,335,-,23.0,,2026-08-22
2026-06-29,Lukas Klein,171.0,335,-,23.0,,2026-08-22
2026-06-22,Lukas Klein,177.0,335,-,,,2026-08-22
2026-06-22,Lukas Klein,177.0,335,-,,,2026-08-22
2026-06-15,Lukas Klein,180.0,335,-,,,2026-08-22
2026-06-15,Lukas Klein,180.0,335,-,,,2026-08-22
2026-06-08,Lukas Klein,179.0,335,-23,,,2026-08-22
2026-06-08,Lukas Klein,179.0,335,-23,,,2026-08-22
2026-05-25,Lukas Klein,167.0,358,-,23.0,,2026-08-22
2026-05-25,Lukas Klein,167.0,358,-,23.0,,2026-08-22
2026-05-18,Lukas Klein,168.0,358,-22,,,2026-08-22
2026-05-18,Lukas Klein,168.0,358,-22,,,2026-08-22
2026-05-04,Lukas Klein,159.0,380,-6,22.0,,2026-08-22
2026-05-04,Lukas Klein,159.0,380,-6,22.0,,2026-08-22
2026-04-20,Lukas Klein,160.0,386,-,6.0,,2026-08-22
2026-04-20,Lukas Klein,160.0,386,-,6.0,,2026-08-22
2026-04-13,Lukas Klein,158.0,386,-,,,2026-08-22
2026-04-13,Lukas Klein,158.0,386,-,,,2026-08-22
2026-04-06,Lukas Klein,157.0,386,-,,,2026-08-22
2026-04-06,Lukas Klein,157.0,386,-,,,2026-08-22
2026-03-30,Lukas Klein,155.0,386,-,,,2026-08-22
2026-03-30,Lukas Klein,155.0,386,-,,,2026-08-22
2026-03-16,Lukas Klein,155.0,386,-,,,2026-08-22
2026-03-16,Lukas Klein,155.0,386,-,,,2026-08-22
2026-03-02,Lukas Klein,158.0,386,-,,,2026-08-22
2026-02-23,Lukas Klein,158.0,386,-35,,,2026-08-22
2026-02-16,Lukas Klein,150.0,421,+1,35.0,,2026-08-22
2026-02-09,Lukas Klein,150.0,420,-,7.0,,2026-08-22
2026-02-02,Lukas Klein,147.0,420,-24,,,2026-08-22
2026-01-19,Lukas Klein,136.0,444,-,40.0,,2026-08-22
2026-01-12,Lukas Klein,136.0,444,+8,,,2026-08-22
2026-01-05,Lukas Klein,141.0,436,-,,,2026-08-22
2025-12-29,Lukas Klein,142.0,436,-,,,2026-08-22
2025-12-22,Lukas Klein,142.0,436,-,,,2026-08-22
2025-12-15,Lukas Klein,142.0,436,-,,,2026-08-22
2025-12-08,Lukas Klein,142.0,436,-,,,2026-08-22
2025-12-01,Lukas Klein,142.0,436,-,,,2026-08-22
2025-11-24,Lukas Klein,141.0,436,-,,,2026-08-22
2025-11-17,Lukas Klein,140.0,436,-,,,2026-08-22
2025-11-10,Lukas Klein,141.0,436,-63,,,2026-08-22
2025-11-03,Lukas Klein,123.0,499,-8,63.0,,2026-08-22
2025-10-27,Lukas Klein,124.0,507,-,8.0,,2026-08-22
2025-10-20,Lukas Klein,124.0,507,-,,,2026-08-22
2025-10-13,Lukas Klein,126.0,507,-7,,,2026-08-22
2026-08-10,Mark Lajal,159.0,361,-,16.0,6.0,2026-08-22
2026-08-10,Mark Lajal,159.0,361,-,16.0,6.0,2026-08-22
2026-08-10,Mark Lajal,159.0,361,-,16.0,6.0,2026-08-22
2026-08-10,Mark Lajal,159.0,361,-,16.0,6.0,2026-08-22
2026-08-03,Mark Lajal,157.0,361,+58,,,2026-08-22
2026-08-03,Mark Lajal,157.0,361,+58,,,2026-08-22
2026-08-03,Mark Lajal,157.0,361,+58,,,2026-08-22
2026-08-03,Mark Lajal,157.0,361,+58,,,2026-08-22
2026-07-27,Mark Lajal,189.0,303,-84,,,2026-08-22
2026-07-27,Mark Lajal,189.0,303,-84,,,2026-08-22
2026-07-27,Mark Lajal,189.0,303,-84,,,2026-08-22
2026-07-27,Mark Lajal,189.0,303,-84,,,2026-08-22
2026-07-20,Mark Lajal,150.0,387,+37,100.0,6.0,2026-08-22
2026-07-20,Mark Lajal,150.0,387,+37,100.0,6.0,2026-08-22
2026-07-20,Mark Lajal,150.0,387,+37,100.0,6.0,2026-08-22
2026-07-13,Mark Lajal,159.0,350,-2,7.0,6.0,2026-08-22
2026-07-13,Mark Lajal,159.0,350,-2,7.0,6.0,2026-08-22
2026-07-13,Mark Lajal,159.0,350,-2,7.0,6.0,2026-08-22
2026-06-29,Mark Lajal,164.0,352,-,8.0,6.0,2026-08-22
2026-06-29,Mark Lajal,164.0,352,-,8.0,6.0,2026-08-22
2026-06-29,Mark Lajal,164.0,352,-,8.0,6.0,2026-08-22
2026-06-22,Mark Lajal,167.0,352,-,,,2026-08-22
2026-06-22,Mark Lajal,167.0,352,-,,,2026-08-22
2026-06-15,Mark Lajal,166.0,352,-44,,,2026-08-22
2026-06-15,Mark Lajal,166.0,352,-44,,,2026-08-22
2026-06-08,Mark Lajal,154.0,396,+10,63.0,6.0,2026-08-22
2026-06-08,Mark Lajal,154.0,396,+10,63.0,6.0,2026-08-22
2026-05-25,Mark Lajal,157.0,386,-,,,2026-08-22
2026-05-25,Mark Lajal,157.0,386,-,,,2026-08-22
2026-05-18,Mark Lajal,157.0,386,+3,,,2026-08-22
2026-05-18,Mark Lajal,157.0,386,+3,,,2026-08-22
2026-05-04,Mark Lajal,158.0,383,+6,22.0,6.0,2026-08-22
2026-05-04,Mark Lajal,158.0,383,+6,22.0,6.0,2026-08-22
2026-04-20,Mark Lajal,164.0,377,-,6.0,3.0,2026-08-22
2026-04-20,Mark Lajal,164.0,377,-,6.0,3.0,2026-08-22
2026-04-13,Mark Lajal,165.0,377,-,,,2026-08-22
2026-04-13,Mark Lajal,165.0,377,-,,,2026-08-22
2026-04-06,Mark Lajal,162.0,377,-,,,2026-08-22
2026-04-06,Mark Lajal,162.0,377,-,,,2026-08-22
2026-03-30,Mark Lajal,161.0,377,-2,,,2026-08-22
2026-03-30,Mark Lajal,161.0,377,-2,,,2026-08-22
2026-03-16,Mark Lajal,158.0,379,-,8.0,6.0,2026-08-22
2026-03-16,Mark Lajal,158.0,379,-,8.0,6.0,2026-08-22
2026-03-02,Mark Lajal,160.0,379,+1,,,2026-08-22
2026-02-23,Mark Lajal,160.0,378,-,,,2026-08-22
2026-02-16,Mark Lajal,161.0,378,-,,,2026-08-22
2026-02-09,Mark Lajal,158.0,378,-,,,2026-08-22
2026-02-02,Mark Lajal,158.0,378,-29,,,2026-08-22
2026-01-19,Mark Lajal,153.0,407,-,52.0,18.0,2026-08-22
2026-01-12,Mark Lajal,153.0,407,-,,,2026-08-22
2026-01-05,Mark Lajal,149.0,407,-,,,2026-08-22
2025-12-29,Mark Lajal,149.0,407,-6,,,2026-08-22
2025-12-22,Mark Lajal,148.0,413,-,,,2026-08-22
2025-12-15,Mark Lajal,148.0,413,-,,,2026-08-22
2025-12-08,Mark Lajal,148.0,413,-,,,2026-08-22
2025-12-01,Mark Lajal,148.0,413,-,,,2026-08-22
2025-11-24,Mark Lajal,148.0,413,+1,,,2026-08-22
2025-11-17,Mark Lajal,146.0,412,-,,,2026-08-22
2025-11-10,Mark Lajal,149.0,412,-6,,,2026-08-22
2025-11-03,Mark Lajal,148.0,418,+4,12.0,6.0,2026-08-22
2025-10-27,Mark Lajal,148.0,414,-15,12.0,6.0,2026-08-22
2025-10-20,Mark Lajal,147.0,429,+6,22.0,6.0,2026-08-22
2025-10-13,Mark Lajal,149.0,423,-1,7.0,6.0,2026-08-22
2026-08-10,Mees Rottgering,418.0,117,+2,,,2026-08-22
2026-08-03,Mees Rottgering,416.0,115,-,,,2026-08-22
2026-07-27,Mees Rottgering,411.0,115,+20,,,2026-08-22
,Mikhail Youzhny,,,,,,2026-08-22
,Neale Fraser,,,,,,2026-08-22
,Patrick Mcenroe,,,,,,2026-08-22
,Paul Dogger,,,,,,2026-08-22
,Philippe Pech,,,,,,2026-08-22
,Reda El Amrani,,,,,,2026-08-22
,Robbie Venter,,,,,,2026-08-22
2026-08-10,Roberto Bautista Agut,183.0,318,-,75.0,,2026-08-22
2026-08-10,Roberto Bautista Agut,183.0,318,-,75.0,,2026-08-22
2026-08-10,Roberto Bautista Agut,183.0,318,-,75.0,,2026-08-22
2026-08-10,Roberto Bautista Agut,183.0,318,-,75.0,,2026-08-22
2026-08-03,Roberto Bautista Agut,177.0,318,-,,,2026-08-22
2026-08-03,Roberto Bautista Agut,177.0,318,-,,,2026-08-22
2026-08-03,Roberto Bautista Agut,177.0,318,-,,,2026-08-22
2026-08-03,Roberto Bautista Agut,177.0,318,-,,,2026-08-22
2026-07-27,Roberto Bautista Agut,180.0,318,-,,,2026-08-22
2026-07-27,Roberto Bautista Agut,180.0,318,-,,,2026-08-22
2026-07-27,Roberto Bautista Agut,180.0,318,-,,,2026-08-22
2026-07-27,Roberto Bautista Agut,180.0,318,-,,,2026-08-22
2026-07-20,Roberto Bautista Agut,183.0,318,-,,,2026-08-22
2026-07-20,Roberto Bautista Agut,183.0,318,-,,,2026-08-22
2026-07-20,Roberto Bautista Agut,183.0,318,-,,,2026-08-22
2026-07-13,Roberto Bautista Agut,180.0,318,-,,,2026-08-22
2026-07-13,Roberto Bautista Agut,180.0,318,-,,,2026-08-22
2026-07-13,Roberto Bautista Agut,180.0,318,-,,,2026-08-22
2026-06-29,Roberto Bautista Agut,183.0,318,-40,10.0,,2026-08-22
2026-06-29,Roberto Bautista Agut,183.0,318,-40,10.0,,2026-08-22
2026-06-29,Roberto Bautista Agut,183.0,318,-40,10.0,,2026-08-22
2026-06-22,Roberto Bautista Agut,163.0,358,-184,50.0,10.0,2026-08-22
2026-06-22,Roberto Bautista Agut,163.0,358,-184,50.0,10.0,2026-08-22
2026-06-15,Roberto Bautista Agut,115.0,542,-,200.0,13.0,2026-08-22
2026-06-15,Roberto Bautista Agut,115.0,542,-,200.0,13.0,2026-08-22
2026-06-08,Roberto Bautista Agut,116.0,542,-,,,2026-08-22
2026-06-08,Roberto Bautista Agut,116.0,542,-,,,2026-08-22
2026-05-25,Roberto Bautista Agut,117.0,542,-87,10.0,13.0,2026-08-22
2026-05-25,Roberto Bautista Agut,117.0,542,-87,10.0,13.0,2026-08-22
2026-05-18,Roberto Bautista Agut,99.0,629,-,100.0,13.0,2026-08-22
2026-05-18,Roberto Bautista Agut,99.0,629,-,100.0,13.0,2026-08-22
2026-05-04,Roberto Bautista Agut,98.0,629,-20,30.0,13.0,2026-08-22
2026-05-04,Roberto Bautista Agut,98.0,629,-20,30.0,13.0,2026-08-22
2026-04-20,Roberto Bautista Agut,93.0,649,-,30.0,,2026-08-22
2026-04-20,Roberto Bautista Agut,93.0,649,-,30.0,,2026-08-22
2026-04-13,Roberto Bautista Agut,93.0,649,-24,,,2026-08-22
2026-04-13,Roberto Bautista Agut,93.0,649,-24,,,2026-08-22
2026-04-06,Roberto Bautista Agut,85.0,673,-12,50.0,,2026-08-22
2026-04-06,Roberto Bautista Agut,85.0,673,-12,50.0,,2026-08-22
2026-03-30,Roberto Bautista Agut,80.0,685,+17,25.0,13.0,2026-08-22
2026-03-30,Roberto Bautista Agut,80.0,685,+17,25.0,13.0,2026-08-22
2026-03-16,Roberto Bautista Agut,89.0,668,+23,,,2026-08-22
2026-03-16,Roberto Bautista Agut,89.0,668,+23,,,2026-08-22
2026-03-02,Roberto Bautista Agut,93.0,645,-40,10.0,,2026-08-22
2026-02-23,Roberto Bautista Agut,85.0,685,-,50.0,10.0,2026-08-22
2026-02-16,Roberto Bautista Agut,82.0,685,-,,,2026-08-22
2026-02-09,Roberto Bautista Agut,85.0,685,+15,,,2026-08-22
2026-02-02,Roberto Bautista Agut,89.0,670,-,,,2026-08-22
2026-01-19,Roberto Bautista Agut,91.0,670,-,10.0,,2026-08-22
2026-01-12,Roberto Bautista Agut,90.0,670,-,,,2026-08-22
2026-01-05,Roberto Bautista Agut,90.0,670,-,,,2026-08-22
2025-12-29,Roberto Bautista Agut,90.0,670,-,,,2026-08-22
2025-12-22,Roberto Bautista Agut,92.0,670,-,,,2026-08-22
2025-12-15,Roberto Bautista Agut,92.0,670,-,,,2026-08-22
2025-12-08,Roberto Bautista Agut,92.0,670,-,,,2026-08-22
2025-12-01,Roberto Bautista Agut,92.0,670,-,,,2026-08-22
2025-11-24,Roberto Bautista Agut,92.0,670,-,,,2026-08-22
2025-11-17,Roberto Bautista Agut,93.0,670,-,,,2026-08-22
2025-11-10,Roberto Bautista Agut,91.0,670,-,,,2026-08-22
2025-11-03,Roberto Bautista Agut,94.0,670,-,,,2026-08-22
2025-10-27,Roberto Bautista Agut,96.0,670,-50,,,2026-08-22
2025-10-20,Roberto Bautista Agut,87.0,720,-240,50.0,,2026-08-22
2025-10-13,Roberto Bautista Agut,57.0,960,-10,250.0,10.0,2026-08-22
,Steve Krulevitz,,,,,,2026-08-22
,Steve Meister,,,,,,2026-08-22
,Allan Kendall,,,,,,2026-08-22
,Arguilo,,,,,,2026-08-22
,Bernard Mignot,,,,,,2026-08-22
,Bill Tym,,,,,,2026-08-22
,Colin Beecher,,,,,,2026-08-22
,Fabien Cousin,,,,,,2026-08-22
,Jack Frost,,,,,,2026-08-22
,Ken Jantz,,,,,,2026-08-22
,Nicolaas Scholtz,,,,,,2026-08-22
,Reg Trevaskis,,,,,,2026-08-22
,Theo Snyman,,,,,,2026-08-22
,Tomislav Prpic,,,,,,2026-08-22
,Ulrich Schamberger,,,,,,2026-08-22
,Warren Farmer,,,,,,2026-08-22
,Carlos Berlocq,,,,,,2026-08-22
,David Kass,,,,,,2026-08-22
,Paolo Cane,,,,,,2026-08-22
,Pavol Cervenak,,,,,,2026-08-22
,Bill Shivar,,,,,,2026-08-22
,Frank Hamonet,,,,,,2026-08-22
,G Donald,,,,,,2026-08-22
,Jan Mulder,,,,,,2026-08-22
,Joe Foley,,,,,,2026-08-22
,Keith Ajegbo,,,,,,2026-08-22
,King Van Nostrand,,,,,,2026-08-22
,Mike Strickland,,,,,,2026-08-22
,Peter Pearson,,,,,,2026-08-22
,Randy Jones,,,,,,2026-08-22
,Robert Mcivor,,,,,,2026-08-22
,Toby Mitchell,,,,,,2026-08-22
,Arnaud Clement,,,,,,2026-08-22
,Ben Testerman,,,,,,2026-08-22
,Bruno Dadillon,,,,,,2026-08-22
2026-08-10,Christopher O'connell,129.0,491,+30,13.0,,2026-08-22
2026-08-10,Christopher O'connell,129.0,491,+30,13.0,,2026-08-22
2026-08-10,Christopher O'connell,129.0,491,+30,13.0,,2026-08-22
2026-08-10,Christopher O'connell,129.0,491,+30,13.0,,2026-08-22
2026-08-03,Christopher O'connell,133.0,461,-50,,,2026-08-22
2026-08-03,Christopher O'connell,133.0,461,-50,,,2026-08-22
2026-08-03,Christopher O'connell,133.0,461,-50,,,2026-08-22
2026-08-03,Christopher O'connell,133.0,461,-50,,,2026-08-22
2026-07-27,Christopher O'connell,126.0,511,-,50.0,,2026-08-22
2026-07-27,Christopher O'connell,126.0,511,-,50.0,,2026-08-22
2026-07-27,Christopher O'connell,126.0,511,-,50.0,,2026-08-22
2026-07-27,Christopher O'connell,126.0,511,-,50.0,,2026-08-22
2026-07-20,Christopher O'connell,126.0,511,-,,,2026-08-22
2026-07-20,Christopher O'connell,126.0,511,-,,,2026-08-22
2026-07-20,Christopher O'connell,126.0,511,-,,,2026-08-22
2026-07-13,Christopher O'connell,127.0,511,+6,,,2026-08-22
2026-07-13,Christopher O'connell,127.0,511,+6,,,2026-08-22
2026-07-13,Christopher O'connell,127.0,511,+6,,,2026-08-22
2026-06-29,Christopher O'connell,124.0,505,-,10.0,,2026-08-22
2026-06-29,Christopher O'connell,124.0,505,-,10.0,,2026-08-22
2026-06-29,Christopher O'connell,124.0,505,-,10.0,,2026-08-22
2026-06-22,Christopher O'connell,123.0,505,+112,,,2026-08-22
2026-06-22,Christopher O'connell,123.0,505,+112,,,2026-08-22
2026-06-15,Christopher O'connell,154.0,393,-,13.0,,2026-08-22
2026-06-15,Christopher O'connell,154.0,393,-,13.0,,2026-08-22
2026-06-08,Christopher O'connell,156.0,393,-10,,,2026-08-22
2026-06-08,Christopher O'connell,156.0,393,-10,,,2026-08-22
2026-05-25,Christopher O'connell,155.0,403,-,10.0,,2026-08-22
2026-05-25,Christopher O'connell,155.0,403,-,10.0,,2026-08-22
2026-05-18,Christopher O'connell,154.0,403,-10,,,2026-08-22
2026-05-18,Christopher O'connell,154.0,403,-10,,,2026-08-22
2026-05-04,Christopher O'connell,150.0,413,-30,10.0,,2026-08-22
2026-05-04,Christopher O'connell,150.0,413,-30,10.0,,2026-08-22
2026-04-20,Christopher O'connell,143.0,443,-,30.0,,2026-08-22
2026-04-20,Christopher O'connell,143.0,443,-,30.0,,2026-08-22
2026-04-13,Christopher O'connell,141.0,443,-,,,2026-08-22
2026-04-13,Christopher O'connell,141.0,443,-,,,2026-08-22
2026-04-06,Christopher O'connell,142.0,443,-50,,,2026-08-22
2026-04-06,Christopher O'connell,142.0,443,-50,,,2026-08-22
2026-03-30,Christopher O'connell,128.0,493,-,50.0,,2026-08-22
2026-03-30,Christopher O'connell,128.0,493,-,50.0,,2026-08-22
2026-03-16,Christopher O'connell,130.0,493,-,30.0,,2026-08-22
2026-03-16,Christopher O'connell,130.0,493,-,30.0,,2026-08-22
2026-03-02,Christopher O'connell,127.0,493,-68,30.0,,2026-08-22
2026-02-23,Christopher O'connell,105.0,561,-65,75.0,7.0,2026-08-22
2026-02-16,Christopher O'connell,95.0,626,+115,75.0,10.0,2026-08-22
2026-02-09,Christopher O'connell,119.0,511,-,,,2026-08-22
2026-02-02,Christopher O'connell,119.0,511,-10,,,2026-08-22
2026-01-19,Christopher O'connell,118.0,521,-,10.0,7.0,2026-08-22
2026-01-12,Christopher O'connell,118.0,521,-15,,,2026-08-22
2026-01-05,Christopher O'connell,114.0,536,-,25.0,10.0,2026-08-22
2025-12-29,Christopher O'connell,116.0,536,-10,,,2026-08-22
2025-12-22,Christopher O'connell,115.0,546,-,,,2026-08-22
2025-12-15,Christopher O'connell,115.0,546,-,,,2026-08-22
2025-12-08,Christopher O'connell,115.0,546,-,,,2026-08-22
2025-12-01,Christopher O'connell,115.0,546,-,,,2026-08-22
2025-11-24,Christopher O'connell,114.0,546,-,,,2026-08-22
2025-11-17,Christopher O'connell,114.0,546,-,,,2026-08-22
2025-11-10,Christopher O'connell,116.0,546,-40,,,2026-08-22
2025-11-03,Christopher O'connell,107.0,586,-13,50.0,10.0,2026-08-22
2025-10-27,Christopher O'connell,107.0,599,-,26.0,13.0,2026-08-22
2025-10-20,Christopher O'connell,105.0,599,-,,,2026-08-22
2025-10-13,Christopher O'connell,106.0,599,+17,,,2026-08-22
,Guillaume Raoux,,,,,,2026-08-22
,Kristian Pless,,,,,,2026-08-22
,Markus Rackl,,,,,,2026-08-22
,Mikael Pernfors,,,,,,2026-08-22
,Miljan Zekic,,,,,,2026-08-22
,Peter Burwash,,,,,,2026-08-22
,Tobias Kamke,,,,,,2026-08-22
,Tom Mercer,,,,,,2026-08-22
,Zbynek Mlynarik,,,,,,2026-08-22
,Allan Stone,,,,,,2026-08-22
,Derek Schroder,,,,,,2026-08-22
,Erhard Jung,,,,,,2026-08-22
,Francesco Dalessio,,,,,,2026-08-22
,Ilyas Ghouse,,,,,,2026-08-22
,J Hill,,,,,,2026-08-22
,J Logan,,,,,,2026-08-22
,Jeremie Malan,,,,,,2026-08-22
,Milan Trneny,,,,,,2026-08-22
,Pete Spiller,,,,,,2026-08-22
,Peter Lund,,,,,,2026-08-22
,Richard Howell,,,,,,2026-08-22
,Sascha Kloer,,,,,,2026-08-22
,Viorel Marcu,,,,,,2026-08-22
,Whitney Reed,,,,,,2026-08-22
,Wouter Fok,,,,,,2026-08-22
,Yew Ming Si,,,,,,2026-08-22
,Aleksandar Kitinov,,,,,,2026-08-22
,Alexandre Sidorenko,,,,,,2026-08-22
2026-08-10,Christopher Eubanks,934.0,24,-,,,2026-08-22
2026-08-03,Christopher Eubanks,921.0,24,-6,,,2026-08-22
2026-07-27,Christopher Eubanks,849.0,30,-7,6.0,,2026-08-22
2025-11-03,Christopher Eubanks,196.0,283,-,75.0,,2026-08-22
2025-10-27,Christopher Eubanks,195.0,283,-12,,,2026-08-22
2025-10-20,Christopher Eubanks,188.0,295,-,12.0,,2026-08-22
2025-10-13,Christopher Eubanks,187.0,295,+10,,,2026-08-22
,David Marrero,,,,,,2026-08-22
,Dennis Novikov,,,,,,2026-08-22
,Facundo Arguello,,,,,,2026-08-22
,John Newcombe,,,,,,2026-08-22
2026-08-10,Nicolas Kicker,366.0,140,+2,16.0,,2026-08-22
2026-08-03,Nicolas Kicker,365.0,138,+6,,,2026-08-22
2026-07-27,Nicolas Kicker,369.0,132,-16,,,2026-08-22
,Scott Mccain,,,,,,2026-08-22
,Ville Liukko,,,,,,2026-08-22
,Andy Lloyd,,,,,,2026-08-22
,B Renault,,,,,,2026-08-22
,Bill Joiner,,,,,,2026-08-22
,Bob Brien,,,,,,2026-08-22
,Bob Murio,,,,,,2026-08-22
,Hajime Nihonmatsu,,,,,,2026-08-22
,John Eastburn,,,,,,2026-08-22
,Jorge Andrew,,,,,,2026-08-22
,Lee Merry,,,,,,2026-08-22
,Les Dodson,,,,,,2026-08-22
,Luis Bruguera,,,,,,2026-08-22
,Narendra Singh,,,,,,2026-08-22
,Paschoal Penetta,,,,,,2026-08-22
,Pierce Kelly,,,,,,2026-08-22
,Ray Kelly,,,,,,2026-08-22
,Richard Coulthard,,,,,,2026-08-22
,Robert Dickerson,,,,,,2026-08-22
,Tadayuki Sawamatsu,,,,,,2026-08-22
,Will James,,,,,,2026-08-22
,Zach Dailey,,,,,,2026-08-22
,Arthur Ashe,,,,,,2026-08-22
,Byron Talbot,,,,,,2026-08-22
,Daniele Bracciali,,,,,,2026-08-22
,Di Wu,,,,,,2026-08-22
,Jeff Borowiak,,,,,,2026-08-22
,Joachim Johansson,,,,,,2026-08-22
2026-08-10,Karl Friberg,981.0,22,+3,,,2026-08-22
2026-08-03,Karl Friberg,1016.0,19,-,,,2026-08-22
2026-07-27,Karl Friberg,1010.0,19,-1,,,2026-08-22
,Leander Paes,,,,,,2026-08-22
,Lorenzo Manta,,,,,,2026-08-22
,Mansour Bahrami,,,,,,2026-08-22
2026-08-10,Radu Albot,512.0,87,-,4.0,,2026-08-22
2026-08-03,Radu Albot,507.0,87,+4,,,2026-08-22
2026-07-27,Radu Albot,519.0,83,-7,,,2026-08-22
,Rill Baxter,,,,,,2026-08-22
,Alan Ho,,,,,,2026-08-22
,Bill Mcdonnell,,,,,,2026-08-22
,Fabrizio Fanucci,,,,,,2026-08-22
,Guillermo Van Der Hans,,,,,,2026-08-22
,Isao Kobayashi,,,,,,2026-08-22
,Jack Teal,,,,,,2026-08-22
,James Gilchrist Jr,,,,,,2026-08-22
,John Adams,,,,,,2026-08-22
,John Ward,,,,,,2026-08-22
,Lou Monte,,,,,,2026-08-22
,Louis Hsu,,,,,,2026-08-22
,Lukas Thomas,,,,,,2026-08-22
,Mario De Cesaris,,,,,,2026-08-22
,Neville Nette,,,,,,2026-08-22
,Nicholas Sido,,,,,,2026-08-22
,Oscar Valdivieso,,,,,,2026-08-22
,Premjit Lall,,,,,,2026-08-22
,Ramanathan Krishnan,,,,,,2026-08-22
,Vicente Zarazua,,,,,,2026-08-22
,Vinay Dhawan,,,,,,2026-08-22
,Wing Luen Wong,,,,,,2026-08-22
,Brian Garrow,,,,,,2026-08-22
,Cliff Richey,,,,,,2026-08-22
,Darren Cahill,,,,,,2026-08-22
2026-08-10,Gauthier Onclin,169.0,339,-,,,2026-08-22
2026-08-10,Gauthier Onclin,169.0,339,-,,,2026-08-22
2026-08-10,Gauthier Onclin,169.0,339,-,,,2026-08-22
2026-08-10,Gauthier Onclin,169.0,339,-,,,2026-08-22
2026-08-03,Gauthier Onclin,167.0,339,-,,,2026-08-22
2026-08-03,Gauthier Onclin,167.0,339,-,,,2026-08-22
2026-08-03,Gauthier Onclin,167.0,339,-,,,2026-08-22
2026-08-03,Gauthier Onclin,167.0,339,-,,,2026-08-22
2026-07-27,Gauthier Onclin,170.0,339,+16,,,2026-08-22
2026-07-27,Gauthier Onclin,170.0,339,+16,,,2026-08-22
2026-07-27,Gauthier Onclin,170.0,339,+16,,,2026-08-22
2026-07-27,Gauthier Onclin,170.0,339,+16,,,2026-08-22
2026-07-20,Gauthier Onclin,178.0,323,-12,6.0,,2026-08-22
2026-07-20,Gauthier Onclin,178.0,323,-12,6.0,,2026-08-22
2026-07-20,Gauthier Onclin,178.0,323,-12,6.0,,2026-08-22
2026-07-13,Gauthier Onclin,169.0,335,+4,12.0,,2026-08-22
2026-07-13,Gauthier Onclin,169.0,335,+4,12.0,,2026-08-22
2026-07-13,Gauthier Onclin,169.0,335,+4,12.0,,2026-08-22
2026-06-29,Gauthier Onclin,178.0,331,-,8.0,,2026-08-22
2026-06-29,Gauthier Onclin,178.0,331,-,8.0,,2026-08-22
2026-06-29,Gauthier Onclin,178.0,331,-,8.0,,2026-08-22
2026-06-22,Gauthier Onclin,183.0,331,-,,,2026-08-22
2026-06-22,Gauthier Onclin,183.0,331,-,,,2026-08-22
2026-06-15,Gauthier Onclin,186.0,331,+13,,,2026-08-22
2026-06-15,Gauthier Onclin,186.0,331,+13,,,2026-08-22
2026-06-08,Gauthier Onclin,186.0,318,-7,25.0,,2026-08-22
2026-06-08,Gauthier Onclin,186.0,318,-7,25.0,,2026-08-22
2026-05-25,Gauthier Onclin,182.0,325,-,7.0,,2026-08-22
2026-05-25,Gauthier Onclin,182.0,325,-,7.0,,2026-08-22
2026-05-18,Gauthier Onclin,184.0,325,-,,,2026-08-22
2026-05-18,Gauthier Onclin,184.0,325,-,,,2026-08-22
2026-05-04,Gauthier Onclin,183.0,325,+100,,,2026-08-22
2026-05-04,Gauthier Onclin,183.0,325,+100,,,2026-08-22
2025-10-13,Gauthier Onclin,196.0,287,+7,16.0,3.0,2026-08-22
,Gilles Moretton,,,,,,2026-08-22
,Greg Halder,,,,,,2026-08-22
,Jason Netter,,,,,,2026-08-22
,Jeff Morrison,,,,,,2026-08-22
,Kacper Zuk,,,,,,2026-08-22
,Marcelo Hennemann,,,,,,2026-08-22
,Michal Przysiezny,,,,,,2026-08-22
,Mike Lee,,,,,,2026-08-22
,Paul Kilderry,,,,,,2026-08-22
,Sergi Bruguera,,,,,,2026-08-22
,Stefan Lochbihler,,,,,,2026-08-22
,Stephane Robert,,,,,,2026-08-22
,Thomas Gollwitzer,,,,,,2026-08-22
,Akifumi Machidori,,,,,,2026-08-22
,Bob Dow,,,,,,2026-08-22
,Constantin Nastase,,,,,,2026-08-22
,Evert Schneider,,,,,,2026-08-22
,Harry Hoffman Jr,,,,,,2026-08-22
,Holger Osinski,,,,,,2026-08-22
,John Clifton,,,,,,2026-08-22
,Jose Ignacio Bel,,,,,,2026-08-22
,Mac Clafin,,,,,,2026-08-22
,Mark Freedman,,,,,,2026-08-22
,N L Reevell,,,,,,2026-08-22
,Pierre Lamarche,,,,,,2026-08-22
,Remus Farcas,,,,,,2026-08-22
,Roland Stiegler,,,,,,2026-08-22
,Ross Maskell,,,,,,2026-08-22
,Scott Shannon,,,,,,2026-08-22
,Taghi Akbari,,,,,,2026-08-22
,W Thom,,,,,,2026-08-22
,Alex Nizet,,,,,,2026-08-22
,Attila Savolt,,,,,,2026-08-22
2026-08-10,Dylan Dietrich,442.0,107,-,,,2026-08-22
2026-08-03,Dylan Dietrich,437.0,107,-,,,2026-08-22
2026-07-27,Dylan Dietrich,434.0,107,+35,,,2026-08-22
,Finn Tearney,,,,,,2026-08-22
,Horacio Zeballos,,,,,,2026-08-22
,Juan Pablo Guzman,,,,,,2026-08-22
,Kris Goossens,,,,,,2026-08-22
,Luis Horna,,,,,,2026-08-22
,Marcus Willis,,,,,,2026-08-22
,Michael Oberleitner,,,,,,2026-08-22
,Michel Kratochvil,,,,,,2026-08-22
,Mike Leach,,,,,,2026-08-22
,Nikola Mektic,,,,,,2026-08-22
2026-08-10,Yshai Oliel,,1,-,,,2026-08-22
2026-08-03,Yshai Oliel,,1,-,,,2026-08-22
2026-07-27,Yshai Oliel,,1,-,,,2026-08-22
,A Whittaker,,,,,,2026-08-22
,Barry Mcmillan,,,,,,2026-08-22
,Byron Humphrey,,,,,,2026-08-22
,Diego Hipperdinger,,,,,,2026-08-22
,Douglas Palm,,,,,,2026-08-22
,Fernando Casado,,,,,,2026-08-22
,Frantisek Pala,,,,,,2026-08-22
,George Andrews,,,,,,2026-08-22
,Georges Deniau,,,,,,2026-08-22
,Herve Bardot,,,,,,2026-08-22
,Jan Zabrodsky,,,,,,2026-08-22
,Karl Fichtel,,,,,,2026-08-22
,Lex Wood,,,,,,2026-08-22
,Luis Garcia,,,,,,2026-08-22
,Marty Pincus,,,,,,2026-08-22
,Nobuya Tamura,,,,,,2026-08-22
,P Michau,,,,,,2026-08-22
,Paul Hutchins,,,,,,2026-08-22
,Peter Dyson,,,,,,2026-08-22
,Peter Ristau,,,,,,2026-08-22
,Peter Rode,,,,,,2026-08-22
,Peter Smylie,,,,,,2026-08-22
,Pierre Joly,,,,,,2026-08-22
,Ricky Morea,,,,,,2026-08-22
,Sergej Skakun,,,,,,2026-08-22
,Tau Po,,,,,,2026-08-22
,William Durham,,,,,,2026-08-22
,Andrea Stoppini,,,,,,2026-08-22
,Daniel Courcol,,,,,,2026-08-22
,Gorka Fraile,,,,,,2026-08-22
,Jens Knippschild,,,,,,2026-08-22
,John Alexander,,,,,,2026-08-22
,John Ross,,,,,,2026-08-22
,Julien Jeanpierre,,,,,,2026-08-22
2026-08-10,Jurij Rodionov,134.0,463,-,75.0,7.0,2026-08-22
2026-08-10,Jurij Rodionov,134.0,463,-,75.0,7.0,2026-08-22
2026-08-10,Jurij Rodionov,134.0,463,-,75.0,7.0,2026-08-22
2026-08-10,Jurij Rodionov,134.0,463,-,75.0,7.0,2026-08-22
2026-08-03,Jurij Rodionov,132.0,463,+5,,,2026-08-22
2026-08-03,Jurij Rodionov,132.0,463,+5,,,2026-08-22
2026-08-03,Jurij Rodionov,132.0,463,+5,,,2026-08-22
2026-08-03,Jurij Rodionov,132.0,463,+5,,,2026-08-22
2026-07-27,Jurij Rodionov,136.0,458,+31,,,2026-08-22
2026-07-27,Jurij Rodionov,136.0,458,+31,,,2026-08-22
2026-07-27,Jurij Rodionov,136.0,458,+31,,,2026-08-22
2026-07-27,Jurij Rodionov,136.0,458,+31,,,2026-08-22
2026-07-20,Jurij Rodionov,145.0,427,-,,,2026-08-22
2026-07-20,Jurij Rodionov,145.0,427,-,,,2026-08-22
2026-07-20,Jurij Rodionov,145.0,427,-,,,2026-08-22
2026-07-13,Jurij Rodionov,143.0,427,+1,,,2026-08-22
2026-07-13,Jurij Rodionov,143.0,427,+1,,,2026-08-22
2026-07-13,Jurij Rodionov,143.0,427,+1,,,2026-08-22
2026-06-29,Jurij Rodionov,142.0,426,-,7.0,7.0,2026-08-22
2026-06-29,Jurij Rodionov,142.0,426,-,7.0,7.0,2026-08-22
2026-06-29,Jurij Rodionov,142.0,426,-,7.0,7.0,2026-08-22
2026-06-22,Jurij Rodionov,139.0,426,+30,,,2026-08-22
2026-06-22,Jurij Rodionov,139.0,426,+30,,,2026-08-22
2026-06-15,Jurij Rodionov,152.0,396,-,14.0,7.0,2026-08-22
2026-06-15,Jurij Rodionov,152.0,396,-,14.0,7.0,2026-08-22
2026-06-08,Jurij Rodionov,153.0,396,+17,,,2026-08-22
2026-06-08,Jurij Rodionov,153.0,396,+17,,,2026-08-22
2026-05-25,Jurij Rodionov,158.0,379,-,30.0,14.0,2026-08-22
2026-05-25,Jurij Rodionov,158.0,379,-,30.0,14.0,2026-08-22
2026-05-18,Jurij Rodionov,158.0,379,-,,,2026-08-22
2026-05-18,Jurij Rodionov,158.0,379,-,,,2026-08-22
2026-05-04,Jurij Rodionov,160.0,379,-,,,2026-08-22
2026-05-04,Jurij Rodionov,160.0,379,-,,,2026-08-22
2026-04-20,Jurij Rodionov,162.0,379,+1,,,2026-08-22
2026-04-20,Jurij Rodionov,162.0,379,+1,,,2026-08-22
2026-04-13,Jurij Rodionov,164.0,378,+37,,,2026-08-22
2026-04-13,Jurij Rodionov,164.0,378,+37,,,2026-08-22
2026-04-06,Jurij Rodionov,176.0,341,+1,,,2026-08-22
2026-04-06,Jurij Rodionov,176.0,341,+1,,,2026-08-22
2026-03-30,Jurij Rodionov,178.0,340,-,6.0,,2026-08-22
2026-03-30,Jurij Rodionov,178.0,340,-,6.0,,2026-08-22
2026-03-16,Jurij Rodionov,177.0,340,-8,,,2026-08-22
2026-03-16,Jurij Rodionov,177.0,340,-8,,,2026-08-22
2026-03-02,Jurij Rodionov,177.0,348,-1,44.0,,2026-08-22
2026-02-23,Jurij Rodionov,176.0,349,-1,8.0,,2026-08-22
2026-02-16,Jurij Rodionov,176.0,350,-,7.0,6.0,2026-08-22
2026-02-09,Jurij Rodionov,172.0,350,-,,,2026-08-22
2026-02-02,Jurij Rodionov,170.0,350,+2,,,2026-08-22
2026-01-19,Jurij Rodionov,167.0,348,-,7.0,,2026-08-22
2026-01-12,Jurij Rodionov,167.0,348,+44,,,2026-08-22
2026-01-05,Jurij Rodionov,195.0,304,-25,,,2026-08-22
2025-12-29,Jurij Rodionov,176.0,329,-,25.0,,2026-08-22
2025-12-22,Jurij Rodionov,178.0,329,-,,,2026-08-22
2025-12-15,Jurij Rodionov,178.0,329,-,,,2026-08-22
2025-12-08,Jurij Rodionov,178.0,329,-,,,2026-08-22
2025-12-01,Jurij Rodionov,178.0,329,-,,,2026-08-22
2025-11-24,Jurij Rodionov,177.0,329,-,,,2026-08-22
2025-11-17,Jurij Rodionov,177.0,329,-50,,,2026-08-22
2025-11-10,Jurij Rodionov,160.0,379,+7,50.0,,2026-08-22
2025-11-03,Jurij Rodionov,161.0,372,-11,,,2026-08-22
2025-10-27,Jurij Rodionov,156.0,383,-,25.0,,2026-08-22
2025-10-20,Jurij Rodionov,154.0,383,-,,,2026-08-22
2025-10-13,Jurij Rodionov,155.0,383,-7,,,2026-08-22
,Luke Smith,,,,,,2026-08-22
2026-08-10,Michael Geerts,348.0,156,-,,,2026-08-22
2026-08-03,Michael Geerts,339.0,156,-,,,2026-08-22
2026-07-27,Michael Geerts,337.0,156,-,,,2026-08-22
,Nicklas Kulti,,,,,,2026-08-22
,A Lautenschlager,,,,,,2026-08-22
,Boy Westerhof,,,,,,2026-08-22
,H Nielson,,,,,,2026-08-22
,Harald Mair,,,,,,2026-08-22
,Heimo Tschernatsch,,,,,,2026-08-22
,Igor Kornienko,,,,,,2026-08-22
,J Fairchild,,,,,,2026-08-22
,Joaquin Loyo Mayo,,,,,,2026-08-22
,John Byrne,,,,,,2026-08-22
,Myron Grunberg,,,,,,2026-08-22
,Nigel Sears,,,,,,2026-08-22
,Paul Barth,,,,,,2026-08-22
,Ross Case,,,,,,2026-08-22
,Sergio Palmieri,,,,,,2026-08-22
,Sergio Speciale,,,,,,2026-08-22
,V Popanen,,,,,,2026-08-22
,Valerio Baiardo,,,,,,2026-08-22
2026-08-10,Alex De Minaur,8.0,3560,-,10.0,50.0,2026-08-22
2026-08-10,Alex De Minaur,8.0,3560,-,10.0,50.0,2026-08-22
2026-08-10,Alex De Minaur,8.0,3560,-,10.0,50.0,2026-08-22
2026-08-10,Alex De Minaur,8.0,3560,-,10.0,50.0,2026-08-22
2026-08-03,Alex De Minaur,7.0,3560,-100,,,2026-08-22
2026-08-03,Alex De Minaur,7.0,3560,-100,,,2026-08-22
2026-08-03,Alex De Minaur,7.0,3560,-100,,,2026-08-22
2026-08-03,Alex De Minaur,7.0,3560,-100,,,2026-08-22
2026-07-27,Alex De Minaur,6.0,3660,-450,200.0,10.0,2026-08-22
2026-07-27,Alex De Minaur,6.0,3660,-450,200.0,10.0,2026-08-22
2026-07-27,Alex De Minaur,6.0,3660,-450,200.0,10.0,2026-08-22
2026-07-27,Alex De Minaur,6.0,3660,-450,200.0,10.0,2026-08-22
2026-07-20,Alex De Minaur,5.0,4110,-,500.0,50.0,2026-08-22
2026-07-20,Alex De Minaur,5.0,4110,-,500.0,50.0,2026-08-22
2026-07-20,Alex De Minaur,5.0,4110,-,500.0,50.0,2026-08-22
2026-07-13,Alex De Minaur,5.0,4110,-,,,2026-08-22
2026-07-13,Alex De Minaur,5.0,4110,-,,,2026-08-22
2026-07-13,Alex De Minaur,5.0,4110,-,,,2026-08-22
2026-06-29,Alex De Minaur,6.0,4110,-,200.0,50.0,2026-08-22
2026-06-29,Alex De Minaur,6.0,4110,-,200.0,50.0,2026-08-22
2026-06-29,Alex De Minaur,6.0,4110,-,200.0,50.0,2026-08-22
2026-06-22,Alex De Minaur,6.0,4110,+50,,,2026-08-22
2026-06-22,Alex De Minaur,6.0,4110,+50,,,2026-08-22
2026-06-15,Alex De Minaur,6.0,4060,+155,,,2026-08-22
2026-06-15,Alex De Minaur,6.0,4060,+155,,,2026-08-22
2026-06-08,Alex De Minaur,6.0,3905,+50,,,2026-08-22
2026-06-08,Alex De Minaur,6.0,3905,+50,,,2026-08-22
2026-05-25,Alex De Minaur,7.0,3855,+190,50.0,10.0,2026-08-22
2026-05-25,Alex De Minaur,7.0,3855,+190,50.0,10.0,2026-08-22
2026-05-18,Alex De Minaur,9.0,3665,-90,,,2026-08-22
2026-05-18,Alex De Minaur,9.0,3665,-90,,,2026-08-22
2026-05-04,Alex De Minaur,8.0,3755,-90,100.0,10.0,2026-08-22
2026-05-04,Alex De Minaur,8.0,3755,-90,100.0,10.0,2026-08-22
2026-04-20,Alex De Minaur,8.0,3845,-50,100.0,10.0,2026-08-22
2026-04-20,Alex De Minaur,8.0,3845,-50,100.0,10.0,2026-08-22
2026-04-13,Alex De Minaur,7.0,3895,-200,100.0,10.0,2026-08-22
2026-04-13,Alex De Minaur,7.0,3895,-200,100.0,10.0,2026-08-22
2026-04-06,Alex De Minaur,6.0,4095,-,400.0,10.0,2026-08-22
2026-04-06,Alex De Minaur,6.0,4095,-,400.0,10.0,2026-08-22
2026-03-30,Alex De Minaur,6.0,4095,-90,,,2026-08-22
2026-03-30,Alex De Minaur,6.0,4095,-90,,,2026-08-22
2026-03-16,Alex De Minaur,6.0,4185,-50,100.0,10.0,2026-08-22
2026-03-16,Alex De Minaur,6.0,4185,-50,100.0,10.0,2026-08-22
2026-03-02,Alex De Minaur,6.0,4235,-,100.0,10.0,2026-08-22
2026-02-23,Alex De Minaur,6.0,4235,-15,,,2026-08-22
2026-02-16,Alex De Minaur,6.0,4250,+415,100.0,85.0,2026-08-22
2026-02-09,Alex De Minaur,8.0,3835,-245,,,2026-08-22
2026-02-02,Alex De Minaur,6.0,4080,-,330.0,85.0,2026-08-22
2026-01-19,Alex De Minaur,6.0,4080,-,400.0,85.0,2026-08-22
2026-01-12,Alex De Minaur,6.0,4080,-,,,2026-08-22
2026-01-05,Alex De Minaur,6.0,4080,-,,,2026-08-22
2025-12-29,Alex De Minaur,7.0,4080,-55,,,2026-08-22
2025-12-22,Alex De Minaur,7.0,4135,-,,,2026-08-22
2025-12-15,Alex De Minaur,7.0,4135,-,,,2026-08-22
2025-12-08,Alex De Minaur,7.0,4135,-,,,2026-08-22
2025-12-01,Alex De Minaur,7.0,4135,-,,,2026-08-22
2025-11-24,Alex De Minaur,7.0,4135,-,,,2026-08-22
2025-11-17,Alex De Minaur,7.0,4135,+200,,,2026-08-22
2025-11-10,Alex De Minaur,7.0,3935,-,,,2026-08-22
2025-11-03,Alex De Minaur,7.0,3935,-,,10.0,2026-08-22
2025-10-27,Alex De Minaur,6.0,3935,-,200.0,10.0,2026-08-22
2025-10-20,Alex De Minaur,7.0,3935,-,200.0,10.0,2026-08-22
2025-10-13,Alex De Minaur,7.0,3935,+200,,,2026-08-22
,Arnau Brugues Davi,,,,,,2026-08-22
,Bobby Reynolds,,,,,,2026-08-22
,David Ferrer,,,,,,2026-08-22
,Igor Gaudi,,,,,,2026-08-22
,Ivaylo Traykov,,,,,,2026-08-22
,Kent Carlsson,,,,,,2026-08-22
,Kent Kinnear,,,,,,2026-08-22
,Mariano Puerta,,,,,,2026-08-22
,Mark Knowles,,,,,,2026-08-22
,Matthias Bachinger,,,,,,2026-08-22
,Neil Broad,,,,,,2026-08-22
,Paolo Lorenzi,,,,,,2026-08-22
,Arthur Carrington,,,,,,2026-08-22
,Ernie Mccabe,,,,,,2026-08-22
,F Briscoe,,,,,,2026-08-22
,Glen Holroyd,,,,,,2026-08-22
,Jan Botha,,,,,,2026-08-22
,Jeff Edwards,,,,,,2026-08-22
,Johan Alven,,,,,,2026-08-22
,Junvelet,,,,,,2026-08-22
,Leonardo Scrocchia,,,,,,2026-08-22
,Massimo Grassotti,,,,,,2026-08-22
,Phil Davies,,,,,,2026-08-22
,Shinichi Sakamoto,,,,,,2026-08-22
,Shoichi Horiuchi,,,,,,2026-08-22
,Simon Partridge,,,,,,2026-08-22
,Tomas Catar,,,,,,2026-08-22
,Tomas Gonzalez,,,,,,2026-08-22
,Unknown Seymour,,,,,,2026-08-22
,Will Coghlan,,,,,,2026-08-22
,Andrew Burrow,,,,,,2026-08-22
,Bob Howe,,,,,,2026-08-22
,Branislav Stankovic,,,,,,2026-08-22
,Franco Ferreiro,,,,,,2026-08-22
,Guillermo Garcia Lopez,,,,,,2026-08-22
,Hans Dieter Beutel,,,,,,2026-08-22
,Henri De Wet,,,,,,2026-08-22
,Joey Blake,,,,,,2026-08-22
,Mark Merklein,,,,,,2026-08-22
,Michael Venus,,,,,,2026-08-22
2026-08-10,Rodrigo Pacheco Mendez,292.0,190,+2,8.0,,2026-08-22
2026-08-03,Rodrigo Pacheco Mendez,293.0,188,+25,,,2026-08-22
2026-07-27,Rodrigo Pacheco Mendez,320.0,163,-,,,2026-08-22
2025-10-20,Rodrigo Pacheco Mendez,200.0,277,+5,,,2026-08-22
,Steven Baldas,,,,,,2026-08-22
,Thomas Enqvist,,,,,,2026-08-22
,Wojtek Kowalski,,,,,,2026-08-22
,Bye1,,,,,,2026-08-22
,Cahit Atas,,,,,,2026-08-22
,Domenico Urso,,,,,,2026-08-22
,Germain Gigounon,,,,,,2026-08-22
,Glenn Busby,,,,,,2026-08-22
,Gustavo Rueda,,,,,,2026-08-22
,Ian Perkin,,,,,,2026-08-22
,Jack Waltz,,,,,,2026-08-22
,John Marinov,,,,,,2026-08-22
,Keith Begley,,,,,,2026-08-22
,Klaus Doring,,,,,,2026-08-22
,Les Buck,,,,,,2026-08-22
,Lester Sack,,,,,,2026-08-22
,Masaru Suishu,,,,,,2026-08-22
,Pedro Braga,,,,,,2026-08-22
,Phillip Simmonds,,,,,,2026-08-22
,R Sutton,,,,,,2026-08-22
,Rod Brent,,,,,,2026-08-22
,Tasos Bavelas,,,,,,2026-08-22
,Aljaz Bedene,,,,,,2026-08-22
,Bent Ove Pedersen,,,,,,2026-08-22
2026-08-10,Bernard Tomic,164.0,352,-,44.0,7.0,2026-08-22
2026-08-10,Bernard Tomic,164.0,352,-,44.0,7.0,2026-08-22
2026-08-10,Bernard Tomic,164.0,352,-,44.0,7.0,2026-08-22
2026-08-10,Bernard Tomic,164.0,352,-,44.0,7.0,2026-08-22
2026-08-03,Bernard Tomic,160.0,352,+13,,,2026-08-22
2026-08-03,Bernard Tomic,160.0,352,+13,,,2026-08-22
2026-08-03,Bernard Tomic,160.0,352,+13,,,2026-08-22
2026-08-03,Bernard Tomic,160.0,352,+13,,,2026-08-22
2026-07-27,Bernard Tomic,171.0,339,-,44.0,7.0,2026-08-22
2026-07-27,Bernard Tomic,171.0,339,-,44.0,7.0,2026-08-22
2026-07-27,Bernard Tomic,171.0,339,-,44.0,7.0,2026-08-22
2026-07-27,Bernard Tomic,171.0,339,-,44.0,7.0,2026-08-22
2026-07-20,Bernard Tomic,170.0,339,+68,,,2026-08-22
2026-07-20,Bernard Tomic,170.0,339,+68,,,2026-08-22
2026-07-20,Bernard Tomic,170.0,339,+68,,,2026-08-22
2026-06-22,Bernard Tomic,189.0,309,-,38.0,7.0,2026-08-22
2026-06-22,Bernard Tomic,189.0,309,-,38.0,7.0,2026-08-22
2026-06-15,Bernard Tomic,192.0,309,-,,,2026-08-22
2026-06-15,Bernard Tomic,192.0,309,-,,,2026-08-22
2026-06-08,Bernard Tomic,188.0,309,+5,,,2026-08-22
2026-06-08,Bernard Tomic,188.0,309,+5,,,2026-08-22
2026-05-25,Bernard Tomic,194.0,304,-,8.0,6.0,2026-08-22
2026-05-25,Bernard Tomic,194.0,304,-,8.0,6.0,2026-08-22
2026-05-18,Bernard Tomic,195.0,304,-1,,,2026-08-22
2026-05-18,Bernard Tomic,195.0,304,-1,,,2026-08-22
2026-05-04,Bernard Tomic,194.0,305,-,8.0,7.0,2026-08-22
2026-05-04,Bernard Tomic,194.0,305,-,8.0,7.0,2026-08-22
2026-04-20,Bernard Tomic,192.0,305,-,,,2026-08-22
2026-04-20,Bernard Tomic,192.0,305,-,,,2026-08-22
2026-04-13,Bernard Tomic,191.0,305,-9,,,2026-08-22
2026-04-13,Bernard Tomic,191.0,305,-9,,,2026-08-22
2026-04-06,Bernard Tomic,189.0,314,-,16.0,7.0,2026-08-22
2026-04-06,Bernard Tomic,189.0,314,-,16.0,7.0,2026-08-22
2026-03-30,Bernard Tomic,190.0,314,-9,,,2026-08-22
2026-03-30,Bernard Tomic,190.0,314,-9,,,2026-08-22
2026-03-16,Bernard Tomic,187.0,323,-,16.0,7.0,2026-08-22
2026-03-16,Bernard Tomic,187.0,323,-,16.0,7.0,2026-08-22
2026-03-02,Bernard Tomic,189.0,323,-,,,2026-08-22
2026-02-23,Bernard Tomic,191.0,323,+4,,,2026-08-22
2026-02-16,Bernard Tomic,187.0,319,+6,,,2026-08-22
2026-02-09,Bernard Tomic,192.0,313,-,,,2026-08-22
2026-02-02,Bernard Tomic,194.0,313,-4,,,2026-08-22
2026-01-19,Bernard Tomic,185.0,317,-,12.0,7.0,2026-08-22
2026-01-12,Bernard Tomic,184.0,317,+5,,,2026-08-22
2026-01-05,Bernard Tomic,187.0,312,-,,,2026-08-22
2025-12-29,Bernard Tomic,192.0,312,-7,,,2026-08-22
2025-12-22,Bernard Tomic,184.0,319,-,,,2026-08-22
2025-12-15,Bernard Tomic,184.0,319,-,,,2026-08-22
2025-12-08,Bernard Tomic,184.0,319,-,,,2026-08-22
2025-12-01,Bernard Tomic,186.0,319,-,,,2026-08-22
2025-11-24,Bernard Tomic,183.0,319,-,,,2026-08-22
2025-11-17,Bernard Tomic,182.0,319,+6,,,2026-08-22
2025-11-10,Bernard Tomic,186.0,313,-,,,2026-08-22
2025-11-03,Bernard Tomic,185.0,313,-,,,2026-08-22
2025-10-27,Bernard Tomic,182.0,313,-,,,2026-08-22
2025-10-20,Bernard Tomic,182.0,313,+1,,,2026-08-22
2025-10-13,Bernard Tomic,181.0,312,-28,12.0,6.0,2026-08-22
2026-08-10,Calvin Hemery,326.0,164,-,,,2026-08-22
2026-08-03,Calvin Hemery,318.0,164,-,,,2026-08-22
2026-07-27,Calvin Hemery,318.0,164,-8,,,2026-08-22
,Carlos Cuadrado,,,,,,2026-08-22
,Carlos Di Laura,,,,,,2026-08-22
,Dacio Campos,,,,,,2026-08-22
,Dan Nahirny,,,,,,2026-08-22
,Ilie Nastase,,,,,,2026-08-22
,Jan Hernych,,,,,,2026-08-22
,Jaroslav Levinsky,,,,,,2026-08-22
,John Barrett,,,,,,2026-08-22
,Karl Meiler,,,,,,2026-08-22
,Keith Evans,,,,,,2026-08-22
,Mark Woodforde,,,,,,2026-08-22
,Martin Lee,,,,,,2026-08-22
,Petros Chrysochos,,,,,,2026-08-22
,Santiago Giraldo,,,,,,2026-08-22
,Sherwood Stewart,,,,,,2026-08-22
,Thomas Johansson,,,,,,2026-08-22
,Alberto Arilla,,,,,,2026-08-22
,Andres Hammersley,,,,,,2026-08-22
,Bill Demas,,,,,,2026-08-22
,Gary Johnson,,,,,,2026-08-22
,George Rudman,,,,,,2026-08-22
,J Haussels,,,,,,2026-08-22
,Richard Bray,,,,,,2026-08-22
,Richard Hawkes,,,,,,2026-08-22
,Ruby Hoskowetz,,,,,,2026-08-22
,Danny Saltz,,,,,,2026-08-22
2026-08-10,Edward Winter,355.0,149,-,4.0,,2026-08-22
2026-08-03,Edward Winter,348.0,149,+25,,,2026-08-22
2026-07-27,Edward Winter,391.0,124,+2,7.0,,2026-08-22
,Fernon Wibier,,,,,,2026-08-22
,Filip Dewulf,,,,,,2026-08-22
2026-08-10,Frances Tiafoe,23.0,2130,+25,100.0,25.0,2026-08-22
2026-08-10,Frances Tiafoe,23.0,2130,+25,100.0,25.0,2026-08-22
2026-08-10,Frances Tiafoe,23.0,2130,+25,100.0,25.0,2026-08-22
2026-08-10,Frances Tiafoe,23.0,2130,+25,100.0,25.0,2026-08-22
2026-08-03,Frances Tiafoe,20.0,2105,-75,,,2026-08-22
2026-08-03,Frances Tiafoe,20.0,2105,-75,,,2026-08-22
2026-08-03,Frances Tiafoe,20.0,2105,-75,,,2026-08-22
2026-08-03,Frances Tiafoe,20.0,2105,-75,,,2026-08-22
2026-07-27,Frances Tiafoe,19.0,2180,-50,100.0,25.0,2026-08-22
2026-07-27,Frances Tiafoe,19.0,2180,-50,100.0,25.0,2026-08-22
2026-07-27,Frances Tiafoe,19.0,2180,-50,100.0,25.0,2026-08-22
2026-07-27,Frances Tiafoe,19.0,2180,-50,100.0,25.0,2026-08-22
2026-07-20,Frances Tiafoe,17.0,2230,-,100.0,50.0,2026-08-22
2026-07-20,Frances Tiafoe,17.0,2230,-,100.0,50.0,2026-08-22
2026-07-20,Frances Tiafoe,17.0,2230,-,100.0,50.0,2026-08-22
2026-07-13,Frances Tiafoe,17.0,2230,+50,,,2026-08-22
2026-07-13,Frances Tiafoe,17.0,2230,+50,,,2026-08-22
2026-07-13,Frances Tiafoe,17.0,2230,+50,,,2026-08-22
2026-06-29,Frances Tiafoe,19.0,2180,-,50.0,50.0,2026-08-22
2026-06-29,Frances Tiafoe,19.0,2180,-,50.0,50.0,2026-08-22
2026-06-29,Frances Tiafoe,19.0,2180,-,50.0,50.0,2026-08-22
2026-06-22,Frances Tiafoe,19.0,2180,+450,,,2026-08-22
2026-06-22,Frances Tiafoe,19.0,2180,+450,,,2026-08-22
2026-06-15,Frances Tiafoe,26.0,1730,+25,,,2026-08-22
2026-06-15,Frances Tiafoe,26.0,1730,+25,,,2026-08-22
2026-06-08,Frances Tiafoe,26.0,1705,-200,,,2026-08-22
2026-06-08,Frances Tiafoe,26.0,1705,-200,,,2026-08-22
2026-05-25,Frances Tiafoe,22.0,1905,-,400.0,10.0,2026-08-22
2026-05-25,Frances Tiafoe,22.0,1905,-,400.0,10.0,2026-08-22
2026-05-18,Frances Tiafoe,21.0,1905,+40,50.0,10.0,2026-08-22
2026-05-18,Frances Tiafoe,21.0,1905,+40,50.0,10.0,2026-08-22
2026-05-04,Frances Tiafoe,22.0,1865,-100,,,2026-08-22
2026-05-04,Frances Tiafoe,22.0,1865,-100,,,2026-08-22
2026-04-20,Frances Tiafoe,19.0,1965,-,100.0,10.0,2026-08-22
2026-04-20,Frances Tiafoe,19.0,1965,-,100.0,10.0,2026-08-22
2026-04-13,Frances Tiafoe,20.0,1965,-40,,,2026-08-22
2026-04-13,Frances Tiafoe,20.0,1965,-40,,,2026-08-22
2026-04-06,Frances Tiafoe,20.0,2005,-65,50.0,10.0,2026-08-22
2026-04-06,Frances Tiafoe,20.0,2005,-65,50.0,10.0,2026-08-22
2026-03-30,Frances Tiafoe,18.0,2070,+150,165.0,10.0,2026-08-22
2026-03-30,Frances Tiafoe,18.0,2070,+150,165.0,10.0,2026-08-22
2026-03-16,Frances Tiafoe,20.0,1920,+50,50.0,10.0,2026-08-22
2026-03-16,Frances Tiafoe,20.0,1920,+50,50.0,10.0,2026-08-22
2026-03-02,Frances Tiafoe,22.0,1870,+280,50.0,10.0,2026-08-22
2026-02-23,Frances Tiafoe,28.0,1590,+40,50.0,10.0,2026-08-22
2026-02-16,Frances Tiafoe,28.0,1550,+40,,,2026-08-22
2026-02-09,Frances Tiafoe,30.0,1510,-40,,,2026-08-22
2026-02-02,Frances Tiafoe,30.0,1550,+50,50.0,10.0,2026-08-22
2026-01-19,Frances Tiafoe,34.0,1500,-,50.0,10.0,2026-08-22
2026-01-12,Frances Tiafoe,31.0,1500,+15,,,2026-08-22
2026-01-05,Frances Tiafoe,30.0,1485,-15,,,2026-08-22
2025-12-29,Frances Tiafoe,30.0,1500,-10,25.0,10.0,2026-08-22
2025-12-22,Frances Tiafoe,30.0,1510,-,,,2026-08-22
2025-12-15,Frances Tiafoe,30.0,1510,-,,,2026-08-22
2025-12-08,Frances Tiafoe,30.0,1510,-,,,2026-08-22
2025-12-01,Frances Tiafoe,30.0,1510,-,,,2026-08-22
2025-11-24,Frances Tiafoe,30.0,1510,-,,,2026-08-22
2025-11-17,Frances Tiafoe,30.0,1510,-,,,2026-08-22
2025-11-10,Frances Tiafoe,30.0,1510,-,,,2026-08-22
2025-11-03,Frances Tiafoe,29.0,1510,-10,,,2026-08-22
2025-10-27,Frances Tiafoe,30.0,1520,-40,10.0,,2026-08-22
2025-10-20,Frances Tiafoe,29.0,1560,-40,50.0,10.0,2026-08-22
2025-10-13,Frances Tiafoe,29.0,1600,-40,50.0,10.0,2026-08-22
,Jerome Potier,,,,,,2026-08-22
,Jose Antonio Fernandez,,,,,,2026-08-22
,Karim Alami,,,,,,2026-08-22
,Marcin Matkowski,,,,,,2026-08-22
,Mario Visconti,,,,,,2026-08-22
,Peter Carlsson,,,,,,2026-08-22
2026-08-10,Pierre Hugues Herbert,287.0,194,-,,,2026-08-22
2026-08-03,Pierre Hugues Herbert,284.0,194,-30,,,2026-08-22
2026-07-27,Pierre Hugues Herbert,245.0,224,-,30.0,,2026-08-22
2026-03-30,Pierre Hugues Herbert,194.0,304,-16,38.0,,2026-08-22
2026-03-30,Pierre Hugues Herbert,194.0,304,-16,38.0,,2026-08-22
2026-03-16,Pierre Hugues Herbert,188.0,320,-68,16.0,,2026-08-22
2026-03-16,Pierre Hugues Herbert,188.0,320,-68,16.0,,2026-08-22
2026-03-02,Pierre Hugues Herbert,157.0,388,+50,75.0,,2026-08-22
2026-02-23,Pierre Hugues Herbert,182.0,338,+25,,,2026-08-22
2026-02-16,Pierre Hugues Herbert,190.0,313,-38,,,2026-08-22
2026-02-09,Pierre Hugues Herbert,171.0,351,-,38.0,,2026-08-22
2026-02-02,Pierre Hugues Herbert,169.0,351,-48,,,2026-08-22
2026-01-19,Pierre Hugues Herbert,157.0,399,-,64.0,,2026-08-22
2026-01-12,Pierre Hugues Herbert,157.0,399,-,,,2026-08-22
2026-01-05,Pierre Hugues Herbert,154.0,399,-,,,2026-08-22
2025-12-29,Pierre Hugues Herbert,155.0,399,-,,,2026-08-22
2025-12-22,Pierre Hugues Herbert,155.0,399,-,,,2026-08-22
2025-12-15,Pierre Hugues Herbert,155.0,399,-,,,2026-08-22
2025-12-08,Pierre Hugues Herbert,155.0,399,-,,,2026-08-22
2025-12-01,Pierre Hugues Herbert,155.0,399,-,,,2026-08-22
2025-11-24,Pierre Hugues Herbert,156.0,399,-,,,2026-08-22
2025-11-17,Pierre Hugues Herbert,154.0,399,-,,,2026-08-22
2025-11-10,Pierre Hugues Herbert,156.0,399,-32,,,2026-08-22
2025-11-03,Pierre Hugues Herbert,144.0,431,-8,32.0,,2026-08-22
2025-10-27,Pierre Hugues Herbert,142.0,439,-7,8.0,,2026-08-22
2025-10-20,Pierre Hugues Herbert,142.0,446,+7,7.0,,2026-08-22
2025-10-13,Pierre Hugues Herbert,148.0,439,-8,,,2026-08-22
,Richard Meyer,,,,,,2026-08-22
,Simon Stadler,,,,,,2026-08-22
2026-08-10,Soonwoo Kwon,152.0,381,+10,15.0,,2026-08-22
2026-08-10,Soonwoo Kwon,152.0,381,+10,15.0,,2026-08-22
2026-08-10,Soonwoo Kwon,152.0,381,+10,15.0,,2026-08-22
2026-08-10,Soonwoo Kwon,152.0,381,+10,15.0,,2026-08-22
2026-08-03,Soonwoo Kwon,153.0,371,+11,,,2026-08-22
2026-08-03,Soonwoo Kwon,153.0,371,+11,,,2026-08-22
2026-08-03,Soonwoo Kwon,153.0,371,+11,,,2026-08-22
2026-08-03,Soonwoo Kwon,153.0,371,+11,,,2026-08-22
2026-07-27,Soonwoo Kwon,158.0,360,-,2.0,,2026-08-22
2026-07-27,Soonwoo Kwon,158.0,360,-,2.0,,2026-08-22
2026-07-27,Soonwoo Kwon,158.0,360,-,2.0,,2026-08-22
2026-07-27,Soonwoo Kwon,158.0,360,-,2.0,,2026-08-22
2026-07-20,Soonwoo Kwon,157.0,360,-,,,2026-08-22
2026-07-20,Soonwoo Kwon,157.0,360,-,,,2026-08-22
2026-07-20,Soonwoo Kwon,157.0,360,-,,,2026-08-22
2026-07-13,Soonwoo Kwon,155.0,360,+80,,,2026-08-22
2026-07-13,Soonwoo Kwon,155.0,360,+80,,,2026-08-22
2026-07-13,Soonwoo Kwon,155.0,360,+80,,,2026-08-22
2026-06-29,Soonwoo Kwon,200.0,280,-,,,2026-08-22
2026-06-29,Soonwoo Kwon,200.0,280,-,,,2026-08-22
2026-06-29,Soonwoo Kwon,200.0,280,-,,,2026-08-22
2026-06-08,Soonwoo Kwon,194.0,302,-15,25.0,,2026-08-22
2026-06-08,Soonwoo Kwon,194.0,302,-15,25.0,,2026-08-22
2026-05-25,Soonwoo Kwon,188.0,317,-,15.0,,2026-08-22
2026-05-25,Soonwoo Kwon,188.0,317,-,15.0,,2026-08-22
2026-05-18,Soonwoo Kwon,189.0,317,+100,,,2026-08-22
2026-05-18,Soonwoo Kwon,189.0,317,+100,,,2026-08-22
,Tobias Klein,,,,,,2026-08-22
,Todd Perry,,,,,,2026-08-22
,Tom Edlefsen,,,,,,2026-08-22
,A Difrancesco,,,,,,2026-08-22
,Anthony Niland,,,,,,2026-08-22
,Bob Abbott,,,,,,2026-08-22
,Brad Cornell,,,,,,2026-08-22
,Carlos Espinosa,,,,,,2026-08-22
,Danny Beukes,,,,,,2026-08-22
,Dave Kanter,,,,,,2026-08-22
,E Vasquez,,,,,,2026-08-22
,F Strizik,,,,,,2026-08-22
,Herraiz,,,,,,2026-08-22
,Juan Diaz,,,,,,2026-08-22
,Peter Hampton,,,,,,2026-08-22
,Sergei Petrouchevsky,,,,,,2026-08-22
,Steve Wilkinson,,,,,,2026-08-22
,Tim Anderson,,,,,,2026-08-22
,Timur Ganiev,,,,,,2026-08-22
,Toshiyuki Nakasawa,,,,,,2026-08-22
,Albert Portas,,,,,,2026-08-22
2026-08-10,Dennis Novak,938.0,24,-,,,2026-08-22
2026-08-03,Dennis Novak,925.0,24,-,,,2026-08-22
2026-07-27,Dennis Novak,929.0,24,-8,,,2026-08-22
2026-08-10,Hugo Gaston,97.0,672,-,10.0,7.0,2026-08-22
2026-08-10,Hugo Gaston,97.0,672,-,10.0,7.0,2026-08-22
2026-08-10,Hugo Gaston,97.0,672,-,10.0,7.0,2026-08-22
2026-08-10,Hugo Gaston,97.0,672,-,10.0,7.0,2026-08-22
2026-08-03,Hugo Gaston,96.0,672,-22,,,2026-08-22
2026-08-03,Hugo Gaston,96.0,672,-22,,,2026-08-22
2026-08-03,Hugo Gaston,96.0,672,-22,,,2026-08-22
2026-08-03,Hugo Gaston,96.0,672,-22,,,2026-08-22
2026-07-27,Hugo Gaston,90.0,694,+92,30.0,8.0,2026-08-22
2026-07-27,Hugo Gaston,90.0,694,+92,30.0,8.0,2026-08-22
2026-07-27,Hugo Gaston,90.0,694,+92,30.0,8.0,2026-08-22
2026-07-27,Hugo Gaston,90.0,694,+92,30.0,8.0,2026-08-22
2026-07-20,Hugo Gaston,109.0,602,-17,,,2026-08-22
2026-07-20,Hugo Gaston,109.0,602,-17,,,2026-08-22
2026-07-20,Hugo Gaston,109.0,602,-17,,,2026-08-22
2026-07-13,Hugo Gaston,107.0,619,+86,25.0,8.0,2026-08-22
2026-07-13,Hugo Gaston,107.0,619,+86,25.0,8.0,2026-08-22
2026-07-13,Hugo Gaston,107.0,619,+86,25.0,8.0,2026-08-22
2026-06-29,Hugo Gaston,118.0,533,-,10.0,7.0,2026-08-22
2026-06-29,Hugo Gaston,118.0,533,-,10.0,7.0,2026-08-22
2026-06-29,Hugo Gaston,118.0,533,-,10.0,7.0,2026-08-22
2026-06-22,Hugo Gaston,117.0,533,-,,,2026-08-22
2026-06-22,Hugo Gaston,117.0,533,-,,,2026-08-22
2026-06-15,Hugo Gaston,117.0,533,-,,,2026-08-22
2026-06-15,Hugo Gaston,117.0,533,-,,,2026-08-22
2026-06-08,Hugo Gaston,119.0,533,-,,,2026-08-22
2026-06-08,Hugo Gaston,119.0,533,-,,,2026-08-22
2026-05-25,Hugo Gaston,118.0,533,+6,50.0,7.0,2026-08-22
2026-05-25,Hugo Gaston,118.0,533,+6,50.0,7.0,2026-08-22
2026-05-18,Hugo Gaston,120.0,527,-8,,,2026-08-22
2026-05-18,Hugo Gaston,120.0,527,-8,,,2026-08-22
2026-05-04,Hugo Gaston,118.0,535,-20,23.0,15.0,2026-08-22
2026-05-04,Hugo Gaston,118.0,535,-20,23.0,15.0,2026-08-22
2026-04-20,Hugo Gaston,115.0,555,-,30.0,10.0,2026-08-22
2026-04-20,Hugo Gaston,115.0,555,-,30.0,10.0,2026-08-22
2026-04-13,Hugo Gaston,116.0,555,+6,,,2026-08-22
2026-04-13,Hugo Gaston,116.0,555,+6,,,2026-08-22
2026-04-06,Hugo Gaston,117.0,549,-15,,,2026-08-22
2026-04-06,Hugo Gaston,117.0,549,-15,,,2026-08-22
2026-03-30,Hugo Gaston,116.0,564,-30,25.0,10.0,2026-08-22
2026-03-30,Hugo Gaston,116.0,564,-30,25.0,10.0,2026-08-22
2026-03-16,Hugo Gaston,107.0,594,-37,40.0,10.0,2026-08-22
2026-03-16,Hugo Gaston,107.0,594,-37,40.0,10.0,2026-08-22
2026-03-02,Hugo Gaston,96.0,631,+12,75.0,23.0,2026-08-22
2026-02-23,Hugo Gaston,95.0,619,-,,,2026-08-22
2026-02-16,Hugo Gaston,96.0,619,+3,,,2026-08-22
2026-02-09,Hugo Gaston,99.0,616,-,,,2026-08-22
2026-02-02,Hugo Gaston,99.0,616,-40,,,2026-08-22
2026-01-19,Hugo Gaston,93.0,656,+3,50.0,10.0,2026-08-22
2026-01-12,Hugo Gaston,94.0,653,-,,,2026-08-22
2026-01-05,Hugo Gaston,94.0,653,-,,,2026-08-22
2025-12-29,Hugo Gaston,96.0,653,-,,,2026-08-22
2025-12-22,Hugo Gaston,97.0,653,-,,,2026-08-22
2025-12-15,Hugo Gaston,97.0,653,-,,,2026-08-22
2025-12-08,Hugo Gaston,97.0,653,-,,,2026-08-22
2025-12-01,Hugo Gaston,97.0,653,-,,,2026-08-22
2025-11-24,Hugo Gaston,98.0,653,-,,,2026-08-22
2025-11-17,Hugo Gaston,98.0,653,-,,,2026-08-22
2025-11-10,Hugo Gaston,96.0,653,-,,,2026-08-22
2025-11-03,Hugo Gaston,98.0,653,-,25.0,,2026-08-22
2025-10-27,Hugo Gaston,101.0,653,+100,,,2026-08-22
2025-10-20,Hugo Gaston,113.0,553,-100,,,2026-08-22
2025-10-13,Hugo Gaston,97.0,653,+40,100.0,,2026-08-22
2026-08-10,Juan Carlos Prado Angelo,154.0,375,-,26.0,3.0,2026-08-22
2026-08-10,Juan Carlos Prado Angelo,154.0,375,-,26.0,3.0,2026-08-22
2026-08-10,Juan Carlos Prado Angelo,154.0,375,-,26.0,3.0,2026-08-22
2026-08-10,Juan Carlos Prado Angelo,154.0,375,-,26.0,3.0,2026-08-22
2026-08-03,Juan Carlos Prado Angelo,151.0,375,+13,,,2026-08-22
2026-08-03,Juan Carlos Prado Angelo,151.0,375,+13,,,2026-08-22
2026-08-03,Juan Carlos Prado Angelo,151.0,375,+13,,,2026-08-22
2026-08-03,Juan Carlos Prado Angelo,151.0,375,+13,,,2026-08-22
2026-07-27,Juan Carlos Prado Angelo,157.0,362,-,,,2026-08-22
2026-07-27,Juan Carlos Prado Angelo,157.0,362,-,,,2026-08-22
2026-07-27,Juan Carlos Prado Angelo,157.0,362,-,,,2026-08-22
2026-07-27,Juan Carlos Prado Angelo,157.0,362,-,,,2026-08-22
2026-07-20,Juan Carlos Prado Angelo,156.0,362,+35,,,2026-08-22
2026-07-20,Juan Carlos Prado Angelo,156.0,362,+35,,,2026-08-22
2026-07-20,Juan Carlos Prado Angelo,156.0,362,+35,,,2026-08-22
2026-07-13,Juan Carlos Prado Angelo,173.0,327,-,3.0,1.0,2026-08-22
2026-07-13,Juan Carlos Prado Angelo,173.0,327,-,3.0,1.0,2026-08-22
2026-07-13,Juan Carlos Prado Angelo,173.0,327,-,3.0,1.0,2026-08-22
2026-06-29,Juan Carlos Prado Angelo,181.0,327,-47,,,2026-08-22
2026-06-29,Juan Carlos Prado Angelo,181.0,327,-47,,,2026-08-22
2026-06-29,Juan Carlos Prado Angelo,181.0,327,-47,,,2026-08-22
2026-06-22,Juan Carlos Prado Angelo,156.0,374,-1,50.0,3.0,2026-08-22
2026-06-22,Juan Carlos Prado Angelo,156.0,374,-1,50.0,3.0,2026-08-22
2026-06-15,Juan Carlos Prado Angelo,157.0,375,-,4.0,3.0,2026-08-22
2026-06-15,Juan Carlos Prado Angelo,157.0,375,-,4.0,3.0,2026-08-22
2026-06-08,Juan Carlos Prado Angelo,161.0,375,+37,,,2026-08-22
2026-06-08,Juan Carlos Prado Angelo,161.0,375,+37,,,2026-08-22
2026-05-25,Juan Carlos Prado Angelo,176.0,338,-,,,2026-08-22
2026-05-25,Juan Carlos Prado Angelo,176.0,338,-,,,2026-08-22
2026-05-18,Juan Carlos Prado Angelo,178.0,338,+2,,,2026-08-22
2026-05-18,Juan Carlos Prado Angelo,178.0,338,+2,,,2026-08-22
2026-05-04,Juan Carlos Prado Angelo,180.0,336,-1,4.0,3.0,2026-08-22
2026-05-04,Juan Carlos Prado Angelo,180.0,336,-1,4.0,3.0,2026-08-22
2026-04-20,Juan Carlos Prado Angelo,180.0,337,+40,4.0,3.0,2026-08-22
2026-04-20,Juan Carlos Prado Angelo,180.0,337,+40,4.0,3.0,2026-08-22
2026-04-13,Juan Carlos Prado Angelo,197.0,297,-,4.0,3.0,2026-08-22
2026-04-13,Juan Carlos Prado Angelo,197.0,297,-,4.0,3.0,2026-08-22
2026-04-06,Juan Carlos Prado Angelo,196.0,297,-6,,,2026-08-22
2026-04-06,Juan Carlos Prado Angelo,196.0,297,-6,,,2026-08-22
2026-03-30,Juan Carlos Prado Angelo,195.0,303,+15,12.0,4.0,2026-08-22
2026-03-30,Juan Carlos Prado Angelo,195.0,303,+15,12.0,4.0,2026-08-22
,Kenneth Carlsen,,,,,,2026-08-22
,Massimo Calvelli,,,,,,2026-08-22
,Nicolas Kiefer,,,,,,2026-08-22
,Otavio Della,,,,,,2026-08-22
,Pablo Cuevas,,,,,,2026-08-22
2026-08-10,Yu Hsiou Hsu,245.0,232,-,44.0,,2026-08-22
2026-08-03,Yu Hsiou Hsu,241.0,232,-21,,,2026-08-22
2026-07-27,Yu Hsiou Hsu,222.0,253,-13,22.0,1.0,2026-08-22
,Zeeshan Ali,,,,,,2026-08-22
,Artemi Tchernenko,,,,,,2026-08-22
,Arthur Schroder,,,,,,2026-08-22
,B A Hopkins,,,,,,2026-08-22
,B Chaffey,,,,,,2026-08-22
,Bill Drake,,,,,,2026-08-22
,Cliff Mayne,,,,,,2026-08-22
,Danny Obryant,,,,,,2026-08-22
,Detler Herdy,,,,,,2026-08-22
,Eric Drossart,,,,,,2026-08-22
,Francois Pierson,,,,,,2026-08-22
,Giuseppe Arancio,,,,,,2026-08-22
,Greg Shephard,,,,,,2026-08-22
,Hans Engert,,,,,,2026-08-22
,Helson Barros,,,,,,2026-08-22
,Ivan Mikysa,,,,,,2026-08-22
,Jacky Wullur,,,,,,2026-08-22
,Jan Norback,,,,,,2026-08-22
,Marc Fornell Mestres,,,,,,2026-08-22
,Morees Dubruyn,,,,,,2026-08-22
,Norberto Herrero,,,,,,2026-08-22
,P Colquhoun,,,,,,2026-08-22
,Rayno Seegers,,,,,,2026-08-22
,Robert Rheinberger,,,,,,2026-08-22
,Theodore Sperry,,,,,,2026-08-22
,U Mcdonald,,,,,,2026-08-22
,Vladimir Zednik,,,,,,2026-08-22
,Wayne Reid,,,,,,2026-08-22
,Alejandro Hernandez,,,,,,2026-08-22
2026-08-10,Andres Martin,320.0,170,+16,,,2026-08-22
2026-08-03,Andres Martin,340.0,154,+25,,,2026-08-22
2026-07-27,Andres Martin,381.0,129,-34,,,2026-08-22
,Andrew Richardson,,,,,,2026-08-22
,Brett Steven,,,,,,2026-08-22
,Francesco Cancellotti,,,,,,2026-08-22
,Gene Mayer,,,,,,2026-08-22
,George Amaya,,,,,,2026-08-22
,Jose Higueras,,,,,,2026-08-22
,Julien Boutter,,,,,,2026-08-22
,Murphy Jensen,,,,,,2026-08-22
,Ashley Hewitt,,,,,,2026-08-22
,Birger Andersson,,,,,,2026-08-22
,Bobby Webb,,,,,,2026-08-22
,Carlos Drada,,,,,,2026-08-22
,Federico Dondo,,,,,,2026-08-22
,Georghe Boaghe,,,,,,2026-08-22
,Glen Grissillo,,,,,,2026-08-22
,Guillaume Marx,,,,,,2026-08-22
,K Kelkher,,,,,,2026-08-22
,Ken Barton,,,,,,2026-08-22
,Robert Garmany,,,,,,2026-08-22
,Steven Harley,,,,,,2026-08-22
,Andrew Harris,,,,,,2026-08-22
2026-08-10,Daniel Evans,836.0,32,-,,,2026-08-22
2026-08-03,Daniel Evans,823.0,32,-6,,,2026-08-22
2026-07-27,Daniel Evans,777.0,38,-50,6.0,,2026-08-22
2026-03-30,Daniel Evans,197.0,300,-,12.0,,2026-08-22
2026-03-30,Daniel Evans,197.0,300,-,12.0,,2026-08-22
2026-02-16,Daniel Evans,198.0,306,-8,6.0,,2026-08-22
2026-02-09,Daniel Evans,190.0,314,-,8.0,,2026-08-22
2026-02-02,Daniel Evans,193.0,314,-,,,2026-08-22
2026-01-19,Daniel Evans,188.0,314,-,,,2026-08-22
2026-01-12,Daniel Evans,187.0,314,-,,,2026-08-22
2026-01-05,Daniel Evans,184.0,314,-3,,,2026-08-22
2025-12-29,Daniel Evans,185.0,317,-,3.0,,2026-08-22
2025-12-22,Daniel Evans,186.0,317,-,,,2026-08-22
2025-12-15,Daniel Evans,186.0,317,-,,,2026-08-22
2025-12-08,Daniel Evans,186.0,317,-,,,2026-08-22
2025-12-01,Daniel Evans,188.0,317,-,,,2026-08-22
2025-11-24,Daniel Evans,184.0,317,-,,,2026-08-22
2025-11-17,Daniel Evans,183.0,317,-,,,2026-08-22
2025-11-10,Daniel Evans,183.0,317,-,,,2026-08-22
2025-11-03,Daniel Evans,183.0,317,-,,,2026-08-22
2025-10-27,Daniel Evans,179.0,317,-,,,2026-08-22
2025-10-20,Daniel Evans,180.0,317,-38,,,2026-08-22
2025-10-13,Daniel Evans,162.0,355,-30,38.0,,2026-08-22
,David Graham,,,,,,2026-08-22
2026-08-10,Denis Shapovalov,48.0,1045,-,10.0,10.0,2026-08-22
2026-08-10,Denis Shapovalov,48.0,1045,-,10.0,10.0,2026-08-22
2026-08-10,Denis Shapovalov,48.0,1045,-,10.0,10.0,2026-08-22
2026-08-10,Denis Shapovalov,48.0,1045,-,10.0,10.0,2026-08-22
2026-08-03,Denis Shapovalov,43.0,1045,+155,,,2026-08-22
2026-08-03,Denis Shapovalov,43.0,1045,+155,,,2026-08-22
2026-08-03,Denis Shapovalov,43.0,1045,+155,,,2026-08-22
2026-08-03,Denis Shapovalov,43.0,1045,+155,,,2026-08-22
2026-07-27,Denis Shapovalov,68.0,890,-,10.0,,2026-08-22
2026-07-27,Denis Shapovalov,68.0,890,-,10.0,,2026-08-22
2026-07-27,Denis Shapovalov,68.0,890,-,10.0,,2026-08-22
2026-07-27,Denis Shapovalov,68.0,890,-,10.0,,2026-08-22
2026-07-20,Denis Shapovalov,67.0,890,-240,,,2026-08-22
2026-07-20,Denis Shapovalov,67.0,890,-240,,,2026-08-22
2026-07-20,Denis Shapovalov,67.0,890,-240,,,2026-08-22
2026-07-13,Denis Shapovalov,39.0,1130,-,250.0,10.0,2026-08-22
2026-07-13,Denis Shapovalov,39.0,1130,-,250.0,10.0,2026-08-22
2026-07-13,Denis Shapovalov,39.0,1130,-,250.0,10.0,2026-08-22
2026-06-29,Denis Shapovalov,41.0,1130,-,10.0,10.0,2026-08-22
2026-06-29,Denis Shapovalov,41.0,1130,-,10.0,10.0,2026-08-22
2026-06-29,Denis Shapovalov,41.0,1130,-,10.0,10.0,2026-08-22
2026-06-22,Denis Shapovalov,41.0,1130,-,,,2026-08-22
2026-06-22,Denis Shapovalov,41.0,1130,-,,,2026-08-22
2026-06-15,Denis Shapovalov,41.0,1130,-,50.0,10.0,2026-08-22
2026-06-15,Denis Shapovalov,41.0,1130,-,50.0,10.0,2026-08-22
2026-06-08,Denis Shapovalov,42.0,1130,-40,,,2026-08-22
2026-06-08,Denis Shapovalov,42.0,1130,-40,,,2026-08-22
2026-05-25,Denis Shapovalov,39.0,1170,-,50.0,10.0,2026-08-22
2026-05-25,Denis Shapovalov,39.0,1170,-,50.0,10.0,2026-08-22
2026-05-18,Denis Shapovalov,37.0,1170,-,,,2026-08-22
2026-05-18,Denis Shapovalov,37.0,1170,-,,,2026-08-22
2026-05-04,Denis Shapovalov,37.0,1170,-40,10.0,10.0,2026-08-22
2026-05-04,Denis Shapovalov,37.0,1170,-40,10.0,10.0,2026-08-22
2026-04-20,Denis Shapovalov,35.0,1210,+90,50.0,10.0,2026-08-22
2026-04-20,Denis Shapovalov,35.0,1210,+90,50.0,10.0,2026-08-22
2026-04-13,Denis Shapovalov,39.0,1120,-,,,2026-08-22
2026-04-13,Denis Shapovalov,39.0,1120,-,,,2026-08-22
2026-04-06,Denis Shapovalov,38.0,1120,-,10.0,,2026-08-22
2026-04-06,Denis Shapovalov,38.0,1120,-,10.0,,2026-08-22
2026-03-30,Denis Shapovalov,38.0,1120,-40,,,2026-08-22
2026-03-30,Denis Shapovalov,38.0,1120,-40,,,2026-08-22
2026-03-16,Denis Shapovalov,38.0,1160,-,50.0,,2026-08-22
2026-03-16,Denis Shapovalov,38.0,1160,-,50.0,,2026-08-22
2026-03-02,Denis Shapovalov,39.0,1160,-190,50.0,,2026-08-22
2026-02-23,Denis Shapovalov,36.0,1350,-,200.0,10.0,2026-08-22
2026-02-16,Denis Shapovalov,35.0,1350,+190,,,2026-08-22
2026-02-09,Denis Shapovalov,40.0,1160,-490,,,2026-08-22
2026-02-02,Denis Shapovalov,25.0,1650,-,500.0,10.0,2026-08-22
2026-01-19,Denis Shapovalov,23.0,1650,-,50.0,10.0,2026-08-22
2026-01-12,Denis Shapovalov,23.0,1650,-15,,,2026-08-22
2026-01-05,Denis Shapovalov,23.0,1665,-,25.0,10.0,2026-08-22
2025-12-29,Denis Shapovalov,23.0,1665,-10,,,2026-08-22
2025-12-22,Denis Shapovalov,23.0,1675,-,,,2026-08-22
2025-12-15,Denis Shapovalov,23.0,1675,-,,,2026-08-22
2025-12-08,Denis Shapovalov,23.0,1675,-,,,2026-08-22
2025-12-01,Denis Shapovalov,23.0,1675,-,,,2026-08-22
2025-11-24,Denis Shapovalov,23.0,1675,-,,,2026-08-22
2025-11-17,Denis Shapovalov,23.0,1675,-,,,2026-08-22
2025-11-10,Denis Shapovalov,23.0,1675,-253,,,2026-08-22
2025-11-03,Denis Shapovalov,23.0,1928,-,263.0,10.0,2026-08-22
2025-10-27,Denis Shapovalov,24.0,1928,-,,,2026-08-22
2025-10-20,Denis Shapovalov,23.0,1928,+90,100.0,10.0,2026-08-22
2025-10-13,Denis Shapovalov,23.0,1838,-,,,2026-08-22
,Gaston Etlis,,,,,,2026-08-22
,Gerard Toulon,,,,,,2026-08-22
,Gerardo Mirad,,,,,,2026-08-22
,James Turner,,,,,,2026-08-22
2026-08-10,Jan Lennard Struff,43.0,1069,+3,,,2026-08-22
2026-08-10,Jan Lennard Struff,43.0,1069,+3,,,2026-08-22
2026-08-10,Jan Lennard Struff,43.0,1069,+3,,,2026-08-22
2026-08-10,Jan Lennard Struff,43.0,1069,+3,,,2026-08-22
2026-08-03,Jan Lennard Struff,41.0,1066,-,,,2026-08-22
2026-08-03,Jan Lennard Struff,41.0,1066,-,,,2026-08-22
2026-08-03,Jan Lennard Struff,41.0,1066,-,,,2026-08-22
2026-08-03,Jan Lennard Struff,41.0,1066,-,,,2026-08-22
2026-07-27,Jan Lennard Struff,42.0,1066,-38,,,2026-08-22
2026-07-27,Jan Lennard Struff,42.0,1066,-38,,,2026-08-22
2026-07-27,Jan Lennard Struff,42.0,1066,-38,,,2026-08-22
2026-07-27,Jan Lennard Struff,42.0,1066,-38,,,2026-08-22
2026-07-20,Jan Lennard Struff,41.0,1104,-,63.0,,2026-08-22
2026-07-20,Jan Lennard Struff,41.0,1104,-,63.0,,2026-08-22
2026-07-20,Jan Lennard Struff,41.0,1104,-,63.0,,2026-08-22
2026-07-13,Jan Lennard Struff,41.0,1104,+300,,,2026-08-22
2026-07-13,Jan Lennard Struff,41.0,1104,+300,,,2026-08-22
2026-07-13,Jan Lennard Struff,41.0,1104,+300,,,2026-08-22
2026-06-29,Jan Lennard Struff,74.0,804,+25,100.0,,2026-08-22
2026-06-29,Jan Lennard Struff,74.0,804,+25,100.0,,2026-08-22
2026-06-29,Jan Lennard Struff,74.0,804,+25,100.0,,2026-08-22
2026-06-22,Jan Lennard Struff,77.0,779,-,,,2026-08-22
2026-06-22,Jan Lennard Struff,77.0,779,-,,,2026-08-22
2026-06-15,Jan Lennard Struff,77.0,779,-,,,2026-08-22
2026-06-15,Jan Lennard Struff,77.0,779,-,,,2026-08-22
2026-06-08,Jan Lennard Struff,77.0,779,+40,25.0,,2026-08-22
2026-06-08,Jan Lennard Struff,77.0,779,+40,25.0,,2026-08-22
2026-05-25,Jan Lennard Struff,80.0,739,-,10.0,,2026-08-22
2026-05-25,Jan Lennard Struff,80.0,739,-,10.0,,2026-08-22
2026-05-18,Jan Lennard Struff,79.0,739,+30,,,2026-08-22
2026-05-18,Jan Lennard Struff,79.0,739,+30,,,2026-08-22
2026-05-04,Jan Lennard Struff,83.0,709,-,,,2026-08-22
2026-05-04,Jan Lennard Struff,83.0,709,-,,,2026-08-22
2026-04-20,Jan Lennard Struff,81.0,709,-,30.0,,2026-08-22
2026-04-20,Jan Lennard Struff,81.0,709,-,30.0,,2026-08-22
2026-04-13,Jan Lennard Struff,81.0,709,-10,,,2026-08-22
2026-04-13,Jan Lennard Struff,81.0,709,-10,,,2026-08-22
2026-04-06,Jan Lennard Struff,78.0,719,-,10.0,,2026-08-22
2026-04-06,Jan Lennard Struff,78.0,719,-,10.0,,2026-08-22
2026-03-30,Jan Lennard Struff,75.0,719,-,,,2026-08-22
2026-03-30,Jan Lennard Struff,75.0,719,-,,,2026-08-22
2026-03-16,Jan Lennard Struff,78.0,719,-,10.0,,2026-08-22
2026-03-16,Jan Lennard Struff,78.0,719,-,10.0,,2026-08-22
2026-03-02,Jan Lennard Struff,80.0,719,+13,10.0,,2026-08-22
2026-02-23,Jan Lennard Struff,80.0,706,-,,,2026-08-22
2026-02-16,Jan Lennard Struff,77.0,706,-,,,2026-08-22
2026-02-09,Jan Lennard Struff,82.0,706,-,50.0,,2026-08-22
2026-02-02,Jan Lennard Struff,84.0,706,-,,,2026-08-22
2026-01-19,Jan Lennard Struff,86.0,706,+7,10.0,,2026-08-22
2026-01-12,Jan Lennard Struff,84.0,699,-12,,,2026-08-22
2026-01-05,Jan Lennard Struff,82.0,711,-,25.0,,2026-08-22
2025-12-29,Jan Lennard Struff,83.0,711,-,,,2026-08-22
2025-12-22,Jan Lennard Struff,84.0,711,-,,,2026-08-22
2025-12-15,Jan Lennard Struff,84.0,711,-,,,2026-08-22
2025-12-08,Jan Lennard Struff,84.0,711,-,,,2026-08-22
2025-12-01,Jan Lennard Struff,84.0,711,-,,,2026-08-22
2025-11-24,Jan Lennard Struff,84.0,711,-,,,2026-08-22
2025-11-17,Jan Lennard Struff,84.0,711,+75,,,2026-08-22
2025-11-10,Jan Lennard Struff,100.0,636,-12,,,2026-08-22
2025-11-03,Jan Lennard Struff,101.0,648,-50,25.0,,2026-08-22
2025-10-27,Jan Lennard Struff,90.0,698,-,50.0,,2026-08-22
2025-10-20,Jan Lennard Struff,91.0,698,+50,,,2026-08-22
2025-10-13,Jan Lennard Struff,98.0,648,-,,,2026-08-22
,Ji Sung Nam,,,,,,2026-08-22
,Joao Zwetsch,,,,,,2026-08-22
,John Sobel,,,,,,2026-08-22
,Juan Antonio Rodriguez,,,,,,2026-08-22
,Lucas Catarina,,,,,,2026-08-22
,Marc Gicquel,,,,,,2026-08-22
,Ota Fukarek,,,,,,2026-08-22
,Pier Gauthier,,,,,,2026-08-22
,Renzo Olivo,,,,,,2026-08-22
,Rudiger Haas,,,,,,2026-08-22
,Yan Bai,,,,,,2026-08-22
,Bobby Siska,,,,,,2026-08-22
,Brian Benson,,,,,,2026-08-22
,Bud Guion,,,,,,2026-08-22
,Cedric Mason,,,,,,2026-08-22
,Dale Power,,,,,,2026-08-22
,Glenn Petrovic,,,,,,2026-08-22
,Goran Oresic,,,,,,2026-08-22
,Hank Irvine,,,,,,2026-08-22
,Ian Aler,,,,,,2026-08-22
,Larry Le Roy,,,,,,2026-08-22
,Nigel Orourke,,,,,,2026-08-22
,Paul Novoa,,,,,,2026-08-22
,Pieter Verstraeten,,,,,,2026-08-22
,Robert Clarke,,,,,,2026-08-22
,Robyn Ray,,,,,,2026-08-22
,Rodney Sellick,,,,,,2026-08-22
,U Bighini,,,,,,2026-08-22
,Andrei Olhovskiy,,,,,,2026-08-22
,Cassio Motta,,,,,,2026-08-22
,Christophe Casa,,,,,,2026-08-22
,Dominik Guido Utzinger,,,,,,2026-08-22
,Fredrik Rosenquist,,,,,,2026-08-22
,Gerald Battrick,,,,,,2026-08-22
,Gonzalo Escobar,,,,,,2026-08-22
,Jay Gooding,,,,,,2026-08-22
,Jc Aragone,,,,,,2026-08-22
,Martin Strelba,,,,,,2026-08-22
,Nuno Marques,,,,,,2026-08-22
,Ross Matheson,,,,,,2026-08-22
,Scoville Jenkins,,,,,,2026-08-22
,Stanislav Birner,,,,,,2026-08-22
,Thomas Buchmayer,,,,,,2026-08-22
2026-08-10,Ugo Humbert,30.0,1585,-40,50.0,50.0,2026-08-22
2026-08-10,Ugo Humbert,30.0,1585,-40,50.0,50.0,2026-08-22
2026-08-10,Ugo Humbert,30.0,1585,-40,50.0,50.0,2026-08-22
2026-08-10,Ugo Humbert,30.0,1585,-40,50.0,50.0,2026-08-22
2026-08-03,Ugo Humbert,28.0,1625,+50,,,2026-08-22
2026-08-03,Ugo Humbert,28.0,1625,+50,,,2026-08-22
2026-08-03,Ugo Humbert,28.0,1625,+50,,,2026-08-22
2026-08-03,Ugo Humbert,28.0,1625,+50,,,2026-08-22
2026-07-27,Ugo Humbert,29.0,1575,-,,,2026-08-22
2026-07-27,Ugo Humbert,29.0,1575,-,,,2026-08-22
2026-07-27,Ugo Humbert,29.0,1575,-,,,2026-08-22
2026-07-27,Ugo Humbert,29.0,1575,-,,,2026-08-22
2026-07-20,Ugo Humbert,29.0,1575,-,,,2026-08-22
2026-07-20,Ugo Humbert,29.0,1575,-,,,2026-08-22
2026-07-20,Ugo Humbert,29.0,1575,-,,,2026-08-22
2026-07-13,Ugo Humbert,29.0,1575,-,,,2026-08-22
2026-07-13,Ugo Humbert,29.0,1575,-,,,2026-08-22
2026-07-13,Ugo Humbert,29.0,1575,-,,,2026-08-22
2026-06-29,Ugo Humbert,30.0,1575,+65,10.0,50.0,2026-08-22
2026-06-29,Ugo Humbert,30.0,1575,+65,10.0,50.0,2026-08-22
2026-06-29,Ugo Humbert,30.0,1575,+65,10.0,50.0,2026-08-22
2026-06-22,Ugo Humbert,30.0,1510,+150,100.0,50.0,2026-08-22
2026-06-22,Ugo Humbert,30.0,1510,+150,100.0,50.0,2026-08-22
2026-06-15,Ugo Humbert,33.0,1360,-10,,,2026-08-22
2026-06-15,Ugo Humbert,33.0,1360,-10,,,2026-08-22
2026-06-08,Ugo Humbert,33.0,1370,-,100.0,50.0,2026-08-22
2026-06-08,Ugo Humbert,33.0,1370,-,100.0,50.0,2026-08-22
2026-05-25,Ugo Humbert,32.0,1370,+90,50.0,50.0,2026-08-22
2026-05-25,Ugo Humbert,32.0,1370,+90,50.0,50.0,2026-08-22
2026-05-18,Ugo Humbert,34.0,1280,-,,,2026-08-22
2026-05-18,Ugo Humbert,34.0,1280,-,,,2026-08-22
2026-05-04,Ugo Humbert,33.0,1280,-40,,,2026-08-22
2026-05-04,Ugo Humbert,33.0,1280,-40,,,2026-08-22
2026-04-20,Ugo Humbert,34.0,1320,-,,,2026-08-22
2026-04-20,Ugo Humbert,34.0,1320,-,,,2026-08-22
2026-04-13,Ugo Humbert,34.0,1320,-,,,2026-08-22
2026-04-13,Ugo Humbert,34.0,1320,-,,,2026-08-22
2026-04-06,Ugo Humbert,34.0,1320,-,,,2026-08-22
2026-04-06,Ugo Humbert,34.0,1320,-,,,2026-08-22
2026-03-30,Ugo Humbert,34.0,1320,+75,,,2026-08-22
2026-03-30,Ugo Humbert,34.0,1320,+75,,,2026-08-22
2026-03-16,Ugo Humbert,34.0,1245,-40,,,2026-08-22
2026-03-16,Ugo Humbert,34.0,1245,-40,,,2026-08-22
2026-03-02,Ugo Humbert,34.0,1285,-,50.0,10.0,2026-08-22
2026-02-23,Ugo Humbert,37.0,1285,-,50.0,10.0,2026-08-22
2026-02-16,Ugo Humbert,36.0,1285,-50,,,2026-08-22
2026-02-09,Ugo Humbert,36.0,1335,+15,250.0,10.0,2026-08-22
2026-02-02,Ugo Humbert,38.0,1320,-190,,,2026-08-22
2026-01-19,Ugo Humbert,33.0,1510,+155,200.0,10.0,2026-08-22
2026-01-12,Ugo Humbert,36.0,1355,-,,,2026-08-22
2026-01-05,Ugo Humbert,36.0,1355,-15,,,2026-08-22
2025-12-29,Ugo Humbert,37.0,1370,-10,25.0,10.0,2026-08-22
2025-12-22,Ugo Humbert,37.0,1380,-,,,2026-08-22
2025-12-15,Ugo Humbert,37.0,1380,-,,,2026-08-22
2025-12-08,Ugo Humbert,37.0,1380,-,,,2026-08-22
2025-12-01,Ugo Humbert,37.0,1380,-,,,2026-08-22
2025-11-24,Ugo Humbert,37.0,1380,-,,,2026-08-22
2025-11-17,Ugo Humbert,37.0,1380,-,,,2026-08-22
2025-11-10,Ugo Humbert,37.0,1380,-,,,2026-08-22
2025-11-03,Ugo Humbert,37.0,1380,-650,,,2026-08-22
2025-10-27,Ugo Humbert,22.0,2030,+150,650.0,10.0,2026-08-22
2025-10-20,Ugo Humbert,24.0,1880,+155,50.0,10.0,2026-08-22
2025-10-13,Ugo Humbert,25.0,1725,-,,,2026-08-22
,Borut Skulj,,,,,,2026-08-22
,D J Sheperd,,,,,,2026-08-22
,Heinz Hamza,,,,,,2026-08-22
,Jeck Chu,,,,,,2026-08-22
,John Tidball,,,,,,2026-08-22
,Maximilian Abel,,,,,,2026-08-22
,Milen Velev,,,,,,2026-08-22
,Pavel Sevcik,,,,,,2026-08-22
,Pierre Dufour,,,,,,2026-08-22
,Richard Levine,,,,,,2026-08-22
,Srinath Prahlad,,,,,,2026-08-22
,Tom Loring,,,,,,2026-08-22
,Anand Amritraj,,,,,,2026-08-22
,Andre Ghem,,,,,,2026-08-22
,Christo Steyn,,,,,,2026-08-22
,David Caballero,,,,,,2026-08-22
,Edouard Roger Vasselin,,,,,,2026-08-22
,Fritz Buehning,,,,,,2026-08-22
,Gilles Elseneer,,,,,,2026-08-22
,Igor Sijsling,,,,,,2026-08-22
,Jan Vacek,,,,,,2026-08-22
,Kevin Moir,,,,,,2026-08-22
,Malivai Washington,,,,,,2026-08-22
,Miguel Angel Lopez Jaen,,,,,,2026-08-22
,Thomas Muster,,,,,,2026-08-22
,Andre Zietsmann,,,,,,2026-08-22
,Benjamin Janse Sims,,,,,,2026-08-22
,C Webster,,,,,,2026-08-22
,David Lloyd,,,,,,2026-08-22
,Desmond Mckenzie,,,,,,2026-08-22
,Dick Bosse,,,,,,2026-08-22
,Hendrick Sepp,,,,,,2026-08-22
,Ian Baudinet,,,,,,2026-08-22
,Jack Steinorth,,,,,,2026-08-22
,Jimmy Parker,,,,,,2026-08-22
,Kurt Hubalek,,,,,,2026-08-22
,Raymond Mapp,,,,,,2026-08-22
,Silvio Moine,,,,,,2026-08-22
,Tony Bowles,,,,,,2026-08-22
,Walter Redondo,,,,,,2026-08-22
2026-08-10,Alex Hernandez,470.0,99,-,,,2026-08-22
2026-08-03,Alex Hernandez,459.0,99,+10,,,2026-08-22
2026-07-27,Alex Hernandez,498.0,89,-,3.0,,2026-08-22
,Andreas Beck,,,,,,2026-08-22
2026-08-10,Carlos Taberner,381.0,131,+14,22.0,,2026-08-22
2026-08-03,Carlos Taberner,409.0,117,-,,,2026-08-22
2026-07-27,Carlos Taberner,405.0,117,-165,,,2026-08-22
2026-07-13,Carlos Taberner,197.0,282,-13,,,2026-08-22
2026-07-13,Carlos Taberner,197.0,282,-13,,,2026-08-22
2026-07-13,Carlos Taberner,197.0,282,-13,,,2026-08-22
2026-06-29,Carlos Taberner,194.0,295,-,13.0,,2026-08-22
2026-06-29,Carlos Taberner,194.0,295,-,13.0,,2026-08-22
2026-06-29,Carlos Taberner,194.0,295,-,13.0,,2026-08-22
2026-06-22,Carlos Taberner,196.0,295,-125,,,2026-08-22
2026-06-22,Carlos Taberner,196.0,295,-125,,,2026-08-22
2026-06-15,Carlos Taberner,141.0,420,-,125.0,,2026-08-22
2026-06-15,Carlos Taberner,141.0,420,-,125.0,,2026-08-22
2026-06-08,Carlos Taberner,143.0,420,-,,,2026-08-22
2026-06-08,Carlos Taberner,143.0,420,-,,,2026-08-22
2026-05-25,Carlos Taberner,145.0,420,-,,,2026-08-22
2026-05-25,Carlos Taberner,145.0,420,-,,,2026-08-22
2026-05-18,Carlos Taberner,145.0,420,-57,,,2026-08-22
2026-05-18,Carlos Taberner,145.0,420,-57,,,2026-08-22
2026-05-04,Carlos Taberner,131.0,477,-,57.0,,2026-08-22
2026-05-04,Carlos Taberner,131.0,477,-,57.0,,2026-08-22
2026-04-20,Carlos Taberner,131.0,477,-35,,,2026-08-22
2026-04-20,Carlos Taberner,131.0,477,-35,,,2026-08-22
2026-04-13,Carlos Taberner,119.0,512,-7,35.0,,2026-08-22
2026-04-13,Carlos Taberner,119.0,512,-7,35.0,,2026-08-22
2026-04-06,Carlos Taberner,120.0,519,-14,7.0,,2026-08-22
2026-04-06,Carlos Taberner,120.0,519,-14,7.0,,2026-08-22
2026-03-30,Carlos Taberner,121.0,533,-75,14.0,,2026-08-22
2026-03-30,Carlos Taberner,121.0,533,-75,14.0,,2026-08-22
2026-03-16,Carlos Taberner,104.0,608,-,75.0,,2026-08-22
2026-03-16,Carlos Taberner,104.0,608,-,75.0,,2026-08-22
2026-03-02,Carlos Taberner,100.0,608,-,,,2026-08-22
2026-02-23,Carlos Taberner,97.0,608,-,,,2026-08-22
2026-02-16,Carlos Taberner,100.0,608,-,,,2026-08-22
2026-02-09,Carlos Taberner,100.0,608,-,,,2026-08-22
2026-02-02,Carlos Taberner,101.0,608,-22,,,2026-08-22
2026-01-19,Carlos Taberner,99.0,630,-,44.0,18.0,2026-08-22
2026-01-12,Carlos Taberner,98.0,630,-,,,2026-08-22
2026-01-05,Carlos Taberner,98.0,630,-,,,2026-08-22
2025-12-29,Carlos Taberner,101.0,630,-6,,,2026-08-22
2025-12-22,Carlos Taberner,102.0,636,-,,,2026-08-22
2025-12-15,Carlos Taberner,102.0,636,-,,,2026-08-22
2025-12-08,Carlos Taberner,102.0,636,-,,,2026-08-22
2025-12-01,Carlos Taberner,102.0,636,-,,,2026-08-22
2025-11-24,Carlos Taberner,102.0,636,-,,,2026-08-22
2025-11-17,Carlos Taberner,103.0,636,+8,,,2026-08-22
2025-11-10,Carlos Taberner,104.0,628,-,,,2026-08-22
2025-11-03,Carlos Taberner,103.0,628,-,,,2026-08-22
2025-10-27,Carlos Taberner,104.0,628,+8,,,2026-08-22
2025-10-20,Carlos Taberner,102.0,620,-,,,2026-08-22
2025-10-13,Carlos Taberner,103.0,620,+21,,,2026-08-22
,Howard Sands,,,,,,2026-08-22
2026-08-10,Jannik Sinner,1.0,13450,-,650.0,,2026-08-22
2026-08-10,Jannik Sinner,1.0,13450,-,650.0,,2026-08-22
2026-08-10,Jannik Sinner,1.0,13450,-,650.0,,2026-08-22
2026-08-10,Jannik Sinner,1.0,13450,-,650.0,,2026-08-22
2026-08-03,Jannik Sinner,1.0,13450,-,,,2026-08-22
2026-08-03,Jannik Sinner,1.0,13450,-,,,2026-08-22
2026-08-03,Jannik Sinner,1.0,13450,-,,,2026-08-22
2026-08-03,Jannik Sinner,1.0,13450,-,,,2026-08-22
2026-07-27,Jannik Sinner,1.0,13450,-,,,2026-08-22
2026-07-27,Jannik Sinner,1.0,13450,-,,,2026-08-22
2026-07-27,Jannik Sinner,1.0,13450,-,,,2026-08-22
2026-07-27,Jannik Sinner,1.0,13450,-,,,2026-08-22
2026-07-20,Jannik Sinner,1.0,13450,-,,,2026-08-22
2026-07-20,Jannik Sinner,1.0,13450,-,,,2026-08-22
2026-07-20,Jannik Sinner,1.0,13450,-,,,2026-08-22
2026-07-13,Jannik Sinner,1.0,13450,-,,,2026-08-22
2026-07-13,Jannik Sinner,1.0,13450,-,,,2026-08-22
2026-07-13,Jannik Sinner,1.0,13450,-,,,2026-08-22
2026-06-29,Jannik Sinner,1.0,13450,-,2000.0,,2026-08-22
2026-06-29,Jannik Sinner,1.0,13450,-,2000.0,,2026-08-22
2026-06-29,Jannik Sinner,1.0,13450,-,2000.0,,2026-08-22
2026-06-22,Jannik Sinner,1.0,13450,-50,,,2026-08-22
2026-06-22,Jannik Sinner,1.0,13450,-50,,,2026-08-22
2026-06-15,Jannik Sinner,1.0,13500,-,50.0,,2026-08-22
2026-06-15,Jannik Sinner,1.0,13500,-,50.0,,2026-08-22
2026-06-08,Jannik Sinner,1.0,13500,-1250,,,2026-08-22
2026-06-08,Jannik Sinner,1.0,13500,-1250,,,2026-08-22
2026-05-25,Jannik Sinner,1.0,14750,+50,1300.0,,2026-08-22
2026-05-25,Jannik Sinner,1.0,14750,+50,1300.0,,2026-08-22
2026-05-18,Jannik Sinner,1.0,14700,+350,,,2026-08-22
2026-05-18,Jannik Sinner,1.0,14700,+350,,,2026-08-22
2026-05-04,Jannik Sinner,1.0,14350,+1000,650.0,50.0,2026-08-22
2026-05-04,Jannik Sinner,1.0,14350,+1000,650.0,50.0,2026-08-22
2026-04-20,Jannik Sinner,1.0,13350,-,,,2026-08-22
2026-04-20,Jannik Sinner,1.0,13350,-,,,2026-08-22
2026-04-13,Jannik Sinner,1.0,13350,+950,,,2026-08-22
2026-04-13,Jannik Sinner,1.0,13350,+950,,,2026-08-22
2026-04-06,Jannik Sinner,2.0,12400,-,,,2026-08-22
2026-04-06,Jannik Sinner,2.0,12400,-,,,2026-08-22
2026-03-30,Jannik Sinner,2.0,12400,+1000,,,2026-08-22
2026-03-30,Jannik Sinner,2.0,12400,+1000,,,2026-08-22
2026-03-16,Jannik Sinner,2.0,11400,+1000,,,2026-08-22
2026-03-16,Jannik Sinner,2.0,11400,+1000,,,2026-08-22
2026-03-02,Jannik Sinner,2.0,10400,-,,,2026-08-22
2026-02-23,Jannik Sinner,2.0,10400,+100,,,2026-08-22
2026-02-16,Jannik Sinner,2.0,10300,-,,,2026-08-22
2026-02-09,Jannik Sinner,2.0,10300,-,,,2026-08-22
2026-02-02,Jannik Sinner,2.0,10300,-1200,,,2026-08-22
2026-01-19,Jannik Sinner,2.0,11500,-,2000.0,,2026-08-22
2026-01-12,Jannik Sinner,2.0,11500,-,,,2026-08-22
2026-01-05,Jannik Sinner,2.0,11500,-,,,2026-08-22
2025-12-29,Jannik Sinner,2.0,11500,-,,,2026-08-22
2025-12-22,Jannik Sinner,2.0,11500,-,,,2026-08-22
2025-12-15,Jannik Sinner,2.0,11500,-,,,2026-08-22
2025-12-08,Jannik Sinner,2.0,11500,-,,,2026-08-22
2025-12-01,Jannik Sinner,2.0,11500,-,,,2026-08-22
2025-11-24,Jannik Sinner,2.0,11500,-,,,2026-08-22
2025-11-17,Jannik Sinner,2.0,11500,+1500,,,2026-08-22
2025-11-10,Jannik Sinner,2.0,10000,-1500,,,2026-08-22
2025-11-03,Jannik Sinner,1.0,11500,+1000,1500.0,,2026-08-22
2025-10-27,Jannik Sinner,2.0,10500,+500,,,2026-08-22
2025-10-20,Jannik Sinner,2.0,10000,-,,,2026-08-22
2025-10-13,Jannik Sinner,2.0,10000,-950,,,2026-08-22
,John Paul Fruttero,,,,,,2026-08-22
,Mark Philippoussis,,,,,,2026-08-22
,Massimo Ardinghi,,,,,,2026-08-22
,Nils Langer,,,,,,2026-08-22
,Raviv Weidenfeld,,,,,,2026-08-22
2026-08-10,Tommy Paul,24.0,2075,-,50.0,50.0,2026-08-22
2026-08-10,Tommy Paul,24.0,2075,-,50.0,50.0,2026-08-22
2026-08-10,Tommy Paul,24.0,2075,-,50.0,50.0,2026-08-22
2026-08-10,Tommy Paul,24.0,2075,-,50.0,50.0,2026-08-22
2026-08-03,Tommy Paul,21.0,2075,+50,,,2026-08-22
2026-08-03,Tommy Paul,21.0,2075,+50,,,2026-08-22
2026-08-03,Tommy Paul,21.0,2075,+50,,,2026-08-22
2026-08-03,Tommy Paul,21.0,2075,+50,,,2026-08-22
2026-07-27,Tommy Paul,21.0,2025,+50,,,2026-08-22
2026-07-27,Tommy Paul,21.0,2025,+50,,,2026-08-22
2026-07-27,Tommy Paul,21.0,2025,+50,,,2026-08-22
2026-07-27,Tommy Paul,21.0,2025,+50,,,2026-08-22
2026-07-20,Tommy Paul,24.0,1975,-,,,2026-08-22
2026-07-20,Tommy Paul,24.0,1975,-,,,2026-08-22
2026-07-20,Tommy Paul,24.0,1975,-,,,2026-08-22
2026-07-13,Tommy Paul,24.0,1975,+50,,,2026-08-22
2026-07-13,Tommy Paul,24.0,1975,+50,,,2026-08-22
2026-07-13,Tommy Paul,24.0,1975,+50,,,2026-08-22
2026-06-29,Tommy Paul,25.0,1925,-,50.0,50.0,2026-08-22
2026-06-29,Tommy Paul,25.0,1925,-,50.0,50.0,2026-08-22
2026-06-29,Tommy Paul,25.0,1925,-,50.0,50.0,2026-08-22
2026-06-22,Tommy Paul,24.0,1925,+280,,,2026-08-22
2026-06-22,Tommy Paul,24.0,1925,+280,,,2026-08-22
2026-06-15,Tommy Paul,28.0,1645,-,,,2026-08-22
2026-06-15,Tommy Paul,28.0,1645,-,,,2026-08-22
2026-06-08,Tommy Paul,28.0,1645,-300,,,2026-08-22
2026-06-08,Tommy Paul,28.0,1645,-300,,,2026-08-22
2026-05-25,Tommy Paul,21.0,1945,+320,400.0,50.0,2026-08-22
2026-05-25,Tommy Paul,21.0,1945,+320,400.0,50.0,2026-08-22
2026-05-18,Tommy Paul,26.0,1625,-350,,,2026-08-22
2026-05-18,Tommy Paul,26.0,1625,-350,,,2026-08-22
2026-05-04,Tommy Paul,18.0,1975,-90,400.0,50.0,2026-08-22
2026-05-04,Tommy Paul,18.0,1975,-90,400.0,50.0,2026-08-22
2026-04-20,Tommy Paul,18.0,2065,-,100.0,50.0,2026-08-22
2026-04-20,Tommy Paul,18.0,2065,-,100.0,50.0,2026-08-22
2026-04-13,Tommy Paul,18.0,2065,-,,,2026-08-22
2026-04-13,Tommy Paul,18.0,2065,-,,,2026-08-22
2026-04-06,Tommy Paul,18.0,2065,+150,,,2026-08-22
2026-04-06,Tommy Paul,18.0,2065,+150,,,2026-08-22
2026-03-30,Tommy Paul,21.0,1915,+150,100.0,50.0,2026-08-22
2026-03-30,Tommy Paul,21.0,1915,+150,100.0,50.0,2026-08-22
2026-03-16,Tommy Paul,23.0,1765,-50,50.0,50.0,2026-08-22
2026-03-16,Tommy Paul,23.0,1765,-50,50.0,50.0,2026-08-22
2026-03-02,Tommy Paul,24.0,1815,-,100.0,50.0,2026-08-22
2026-02-23,Tommy Paul,22.0,1815,+115,,,2026-08-22
2026-02-16,Tommy Paul,24.0,1700,-,,,2026-08-22
2026-02-09,Tommy Paul,24.0,1700,-150,,,2026-08-22
2026-02-02,Tommy Paul,22.0,1850,-200,200.0,50.0,2026-08-22
2026-01-19,Tommy Paul,20.0,2050,+50,400.0,50.0,2026-08-22
2026-01-12,Tommy Paul,21.0,2000,-50,,,2026-08-22
2026-01-05,Tommy Paul,20.0,2050,-,100.0,50.0,2026-08-22
2025-12-29,Tommy Paul,20.0,2050,-50,,,2026-08-22
2025-12-22,Tommy Paul,20.0,2100,-,,,2026-08-22
2025-12-15,Tommy Paul,20.0,2100,-,,,2026-08-22
2025-12-08,Tommy Paul,20.0,2100,-,,,2026-08-22
2025-12-01,Tommy Paul,20.0,2100,-,,,2026-08-22
2025-11-24,Tommy Paul,20.0,2100,-,,,2026-08-22
2025-11-17,Tommy Paul,20.0,2100,-,,,2026-08-22
2025-11-10,Tommy Paul,20.0,2100,-,,,2026-08-22
2025-11-03,Tommy Paul,20.0,2100,-10,,,2026-08-22
2025-10-27,Tommy Paul,20.0,2110,-,10.0,,2026-08-22
2025-10-20,Tommy Paul,20.0,2110,-250,,,2026-08-22
2025-10-13,Tommy Paul,18.0,2360,-100,250.0,,2026-08-22
,Andreas Fikas,,,,,,2026-08-22
,Bill Heinbecker,,,,,,2026-08-22
,Budiman Aznar,,,,,,2026-08-22
,Dale Ogden,,,,,,2026-08-22
,Fabio Moscino,,,,,,2026-08-22
,Ingo Wimmer,,,,,,2026-08-22
,Ionel Santeiu,,,,,,2026-08-22
,Jacques Thamin,,,,,,2026-08-22
,Jean Pierre Olivier,,,,,,2026-08-22
,Kentaro Masuda,,,,,,2026-08-22
,Luca Gasparini,,,,,,2026-08-22
,M Arenzon,,,,,,2026-08-22
,M Fallas,,,,,,2026-08-22
,Michael Mullan,,,,,,2026-08-22
,P D R Williams,,,,,,2026-08-22
,P Hagna,,,,,,2026-08-22
,Tony Graham,,,,,,2026-08-22
,U Clermont,,,,,,2026-08-22
,Brydan Klein,,,,,,2026-08-22
2026-08-10,Charles Broom,289.0,192,-,,,2026-08-22
2026-08-03,Charles Broom,287.0,192,-,,,2026-08-22
2026-07-27,Charles Broom,283.0,192,-3,,,2026-08-22
,Danilo Petrovic,,,,,,2026-08-22
,Gaston Gaudio,,,,,,2026-08-22
,Gianni Mina,,,,,,2026-08-22
,Jeremy Chardy,,,,,,2026-08-22
2026-08-10,Jozef Kovalik,860.0,30,-,2.0,,2026-08-22
2026-08-03,Jozef Kovalik,843.0,30,+3,,,2026-08-22
2026-07-27,Jozef Kovalik,884.0,27,-,,,2026-08-22
,Laurynas Grigelis,,,,,,2026-08-22
,Mark Cox,,,,,,2026-08-22
,Michael Robertson,,,,,,2026-08-22
2026-08-10,Nicolai Budkov Kjaer,155.0,373,-,12.0,,2026-08-22
2026-08-10,Nicolai Budkov Kjaer,155.0,373,-,12.0,,2026-08-22
2026-08-10,Nicolai Budkov Kjaer,155.0,373,-,12.0,,2026-08-22
2026-08-10,Nicolai Budkov Kjaer,155.0,373,-,12.0,,2026-08-22
2026-08-03,Nicolai Budkov Kjaer,152.0,373,-50,,,2026-08-22
2026-08-03,Nicolai Budkov Kjaer,152.0,373,-50,,,2026-08-22
2026-08-03,Nicolai Budkov Kjaer,152.0,373,-50,,,2026-08-22
2026-08-03,Nicolai Budkov Kjaer,152.0,373,-50,,,2026-08-22
2026-07-27,Nicolai Budkov Kjaer,144.0,423,-75,50.0,,2026-08-22
2026-07-27,Nicolai Budkov Kjaer,144.0,423,-75,50.0,,2026-08-22
2026-07-27,Nicolai Budkov Kjaer,144.0,423,-75,50.0,,2026-08-22
2026-07-27,Nicolai Budkov Kjaer,144.0,423,-75,50.0,,2026-08-22
2026-07-20,Nicolai Budkov Kjaer,131.0,498,-32,75.0,,2026-08-22
2026-07-20,Nicolai Budkov Kjaer,131.0,498,-32,75.0,,2026-08-22
2026-07-20,Nicolai Budkov Kjaer,131.0,498,-32,75.0,,2026-08-22
2026-07-13,Nicolai Budkov Kjaer,118.0,530,+8,38.0,6.0,2026-08-22
2026-07-13,Nicolai Budkov Kjaer,118.0,530,+8,38.0,6.0,2026-08-22
2026-07-13,Nicolai Budkov Kjaer,118.0,530,+8,38.0,6.0,2026-08-22
2026-06-29,Nicolai Budkov Kjaer,121.0,522,-,8.0,6.0,2026-08-22
2026-06-29,Nicolai Budkov Kjaer,121.0,522,-,8.0,6.0,2026-08-22
2026-06-29,Nicolai Budkov Kjaer,121.0,522,-,8.0,6.0,2026-08-22
2026-06-22,Nicolai Budkov Kjaer,121.0,522,-,,,2026-08-22
2026-06-22,Nicolai Budkov Kjaer,121.0,522,-,,,2026-08-22
2026-06-15,Nicolai Budkov Kjaer,121.0,522,-,,,2026-08-22
2026-06-15,Nicolai Budkov Kjaer,121.0,522,-,,,2026-08-22
2026-06-08,Nicolai Budkov Kjaer,122.0,522,+2,,,2026-08-22
2026-06-08,Nicolai Budkov Kjaer,122.0,522,+2,,,2026-08-22
2026-05-25,Nicolai Budkov Kjaer,121.0,520,-,,,2026-08-22
2026-05-25,Nicolai Budkov Kjaer,121.0,520,-,,,2026-08-22
2026-05-18,Nicolai Budkov Kjaer,123.0,520,+1,,,2026-08-22
2026-05-18,Nicolai Budkov Kjaer,123.0,520,+1,,,2026-08-22
2026-05-04,Nicolai Budkov Kjaer,124.0,519,+68,12.0,2.0,2026-08-22
2026-05-04,Nicolai Budkov Kjaer,124.0,519,+68,12.0,2.0,2026-08-22
2026-04-20,Nicolai Budkov Kjaer,140.0,451,-,,,2026-08-22
2026-04-20,Nicolai Budkov Kjaer,140.0,451,-,,,2026-08-22
2026-04-13,Nicolai Budkov Kjaer,139.0,451,-,,,2026-08-22
2026-04-13,Nicolai Budkov Kjaer,139.0,451,-,,,2026-08-22
2026-04-06,Nicolai Budkov Kjaer,139.0,451,+7,,,2026-08-22
2026-04-06,Nicolai Budkov Kjaer,139.0,451,+7,,,2026-08-22
2026-03-30,Nicolai Budkov Kjaer,141.0,444,-11,,,2026-08-22
2026-03-30,Nicolai Budkov Kjaer,141.0,444,-11,,,2026-08-22
2026-03-16,Nicolai Budkov Kjaer,137.0,455,+48,13.0,2.0,2026-08-22
2026-03-16,Nicolai Budkov Kjaer,137.0,455,+48,13.0,2.0,2026-08-22
2026-03-02,Nicolai Budkov Kjaer,150.0,407,+12,,,2026-08-22
2026-02-23,Nicolai Budkov Kjaer,154.0,395,-75,,,2026-08-22
2026-02-16,Nicolai Budkov Kjaer,133.0,470,-6,75.0,,2026-08-22
2026-02-09,Nicolai Budkov Kjaer,132.0,476,-,8.0,2.0,2026-08-22
2026-02-02,Nicolai Budkov Kjaer,133.0,476,+30,,,2026-08-22
2026-01-19,Nicolai Budkov Kjaer,135.0,446,-,16.0,,2026-08-22
2026-01-12,Nicolai Budkov Kjaer,135.0,446,-2,,,2026-08-22
2026-01-05,Nicolai Budkov Kjaer,135.0,448,-,4.0,2.0,2026-08-22
2025-12-29,Nicolai Budkov Kjaer,136.0,448,-2,,,2026-08-22
2025-12-22,Nicolai Budkov Kjaer,136.0,450,-,,,2026-08-22
2025-12-15,Nicolai Budkov Kjaer,136.0,450,-,,,2026-08-22
2025-12-08,Nicolai Budkov Kjaer,136.0,450,-14,,,2026-08-22
2025-12-01,Nicolai Budkov Kjaer,133.0,464,-,16.0,2.0,2026-08-22
2025-11-24,Nicolai Budkov Kjaer,133.0,464,-9,,,2026-08-22
2025-11-17,Nicolai Budkov Kjaer,132.0,473,-,12.0,3.0,2026-08-22
2025-11-10,Nicolai Budkov Kjaer,132.0,473,-,,,2026-08-22
2025-11-03,Nicolai Budkov Kjaer,132.0,473,-,,,2026-08-22
2025-10-27,Nicolai Budkov Kjaer,134.0,473,-,,,2026-08-22
2025-10-20,Nicolai Budkov Kjaer,137.0,473,-,,,2026-08-22
2025-10-13,Nicolai Budkov Kjaer,136.0,473,+78,,,2026-08-22
,Peter Nyborg,,,,,,2026-08-22
,Stephane Bohli,,,,,,2026-08-22
,A G Barker,,,,,,2026-08-22
,Abbie Maynard,,,,,,2026-08-22
,Alexandre Strambini,,,,,,2026-08-22
,Andy Lucchesi,,,,,,2026-08-22
,Bill Bennion,,,,,,2026-08-22
,Brian Flood,,,,,,2026-08-22
,Colin Stubs,,,,,,2026-08-22
,Fritz Kolbinger,,,,,,2026-08-22
,Gary Dudic,,,,,,2026-08-22
,Graydon Garner,,,,,,2026-08-22
,Istvan Gulyas,,,,,,2026-08-22
,Jabor Al Mutawa,,,,,,2026-08-22
,Jannie Louw,,,,,,2026-08-22
,Jim Buckley,,,,,,2026-08-22
,Jim Hobson,,,,,,2026-08-22
,Jock Eitel Reetz,,,,,,2026-08-22
,John Bozas,,,,,,2026-08-22
,Juan Carlos Yunis,,,,,,2026-08-22
,Mike Kernodie,,,,,,2026-08-22
,Minoru Ueda,,,,,,2026-08-22
,Pertii Manisto,,,,,,2026-08-22
,Reginald Bennett,,,,,,2026-08-22
,Robert Delauer,,,,,,2026-08-22
,Roberto Matteoli,,,,,,2026-08-22
,Sebti Bounaib,,,,,,2026-08-22
,Selim Var,,,,,,2026-08-22
,Tetsu Kuramitsu,,,,,,2026-08-22
,Yu Zhang,,,,,,2026-08-22
,Angel Gimenez,,,,,,2026-08-22
,Egan Adams,,,,,,2026-08-22
2026-08-10,Francesco Maestrelli,166.0,349,-,12.0,,2026-08-22
2026-08-10,Francesco Maestrelli,166.0,349,-,12.0,,2026-08-22
2026-08-10,Francesco Maestrelli,166.0,349,-,12.0,,2026-08-22
2026-08-10,Francesco Maestrelli,166.0,349,-,12.0,,2026-08-22
2026-08-03,Francesco Maestrelli,161.0,349,-42,,,2026-08-22
2026-08-03,Francesco Maestrelli,161.0,349,-42,,,2026-08-22
2026-08-03,Francesco Maestrelli,161.0,349,-42,,,2026-08-22
2026-08-03,Francesco Maestrelli,161.0,349,-42,,,2026-08-22
2026-07-27,Francesco Maestrelli,149.0,391,-,50.0,,2026-08-22
2026-07-27,Francesco Maestrelli,149.0,391,-,50.0,,2026-08-22
2026-07-27,Francesco Maestrelli,149.0,391,-,50.0,,2026-08-22
2026-07-27,Francesco Maestrelli,149.0,391,-,50.0,,2026-08-22
2026-07-20,Francesco Maestrelli,149.0,391,-,,,2026-08-22
2026-07-20,Francesco Maestrelli,149.0,391,-,,,2026-08-22
2026-07-20,Francesco Maestrelli,149.0,391,-,,,2026-08-22
2026-07-13,Francesco Maestrelli,149.0,391,-89,,,2026-08-22
2026-07-13,Francesco Maestrelli,149.0,391,-89,,,2026-08-22
2026-07-13,Francesco Maestrelli,149.0,391,-89,,,2026-08-22
2026-06-29,Francesco Maestrelli,128.0,480,-,89.0,,2026-08-22
2026-06-29,Francesco Maestrelli,128.0,480,-,89.0,,2026-08-22
2026-06-29,Francesco Maestrelli,128.0,480,-,89.0,,2026-08-22
2026-06-22,Francesco Maestrelli,128.0,480,-16,,,2026-08-22
2026-06-22,Francesco Maestrelli,128.0,480,-16,,,2026-08-22
2026-06-15,Francesco Maestrelli,124.0,496,-,16.0,,2026-08-22
2026-06-15,Francesco Maestrelli,124.0,496,-,16.0,,2026-08-22
2026-06-08,Francesco Maestrelli,126.0,496,+6,,,2026-08-22
2026-06-08,Francesco Maestrelli,126.0,496,+6,,,2026-08-22
2026-05-25,Francesco Maestrelli,128.0,490,-,2.0,,2026-08-22
2026-05-25,Francesco Maestrelli,128.0,490,-,2.0,,2026-08-22
2026-05-18,Francesco Maestrelli,128.0,490,-85,,,2026-08-22
2026-05-18,Francesco Maestrelli,128.0,490,-85,,,2026-08-22
2026-05-04,Francesco Maestrelli,112.0,575,-2,87.0,2.0,2026-08-22
2026-05-04,Francesco Maestrelli,112.0,575,-2,87.0,2.0,2026-08-22
2026-04-20,Francesco Maestrelli,112.0,577,-,8.0,6.0,2026-08-22
2026-04-20,Francesco Maestrelli,112.0,577,-,8.0,6.0,2026-08-22
2026-04-13,Francesco Maestrelli,113.0,577,-,,,2026-08-22
2026-04-13,Francesco Maestrelli,113.0,577,-,,,2026-08-22
2026-04-06,Francesco Maestrelli,113.0,577,-,,,2026-08-22
2026-04-06,Francesco Maestrelli,113.0,577,-,,,2026-08-22
2026-03-30,Francesco Maestrelli,114.0,577,-,,,2026-08-22
2026-03-30,Francesco Maestrelli,114.0,577,-,,,2026-08-22
2026-03-16,Francesco Maestrelli,112.0,577,+24,,,2026-08-22
2026-03-16,Francesco Maestrelli,112.0,577,+24,,,2026-08-22
2026-03-02,Francesco Maestrelli,114.0,553,-,,,2026-08-22
2026-02-23,Francesco Maestrelli,111.0,553,-,,,2026-08-22
2026-02-16,Francesco Maestrelli,110.0,553,-,,,2026-08-22
2026-02-09,Francesco Maestrelli,108.0,553,+41,,,2026-08-22
2026-02-02,Francesco Maestrelli,117.0,512,+76,,,2026-08-22
2026-01-19,Francesco Maestrelli,141.0,436,-,4.0,2.0,2026-08-22
2026-01-12,Francesco Maestrelli,141.0,436,-3,,,2026-08-22
2026-01-05,Francesco Maestrelli,137.0,439,-,6.0,3.0,2026-08-22
2025-12-29,Francesco Maestrelli,139.0,439,-3,,,2026-08-22
2025-12-22,Francesco Maestrelli,139.0,442,-,,,2026-08-22
2025-12-15,Francesco Maestrelli,139.0,442,-,,,2026-08-22
2025-12-08,Francesco Maestrelli,139.0,442,-,,,2026-08-22
2025-12-01,Francesco Maestrelli,139.0,442,-,,,2026-08-22
2025-11-24,Francesco Maestrelli,138.0,442,+50,,,2026-08-22
2025-11-17,Francesco Maestrelli,157.0,392,+3,50.0,2.0,2026-08-22
2025-11-10,Francesco Maestrelli,158.0,389,-13,3.0,2.0,2026-08-22
2025-11-03,Francesco Maestrelli,154.0,402,+13,16.0,3.0,2026-08-22
2025-10-27,Francesco Maestrelli,154.0,389,+5,,,2026-08-22
2025-10-20,Francesco Maestrelli,153.0,384,-6,,,2026-08-22
2025-10-13,Francesco Maestrelli,153.0,390,-,8.0,2.0,2026-08-22
,Greg Failla,,,,,,2026-08-22
,Johan Vekemans,,,,,,2026-08-22
,Mark Darby,,,,,,2026-08-22
,Mark Keil,,,,,,2026-08-22
,Martin Barba,,,,,,2026-08-22
,Milos Raonic,,,,,,2026-08-22
,Sashi Menon,,,,,,2026-08-22
,Sebastian Decoud,,,,,,2026-08-22
,Steve Darcis,,,,,,2026-08-22
,Tim Wilkison,,,,,,2026-08-22
,Armistead Neely,,,,,,2026-08-22
,B Johnston,,,,,,2026-08-22
,Bill Barber,,,,,,2026-08-22
,Chiradip Mukerjea,,,,,,2026-08-22
,Christer Holm,,,,,,2026-08-22
,Christian Camradt,,,,,,2026-08-22
,F D Robbins,,,,,,2026-08-22
,John Antonas,,,,,,2026-08-22
,Keith Simpson,,,,,,2026-08-22
,Ken Mordoff,,,,,,2026-08-22
,Michael Mooney,,,,,,2026-08-22
,Sadao Kosugi,,,,,,2026-08-22
,Ted Beards,,,,,,2026-08-22
,Alexandar Lazov,,,,,,2026-08-22
2026-08-10,Dimitar Kuzmanov,387.0,131,-,,,2026-08-22
2026-08-03,Dimitar Kuzmanov,378.0,131,-,,,2026-08-22
2026-07-27,Dimitar Kuzmanov,375.0,131,+6,,,2026-08-22
,Eric Taino,,,,,,2026-08-22
2026-08-10,Gastao Elias,1145.0,13,-,,,2026-08-22
2026-08-03,Gastao Elias,1134.0,13,-25,,,2026-08-22
2026-07-27,Gastao Elias,781.0,38,-,25.0,,2026-08-22
,George Kalovelonis,,,,,,2026-08-22
,Gregory Carraz,,,,,,2026-08-22
,Ivo Heuberger,,,,,,2026-08-22
2026-08-10,Jordan Thompson,317.0,173,-,10.0,,2026-08-22
2026-08-03,Jordan Thompson,311.0,173,-,,,2026-08-22
2026-07-27,Jordan Thompson,308.0,173,-,,,2026-08-22
2026-06-29,Jordan Thompson,156.0,373,-,200.0,,2026-08-22
2026-06-29,Jordan Thompson,156.0,373,-,200.0,,2026-08-22
2026-06-29,Jordan Thompson,156.0,373,-,200.0,,2026-08-22
2026-06-22,Jordan Thompson,157.0,373,-,,,2026-08-22
2026-06-22,Jordan Thompson,157.0,373,-,,,2026-08-22
2026-06-15,Jordan Thompson,158.0,373,-25,,,2026-08-22
2026-06-15,Jordan Thompson,158.0,373,-25,,,2026-08-22
2026-06-08,Jordan Thompson,152.0,398,-10,25.0,,2026-08-22
2026-06-08,Jordan Thompson,152.0,398,-10,25.0,,2026-08-22
2026-05-25,Jordan Thompson,149.0,408,-,10.0,,2026-08-22
2026-05-25,Jordan Thompson,149.0,408,-,10.0,,2026-08-22
2026-05-18,Jordan Thompson,148.0,408,-30,,,2026-08-22
2026-05-18,Jordan Thompson,148.0,408,-30,,,2026-08-22
2026-05-04,Jordan Thompson,142.0,438,-,30.0,,2026-08-22
2026-05-04,Jordan Thompson,142.0,438,-,30.0,,2026-08-22
2026-04-20,Jordan Thompson,146.0,438,-,,,2026-08-22
2026-04-20,Jordan Thompson,146.0,438,-,,,2026-08-22
2026-04-13,Jordan Thompson,143.0,438,-50,,,2026-08-22
2026-04-13,Jordan Thompson,143.0,438,-50,,,2026-08-22
2026-04-06,Jordan Thompson,132.0,488,-,50.0,,2026-08-22
2026-04-06,Jordan Thompson,132.0,488,-,50.0,,2026-08-22
2026-03-30,Jordan Thompson,131.0,488,-50,,,2026-08-22
2026-03-30,Jordan Thompson,131.0,488,-50,,,2026-08-22
2026-03-16,Jordan Thompson,121.0,538,-10,50.0,,2026-08-22
2026-03-16,Jordan Thompson,121.0,538,-10,50.0,,2026-08-22
2026-03-02,Jordan Thompson,116.0,548,-,10.0,,2026-08-22
2026-02-23,Jordan Thompson,113.0,548,-,,,2026-08-22
2026-02-16,Jordan Thompson,111.0,548,-,,,2026-08-22
2026-02-09,Jordan Thompson,111.0,548,-,,,2026-08-22
2026-02-02,Jordan Thompson,110.0,548,-,,,2026-08-22
2026-01-19,Jordan Thompson,111.0,548,-,50.0,,2026-08-22
2026-01-12,Jordan Thompson,111.0,548,+12,,,2026-08-22
2026-01-05,Jordan Thompson,113.0,536,-50,,,2026-08-22
2025-12-29,Jordan Thompson,108.0,586,-,50.0,,2026-08-22
2025-12-22,Jordan Thompson,108.0,586,-,,,2026-08-22
2025-12-15,Jordan Thompson,108.0,586,-,,,2026-08-22
2025-12-08,Jordan Thompson,108.0,586,-,,,2026-08-22
2025-12-01,Jordan Thompson,108.0,586,-,,,2026-08-22
2025-11-24,Jordan Thompson,108.0,586,-,,,2026-08-22
2025-11-17,Jordan Thompson,108.0,586,-,,,2026-08-22
2025-11-10,Jordan Thompson,108.0,586,-,,,2026-08-22
2025-11-03,Jordan Thompson,106.0,586,-200,,,2026-08-22
2025-10-27,Jordan Thompson,74.0,786,+14,200.0,,2026-08-22
2025-10-20,Jordan Thompson,79.0,772,-,,,2026-08-22
2025-10-13,Jordan Thompson,80.0,772,+27,,,2026-08-22
,Lars Rehmann,,,,,,2026-08-22
,Markus Gunthardt,,,,,,2026-08-22
2026-08-10,Mitchell Krueger,356.0,148,-,,,2026-08-22
2026-08-03,Mitchell Krueger,349.0,148,-,,,2026-08-22
2026-07-27,Mitchell Krueger,346.0,148,-,,,2026-08-22
,Paul Hanley,,,,,,2026-08-22
2026-08-10,Shintaro Mochizuki,112.0,577,+30,45.0,,2026-08-22
2026-08-10,Shintaro Mochizuki,112.0,577,+30,45.0,,2026-08-22
2026-08-10,Shintaro Mochizuki,112.0,577,+30,45.0,,2026-08-22
2026-08-10,Shintaro Mochizuki,112.0,577,+30,45.0,,2026-08-22
2026-08-03,Shintaro Mochizuki,117.0,547,-22,,,2026-08-22
2026-08-03,Shintaro Mochizuki,117.0,547,-22,,,2026-08-22
2026-08-03,Shintaro Mochizuki,117.0,547,-22,,,2026-08-22
2026-08-03,Shintaro Mochizuki,117.0,547,-22,,,2026-08-22
2026-07-27,Shintaro Mochizuki,114.0,569,+22,30.0,,2026-08-22
2026-07-27,Shintaro Mochizuki,114.0,569,+22,30.0,,2026-08-22
2026-07-27,Shintaro Mochizuki,114.0,569,+22,30.0,,2026-08-22
2026-07-27,Shintaro Mochizuki,114.0,569,+22,30.0,,2026-08-22
2026-07-20,Shintaro Mochizuki,116.0,547,-,,,2026-08-22
2026-07-20,Shintaro Mochizuki,116.0,547,-,,,2026-08-22
2026-07-20,Shintaro Mochizuki,116.0,547,-,,,2026-08-22
2026-07-13,Shintaro Mochizuki,115.0,547,+150,,,2026-08-22
2026-07-13,Shintaro Mochizuki,115.0,547,+150,,,2026-08-22
2026-07-13,Shintaro Mochizuki,115.0,547,+150,,,2026-08-22
2026-06-29,Shintaro Mochizuki,151.0,397,-,80.0,,2026-08-22
2026-06-29,Shintaro Mochizuki,151.0,397,-,80.0,,2026-08-22
2026-06-29,Shintaro Mochizuki,151.0,397,-,80.0,,2026-08-22
2026-06-22,Shintaro Mochizuki,150.0,397,-48,,,2026-08-22
2026-06-22,Shintaro Mochizuki,150.0,397,-48,,,2026-08-22
2026-06-15,Shintaro Mochizuki,138.0,445,-35,64.0,,2026-08-22
2026-06-15,Shintaro Mochizuki,138.0,445,-35,64.0,,2026-08-22
2026-06-08,Shintaro Mochizuki,129.0,480,-,35.0,,2026-08-22
2026-06-08,Shintaro Mochizuki,129.0,480,-,35.0,,2026-08-22
2026-05-25,Shintaro Mochizuki,130.0,480,-,,,2026-08-22
2026-05-25,Shintaro Mochizuki,130.0,480,-,,,2026-08-22
2026-05-18,Shintaro Mochizuki,130.0,480,-,,,2026-08-22
2026-05-18,Shintaro Mochizuki,130.0,480,-,,,2026-08-22
2026-05-04,Shintaro Mochizuki,130.0,480,-7,,,2026-08-22
2026-05-04,Shintaro Mochizuki,130.0,480,-7,,,2026-08-22
2026-04-20,Shintaro Mochizuki,128.0,487,-8,7.0,,2026-08-22
2026-04-20,Shintaro Mochizuki,128.0,487,-8,7.0,,2026-08-22
2026-04-13,Shintaro Mochizuki,127.0,495,-,8.0,,2026-08-22
2026-04-13,Shintaro Mochizuki,127.0,495,-,8.0,,2026-08-22
2026-04-06,Shintaro Mochizuki,130.0,495,-,,,2026-08-22
2026-04-06,Shintaro Mochizuki,130.0,495,-,,,2026-08-22
2026-03-30,Shintaro Mochizuki,127.0,495,-2,,,2026-08-22
2026-03-30,Shintaro Mochizuki,127.0,495,-2,,,2026-08-22
2026-03-16,Shintaro Mochizuki,129.0,497,+23,10.0,,2026-08-22
2026-03-16,Shintaro Mochizuki,129.0,497,+23,10.0,,2026-08-22
2026-03-02,Shintaro Mochizuki,130.0,474,-64,,,2026-08-22
2026-02-23,Shintaro Mochizuki,117.0,538,+13,64.0,,2026-08-22
2026-02-16,Shintaro Mochizuki,117.0,525,-12,,,2026-08-22
2026-02-09,Shintaro Mochizuki,115.0,537,-14,12.0,,2026-08-22
2026-02-02,Shintaro Mochizuki,108.0,551,+4,14.0,,2026-08-22
2026-01-19,Shintaro Mochizuki,112.0,547,-,6.0,,2026-08-22
2026-01-12,Shintaro Mochizuki,112.0,547,-,,,2026-08-22
2026-01-05,Shintaro Mochizuki,110.0,547,-100,,,2026-08-22
2025-12-29,Shintaro Mochizuki,99.0,647,-,100.0,,2026-08-22
2025-12-22,Shintaro Mochizuki,100.0,647,-,,,2026-08-22
2025-12-15,Shintaro Mochizuki,100.0,647,-,,,2026-08-22
2025-12-08,Shintaro Mochizuki,100.0,647,-,,,2026-08-22
2025-12-01,Shintaro Mochizuki,100.0,647,-22,,,2026-08-22
2025-11-24,Shintaro Mochizuki,93.0,669,-,22.0,,2026-08-22
2025-11-17,Shintaro Mochizuki,94.0,669,-,,,2026-08-22
2025-11-10,Shintaro Mochizuki,92.0,669,-5,,,2026-08-22
2025-11-03,Shintaro Mochizuki,93.0,674,-,12.0,6.0,2026-08-22
2025-10-27,Shintaro Mochizuki,94.0,674,-6,,,2026-08-22
2025-10-20,Shintaro Mochizuki,93.0,680,+44,12.0,6.0,2026-08-22
2025-10-13,Shintaro Mochizuki,102.0,636,+29,,,2026-08-22
,Ben Qiang Zhu,,,,,,2026-08-22
,Bronislaw Lewandowski,,,,,,2026-08-22
,D J Hardman,,,,,,2026-08-22
,I Smith,,,,,,2026-08-22
,Jan Weinzierl,,,,,,2026-08-22
,Juan Pablo Etchecoin,,,,,,2026-08-22
,Just Barth,,,,,,2026-08-22
,K Shimamura,,,,,,2026-08-22
,Mahmoud Nader Al Baloushi,,,,,,2026-08-22
,Manuel Rodriguez,,,,,,2026-08-22
,Paul Hearnden,,,,,,2026-08-22
,Rafael Osuna,,,,,,2026-08-22
,Ricardo Aubone,,,,,,2026-08-22
,Roberto Carruthers,,,,,,2026-08-22
,Sergi Duran,,,,,,2026-08-22
,Tony Goold,,,,,,2026-08-22
,Bartolome Salva Vidal,,,,,,2026-08-22
,Fernando Soler,,,,,,2026-08-22
,Fred Mcnair,,,,,,2026-08-22
,Gap Taik Ro,,,,,,2026-08-22
,Giovanni Lapentti,,,,,,2026-08-22
,Guillermo Canas,,,,,,2026-08-22
,Kyu Tae Im,,,,,,2026-08-22
,Michail Pervolarakis,,,,,,2026-08-22
,Roberto Arguello,,,,,,2026-08-22
2026-08-10,Taylor Fritz,9.0,3375,-25,100.0,35.0,2026-08-22
2026-08-10,Taylor Fritz,9.0,3375,-25,100.0,35.0,2026-08-22
2026-08-10,Taylor Fritz,9.0,3375,-25,100.0,35.0,2026-08-22
2026-08-10,Taylor Fritz,9.0,3375,-25,100.0,35.0,2026-08-22
2026-08-03,Taylor Fritz,8.0,3400,+100,,,2026-08-22
2026-08-03,Taylor Fritz,8.0,3400,+100,,,2026-08-22
2026-08-03,Taylor Fritz,8.0,3400,+100,,,2026-08-22
2026-08-03,Taylor Fritz,8.0,3400,+100,,,2026-08-22
2026-07-27,Taylor Fritz,10.0,3300,-65,400.0,,2026-08-22
2026-07-27,Taylor Fritz,10.0,3300,-65,400.0,,2026-08-22
2026-07-27,Taylor Fritz,10.0,3300,-65,400.0,,2026-08-22
2026-07-27,Taylor Fritz,10.0,3300,-65,400.0,,2026-08-22
2026-07-20,Taylor Fritz,10.0,3365,-,100.0,35.0,2026-08-22
2026-07-20,Taylor Fritz,10.0,3365,-,100.0,35.0,2026-08-22
2026-07-20,Taylor Fritz,10.0,3365,-,100.0,35.0,2026-08-22
2026-07-13,Taylor Fritz,10.0,3365,-400,,,2026-08-22
2026-07-13,Taylor Fritz,10.0,3365,-400,,,2026-08-22
2026-07-13,Taylor Fritz,10.0,3365,-400,,,2026-08-22
2026-06-29,Taylor Fritz,7.0,3765,-150,800.0,35.0,2026-08-22
2026-06-29,Taylor Fritz,7.0,3765,-150,800.0,35.0,2026-08-22
2026-06-29,Taylor Fritz,7.0,3765,-150,800.0,35.0,2026-08-22
2026-06-22,Taylor Fritz,7.0,3915,+280,250.0,50.0,2026-08-22
2026-06-22,Taylor Fritz,7.0,3915,+280,250.0,50.0,2026-08-22
2026-06-15,Taylor Fritz,9.0,3635,-85,,,2026-08-22
2026-06-15,Taylor Fritz,9.0,3635,-85,,,2026-08-22
2026-06-08,Taylor Fritz,9.0,3720,-,250.0,50.0,2026-08-22
2026-06-08,Taylor Fritz,9.0,3720,-,250.0,50.0,2026-08-22
2026-05-25,Taylor Fritz,9.0,3720,-,10.0,50.0,2026-08-22
2026-05-25,Taylor Fritz,9.0,3720,-,10.0,50.0,2026-08-22
2026-05-18,Taylor Fritz,8.0,3720,-50,,,2026-08-22
2026-05-18,Taylor Fritz,8.0,3720,-50,,,2026-08-22
2026-05-04,Taylor Fritz,7.0,3770,-100,,,2026-08-22
2026-05-04,Taylor Fritz,7.0,3770,-100,,,2026-08-22
2026-04-20,Taylor Fritz,7.0,3870,-,100.0,50.0,2026-08-22
2026-04-20,Taylor Fritz,7.0,3870,-,100.0,50.0,2026-08-22
2026-04-13,Taylor Fritz,8.0,3870,-,,,2026-08-22
2026-04-13,Taylor Fritz,8.0,3870,-,,,2026-08-22
2026-04-06,Taylor Fritz,9.0,3870,-,,,2026-08-22
2026-04-06,Taylor Fritz,9.0,3870,-,,,2026-08-22
2026-03-30,Taylor Fritz,8.0,3870,-300,,,2026-08-22
2026-03-30,Taylor Fritz,8.0,3870,-300,,,2026-08-22
2026-03-16,Taylor Fritz,7.0,4170,-50,400.0,50.0,2026-08-22
2026-03-16,Taylor Fritz,7.0,4170,-50,400.0,50.0,2026-08-22
2026-03-02,Taylor Fritz,7.0,4220,-,100.0,50.0,2026-08-22
2026-02-23,Taylor Fritz,7.0,4220,-,,,2026-08-22
2026-02-16,Taylor Fritz,8.0,4220,+280,,,2026-08-22
2026-02-09,Taylor Fritz,7.0,3940,-,50.0,35.0,2026-08-22
2026-02-02,Taylor Fritz,7.0,3940,+100,,,2026-08-22
2026-01-19,Taylor Fritz,9.0,3840,-,100.0,50.0,2026-08-22
2026-01-12,Taylor Fritz,9.0,3840,-,,,2026-08-22
2026-01-05,Taylor Fritz,9.0,3840,-245,,,2026-08-22
2025-12-29,Taylor Fritz,6.0,4085,-50,295.0,50.0,2026-08-22
2025-12-22,Taylor Fritz,6.0,4135,-,,,2026-08-22
2025-12-15,Taylor Fritz,6.0,4135,-,,,2026-08-22
2025-12-08,Taylor Fritz,6.0,4135,-,,,2026-08-22
2025-12-01,Taylor Fritz,6.0,4135,-,,,2026-08-22
2025-11-24,Taylor Fritz,6.0,4135,-,,,2026-08-22
2025-11-17,Taylor Fritz,6.0,4135,+200,,,2026-08-22
2025-11-10,Taylor Fritz,6.0,3935,-800,,,2026-08-22
2025-11-03,Taylor Fritz,4.0,4735,+50,800.0,50.0,2026-08-22
2025-10-27,Taylor Fritz,4.0,4685,+40,,,2026-08-22
2025-10-20,Taylor Fritz,4.0,4645,-,,,2026-08-22
2025-10-13,Taylor Fritz,4.0,4645,-350,,,2026-08-22
,Wojtek Fibak,,,,,,2026-08-22
2026-08-10,Zachary Svajda,84.0,749,+30,,,2026-08-22
2026-08-10,Zachary Svajda,84.0,749,+30,,,2026-08-22
2026-08-10,Zachary Svajda,84.0,749,+30,,,2026-08-22
2026-08-10,Zachary Svajda,84.0,749,+30,,,2026-08-22
2026-08-03,Zachary Svajda,87.0,719,-62,,,2026-08-22
2026-08-03,Zachary Svajda,87.0,719,-62,,,2026-08-22
2026-08-03,Zachary Svajda,87.0,719,-62,,,2026-08-22
2026-08-03,Zachary Svajda,87.0,719,-62,,,2026-08-22
2026-07-27,Zachary Svajda,76.0,781,-41,75.0,,2026-08-22
2026-07-27,Zachary Svajda,76.0,781,-41,75.0,,2026-08-22
2026-07-27,Zachary Svajda,76.0,781,-41,75.0,,2026-08-22
2026-07-27,Zachary Svajda,76.0,781,-41,75.0,,2026-08-22
2026-07-20,Zachary Svajda,73.0,822,-,41.0,,2026-08-22
2026-07-20,Zachary Svajda,73.0,822,-,41.0,,2026-08-22
2026-07-20,Zachary Svajda,73.0,822,-,41.0,,2026-08-22
2026-07-13,Zachary Svajda,72.0,822,-33,,,2026-08-22
2026-07-13,Zachary Svajda,72.0,822,-33,,,2026-08-22
2026-07-13,Zachary Svajda,72.0,822,-33,,,2026-08-22
2026-06-29,Zachary Svajda,66.0,855,+7,133.0,,2026-08-22
2026-06-29,Zachary Svajda,66.0,855,+7,133.0,,2026-08-22
2026-06-29,Zachary Svajda,66.0,855,+7,133.0,,2026-08-22
2026-06-22,Zachary Svajda,69.0,848,+13,,,2026-08-22
2026-06-22,Zachary Svajda,69.0,848,+13,,,2026-08-22
2026-06-15,Zachary Svajda,69.0,835,-40,,,2026-08-22
2026-06-15,Zachary Svajda,69.0,835,-40,,,2026-08-22
2026-06-08,Zachary Svajda,62.0,875,+179,40.0,,2026-08-22
2026-06-08,Zachary Svajda,62.0,875,+179,40.0,,2026-08-22
2026-05-25,Zachary Svajda,85.0,696,-,21.0,,2026-08-22
2026-05-25,Zachary Svajda,85.0,696,-,21.0,,2026-08-22
2026-05-18,Zachary Svajda,85.0,696,+30,,,2026-08-22
2026-05-18,Zachary Svajda,85.0,696,+30,,,2026-08-22
2026-05-04,Zachary Svajda,90.0,666,-,,,2026-08-22
2026-05-04,Zachary Svajda,90.0,666,-,,,2026-08-22
2026-04-20,Zachary Svajda,88.0,666,-8,,,2026-08-22
2026-04-20,Zachary Svajda,88.0,666,-8,,,2026-08-22
2026-04-13,Zachary Svajda,84.0,674,-,8.0,,2026-08-22
2026-04-13,Zachary Svajda,84.0,674,-,8.0,,2026-08-22
2026-04-06,Zachary Svajda,84.0,674,-,,,2026-08-22
2026-04-06,Zachary Svajda,84.0,674,-,,,2026-08-22
2026-03-30,Zachary Svajda,82.0,674,+30,,,2026-08-22
2026-03-30,Zachary Svajda,82.0,674,+30,,,2026-08-22
2026-03-16,Zachary Svajda,96.0,644,+30,,,2026-08-22
2026-03-16,Zachary Svajda,96.0,644,+30,,,2026-08-22
2026-03-02,Zachary Svajda,99.0,614,+13,,,2026-08-22
2026-02-23,Zachary Svajda,98.0,601,+38,,,2026-08-22
2026-02-16,Zachary Svajda,106.0,563,+12,,,2026-08-22
2026-02-09,Zachary Svajda,110.0,551,-,13.0,,2026-08-22
2026-02-02,Zachary Svajda,109.0,551,+120,,,2026-08-22
2026-01-19,Zachary Svajda,143.0,431,-,20.0,,2026-08-22
2026-01-12,Zachary Svajda,143.0,431,-,,,2026-08-22
2026-01-05,Zachary Svajda,142.0,431,-,,,2026-08-22
2025-12-29,Zachary Svajda,143.0,431,-,,,2026-08-22
2025-12-22,Zachary Svajda,143.0,431,-,,,2026-08-22
2025-12-15,Zachary Svajda,143.0,431,-,,,2026-08-22
2025-12-08,Zachary Svajda,143.0,431,-,,,2026-08-22
2025-12-01,Zachary Svajda,143.0,431,-,,,2026-08-22
2025-11-24,Zachary Svajda,142.0,431,-,,,2026-08-22
2025-11-17,Zachary Svajda,141.0,431,-,,,2026-08-22
2025-11-10,Zachary Svajda,143.0,431,-6,,,2026-08-22
2025-11-03,Zachary Svajda,142.0,437,-,6.0,,2026-08-22
2025-10-27,Zachary Svajda,143.0,437,-6,,,2026-08-22
2025-10-20,Zachary Svajda,145.0,443,-,6.0,,2026-08-22
2025-10-13,Zachary Svajda,146.0,443,-58,,,2026-08-22
,A G Purnell,,,,,,2026-08-22
,Andrew Park,,,,,,2026-08-22
,Garth Omaley,,,,,,2026-08-22
,Hakar Zahr,,,,,,2026-08-22
,Janos Benyik,,,,,,2026-08-22
,John Haak,,,,,,2026-08-22
,John Mcdonald,,,,,,2026-08-22
,Phil Gunning,,,,,,2026-08-22
,Rocky Royer,,,,,,2026-08-22
,Ross Walker,,,,,,2026-08-22
,Sergio Ribeiro,,,,,,2026-08-22
,Stephen Warboys,,,,,,2026-08-22
,Alistair Hunt,,,,,,2026-08-22
,Eric Quigley,,,,,,2026-08-22
,Gerry Perry,,,,,,2026-08-22
,Jim Pugh,,,,,,2026-08-22
,Jonathan Marray,,,,,,2026-08-22
2026-08-10,Juan Pablo Ficovich,350.0,153,-,22.0,,2026-08-22
2026-08-03,Juan Pablo Ficovich,341.0,153,-50,,,2026-08-22
2026-07-27,Juan Pablo Ficovich,273.0,203,-,50.0,,2026-08-22
2026-06-29,Juan Pablo Ficovich,197.0,291,-,38.0,,2026-08-22
2026-06-29,Juan Pablo Ficovich,197.0,291,-,38.0,,2026-08-22
2026-06-29,Juan Pablo Ficovich,197.0,291,-,38.0,,2026-08-22
2026-06-22,Juan Pablo Ficovich,198.0,291,-,,,2026-08-22
2026-06-22,Juan Pablo Ficovich,198.0,291,-,,,2026-08-22
2026-06-15,Juan Pablo Ficovich,198.0,291,+7,,,2026-08-22
2026-06-15,Juan Pablo Ficovich,198.0,291,+7,,,2026-08-22
2026-05-25,Juan Pablo Ficovich,200.0,284,-,,,2026-08-22
2026-05-25,Juan Pablo Ficovich,200.0,284,-,,,2026-08-22
2026-04-13,Juan Pablo Ficovich,190.0,306,+8,22.0,,2026-08-22
2026-04-13,Juan Pablo Ficovich,190.0,306,+8,22.0,,2026-08-22
2026-04-06,Juan Pablo Ficovich,195.0,298,-,,,2026-08-22
2026-04-06,Juan Pablo Ficovich,195.0,298,-,,,2026-08-22
2026-03-30,Juan Pablo Ficovich,198.0,298,+12,12.0,,2026-08-22
2026-03-30,Juan Pablo Ficovich,198.0,298,+12,12.0,,2026-08-22
2026-03-02,Juan Pablo Ficovich,186.0,330,-13,44.0,,2026-08-22
2026-02-23,Juan Pablo Ficovich,178.0,343,+12,13.0,,2026-08-22
2026-02-16,Juan Pablo Ficovich,183.0,331,-,,,2026-08-22
2026-02-09,Juan Pablo Ficovich,182.0,331,-16,,,2026-08-22
2026-02-02,Juan Pablo Ficovich,172.0,347,-22,16.0,,2026-08-22
2026-01-19,Juan Pablo Ficovich,161.0,369,-,22.0,,2026-08-22
2026-01-12,Juan Pablo Ficovich,161.0,369,-,,,2026-08-22
2026-01-05,Juan Pablo Ficovich,159.0,369,-,,,2026-08-22
2025-12-29,Juan Pablo Ficovich,161.0,369,-,,,2026-08-22
2025-12-22,Juan Pablo Ficovich,161.0,369,-,,,2026-08-22
2025-12-15,Juan Pablo Ficovich,161.0,369,-,,,2026-08-22
2025-12-08,Juan Pablo Ficovich,161.0,369,-,,,2026-08-22
2025-12-01,Juan Pablo Ficovich,161.0,369,+22,,,2026-08-22
2025-11-24,Juan Pablo Ficovich,169.0,347,-6,,,2026-08-22
2025-11-17,Juan Pablo Ficovich,164.0,353,-,6.0,,2026-08-22
2025-11-10,Juan Pablo Ficovich,165.0,353,-,,,2026-08-22
2025-11-03,Juan Pablo Ficovich,164.0,353,-,,,2026-08-22
2025-10-27,Juan Pablo Ficovich,164.0,353,-7,,,2026-08-22
2025-10-20,Juan Pablo Ficovich,162.0,360,-50,7.0,,2026-08-22
2025-10-13,Juan Pablo Ficovich,152.0,410,+6,50.0,,2026-08-22
,Marcel Granollers,,,,,,2026-08-22
,Noam Behr,,,,,,2026-08-22
,Olivier Malcor,,,,,,2026-08-22
,Alcides Procopio Jr,,,,,,2026-08-22
,Alejandro Harms,,,,,,2026-08-22
,Boris Breskvar,,,,,,2026-08-22
,Don Thompson,,,,,,2026-08-22
,Javier Marti,,,,,,2026-08-22
,John Lockington,,,,,,2026-08-22
,Jose Manuel Dominguez,,,,,,2026-08-22
,Levar Harper Griffith,,,,,,2026-08-22
,R Elangovan,,,,,,2026-08-22
,Robert Baumgartner,,,,,,2026-08-22
,Rodney Kop,,,,,,2026-08-22
,Tokio Nishiwaki,,,,,,2026-08-22
,Alun Jones,,,,,,2026-08-22
2026-08-10,Dmitry Popko,673.0,52,-,,,2026-08-22
2026-08-03,Dmitry Popko,666.0,52,-6,,,2026-08-22
2026-07-27,Dmitry Popko,625.0,58,-,6.0,,2026-08-22
,Greg Rusedski,,,,,,2026-08-22
,Haroon Ismail,,,,,,2026-08-22
,Janko Tipsarevic,,,,,,2026-08-22
,Jurgen Melzer,,,,,,2026-08-22
2026-08-10,Lorenzo Giustino,195.0,290,+7,25.0,7.0,2026-08-22
2026-08-10,Lorenzo Giustino,195.0,290,+7,25.0,7.0,2026-08-22
2026-08-10,Lorenzo Giustino,195.0,290,+7,25.0,7.0,2026-08-22
2026-08-10,Lorenzo Giustino,195.0,290,+7,25.0,7.0,2026-08-22
2026-08-03,Lorenzo Giustino,198.0,283,-,,,2026-08-22
2026-08-03,Lorenzo Giustino,198.0,283,-,,,2026-08-22
2026-08-03,Lorenzo Giustino,198.0,283,-,,,2026-08-22
2026-08-03,Lorenzo Giustino,198.0,283,-,,,2026-08-22
2026-07-27,Lorenzo Giustino,201.0,283,-,,,2026-08-22
2026-07-13,Lorenzo Giustino,196.0,283,+32,,,2026-08-22
2026-07-13,Lorenzo Giustino,196.0,283,+32,,,2026-08-22
2026-07-13,Lorenzo Giustino,196.0,283,+32,,,2026-08-22
,Michael Fancutt,,,,,,2026-08-22
,Potito Starace,,,,,,2026-08-22
,Rayane Roumane,,,,,,2026-08-22
,Rodney Harmon,,,,,,2026-08-22
,Stuart Bale,,,,,,2026-08-22
,Basil Bucknell,,,,,,2026-08-22
,Clive Wilderspin,,,,,,2026-08-22
,Clyde Witt,,,,,,2026-08-22
,Eugene Mccabe,,,,,,2026-08-22
,F Wrathrall,,,,,,2026-08-22
,Hannes Muehlenburg,,,,,,2026-08-22
,Igor Levine,,,,,,2026-08-22
,John De Mendoza,,,,,,2026-08-22
,Juan Herrera,,,,,,2026-08-22
,Juan Luis Tati Rascon,,,,,,2026-08-22
,Martin Vaisse,,,,,,2026-08-22
,P Neck,,,,,,2026-08-22
,Pedro Langre,,,,,,2026-08-22
,Rick Chase,,,,,,2026-08-22
,Roger Ashcroft,,,,,,2026-08-22
,Salvador Cabeza,,,,,,2026-08-22
,Thibault Kuentz,,,,,,2026-08-22
,Thierry Grin,,,,,,2026-08-22
,U Spinelli,,,,,,2026-08-22
,Zoltan Ilin,,,,,,2026-08-22
,Adrian Ungur,,,,,,2026-08-22
2026-08-10,Andrea Collarini,375.0,136,-,,,2026-08-22
2026-08-03,Andrea Collarini,369.0,136,-12,,,2026-08-22
2026-07-27,Andrea Collarini,347.0,148,-8,12.0,,2026-08-22
2026-08-10,Brandon Holt,669.0,53,-,,,2026-08-22
2026-08-03,Brandon Holt,661.0,53,-,,,2026-08-22
2026-07-27,Brandon Holt,658.0,53,-,,,2026-08-22
2026-02-23,Brandon Holt,166.0,368,-50,125.0,,2026-08-22
2026-02-16,Brandon Holt,151.0,418,-35,50.0,,2026-08-22
2026-02-09,Brandon Holt,140.0,453,-25,35.0,,2026-08-22
2026-02-02,Brandon Holt,132.0,478,-75,25.0,,2026-08-22
2026-01-19,Brandon Holt,109.0,553,-,83.0,,2026-08-22
2026-01-12,Brandon Holt,109.0,553,-,,,2026-08-22
2026-01-05,Brandon Holt,109.0,553,-,,,2026-08-22
2025-12-29,Brandon Holt,112.0,553,-6,,,2026-08-22
2025-12-22,Brandon Holt,113.0,559,-,,,2026-08-22
2025-12-15,Brandon Holt,113.0,559,-,,,2026-08-22
2025-12-08,Brandon Holt,113.0,559,-,,,2026-08-22
2025-12-01,Brandon Holt,113.0,559,-,,,2026-08-22
2025-11-24,Brandon Holt,113.0,559,-,,,2026-08-22
2025-11-17,Brandon Holt,113.0,559,-,,,2026-08-22
2025-11-10,Brandon Holt,114.0,559,-,,,2026-08-22
2025-11-03,Brandon Holt,111.0,559,-,,,2026-08-22
2025-10-27,Brandon Holt,109.0,559,-6,,,2026-08-22
2025-10-20,Brandon Holt,109.0,565,+6,12.0,6.0,2026-08-22
2025-10-13,Brandon Holt,112.0,559,-6,,,2026-08-22
2026-08-10,Cameron Norrie,35.0,1345,+90,,,2026-08-22
2026-08-10,Cameron Norrie,35.0,1345,+90,,,2026-08-22
2026-08-10,Cameron Norrie,35.0,1345,+90,,,2026-08-22
2026-08-10,Cameron Norrie,35.0,1345,+90,,,2026-08-22
2026-08-03,Cameron Norrie,37.0,1255,+90,,,2026-08-22
2026-08-03,Cameron Norrie,37.0,1255,+90,,,2026-08-22
2026-08-03,Cameron Norrie,37.0,1255,+90,,,2026-08-22
2026-08-03,Cameron Norrie,37.0,1255,+90,,,2026-08-22
2026-07-27,Cameron Norrie,39.0,1165,-40,,,2026-08-22
2026-07-27,Cameron Norrie,39.0,1165,-40,,,2026-08-22
2026-07-27,Cameron Norrie,39.0,1165,-40,,,2026-08-22
2026-07-27,Cameron Norrie,39.0,1165,-40,,,2026-08-22
2026-07-20,Cameron Norrie,39.0,1205,-,50.0,10.0,2026-08-22
2026-07-20,Cameron Norrie,39.0,1205,-,50.0,10.0,2026-08-22
2026-07-20,Cameron Norrie,39.0,1205,-,50.0,10.0,2026-08-22
2026-07-13,Cameron Norrie,38.0,1205,-390,,,2026-08-22
2026-07-13,Cameron Norrie,38.0,1205,-390,,,2026-08-22
2026-07-13,Cameron Norrie,38.0,1205,-390,,,2026-08-22
2026-06-29,Cameron Norrie,29.0,1595,-,400.0,10.0,2026-08-22
2026-06-29,Cameron Norrie,29.0,1595,-,400.0,10.0,2026-08-22
2026-06-29,Cameron Norrie,29.0,1595,-,400.0,10.0,2026-08-22
2026-06-22,Cameron Norrie,29.0,1595,-,,,2026-08-22
2026-06-22,Cameron Norrie,29.0,1595,-,,,2026-08-22
2026-06-15,Cameron Norrie,29.0,1595,-,,,2026-08-22
2026-06-15,Cameron Norrie,29.0,1595,-,,,2026-08-22
2026-06-08,Cameron Norrie,29.0,1595,-190,,,2026-08-22
2026-06-08,Cameron Norrie,29.0,1595,-190,,,2026-08-22
2026-05-25,Cameron Norrie,24.0,1785,-103,200.0,10.0,2026-08-22
2026-05-25,Cameron Norrie,24.0,1785,-103,200.0,10.0,2026-08-22
2026-05-18,Cameron Norrie,22.0,1888,-30,113.0,10.0,2026-08-22
2026-05-18,Cameron Norrie,22.0,1888,-30,113.0,10.0,2026-08-22
2026-05-04,Cameron Norrie,19.0,1918,+50,40.0,10.0,2026-08-22
2026-05-04,Cameron Norrie,19.0,1918,+50,40.0,10.0,2026-08-22
2026-04-20,Cameron Norrie,23.0,1868,+90,50.0,10.0,2026-08-22
2026-04-20,Cameron Norrie,23.0,1868,+90,50.0,10.0,2026-08-22
2026-04-13,Cameron Norrie,24.0,1778,+25,,,2026-08-22
2026-04-13,Cameron Norrie,24.0,1778,+25,,,2026-08-22
2026-04-06,Cameron Norrie,24.0,1753,-,,,2026-08-22
2026-04-06,Cameron Norrie,24.0,1753,-,,,2026-08-22
2026-03-30,Cameron Norrie,24.0,1753,-,,,2026-08-22
2026-03-30,Cameron Norrie,24.0,1753,-,,,2026-08-22
2026-03-16,Cameron Norrie,24.0,1753,+150,,,2026-08-22
2026-03-16,Cameron Norrie,24.0,1753,+150,,,2026-08-22
2026-03-02,Cameron Norrie,29.0,1603,-,50.0,10.0,2026-08-22
2026-02-23,Cameron Norrie,26.0,1603,-,,,2026-08-22
2026-02-16,Cameron Norrie,27.0,1603,-,,,2026-08-22
2026-02-09,Cameron Norrie,26.0,1603,-40,50.0,10.0,2026-08-22
2026-02-02,Cameron Norrie,26.0,1643,+90,50.0,10.0,2026-08-22
2026-01-19,Cameron Norrie,27.0,1553,+15,10.0,10.0,2026-08-22
2026-01-12,Cameron Norrie,28.0,1538,+15,,,2026-08-22
2026-01-05,Cameron Norrie,28.0,1523,-40,,,2026-08-22
2025-12-29,Cameron Norrie,27.0,1563,-10,50.0,10.0,2026-08-22
2025-12-22,Cameron Norrie,27.0,1573,-,,,2026-08-22
2025-12-15,Cameron Norrie,27.0,1573,-,,,2026-08-22
2025-12-08,Cameron Norrie,27.0,1573,-,,,2026-08-22
2025-12-01,Cameron Norrie,27.0,1573,-,,,2026-08-22
2025-11-24,Cameron Norrie,27.0,1573,-,,,2026-08-22
2025-11-17,Cameron Norrie,27.0,1573,-,,,2026-08-22
2025-11-10,Cameron Norrie,27.0,1573,-,,,2026-08-22
2025-11-03,Cameron Norrie,27.0,1573,+90,165.0,10.0,2026-08-22
2025-10-27,Cameron Norrie,31.0,1483,+50,,,2026-08-22
2025-10-20,Cameron Norrie,35.0,1433,-,,,2026-08-22
2025-10-13,Cameron Norrie,33.0,1433,+36,,,2026-08-22
,Collin Altamirano,,,,,,2026-08-22
2026-08-10,Duncan Chan,486.0,93,+30,1.0,,2026-08-22
2026-08-03,Duncan Chan,606.0,63,-,,,2026-08-22
2026-07-27,Duncan Chan,601.0,63,+10,,,2026-08-22
,Jacob Adaktusson,,,,,,2026-08-22
,Marinko Matosevic,,,,,,2026-08-22
2026-08-10,Strong Kirchheimer,638.0,58,-,11.0,2.0,2026-08-22
2026-08-03,Strong Kirchheimer,631.0,58,-,,,2026-08-22
2026-07-27,Strong Kirchheimer,629.0,58,-,,,2026-08-22
,Andrew Rae,,,,,,2026-08-22
,Bien Dimalanta,,,,,,2026-08-22
,Denis Naegelen,,,,,,2026-08-22
,Ewie Cronje,,,,,,2026-08-22
,Francesco Giordano,,,,,,2026-08-22
,G Sharpe,,,,,,2026-08-22
,Javier Soler,,,,,,2026-08-22
,Jeff Davis,,,,,,2026-08-22
,Julio Van Kerckhoven,,,,,,2026-08-22
,Paul Thompson,,,,,,2026-08-22
,R Hunt,,,,,,2026-08-22
,Stephen Myers,,,,,,2026-08-22
,William Koo,,,,,,2026-08-22
,Andy Zingman,,,,,,2026-08-22
2026-08-10,Clement Chidekh,205.0,280,-,,,2026-08-22
2026-08-03,Clement Chidekh,202.0,280,-,,,2026-08-22
2026-07-27,Clement Chidekh,204.0,280,+11,8.0,1.0,2026-08-22
2026-06-15,Clement Chidekh,200.0,290,-,16.0,3.0,2026-08-22
2026-06-15,Clement Chidekh,200.0,290,-,16.0,3.0,2026-08-22
2026-06-08,Clement Chidekh,200.0,290,-45,,,2026-08-22
2026-06-08,Clement Chidekh,200.0,290,-45,,,2026-08-22
2026-05-25,Clement Chidekh,177.0,335,-4,50.0,3.0,2026-08-22
2026-05-25,Clement Chidekh,177.0,335,-4,50.0,3.0,2026-08-22
2026-05-18,Clement Chidekh,177.0,339,+3,7.0,3.0,2026-08-22
2026-05-18,Clement Chidekh,177.0,339,+3,7.0,3.0,2026-08-22
2026-05-04,Clement Chidekh,181.0,336,-2,,,2026-08-22
2026-05-04,Clement Chidekh,181.0,336,-2,,,2026-08-22
2026-04-20,Clement Chidekh,179.0,338,-1,8.0,3.0,2026-08-22
2026-04-20,Clement Chidekh,179.0,338,-1,8.0,3.0,2026-08-22
2026-04-13,Clement Chidekh,176.0,339,+5,4.0,3.0,2026-08-22
2026-04-13,Clement Chidekh,176.0,339,+5,4.0,3.0,2026-08-22
2026-04-06,Clement Chidekh,179.0,334,-,,,2026-08-22
2026-04-06,Clement Chidekh,179.0,334,-,,,2026-08-22
2026-03-30,Clement Chidekh,181.0,334,-,,,2026-08-22
2026-03-30,Clement Chidekh,181.0,334,-,,,2026-08-22
2026-03-16,Clement Chidekh,180.0,334,+4,,,2026-08-22
2026-03-16,Clement Chidekh,180.0,334,+4,,,2026-08-22
2026-03-02,Clement Chidekh,187.0,330,+23,,,2026-08-22
2026-02-23,Clement Chidekh,200.0,307,+15,,,2026-08-22
2026-02-09,Clement Chidekh,198.0,304,+6,13.0,1.0,2026-08-22
2026-01-19,Clement Chidekh,189.0,313,+49,16.0,1.0,2026-08-22
,Davide Scala,,,,,,2026-08-22
,Gianluca Naso,,,,,,2026-08-22
2026-08-10,Harold Mayot,252.0,223,+6,22.0,,2026-08-22
2026-08-03,Harold Mayot,255.0,217,-,,,2026-08-22
2026-07-27,Harold Mayot,255.0,217,-48,,,2026-08-22
2026-07-13,Harold Mayot,200.0,281,-3,16.0,,2026-08-22
2026-07-13,Harold Mayot,200.0,281,-3,16.0,,2026-08-22
2026-07-13,Harold Mayot,200.0,281,-3,16.0,,2026-08-22
2026-06-29,Harold Mayot,199.0,284,-,11.0,,2026-08-22
2026-06-29,Harold Mayot,199.0,284,-,11.0,,2026-08-22
2026-06-29,Harold Mayot,199.0,284,-,11.0,,2026-08-22
2026-04-20,Harold Mayot,183.0,328,-,50.0,,2026-08-22
2026-04-20,Harold Mayot,183.0,328,-,50.0,,2026-08-22
2026-04-13,Harold Mayot,183.0,328,-,,,2026-08-22
2026-04-13,Harold Mayot,183.0,328,-,,,2026-08-22
2026-04-06,Harold Mayot,185.0,328,-7,,,2026-08-22
2026-04-06,Harold Mayot,185.0,328,-7,,,2026-08-22
2026-03-30,Harold Mayot,180.0,335,-12,7.0,,2026-08-22
2026-03-30,Harold Mayot,180.0,335,-12,7.0,,2026-08-22
2026-03-16,Harold Mayot,172.0,347,-,12.0,,2026-08-22
2026-03-16,Harold Mayot,172.0,347,-,12.0,,2026-08-22
2026-03-02,Harold Mayot,178.0,347,-,,,2026-08-22
2026-02-23,Harold Mayot,177.0,347,-8,,,2026-08-22
2026-02-16,Harold Mayot,174.0,355,-,8.0,,2026-08-22
2026-02-09,Harold Mayot,168.0,355,-25,,,2026-08-22
2026-02-02,Harold Mayot,156.0,380,-,25.0,,2026-08-22
2026-01-19,Harold Mayot,159.0,380,-,,,2026-08-22
2026-01-12,Harold Mayot,159.0,380,+35,,,2026-08-22
2026-01-05,Harold Mayot,167.0,345,-16,,,2026-08-22
2025-12-29,Harold Mayot,163.0,361,-,16.0,,2026-08-22
2025-12-22,Harold Mayot,163.0,361,-,,,2026-08-22
2025-12-15,Harold Mayot,163.0,361,-,,,2026-08-22
2025-12-08,Harold Mayot,163.0,361,-,,,2026-08-22
2025-12-01,Harold Mayot,163.0,361,-,,,2026-08-22
2025-11-24,Harold Mayot,163.0,361,-,,,2026-08-22
2025-11-17,Harold Mayot,162.0,361,-6,,,2026-08-22
2025-11-10,Harold Mayot,163.0,367,-,6.0,,2026-08-22
2025-11-03,Harold Mayot,162.0,367,-,,,2026-08-22
2025-10-27,Harold Mayot,159.0,367,+44,,,2026-08-22
2025-10-20,Harold Mayot,175.0,323,+12,,,2026-08-22
2025-10-13,Harold Mayot,182.0,311,-15,,,2026-08-22
,Hugo Nunez,,,,,,2026-08-22
,Ivan Dodig,,,,,,2026-08-22
,James Greenhalgh,,,,,,2026-08-22
,Lester Cook,,,,,,2026-08-22
,Michael Westphal,,,,,,2026-08-22
2026-08-10,Sebastian Baez,53.0,1005,+5,30.0,13.0,2026-08-22
2026-08-10,Sebastian Baez,53.0,1005,+5,30.0,13.0,2026-08-22
2026-08-10,Sebastian Baez,53.0,1005,+5,30.0,13.0,2026-08-22
2026-08-10,Sebastian Baez,53.0,1005,+5,30.0,13.0,2026-08-22
2026-08-03,Sebastian Baez,48.0,1000,+25,,,2026-08-22
2026-08-03,Sebastian Baez,48.0,1000,+25,,,2026-08-22
2026-08-03,Sebastian Baez,48.0,1000,+25,,,2026-08-22
2026-08-03,Sebastian Baez,48.0,1000,+25,,,2026-08-22
2026-07-27,Sebastian Baez,53.0,975,+25,,,2026-08-22
2026-07-27,Sebastian Baez,53.0,975,+25,,,2026-08-22
2026-07-27,Sebastian Baez,53.0,975,+25,,,2026-08-22
2026-07-27,Sebastian Baez,53.0,975,+25,,,2026-08-22
2026-07-20,Sebastian Baez,56.0,950,+15,,,2026-08-22
2026-07-20,Sebastian Baez,56.0,950,+15,,,2026-08-22
2026-07-20,Sebastian Baez,56.0,950,+15,,,2026-08-22
2026-07-13,Sebastian Baez,56.0,935,-,50.0,25.0,2026-08-22
2026-07-13,Sebastian Baez,56.0,935,-,50.0,25.0,2026-08-22
2026-07-13,Sebastian Baez,56.0,935,-,50.0,25.0,2026-08-22
2026-06-29,Sebastian Baez,57.0,935,-,10.0,25.0,2026-08-22
2026-06-29,Sebastian Baez,57.0,935,-,10.0,25.0,2026-08-22
2026-06-29,Sebastian Baez,57.0,935,-,10.0,25.0,2026-08-22
2026-06-22,Sebastian Baez,56.0,935,-,,,2026-08-22
2026-06-22,Sebastian Baez,56.0,935,-,,,2026-08-22
2026-06-15,Sebastian Baez,57.0,935,-,,,2026-08-22
2026-06-15,Sebastian Baez,57.0,935,-,,,2026-08-22
2026-06-08,Sebastian Baez,56.0,935,+75,,,2026-08-22
2026-06-08,Sebastian Baez,56.0,935,+75,,,2026-08-22
2026-05-25,Sebastian Baez,64.0,860,-,10.0,13.0,2026-08-22
2026-05-25,Sebastian Baez,64.0,860,-,10.0,13.0,2026-08-22
2026-05-18,Sebastian Baez,62.0,860,+20,,,2026-08-22
2026-05-18,Sebastian Baez,62.0,860,+20,,,2026-08-22
2026-05-04,Sebastian Baez,65.0,840,-,,,2026-08-22
2026-05-04,Sebastian Baez,65.0,840,-,,,2026-08-22
2026-04-20,Sebastian Baez,64.0,840,-40,10.0,10.0,2026-08-22
2026-04-20,Sebastian Baez,64.0,840,-40,10.0,10.0,2026-08-22
2026-04-13,Sebastian Baez,57.0,880,+40,50.0,10.0,2026-08-22
2026-04-13,Sebastian Baez,57.0,880,+40,50.0,10.0,2026-08-22
2026-04-06,Sebastian Baez,65.0,840,-140,,,2026-08-22
2026-04-06,Sebastian Baez,65.0,840,-140,,,2026-08-22
2026-03-30,Sebastian Baez,50.0,980,-,165.0,10.0,2026-08-22
2026-03-30,Sebastian Baez,50.0,980,-,165.0,10.0,2026-08-22
2026-03-16,Sebastian Baez,52.0,980,+40,10.0,10.0,2026-08-22
2026-03-16,Sebastian Baez,52.0,980,+40,10.0,10.0,2026-08-22
2026-03-02,Sebastian Baez,53.0,940,-65,10.0,10.0,2026-08-22
2026-02-23,Sebastian Baez,52.0,1005,-490,165.0,10.0,2026-08-22
2026-02-16,Sebastian Baez,32.0,1495,+75,500.0,10.0,2026-08-22
2026-02-09,Sebastian Baez,34.0,1420,-10,25.0,10.0,2026-08-22
2026-02-02,Sebastian Baez,35.0,1430,+40,35.0,25.0,2026-08-22
2026-01-19,Sebastian Baez,36.0,1390,+140,10.0,25.0,2026-08-22
2026-01-12,Sebastian Baez,39.0,1250,+105,,,2026-08-22
2026-01-05,Sebastian Baez,43.0,1145,-,,,2026-08-22
2025-12-29,Sebastian Baez,45.0,1145,-10,,,2026-08-22
2025-12-22,Sebastian Baez,45.0,1155,-,,,2026-08-22
2025-12-15,Sebastian Baez,45.0,1155,-,,,2026-08-22
2025-12-08,Sebastian Baez,45.0,1155,-,,,2026-08-22
2025-12-01,Sebastian Baez,45.0,1155,-,,,2026-08-22
2025-11-24,Sebastian Baez,45.0,1155,-,,,2026-08-22
2025-11-17,Sebastian Baez,45.0,1155,-,,,2026-08-22
2025-11-10,Sebastian Baez,45.0,1155,-,,,2026-08-22
2025-11-03,Sebastian Baez,45.0,1155,-,,,2026-08-22
2025-10-27,Sebastian Baez,43.0,1155,-,10.0,10.0,2026-08-22
2025-10-20,Sebastian Baez,43.0,1155,-,,,2026-08-22
2025-10-13,Sebastian Baez,44.0,1155,+20,,,2026-08-22
,Abdel Ghani,,,,,,2026-08-22
,Bill Bond,,,,,,2026-08-22
,Bill Strei,,,,,,2026-08-22
,C Ryan,,,,,,2026-08-22
,E Neemati,,,,,,2026-08-22
,Ernest Cox,,,,,,2026-08-22
,Gaylard Dunn,,,,,,2026-08-22
,Helmut Beermann,,,,,,2026-08-22
,Hubertus Hoyt,,,,,,2026-08-22
,Jeff Young,,,,,,2026-08-22
,John Stephens,,,,,,2026-08-22
,Jose Miguel Ayala,,,,,,2026-08-22
,Kevin Kerns,,,,,,2026-08-22
,Leonzio Collas,,,,,,2026-08-22
,Luis Riba,,,,,,2026-08-22
,Morton Stern,,,,,,2026-08-22
,P Mortoire,,,,,,2026-08-22
,Paolo Lazzari,,,,,,2026-08-22
,Rauty Krog,,,,,,2026-08-22
,Steve Le Roux,,,,,,2026-08-22
,Takesji Tsujimoto,,,,,,2026-08-22
,Unknown Stern,,,,,,2026-08-22
,Andreas Seppi,,,,,,2026-08-22
,Bernard Mitton,,,,,,2026-08-22
,Bob Carmichael,,,,,,2026-08-22
,Daniel Nestor,,,,,,2026-08-22
,David Macpherson,,,,,,2026-08-22
,David Nainkin,,,,,,2026-08-22
,Flavio Saretta,,,,,,2026-08-22
,Herve Gauvain,,,,,,2026-08-22
,Jan Siemerink,,,,,,2026-08-22
,Jeff Klaparda,,,,,,2026-08-22
,Peter Rennert,,,,,,2026-08-22
,Rikard Bergh,,,,,,2026-08-22
,Rolf Gehring,,,,,,2026-08-22
,Steve Cornell,,,,,,2026-08-22
2026-08-10,Titouan Droguet,111.0,594,+62,,,2026-08-22
2026-08-10,Titouan Droguet,111.0,594,+62,,,2026-08-22
2026-08-10,Titouan Droguet,111.0,594,+62,,,2026-08-22
2026-08-10,Titouan Droguet,111.0,594,+62,,,2026-08-22
2026-08-03,Titouan Droguet,119.0,532,-,,,2026-08-22
2026-08-03,Titouan Droguet,119.0,532,-,,,2026-08-22
2026-08-03,Titouan Droguet,119.0,532,-,,,2026-08-22
2026-08-03,Titouan Droguet,119.0,532,-,,,2026-08-22
2026-07-27,Titouan Droguet,119.0,532,-38,,,2026-08-22
2026-07-27,Titouan Droguet,119.0,532,-38,,,2026-08-22
2026-07-27,Titouan Droguet,119.0,532,-38,,,2026-08-22
2026-07-27,Titouan Droguet,119.0,532,-38,,,2026-08-22
2026-07-20,Titouan Droguet,114.0,570,+42,63.0,8.0,2026-08-22
2026-07-20,Titouan Droguet,114.0,570,+42,63.0,8.0,2026-08-22
2026-07-20,Titouan Droguet,114.0,570,+42,63.0,8.0,2026-08-22
2026-07-13,Titouan Droguet,119.0,528,-6,,,2026-08-22
2026-07-13,Titouan Droguet,119.0,528,-6,,,2026-08-22
2026-07-13,Titouan Droguet,119.0,528,-6,,,2026-08-22
2026-06-29,Titouan Droguet,116.0,534,-,66.0,14.0,2026-08-22
2026-06-29,Titouan Droguet,116.0,534,-,66.0,14.0,2026-08-22
2026-06-29,Titouan Droguet,116.0,534,-,66.0,14.0,2026-08-22
2026-06-22,Titouan Droguet,115.0,534,-28,,,2026-08-22
2026-06-22,Titouan Droguet,115.0,534,-28,,,2026-08-22
2026-06-15,Titouan Droguet,112.0,562,-,50.0,7.0,2026-08-22
2026-06-15,Titouan Droguet,112.0,562,-,50.0,7.0,2026-08-22
2026-06-08,Titouan Droguet,111.0,562,-16,,,2026-08-22
2026-06-08,Titouan Droguet,111.0,562,-16,,,2026-08-22
2026-05-25,Titouan Droguet,107.0,578,-,16.0,7.0,2026-08-22
2026-05-25,Titouan Droguet,107.0,578,-,16.0,7.0,2026-08-22
2026-05-18,Titouan Droguet,110.0,578,-16,,,2026-08-22
2026-05-18,Titouan Droguet,110.0,578,-16,,,2026-08-22
2026-05-04,Titouan Droguet,109.0,594,+23,44.0,7.0,2026-08-22
2026-05-04,Titouan Droguet,109.0,594,+23,44.0,7.0,2026-08-22
2026-04-20,Titouan Droguet,113.0,571,-,,,2026-08-22
2026-04-20,Titouan Droguet,113.0,571,-,,,2026-08-22
2026-04-13,Titouan Droguet,114.0,571,-,,,2026-08-22
2026-04-13,Titouan Droguet,114.0,571,-,,,2026-08-22
2026-04-06,Titouan Droguet,114.0,571,+43,,,2026-08-22
2026-04-06,Titouan Droguet,114.0,571,+43,,,2026-08-22
2026-03-30,Titouan Droguet,122.0,528,-,7.0,6.0,2026-08-22
2026-03-30,Titouan Droguet,122.0,528,-,7.0,6.0,2026-08-22
2026-03-16,Titouan Droguet,124.0,528,-,,,2026-08-22
2026-03-16,Titouan Droguet,124.0,528,-,,,2026-08-22
2026-03-02,Titouan Droguet,124.0,528,+8,,,2026-08-22
2026-02-23,Titouan Droguet,122.0,520,+10,,,2026-08-22
2026-02-16,Titouan Droguet,120.0,510,-,,,2026-08-22
2026-02-09,Titouan Droguet,120.0,510,+107,,,2026-08-22
2026-02-02,Titouan Droguet,150.0,403,-1,,,2026-08-22
2026-01-19,Titouan Droguet,155.0,404,-,31.0,15.0,2026-08-22
2026-01-12,Titouan Droguet,155.0,404,-,,,2026-08-22
2026-01-05,Titouan Droguet,152.0,404,-,,,2026-08-22
2025-12-29,Titouan Droguet,153.0,404,-6,,,2026-08-22
2025-12-22,Titouan Droguet,149.0,410,-,,,2026-08-22
2025-12-15,Titouan Droguet,149.0,410,-,,,2026-08-22
2025-12-08,Titouan Droguet,149.0,410,-,,,2026-08-22
2025-12-01,Titouan Droguet,149.0,410,-,,,2026-08-22
2025-11-24,Titouan Droguet,150.0,410,-,,,2026-08-22
2025-11-17,Titouan Droguet,147.0,410,-,,,2026-08-22
2025-11-10,Titouan Droguet,150.0,410,-1,,,2026-08-22
2025-11-03,Titouan Droguet,150.0,411,+63,7.0,6.0,2026-08-22
2025-10-27,Titouan Droguet,165.0,348,-,,,2026-08-22
2025-10-20,Titouan Droguet,164.0,348,+1,,,2026-08-22
2025-10-13,Titouan Droguet,165.0,347,+5,,,2026-08-22
,Victor Pecci,,,,,,2026-08-22
,Yann Marti,,,,,,2026-08-22
,A Simmons,,,,,,2026-08-22
,Antonio Barranco,,,,,,2026-08-22
,Dawid Olejniczak,,,,,,2026-08-22
,Dick Horowitz,,,,,,2026-08-22
,Donald Fontana,,,,,,2026-08-22
,Eduardo Cisneros,,,,,,2026-08-22
,Emanuel Rasberger,,,,,,2026-08-22
,Florian Merkel,,,,,,2026-08-22
,Fried Schmitz,,,,,,2026-08-22
,G Harris,,,,,,2026-08-22
,Glen Mullins,,,,,,2026-08-22
,Harry Brittain,,,,,,2026-08-22
,Jim Ryan,,,,,,2026-08-22
,P Frymann,,,,,,2026-08-22
,Ramon Blanco,,,,,,2026-08-22
,Rick Evans,,,,,,2026-08-22
,Sean Cole,,,,,,2026-08-22
,Thedy Stalder,,,,,,2026-08-22
,U Suwito,,,,,,2026-08-22
,Vadim Davletshin,,,,,,2026-08-22
2026-08-10,Alexander Bublik,13.0,2525,-10,,,2026-08-22
2026-08-10,Alexander Bublik,13.0,2525,-10,,,2026-08-22
2026-08-10,Alexander Bublik,13.0,2525,-10,,,2026-08-22
2026-08-10,Alexander Bublik,13.0,2525,-10,,,2026-08-22
2026-08-03,Alexander Bublik,11.0,2535,+10,,,2026-08-22
2026-08-03,Alexander Bublik,11.0,2535,+10,,,2026-08-22
2026-08-03,Alexander Bublik,11.0,2535,+10,,,2026-08-22
2026-08-03,Alexander Bublik,11.0,2535,+10,,,2026-08-22
2026-07-27,Alexander Bublik,11.0,2525,-85,,,2026-08-22
2026-07-27,Alexander Bublik,11.0,2525,-85,,,2026-08-22
2026-07-27,Alexander Bublik,11.0,2525,-85,,,2026-08-22
2026-07-27,Alexander Bublik,11.0,2525,-85,,,2026-08-22
2026-07-20,Alexander Bublik,11.0,2610,-200,250.0,10.0,2026-08-22
2026-07-20,Alexander Bublik,11.0,2610,-200,250.0,10.0,2026-08-22
2026-07-20,Alexander Bublik,11.0,2610,-200,250.0,10.0,2026-08-22
2026-07-13,Alexander Bublik,11.0,2810,+190,250.0,50.0,2026-08-22
2026-07-13,Alexander Bublik,11.0,2810,+190,250.0,50.0,2026-08-22
2026-07-13,Alexander Bublik,11.0,2810,+190,250.0,50.0,2026-08-22
2026-06-29,Alexander Bublik,11.0,2620,-,10.0,50.0,2026-08-22
2026-06-29,Alexander Bublik,11.0,2620,-,10.0,50.0,2026-08-22
2026-06-29,Alexander Bublik,11.0,2620,-,10.0,50.0,2026-08-22
2026-06-22,Alexander Bublik,11.0,2620,-400,,,2026-08-22
2026-06-22,Alexander Bublik,11.0,2620,-400,,,2026-08-22
2026-06-15,Alexander Bublik,11.0,3020,+90,500.0,100.0,2026-08-22
2026-06-15,Alexander Bublik,11.0,3020,+90,500.0,100.0,2026-08-22
2026-06-08,Alexander Bublik,11.0,2930,-390,,,2026-08-22
2026-06-08,Alexander Bublik,11.0,2930,-390,,,2026-08-22
2026-05-25,Alexander Bublik,10.0,3320,+90,400.0,100.0,2026-08-22
2026-05-25,Alexander Bublik,10.0,3320,+90,400.0,100.0,2026-08-22
2026-05-18,Alexander Bublik,10.0,3230,-125,,,2026-08-22
2026-05-18,Alexander Bublik,10.0,3230,-125,,,2026-08-22
2026-05-04,Alexander Bublik,11.0,3355,-90,175.0,100.0,2026-08-22
2026-05-04,Alexander Bublik,11.0,3355,-90,175.0,100.0,2026-08-22
2026-04-20,Alexander Bublik,11.0,3445,-,100.0,100.0,2026-08-22
2026-04-20,Alexander Bublik,11.0,3445,-,100.0,100.0,2026-08-22
2026-04-13,Alexander Bublik,11.0,3445,+100,,,2026-08-22
2026-04-13,Alexander Bublik,11.0,3445,+100,,,2026-08-22
2026-04-06,Alexander Bublik,11.0,3345,-,,,2026-08-22
2026-04-06,Alexander Bublik,11.0,3345,-,,,2026-08-22
2026-03-30,Alexander Bublik,11.0,3345,-40,,,2026-08-22
2026-03-30,Alexander Bublik,11.0,3345,-40,,,2026-08-22
2026-03-16,Alexander Bublik,11.0,3385,-20,,,2026-08-22
2026-03-16,Alexander Bublik,11.0,3385,-20,,,2026-08-22
2026-03-02,Alexander Bublik,10.0,3405,-,90.0,50.0,2026-08-22
2026-02-23,Alexander Bublik,10.0,3405,-,,,2026-08-22
2026-02-16,Alexander Bublik,10.0,3405,+170,,,2026-08-22
2026-02-09,Alexander Bublik,10.0,3235,-,,,2026-08-22
2026-02-02,Alexander Bublik,10.0,3235,+170,,,2026-08-22
2026-01-19,Alexander Bublik,10.0,3065,-,60.0,55.0,2026-08-22
2026-01-12,Alexander Bublik,10.0,3065,+220,,,2026-08-22
2026-01-05,Alexander Bublik,11.0,2845,-,,,2026-08-22
2025-12-29,Alexander Bublik,11.0,2845,-25,,,2026-08-22
2025-12-22,Alexander Bublik,11.0,2870,-,,,2026-08-22
2025-12-15,Alexander Bublik,11.0,2870,-,,,2026-08-22
2025-12-08,Alexander Bublik,11.0,2870,-,,,2026-08-22
2025-12-01,Alexander Bublik,11.0,2870,-,,,2026-08-22
2025-11-24,Alexander Bublik,11.0,2870,-,,,2026-08-22
2025-11-17,Alexander Bublik,11.0,2870,-,,,2026-08-22
2025-11-10,Alexander Bublik,11.0,2870,-,,,2026-08-22
2025-11-03,Alexander Bublik,13.0,2870,+350,,,2026-08-22
2025-10-27,Alexander Bublik,16.0,2520,+90,50.0,25.0,2026-08-22
2025-10-20,Alexander Bublik,16.0,2430,-,,,2026-08-22
2025-10-13,Alexander Bublik,16.0,2430,-15,,,2026-08-22
,Augustin Gensse,,,,,,2026-08-22
2026-08-10,Gianluca Cadenasso,196.0,289,-,3.0,,2026-08-22
2026-08-10,Gianluca Cadenasso,196.0,289,-,3.0,,2026-08-22
2026-08-10,Gianluca Cadenasso,196.0,289,-,3.0,,2026-08-22
2026-08-10,Gianluca Cadenasso,196.0,289,-,3.0,,2026-08-22
2026-08-03,Gianluca Cadenasso,192.0,289,-,,,2026-08-22
2026-08-03,Gianluca Cadenasso,192.0,289,-,,,2026-08-22
2026-08-03,Gianluca Cadenasso,192.0,289,-,,,2026-08-22
2026-08-03,Gianluca Cadenasso,192.0,289,-,,,2026-08-22
2026-07-27,Gianluca Cadenasso,198.0,289,-,,,2026-08-22
2026-07-27,Gianluca Cadenasso,198.0,289,-,,,2026-08-22
2026-07-27,Gianluca Cadenasso,198.0,289,-,,,2026-08-22
2026-07-27,Gianluca Cadenasso,198.0,289,-,,,2026-08-22
2026-07-20,Gianluca Cadenasso,196.0,289,-7,,,2026-08-22
2026-07-20,Gianluca Cadenasso,196.0,289,-7,,,2026-08-22
2026-07-20,Gianluca Cadenasso,196.0,289,-7,,,2026-08-22
2026-07-13,Gianluca Cadenasso,193.0,296,-7,8.0,1.0,2026-08-22
2026-07-13,Gianluca Cadenasso,193.0,296,-7,8.0,1.0,2026-08-22
2026-07-13,Gianluca Cadenasso,193.0,296,-7,8.0,1.0,2026-08-22
2026-06-29,Gianluca Cadenasso,190.0,303,-,8.0,1.0,2026-08-22
2026-06-29,Gianluca Cadenasso,190.0,303,-,8.0,1.0,2026-08-22
2026-06-29,Gianluca Cadenasso,190.0,303,-,8.0,1.0,2026-08-22
2026-06-22,Gianluca Cadenasso,192.0,303,-,,,2026-08-22
2026-06-22,Gianluca Cadenasso,192.0,303,-,,,2026-08-22
2026-06-15,Gianluca Cadenasso,194.0,303,-,,,2026-08-22
2026-06-15,Gianluca Cadenasso,194.0,303,-,,,2026-08-22
2026-06-08,Gianluca Cadenasso,193.0,303,+7,,,2026-08-22
2026-06-08,Gianluca Cadenasso,193.0,303,+7,,,2026-08-22
2026-05-25,Gianluca Cadenasso,196.0,296,-,,,2026-08-22
2026-05-25,Gianluca Cadenasso,196.0,296,-,,,2026-08-22
2026-05-18,Gianluca Cadenasso,197.0,296,-1,,,2026-08-22
2026-05-18,Gianluca Cadenasso,197.0,296,-1,,,2026-08-22
2026-05-04,Gianluca Cadenasso,196.0,297,+54,,,2026-08-22
2026-05-04,Gianluca Cadenasso,196.0,297,+54,,,2026-08-22
,Jamie Baker,,,,,,2026-08-22
,Jan Kroslak,,,,,,2026-08-22
,Kyle Edmund,,,,,,2026-08-22
,Marcel Freeman,,,,,,2026-08-22
,Nelson Aerts,,,,,,2026-08-22
2026-08-10,Oliver Crawford,227.0,247,-,,,2026-08-22
2026-08-03,Oliver Crawford,225.0,247,-,,,2026-08-22
2026-07-27,Oliver Crawford,228.0,247,+10,,,2026-08-22
2026-03-16,Oliver Crawford,196.0,309,-,50.0,13.0,2026-08-22
2026-03-16,Oliver Crawford,196.0,309,-,50.0,13.0,2026-08-22
2026-03-02,Oliver Crawford,196.0,309,-1,,,2026-08-22
2026-02-23,Oliver Crawford,198.0,310,+37,8.0,7.0,2026-08-22
2026-01-05,Oliver Crawford,198.0,293,-,8.0,7.0,2026-08-22
2025-12-29,Oliver Crawford,200.0,293,-7,,,2026-08-22
2025-12-22,Oliver Crawford,199.0,300,-,,,2026-08-22
2025-12-15,Oliver Crawford,199.0,300,-,,,2026-08-22
2025-12-08,Oliver Crawford,199.0,300,-,,,2026-08-22
2025-12-01,Oliver Crawford,199.0,300,-,,,2026-08-22
2025-11-24,Oliver Crawford,196.0,300,-,,,2026-08-22
2025-11-17,Oliver Crawford,192.0,300,-,,,2026-08-22
2025-11-10,Oliver Crawford,193.0,300,+5,,,2026-08-22
2025-11-03,Oliver Crawford,192.0,295,-,,,2026-08-22
2025-10-27,Oliver Crawford,187.0,295,-,,,2026-08-22
2025-10-20,Oliver Crawford,189.0,295,-,,,2026-08-22
2025-10-13,Oliver Crawford,188.0,295,-,,,2026-08-22
,Carlos Junquet,,,,,,2026-08-22
,Claus Glattbach,,,,,,2026-08-22
,Epaminondas Argyriou,,,,,,2026-08-22
,Freddy Field,,,,,,2026-08-22
,Jurek Stasiak,,,,,,2026-08-22
,Larry Cousins,,,,,,2026-08-22
,Leif Johansson,,,,,,2026-08-22
,Mark Lewis,,,,,,2026-08-22
,Phillip Williamson,,,,,,2026-08-22
,Richard Legendre,,,,,,2026-08-22
,Tij Syma,,,,,,2026-08-22
,Unknown Alvarez,,,,,,2026-08-22
,Warren Green,,,,,,2026-08-22
,Willie Walsh,,,,,,2026-08-22
,Carlos Costa,,,,,,2026-08-22
,Evgeny Donskoy,,,,,,2026-08-22
,Juan Aguilera,,,,,,2026-08-22
,Juan Nunez,,,,,,2026-08-22
,Luis Guto Miguel,,,,,,2026-08-22
,Manuel Santana,,,,,,2026-08-22
,Matt Anger,,,,,,2026-08-22
,Nicola Kuhn,,,,,,2026-08-22
,Peter Svensson,,,,,,2026-08-22
,Richard Bloomfield,,,,,,2026-08-22
,Tim Henman,,,,,,2026-08-22
,Alan Frost,,,,,,2026-08-22
,David Collins,,,,,,2026-08-22
,Florian Allgauer,,,,,,2026-08-22
,Gilchrist Berg,,,,,,2026-08-22
,J. Ockenden,,,,,,2026-08-22
,Miguel Oquendo,,,,,,2026-08-22
,Peter Mcgrath,,,,,,2026-08-22
,R Roesner,,,,,,2026-08-22
,Robbie Lissauer,,,,,,2026-08-22
,Ross Olivieri,,,,,,2026-08-22
,Amir Hadad,,,,,,2026-08-22
2026-08-10,Andrej Martin,402.0,123,-,,,2026-08-22
2026-08-03,Andrej Martin,395.0,123,+5,,,2026-08-22
2026-07-27,Andrej Martin,404.0,118,-6,6.0,,2026-08-22
,Conor Niland,,,,,,2026-08-22
,Ivo Klec,,,,,,2026-08-22
,Jean Claude Scherrer,,,,,,2026-08-22
,Johan Kriek,,,,,,2026-08-22
,Patricio Arnold,,,,,,2026-08-22
,Peter Fleming,,,,,,2026-08-22
,Petr Pala,,,,,,2026-08-22
,Robby Ginepri,,,,,,2026-08-22
,Sandon Stolle,,,,,,2026-08-22
,Sule Ladipo,,,,,,2026-08-22
,Tobias Summerer,,,,,,2026-08-22
,Tony Giammalva,,,,,,2026-08-22
,Toru Yonezawa,,,,,,2026-08-22
,Andy Mccurry,,,,,,2026-08-22
,Bernd Kube,,,,,,2026-08-22
,Bill Wright,,,,,,2026-08-22
,Billy Higgins,,,,,,2026-08-22
,Bryan Burrell,,,,,,2026-08-22
,Carl Johnson,,,,,,2026-08-22
,Dmitri Tomashevich,,,,,,2026-08-22
,James Ferguson,,,,,,2026-08-22
,Jim Oescher,,,,,,2026-08-22
,K Casey,,,,,,2026-08-22
,Lothar Lanz,,,,,,2026-08-22
,Matthew Mcdonald,,,,,,2026-08-22
,Nick Mohtadi,,,,,,2026-08-22
,Ohad Weinberg,,,,,,2026-08-22
,Philippe Lacombrade,,,,,,2026-08-22
,R Mortoire,,,,,,2026-08-22
,Roberto Aubone,,,,,,2026-08-22
,Ron Myers,,,,,,2026-08-22
,Sever Dron,,,,,,2026-08-22
,Tomas Lynch,,,,,,2026-08-22
,Barry Phillips Moore,,,,,,2026-08-22
,Chuck Adams,,,,,,2026-08-22
,Henri Kontinen,,,,,,2026-08-22
,Jacco Eltingh,,,,,,2026-08-22
,Jan Hajek,,,,,,2026-08-22
,John Van Lottum,,,,,,2026-08-22
,Julian Lenz,,,,,,2026-08-22
,Nicolas Coutelot,,,,,,2026-08-22
,Peter Polansky,,,,,,2026-08-22
,Roberto Carretero,,,,,,2026-08-22
,Viktor Nagy,,,,,,2026-08-22
,Yannick Noah,,,,,,2026-08-22
,Boris Bachert,,,,,,2026-08-22
,Dave Perchonock,,,,,,2026-08-22
,Don Shirk,,,,,,2026-08-22
,Gavin Hogben,,,,,,2026-08-22
,Jaime Bartoli,,,,,,2026-08-22
,Jesus Hernandez,,,,,,2026-08-22
,Juan Carlos Santiago,,,,,,2026-08-22
,Keith Watson,,,,,,2026-08-22
,L Turner,,,,,,2026-08-22
,Michael Mitchell,,,,,,2026-08-22
,Sachio Kato,,,,,,2026-08-22
,Slimane Saoudi,,,,,,2026-08-22
,Terry Ryan,,,,,,2026-08-22
,Unknown Quartarolo,,,,,,2026-08-22
,Warren Maher,,,,,,2026-08-22
,Donny Susetyo,,,,,,2026-08-22
2026-08-10,Hugo Dellien,141.0,426,-,10.0,6.0,2026-08-22
2026-08-10,Hugo Dellien,141.0,426,-,10.0,6.0,2026-08-22
2026-08-10,Hugo Dellien,141.0,426,-,10.0,6.0,2026-08-22
2026-08-10,Hugo Dellien,141.0,426,-,10.0,6.0,2026-08-22
2026-08-03,Hugo Dellien,141.0,426,-2,,,2026-08-22
2026-08-03,Hugo Dellien,141.0,426,-2,,,2026-08-22
2026-08-03,Hugo Dellien,141.0,426,-2,,,2026-08-22
2026-08-03,Hugo Dellien,141.0,426,-2,,,2026-08-22
2026-07-27,Hugo Dellien,143.0,428,+1,10.0,6.0,2026-08-22
2026-07-27,Hugo Dellien,143.0,428,+1,10.0,6.0,2026-08-22
2026-07-27,Hugo Dellien,143.0,428,+1,10.0,6.0,2026-08-22
2026-07-27,Hugo Dellien,143.0,428,+1,10.0,6.0,2026-08-22
2026-07-20,Hugo Dellien,144.0,427,+12,,,2026-08-22
2026-07-20,Hugo Dellien,144.0,427,+12,,,2026-08-22
2026-07-20,Hugo Dellien,144.0,427,+12,,,2026-08-22
2026-07-13,Hugo Dellien,144.0,415,+58,,,2026-08-22
2026-07-13,Hugo Dellien,144.0,415,+58,,,2026-08-22
2026-07-13,Hugo Dellien,144.0,415,+58,,,2026-08-22
2026-06-29,Hugo Dellien,162.0,357,-,17.0,,2026-08-22
2026-06-29,Hugo Dellien,162.0,357,-,17.0,,2026-08-22
2026-06-29,Hugo Dellien,162.0,357,-,17.0,,2026-08-22
2026-06-22,Hugo Dellien,165.0,357,-,,,2026-08-22
2026-06-22,Hugo Dellien,165.0,357,-,,,2026-08-22
2026-06-15,Hugo Dellien,163.0,357,-,,,2026-08-22
2026-06-15,Hugo Dellien,163.0,357,-,,,2026-08-22
2026-06-08,Hugo Dellien,165.0,357,-64,,,2026-08-22
2026-06-08,Hugo Dellien,165.0,357,-64,,,2026-08-22
2026-05-25,Hugo Dellien,144.0,421,-16,110.0,6.0,2026-08-22
2026-05-25,Hugo Dellien,144.0,421,-16,110.0,6.0,2026-08-22
2026-05-18,Hugo Dellien,139.0,437,-31,22.0,6.0,2026-08-22
2026-05-18,Hugo Dellien,139.0,437,-31,22.0,6.0,2026-08-22
2026-05-04,Hugo Dellien,133.0,468,-4,60.0,6.0,2026-08-22
2026-05-04,Hugo Dellien,133.0,468,-4,60.0,6.0,2026-08-22
2026-04-20,Hugo Dellien,132.0,472,+69,10.0,6.0,2026-08-22
2026-04-20,Hugo Dellien,132.0,472,+69,10.0,6.0,2026-08-22
2026-04-13,Hugo Dellien,156.0,403,+6,,,2026-08-22
2026-04-13,Hugo Dellien,156.0,403,+6,,,2026-08-22
2026-04-06,Hugo Dellien,155.0,397,+19,,,2026-08-22
2026-04-06,Hugo Dellien,155.0,397,+19,,,2026-08-22
2026-03-30,Hugo Dellien,160.0,378,+3,25.0,,2026-08-22
2026-03-30,Hugo Dellien,160.0,378,+3,25.0,,2026-08-22
2026-03-16,Hugo Dellien,159.0,375,-,22.0,,2026-08-22
2026-03-16,Hugo Dellien,159.0,375,-,22.0,,2026-08-22
2026-03-02,Hugo Dellien,164.0,375,+7,,,2026-08-22
2026-02-23,Hugo Dellien,165.0,368,-25,,,2026-08-22
2026-02-16,Hugo Dellien,158.0,393,+38,25.0,,2026-08-22
2026-02-09,Hugo Dellien,167.0,355,-48,,,2026-08-22
2026-02-02,Hugo Dellien,149.0,403,-35,64.0,,2026-08-22
2026-01-19,Hugo Dellien,137.0,438,-,41.0,,2026-08-22
2026-01-12,Hugo Dellien,137.0,438,-,,,2026-08-22
2026-01-05,Hugo Dellien,138.0,438,-,,,2026-08-22
2025-12-29,Hugo Dellien,140.0,438,-,,,2026-08-22
2025-12-22,Hugo Dellien,140.0,438,-,,,2026-08-22
2025-12-15,Hugo Dellien,140.0,438,-,,,2026-08-22
2025-12-08,Hugo Dellien,140.0,438,-,,,2026-08-22
2025-12-01,Hugo Dellien,140.0,438,-,,,2026-08-22
2025-11-24,Hugo Dellien,139.0,438,-,,,2026-08-22
2025-11-17,Hugo Dellien,138.0,438,-50,,,2026-08-22
2025-11-10,Hugo Dellien,125.0,488,-,50.0,,2026-08-22
2025-11-03,Hugo Dellien,125.0,488,-,,,2026-08-22
2025-10-27,Hugo Dellien,129.0,488,-,,,2026-08-22
2025-10-20,Hugo Dellien,132.0,488,-1,,,2026-08-22
2025-10-13,Hugo Dellien,129.0,489,-23,7.0,6.0,2026-08-22
,Johan Van Herck,,,,,,2026-08-22
,Jonathan Canter,,,,,,2026-08-22
,Marcello Craca,,,,,,2026-08-22
,Michael Kohlmann,,,,,,2026-08-22
,Pierre Ludovic Duclos,,,,,,2026-08-22
,Robin Vik,,,,,,2026-08-22
,Alen Avidzba,,,,,,2026-08-22
,Allen Quay,,,,,,2026-08-22
,Brendan Kelly,,,,,,2026-08-22
,Bruce Nichols,,,,,,2026-08-22
,David Wright,,,,,,2026-08-22
,Fabrizio Gasparini,,,,,,2026-08-22
,Famiano Meneschincheri,,,,,,2026-08-22
,G Nel,,,,,,2026-08-22
,Gaetano Longo,,,,,,2026-08-22
,K French,,,,,,2026-08-22
,L Maeso,,,,,,2026-08-22
,Lorenzo Soriano,,,,,,2026-08-22
,Matthew Behrmann,,,,,,2026-08-22
,Mikael Stig,,,,,,2026-08-22
,Mike Hatfield,,,,,,2026-08-22
,Mike Rowe,,,,,,2026-08-22
,Pender Murphy,,,,,,2026-08-22
,Vladimir Petrovic,,,,,,2026-08-22
,Brian Dabul,,,,,,2026-08-22
2026-08-10,Camilo Ugo Carabelli,76.0,790,-,30.0,10.0,2026-08-22
2026-08-10,Camilo Ugo Carabelli,76.0,790,-,30.0,10.0,2026-08-22
2026-08-10,Camilo Ugo Carabelli,76.0,790,-,30.0,10.0,2026-08-22
2026-08-10,Camilo Ugo Carabelli,76.0,790,-,30.0,10.0,2026-08-22
2026-08-03,Camilo Ugo Carabelli,76.0,790,-,,,2026-08-22
2026-08-03,Camilo Ugo Carabelli,76.0,790,-,,,2026-08-22
2026-08-03,Camilo Ugo Carabelli,76.0,790,-,,,2026-08-22
2026-08-03,Camilo Ugo Carabelli,76.0,790,-,,,2026-08-22
2026-07-27,Camilo Ugo Carabelli,75.0,790,-90,,,2026-08-22
2026-07-27,Camilo Ugo Carabelli,75.0,790,-90,,,2026-08-22
2026-07-27,Camilo Ugo Carabelli,75.0,790,-90,,,2026-08-22
2026-07-27,Camilo Ugo Carabelli,75.0,790,-90,,,2026-08-22
2026-07-20,Camilo Ugo Carabelli,69.0,880,-50,100.0,10.0,2026-08-22
2026-07-20,Camilo Ugo Carabelli,69.0,880,-50,100.0,10.0,2026-08-22
2026-07-20,Camilo Ugo Carabelli,69.0,880,-50,100.0,10.0,2026-08-22
2026-07-13,Camilo Ugo Carabelli,58.0,930,-,100.0,10.0,2026-08-22
2026-07-13,Camilo Ugo Carabelli,58.0,930,-,100.0,10.0,2026-08-22
2026-07-13,Camilo Ugo Carabelli,58.0,930,-,100.0,10.0,2026-08-22
2026-06-29,Camilo Ugo Carabelli,59.0,930,-,10.0,10.0,2026-08-22
2026-06-29,Camilo Ugo Carabelli,59.0,930,-,10.0,10.0,2026-08-22
2026-06-29,Camilo Ugo Carabelli,59.0,930,-,10.0,10.0,2026-08-22
2026-06-22,Camilo Ugo Carabelli,57.0,930,-,,,2026-08-22
2026-06-22,Camilo Ugo Carabelli,57.0,930,-,,,2026-08-22
2026-06-15,Camilo Ugo Carabelli,58.0,930,-,,,2026-08-22
2026-06-15,Camilo Ugo Carabelli,58.0,930,-,,,2026-08-22
2026-06-08,Camilo Ugo Carabelli,57.0,930,+40,,,2026-08-22
2026-06-08,Camilo Ugo Carabelli,57.0,930,+40,,,2026-08-22
2026-05-25,Camilo Ugo Carabelli,59.0,890,+65,10.0,10.0,2026-08-22
2026-05-25,Camilo Ugo Carabelli,59.0,890,+65,10.0,10.0,2026-08-22
2026-05-18,Camilo Ugo Carabelli,68.0,825,-40,50.0,25.0,2026-08-22
2026-05-18,Camilo Ugo Carabelli,68.0,825,-40,50.0,25.0,2026-08-22
2026-05-04,Camilo Ugo Carabelli,61.0,865,-,80.0,40.0,2026-08-22
2026-05-04,Camilo Ugo Carabelli,61.0,865,-,80.0,40.0,2026-08-22
2026-04-20,Camilo Ugo Carabelli,57.0,865,+40,,,2026-08-22
2026-04-20,Camilo Ugo Carabelli,57.0,865,+40,,,2026-08-22
2026-04-13,Camilo Ugo Carabelli,64.0,825,-30,,,2026-08-22
2026-04-13,Camilo Ugo Carabelli,64.0,825,-30,,,2026-08-22
2026-04-06,Camilo Ugo Carabelli,63.0,855,+75,40.0,10.0,2026-08-22
2026-04-06,Camilo Ugo Carabelli,63.0,855,+75,40.0,10.0,2026-08-22
2026-03-30,Camilo Ugo Carabelli,67.0,780,-30,25.0,10.0,2026-08-22
2026-03-30,Camilo Ugo Carabelli,67.0,780,-30,25.0,10.0,2026-08-22
2026-03-16,Camilo Ugo Carabelli,66.0,810,+20,60.0,10.0,2026-08-22
2026-03-16,Camilo Ugo Carabelli,66.0,810,+20,60.0,10.0,2026-08-22
2026-03-02,Camilo Ugo Carabelli,67.0,790,-90,,,2026-08-22
2026-02-23,Camilo Ugo Carabelli,59.0,880,-188,100.0,10.0,2026-08-22
2026-02-16,Camilo Ugo Carabelli,46.0,1068,+40,213.0,25.0,2026-08-22
2026-02-09,Camilo Ugo Carabelli,47.0,1028,-,,,2026-08-22
2026-02-02,Camilo Ugo Carabelli,48.0,1028,-,125.0,25.0,2026-08-22
2026-01-19,Camilo Ugo Carabelli,49.0,1028,-,10.0,25.0,2026-08-22
2026-01-12,Camilo Ugo Carabelli,47.0,1028,-,,,2026-08-22
2026-01-05,Camilo Ugo Carabelli,48.0,1028,-,,,2026-08-22
2025-12-29,Camilo Ugo Carabelli,49.0,1028,-25,,,2026-08-22
2025-12-22,Camilo Ugo Carabelli,49.0,1053,-,,,2026-08-22
2025-12-15,Camilo Ugo Carabelli,49.0,1053,-,,,2026-08-22
2025-12-08,Camilo Ugo Carabelli,49.0,1053,-,,,2026-08-22
2025-12-01,Camilo Ugo Carabelli,49.0,1053,-25,,,2026-08-22
2025-11-24,Camilo Ugo Carabelli,49.0,1078,-,50.0,25.0,2026-08-22
2025-11-17,Camilo Ugo Carabelli,49.0,1078,-,,,2026-08-22
2025-11-10,Camilo Ugo Carabelli,49.0,1078,-,,,2026-08-22
2025-11-03,Camilo Ugo Carabelli,48.0,1078,+25,,,2026-08-22
2025-10-27,Camilo Ugo Carabelli,49.0,1053,-,,,2026-08-22
2025-10-20,Camilo Ugo Carabelli,50.0,1053,-,,,2026-08-22
2025-10-13,Camilo Ugo Carabelli,50.0,1053,-70,,,2026-08-22
,Fred Stolle,,,,,,2026-08-22
2026-08-10,Hamad Medjedovic,73.0,854,+10,100.0,,2026-08-22
2026-08-10,Hamad Medjedovic,73.0,854,+10,100.0,,2026-08-22
2026-08-10,Hamad Medjedovic,73.0,854,+10,100.0,,2026-08-22
2026-08-10,Hamad Medjedovic,73.0,854,+10,100.0,,2026-08-22
2026-08-03,Hamad Medjedovic,73.0,844,-,,,2026-08-22
2026-08-03,Hamad Medjedovic,73.0,844,-,,,2026-08-22
2026-08-03,Hamad Medjedovic,73.0,844,-,,,2026-08-22
2026-08-03,Hamad Medjedovic,73.0,844,-,,,2026-08-22
2026-07-27,Hamad Medjedovic,73.0,844,-,,,2026-08-22
2026-07-27,Hamad Medjedovic,73.0,844,-,,,2026-08-22
2026-07-27,Hamad Medjedovic,73.0,844,-,,,2026-08-22
2026-07-27,Hamad Medjedovic,73.0,844,-,,,2026-08-22
2026-07-20,Hamad Medjedovic,72.0,844,-,,,2026-08-22
2026-07-20,Hamad Medjedovic,72.0,844,-,,,2026-08-22
2026-07-20,Hamad Medjedovic,72.0,844,-,,,2026-08-22
2026-07-13,Hamad Medjedovic,69.0,844,-,,,2026-08-22
2026-07-13,Hamad Medjedovic,69.0,844,-,,,2026-08-22
2026-07-13,Hamad Medjedovic,69.0,844,-,,,2026-08-22
2026-06-29,Hamad Medjedovic,68.0,844,-50,10.0,,2026-08-22
2026-06-29,Hamad Medjedovic,68.0,844,-50,10.0,,2026-08-22
2026-06-29,Hamad Medjedovic,68.0,844,-50,10.0,,2026-08-22
2026-06-22,Hamad Medjedovic,64.0,894,+50,50.0,,2026-08-22
2026-06-22,Hamad Medjedovic,64.0,894,+50,50.0,,2026-08-22
2026-06-15,Hamad Medjedovic,67.0,844,-,,,2026-08-22
2026-06-15,Hamad Medjedovic,67.0,844,-,,,2026-08-22
2026-06-08,Hamad Medjedovic,68.0,844,-50,,,2026-08-22
2026-06-08,Hamad Medjedovic,68.0,844,-50,,,2026-08-22
2026-05-25,Hamad Medjedovic,58.0,894,-,100.0,,2026-08-22
2026-05-25,Hamad Medjedovic,58.0,894,-,100.0,,2026-08-22
2026-05-18,Hamad Medjedovic,56.0,894,+90,,,2026-08-22
2026-05-18,Hamad Medjedovic,56.0,894,+90,,,2026-08-22
2026-05-04,Hamad Medjedovic,67.0,804,-10,10.0,,2026-08-22
2026-05-04,Hamad Medjedovic,67.0,804,-10,10.0,,2026-08-22
2026-04-20,Hamad Medjedovic,68.0,814,+150,10.0,,2026-08-22
2026-04-20,Hamad Medjedovic,68.0,814,+150,10.0,,2026-08-22
2026-04-13,Hamad Medjedovic,88.0,664,-16,75.0,,2026-08-22
2026-04-13,Hamad Medjedovic,88.0,664,-16,75.0,,2026-08-22
2026-04-06,Hamad Medjedovic,83.0,680,-,16.0,,2026-08-22
2026-04-06,Hamad Medjedovic,83.0,680,-,16.0,,2026-08-22
2026-03-30,Hamad Medjedovic,81.0,680,+115,,,2026-08-22
2026-03-30,Hamad Medjedovic,81.0,680,+115,,,2026-08-22
2026-03-16,Hamad Medjedovic,115.0,565,-,10.0,,2026-08-22
2026-03-16,Hamad Medjedovic,115.0,565,-,10.0,,2026-08-22
2026-03-02,Hamad Medjedovic,110.0,565,-,,,2026-08-22
2026-02-23,Hamad Medjedovic,102.0,565,-50,,,2026-08-22
2026-02-16,Hamad Medjedovic,97.0,615,-102,50.0,,2026-08-22
2026-02-09,Hamad Medjedovic,79.0,717,-,165.0,,2026-08-22
2026-02-02,Hamad Medjedovic,80.0,717,+36,,,2026-08-22
2026-01-19,Hamad Medjedovic,90.0,681,+38,14.0,,2026-08-22
2026-01-12,Hamad Medjedovic,96.0,643,-75,,,2026-08-22
2026-01-05,Hamad Medjedovic,80.0,718,-,75.0,,2026-08-22
2025-12-29,Hamad Medjedovic,81.0,718,-,,,2026-08-22
2025-12-22,Hamad Medjedovic,83.0,718,-,,,2026-08-22
2025-12-15,Hamad Medjedovic,83.0,718,-,,,2026-08-22
2025-12-08,Hamad Medjedovic,83.0,718,-,,,2026-08-22
2025-12-01,Hamad Medjedovic,83.0,718,-,,,2026-08-22
2025-11-24,Hamad Medjedovic,83.0,718,-,,,2026-08-22
2025-11-17,Hamad Medjedovic,83.0,718,-,,,2026-08-22
2025-11-10,Hamad Medjedovic,83.0,718,-165,,,2026-08-22
2025-11-03,Hamad Medjedovic,65.0,883,-,165.0,,2026-08-22
2025-10-27,Hamad Medjedovic,67.0,883,+8,,,2026-08-22
2025-10-20,Hamad Medjedovic,67.0,875,-2,,,2026-08-22
2025-10-13,Hamad Medjedovic,64.0,877,+5,7.0,5.0,2026-08-22
2026-08-10,Karue Sell,1286.0,8,-,6.0,,2026-08-22
2026-08-03,Karue Sell,1272.0,8,-,,,2026-08-22
2026-07-27,Karue Sell,1267.0,8,-,,,2026-08-22
2026-08-10,Marco Trungelliti,91.0,693,-,,,2026-08-22
2026-08-10,Marco Trungelliti,91.0,693,-,,,2026-08-22
2026-08-10,Marco Trungelliti,91.0,693,-,,,2026-08-22
2026-08-10,Marco Trungelliti,91.0,693,-,,,2026-08-22
2026-08-03,Marco Trungelliti,90.0,693,-,,,2026-08-22
2026-08-03,Marco Trungelliti,90.0,693,-,,,2026-08-22
2026-08-03,Marco Trungelliti,90.0,693,-,,,2026-08-22
2026-08-03,Marco Trungelliti,90.0,693,-,,,2026-08-22
2026-07-27,Marco Trungelliti,91.0,693,+15,,,2026-08-22
2026-07-27,Marco Trungelliti,91.0,693,+15,,,2026-08-22
2026-07-27,Marco Trungelliti,91.0,693,+15,,,2026-08-22
2026-07-27,Marco Trungelliti,91.0,693,+15,,,2026-08-22
2026-07-20,Marco Trungelliti,95.0,678,+12,,,2026-08-22
2026-07-20,Marco Trungelliti,95.0,678,+12,,,2026-08-22
2026-07-20,Marco Trungelliti,95.0,678,+12,,,2026-08-22
2026-07-13,Marco Trungelliti,99.0,666,-4,13.0,7.0,2026-08-22
2026-07-13,Marco Trungelliti,99.0,666,-4,13.0,7.0,2026-08-22
2026-07-13,Marco Trungelliti,99.0,666,-4,13.0,7.0,2026-08-22
2026-06-29,Marco Trungelliti,94.0,670,-,14.0,7.0,2026-08-22
2026-06-29,Marco Trungelliti,94.0,670,-,14.0,7.0,2026-08-22
2026-06-29,Marco Trungelliti,94.0,670,-,14.0,7.0,2026-08-22
2026-06-22,Marco Trungelliti,94.0,670,-,,,2026-08-22
2026-06-22,Marco Trungelliti,94.0,670,-,,,2026-08-22
2026-06-15,Marco Trungelliti,92.0,670,-88,,,2026-08-22
2026-06-15,Marco Trungelliti,92.0,670,-88,,,2026-08-22
2026-06-08,Marco Trungelliti,80.0,758,+27,100.0,12.0,2026-08-22
2026-06-08,Marco Trungelliti,80.0,758,+27,100.0,12.0,2026-08-22
2026-05-25,Marco Trungelliti,81.0,731,-,25.0,8.0,2026-08-22
2026-05-25,Marco Trungelliti,81.0,731,-,25.0,8.0,2026-08-22
2026-05-18,Marco Trungelliti,81.0,731,-12,,,2026-08-22
2026-05-18,Marco Trungelliti,81.0,731,-12,,,2026-08-22
2026-05-04,Marco Trungelliti,78.0,743,+6,22.0,8.0,2026-08-22
2026-05-04,Marco Trungelliti,78.0,743,+6,22.0,8.0,2026-08-22
2026-04-20,Marco Trungelliti,77.0,737,+5,14.0,8.0,2026-08-22
2026-04-20,Marco Trungelliti,77.0,737,+5,14.0,8.0,2026-08-22
2026-04-13,Marco Trungelliti,80.0,732,-,,,2026-08-22
2026-04-13,Marco Trungelliti,80.0,732,-,,,2026-08-22
2026-04-06,Marco Trungelliti,76.0,732,+171,,,2026-08-22
2026-04-06,Marco Trungelliti,76.0,732,+171,,,2026-08-22
2026-03-30,Marco Trungelliti,117.0,561,-3,,,2026-08-22
2026-03-30,Marco Trungelliti,117.0,561,-3,,,2026-08-22
2026-03-16,Marco Trungelliti,116.0,564,+99,10.0,7.0,2026-08-22
2026-03-16,Marco Trungelliti,116.0,564,+99,10.0,7.0,2026-08-22
2026-03-02,Marco Trungelliti,132.0,465,-,,,2026-08-22
2026-02-23,Marco Trungelliti,134.0,465,-7,,,2026-08-22
2026-02-16,Marco Trungelliti,131.0,472,-,13.0,6.0,2026-08-22
2026-02-09,Marco Trungelliti,134.0,472,-,,,2026-08-22
2026-02-02,Marco Trungelliti,134.0,472,+4,,,2026-08-22
2026-01-19,Marco Trungelliti,130.0,468,-,12.0,6.0,2026-08-22
2026-01-12,Marco Trungelliti,130.0,468,-,,,2026-08-22
2026-01-05,Marco Trungelliti,130.0,468,-,,,2026-08-22
2025-12-29,Marco Trungelliti,131.0,468,-6,,,2026-08-22
2025-12-22,Marco Trungelliti,129.0,474,-,,,2026-08-22
2025-12-15,Marco Trungelliti,129.0,474,-,,,2026-08-22
2025-12-08,Marco Trungelliti,130.0,474,-,,,2026-08-22
2025-12-01,Marco Trungelliti,130.0,474,-,,,2026-08-22
2025-11-24,Marco Trungelliti,131.0,474,+16,,,2026-08-22
2025-11-17,Marco Trungelliti,135.0,458,-,,,2026-08-22
2025-11-10,Marco Trungelliti,136.0,458,-,,,2026-08-22
2025-11-03,Marco Trungelliti,137.0,458,-,,,2026-08-22
2025-10-27,Marco Trungelliti,138.0,458,-,,,2026-08-22
2025-10-20,Marco Trungelliti,140.0,458,-2,,,2026-08-22
2025-10-13,Marco Trungelliti,142.0,460,+12,8.0,6.0,2026-08-22
,Mardy Fish,,,,,,2026-08-22
2026-08-10,Marvin Moeller,327.0,164,-,,,2026-08-22
2026-08-03,Marvin Moeller,319.0,164,-,,,2026-08-22
2026-07-27,Marvin Moeller,319.0,164,-,,,2026-08-22
2026-08-10,Rinky Hijikata,95.0,673,-4,,,2026-08-22
2026-08-10,Rinky Hijikata,95.0,673,-4,,,2026-08-22
2026-08-10,Rinky Hijikata,95.0,673,-4,,,2026-08-22
2026-08-10,Rinky Hijikata,95.0,673,-4,,,2026-08-22
2026-08-03,Rinky Hijikata,93.0,677,-,,,2026-08-22
2026-08-03,Rinky Hijikata,93.0,677,-,,,2026-08-22
2026-08-03,Rinky Hijikata,93.0,677,-,,,2026-08-22
2026-08-03,Rinky Hijikata,93.0,677,-,,,2026-08-22
2026-07-27,Rinky Hijikata,93.0,677,-,,,2026-08-22
2026-07-27,Rinky Hijikata,93.0,677,-,,,2026-08-22
2026-07-27,Rinky Hijikata,93.0,677,-,,,2026-08-22
2026-07-27,Rinky Hijikata,93.0,677,-,,,2026-08-22
2026-07-20,Rinky Hijikata,96.0,677,-,,,2026-08-22
2026-07-20,Rinky Hijikata,96.0,677,-,,,2026-08-22
2026-07-20,Rinky Hijikata,96.0,677,-,,,2026-08-22
2026-07-13,Rinky Hijikata,97.0,677,-40,,,2026-08-22
2026-07-13,Rinky Hijikata,97.0,677,-40,,,2026-08-22
2026-07-13,Rinky Hijikata,97.0,677,-40,,,2026-08-22
2026-06-29,Rinky Hijikata,82.0,717,-,50.0,13.0,2026-08-22
2026-06-29,Rinky Hijikata,82.0,717,-,50.0,13.0,2026-08-22
2026-06-29,Rinky Hijikata,82.0,717,-,50.0,13.0,2026-08-22
2026-06-22,Rinky Hijikata,83.0,717,+112,,,2026-08-22
2026-06-22,Rinky Hijikata,83.0,717,+112,,,2026-08-22
2026-06-15,Rinky Hijikata,104.0,605,+12,,,2026-08-22
2026-06-15,Rinky Hijikata,104.0,605,+12,,,2026-08-22
2026-06-08,Rinky Hijikata,106.0,593,-19,,,2026-08-22
2026-06-08,Rinky Hijikata,106.0,593,-19,,,2026-08-22
2026-05-25,Rinky Hijikata,98.0,612,+13,45.0,22.0,2026-08-22
2026-05-25,Rinky Hijikata,98.0,612,+13,45.0,22.0,2026-08-22
2026-05-18,Rinky Hijikata,102.0,599,-38,,,2026-08-22
2026-05-18,Rinky Hijikata,102.0,599,-38,,,2026-08-22
2026-05-04,Rinky Hijikata,96.0,637,+5,50.0,12.0,2026-08-22
2026-05-04,Rinky Hijikata,96.0,637,+5,50.0,12.0,2026-08-22
2026-04-20,Rinky Hijikata,101.0,632,-,20.0,12.0,2026-08-22
2026-04-20,Rinky Hijikata,101.0,632,-,20.0,12.0,2026-08-22
2026-04-13,Rinky Hijikata,103.0,632,-,,,2026-08-22
2026-04-13,Rinky Hijikata,103.0,632,-,,,2026-08-22
2026-04-06,Rinky Hijikata,100.0,632,+13,,,2026-08-22
2026-04-06,Rinky Hijikata,100.0,632,+13,,,2026-08-22
2026-03-30,Rinky Hijikata,102.0,619,-18,,,2026-08-22
2026-03-30,Rinky Hijikata,102.0,619,-18,,,2026-08-22
2026-03-16,Rinky Hijikata,98.0,637,+90,30.0,12.0,2026-08-22
2026-03-16,Rinky Hijikata,98.0,637,+90,30.0,12.0,2026-08-22
2026-03-02,Rinky Hijikata,117.0,547,-,43.0,25.0,2026-08-22
2026-02-23,Rinky Hijikata,115.0,547,+1,,,2026-08-22
2026-02-16,Rinky Hijikata,113.0,546,-,,,2026-08-22
2026-02-09,Rinky Hijikata,113.0,546,-38,,,2026-08-22
2026-02-02,Rinky Hijikata,103.0,584,+42,50.0,12.0,2026-08-22
2026-01-19,Rinky Hijikata,114.0,542,+15,10.0,10.0,2026-08-22
2026-01-12,Rinky Hijikata,115.0,527,-19,,,2026-08-22
2026-01-05,Rinky Hijikata,111.0,546,-,57.0,10.0,2026-08-22
2025-12-29,Rinky Hijikata,113.0,546,-10,,,2026-08-22
2025-12-22,Rinky Hijikata,114.0,556,-,,,2026-08-22
2025-12-15,Rinky Hijikata,114.0,556,-,,,2026-08-22
2025-12-08,Rinky Hijikata,114.0,556,-,,,2026-08-22
2025-12-01,Rinky Hijikata,114.0,556,+67,,,2026-08-22
2025-11-24,Rinky Hijikata,125.0,489,+4,,,2026-08-22
2025-11-17,Rinky Hijikata,127.0,485,-,,,2026-08-22
2025-11-10,Rinky Hijikata,127.0,485,-,,,2026-08-22
2025-11-03,Rinky Hijikata,127.0,485,-36,,,2026-08-22
2025-10-27,Rinky Hijikata,119.0,521,-61,44.0,8.0,2026-08-22
2025-10-20,Rinky Hijikata,106.0,582,+24,75.0,8.0,2026-08-22
2025-10-13,Rinky Hijikata,114.0,558,-8,,,2026-08-22
,Sergio Cortes,,,,,,2026-08-22
,Thomas Hogstedt,,,,,,2026-08-22
2026-08-10,Ugo Blanchet,192.0,296,-,22.0,,2026-08-22
2026-08-10,Ugo Blanchet,192.0,296,-,22.0,,2026-08-22
2026-08-10,Ugo Blanchet,192.0,296,-,22.0,,2026-08-22
2026-08-10,Ugo Blanchet,192.0,296,-,22.0,,2026-08-22
2026-08-03,Ugo Blanchet,190.0,296,-30,,,2026-08-22
2026-08-03,Ugo Blanchet,190.0,296,-30,,,2026-08-22
2026-08-03,Ugo Blanchet,190.0,296,-30,,,2026-08-22
2026-08-03,Ugo Blanchet,190.0,296,-30,,,2026-08-22
2026-07-27,Ugo Blanchet,175.0,326,-,30.0,,2026-08-22
2026-07-27,Ugo Blanchet,175.0,326,-,30.0,,2026-08-22
2026-07-27,Ugo Blanchet,175.0,326,-,30.0,,2026-08-22
2026-07-27,Ugo Blanchet,175.0,326,-,30.0,,2026-08-22
2026-07-20,Ugo Blanchet,176.0,326,-,,,2026-08-22
2026-07-20,Ugo Blanchet,176.0,326,-,,,2026-08-22
2026-07-20,Ugo Blanchet,176.0,326,-,,,2026-08-22
2026-07-13,Ugo Blanchet,174.0,326,-15,,,2026-08-22
2026-07-13,Ugo Blanchet,174.0,326,-15,,,2026-08-22
2026-07-13,Ugo Blanchet,174.0,326,-15,,,2026-08-22
2026-06-29,Ugo Blanchet,170.0,341,-,15.0,,2026-08-22
2026-06-29,Ugo Blanchet,170.0,341,-,15.0,,2026-08-22
2026-06-29,Ugo Blanchet,170.0,341,-,15.0,,2026-08-22
2026-06-22,Ugo Blanchet,173.0,341,-3,,,2026-08-22
2026-06-22,Ugo Blanchet,173.0,341,-3,,,2026-08-22
2026-06-15,Ugo Blanchet,171.0,344,-,3.0,,2026-08-22
2026-06-15,Ugo Blanchet,171.0,344,-,3.0,,2026-08-22
2026-06-08,Ugo Blanchet,173.0,344,-32,,,2026-08-22
2026-06-08,Ugo Blanchet,173.0,344,-32,,,2026-08-22
2026-05-25,Ugo Blanchet,160.0,376,-,40.0,,2026-08-22
2026-05-25,Ugo Blanchet,160.0,376,-,40.0,,2026-08-22
2026-05-18,Ugo Blanchet,160.0,376,+3,,,2026-08-22
2026-05-18,Ugo Blanchet,160.0,376,+3,,,2026-08-22
2026-05-04,Ugo Blanchet,162.0,373,-,,,2026-08-22
2026-05-04,Ugo Blanchet,162.0,373,-,,,2026-08-22
2026-04-20,Ugo Blanchet,166.0,373,-8,,,2026-08-22
2026-04-20,Ugo Blanchet,166.0,373,-8,,,2026-08-22
2026-04-13,Ugo Blanchet,160.0,381,-,8.0,,2026-08-22
2026-04-13,Ugo Blanchet,160.0,381,-,8.0,,2026-08-22
2026-04-06,Ugo Blanchet,160.0,381,-1,,,2026-08-22
2026-04-06,Ugo Blanchet,160.0,381,-1,,,2026-08-22
2026-03-30,Ugo Blanchet,157.0,382,-7,7.0,,2026-08-22
2026-03-30,Ugo Blanchet,157.0,382,-7,7.0,,2026-08-22
2026-03-16,Ugo Blanchet,154.0,389,+14,7.0,,2026-08-22
2026-03-16,Ugo Blanchet,154.0,389,+14,7.0,,2026-08-22
2026-03-02,Ugo Blanchet,162.0,375,+14,,,2026-08-22
2026-02-23,Ugo Blanchet,168.0,361,-14,,,2026-08-22
2026-02-16,Ugo Blanchet,164.0,375,-,14.0,,2026-08-22
2026-02-09,Ugo Blanchet,160.0,375,+32,,,2026-08-22
2026-02-02,Ugo Blanchet,174.0,343,-92,,,2026-08-22
2026-01-19,Ugo Blanchet,142.0,435,-,108.0,,2026-08-22
2026-01-12,Ugo Blanchet,142.0,435,+8,,,2026-08-22
2026-01-05,Ugo Blanchet,144.0,427,-,,,2026-08-22
2025-12-29,Ugo Blanchet,145.0,427,-,,,2026-08-22
2025-12-22,Ugo Blanchet,145.0,427,-,,,2026-08-22
2025-12-15,Ugo Blanchet,145.0,427,-,,,2026-08-22
2025-12-08,Ugo Blanchet,145.0,427,-,,,2026-08-22
2025-12-01,Ugo Blanchet,145.0,427,-,,,2026-08-22
2025-11-24,Ugo Blanchet,144.0,427,-,,,2026-08-22
2025-11-17,Ugo Blanchet,142.0,427,-6,,,2026-08-22
2025-11-10,Ugo Blanchet,142.0,433,-,6.0,,2026-08-22
2025-11-03,Ugo Blanchet,143.0,433,-,,,2026-08-22
2025-10-27,Ugo Blanchet,145.0,433,-,,,2026-08-22
2025-10-20,Ugo Blanchet,146.0,433,+13,,,2026-08-22
2025-10-13,Ugo Blanchet,150.0,420,+30,,,2026-08-22
2026-08-10,Viktor Durasovic,457.0,103,+9,,,2026-08-22
2026-08-03,Viktor Durasovic,475.0,94,+3,,,2026-08-22
2026-07-27,Viktor Durasovic,490.0,91,-3,,,2026-08-22
,Bill Lloyd,,,,,,2026-08-22
,Brian Cheney,,,,,,2026-08-22
,Carl Edvard Hedelund,,,,,,2026-08-22
,G Calmin,,,,,,2026-08-22
,Iman Sutarli,,,,,,2026-08-22
,Ivan Vajda,,,,,,2026-08-22
,Jacek Niedzwiedzki,,,,,,2026-08-22
,Jim White,,,,,,2026-08-22
,Johan Hede,,,,,,2026-08-22
,Juan Rivera,,,,,,2026-08-22
,Nunil Velasco,,,,,,2026-08-22
,Peter Fletcher,,,,,,2026-08-22
,Ray Keenan,,,,,,2026-08-22
,Stefano Ianni,,,,,,2026-08-22
,U Akhtar,,,,,,2026-08-22
,Yenesi Allen,,,,,,2026-08-22
,Alexandr Dolgopolov,,,,,,2026-08-22
2026-08-10,Arthur Gea,85.0,744,-,50.0,15.0,2026-08-22
2026-08-10,Arthur Gea,85.0,744,-,50.0,15.0,2026-08-22
2026-08-10,Arthur Gea,85.0,744,-,50.0,15.0,2026-08-22
2026-08-10,Arthur Gea,85.0,744,-,50.0,15.0,2026-08-22
2026-08-03,Arthur Gea,82.0,744,+242,,,2026-08-22
2026-08-03,Arthur Gea,82.0,744,+242,,,2026-08-22
2026-08-03,Arthur Gea,82.0,744,+242,,,2026-08-22
2026-08-03,Arthur Gea,82.0,744,+242,,,2026-08-22
2026-07-27,Arthur Gea,127.0,502,-,,,2026-08-22
2026-07-27,Arthur Gea,127.0,502,-,,,2026-08-22
2026-07-27,Arthur Gea,127.0,502,-,,,2026-08-22
2026-07-27,Arthur Gea,127.0,502,-,,,2026-08-22
2026-07-20,Arthur Gea,129.0,502,+37,,,2026-08-22
2026-07-20,Arthur Gea,129.0,502,+37,,,2026-08-22
2026-07-20,Arthur Gea,129.0,502,+37,,,2026-08-22
2026-07-13,Arthur Gea,137.0,465,+20,,,2026-08-22
2026-07-13,Arthur Gea,137.0,465,+20,,,2026-08-22
2026-07-13,Arthur Gea,137.0,465,+20,,,2026-08-22
2026-06-29,Arthur Gea,136.0,445,-12,4.0,,2026-08-22
2026-06-29,Arthur Gea,136.0,445,-12,4.0,,2026-08-22
2026-06-29,Arthur Gea,136.0,445,-12,4.0,,2026-08-22
2026-06-22,Arthur Gea,132.0,457,+4,12.0,,2026-08-22
2026-06-22,Arthur Gea,132.0,457,+4,12.0,,2026-08-22
2026-06-15,Arthur Gea,135.0,453,+1,4.0,,2026-08-22
2026-06-15,Arthur Gea,135.0,453,+1,4.0,,2026-08-22
2026-06-08,Arthur Gea,137.0,452,-8,7.0,,2026-08-22
2026-06-08,Arthur Gea,137.0,452,-8,7.0,,2026-08-22
2026-05-25,Arthur Gea,135.0,460,+24,8.0,1.0,2026-08-22
2026-05-25,Arthur Gea,135.0,460,+24,8.0,1.0,2026-08-22
2026-05-18,Arthur Gea,140.0,436,-,,,2026-08-22
2026-05-18,Arthur Gea,140.0,436,-,,,2026-08-22
2026-05-04,Arthur Gea,143.0,436,-15,,,2026-08-22
2026-05-04,Arthur Gea,143.0,436,-15,,,2026-08-22
2026-04-20,Arthur Gea,139.0,451,-,16.0,1.0,2026-08-22
2026-04-20,Arthur Gea,139.0,451,-,16.0,1.0,2026-08-22
2026-04-13,Arthur Gea,138.0,451,-3,,,2026-08-22
2026-04-13,Arthur Gea,138.0,451,-3,,,2026-08-22
2026-04-06,Arthur Gea,137.0,454,-3,7.0,4.0,2026-08-22
2026-04-06,Arthur Gea,137.0,454,-3,7.0,4.0,2026-08-22
2026-03-30,Arthur Gea,137.0,457,+40,7.0,4.0,2026-08-22
2026-03-30,Arthur Gea,137.0,457,+40,7.0,4.0,2026-08-22
2026-03-16,Arthur Gea,144.0,417,+40,,,2026-08-22
2026-03-16,Arthur Gea,144.0,417,+40,,,2026-08-22
2026-03-02,Arthur Gea,161.0,377,-,,,2026-08-22
2026-02-23,Arthur Gea,161.0,377,-,,,2026-08-22
2026-02-16,Arthur Gea,162.0,377,-10,,,2026-08-22
2026-02-09,Arthur Gea,156.0,387,+34,13.0,3.0,2026-08-22
2026-02-02,Arthur Gea,168.0,353,+53,16.0,3.0,2026-08-22
2026-01-19,Arthur Gea,198.0,300,-,31.0,7.0,2026-08-22
2026-01-12,Arthur Gea,197.0,300,+71,,,2026-08-22
,Chi Wan Kim,,,,,,2026-08-22
,Howard Herr,,,,,,2026-08-22
,Luke Bourgeois,,,,,,2026-08-22
,Maximilian Marterer,,,,,,2026-08-22
,Mikhail Elgin,,,,,,2026-08-22
,Norm Schellenger,,,,,,2026-08-22
,Petr Kralert,,,,,,2026-08-22
,Robert Bettauer,,,,,,2026-08-22
,Terry Addison,,,,,,2026-08-22
,Tom Brown,,,,,,2026-08-22
,Tristan Lamasine,,,,,,2026-08-22
,Will Bull,,,,,,2026-08-22
2026-08-10,Yunchaokete Bu,120.0,546,-,60.0,,2026-08-22
2026-08-10,Yunchaokete Bu,120.0,546,-,60.0,,2026-08-22
2026-08-10,Yunchaokete Bu,120.0,546,-,60.0,,2026-08-22
2026-08-10,Yunchaokete Bu,120.0,546,-,60.0,,2026-08-22
2026-08-03,Yunchaokete Bu,118.0,546,-30,,,2026-08-22
2026-08-03,Yunchaokete Bu,118.0,546,-30,,,2026-08-22
2026-08-03,Yunchaokete Bu,118.0,546,-30,,,2026-08-22
2026-08-03,Yunchaokete Bu,118.0,546,-30,,,2026-08-22
2026-07-27,Yunchaokete Bu,111.0,576,-25,30.0,,2026-08-22
2026-07-27,Yunchaokete Bu,111.0,576,-25,30.0,,2026-08-22
2026-07-27,Yunchaokete Bu,111.0,576,-25,30.0,,2026-08-22
2026-07-27,Yunchaokete Bu,111.0,576,-25,30.0,,2026-08-22
2026-07-20,Yunchaokete Bu,110.0,601,-3,25.0,,2026-08-22
2026-07-20,Yunchaokete Bu,110.0,601,-3,25.0,,2026-08-22
2026-07-20,Yunchaokete Bu,110.0,601,-3,25.0,,2026-08-22
2026-07-13,Yunchaokete Bu,109.0,604,+6,25.0,,2026-08-22
2026-07-13,Yunchaokete Bu,109.0,604,+6,25.0,,2026-08-22
2026-07-13,Yunchaokete Bu,109.0,604,+6,25.0,,2026-08-22
2026-06-29,Yunchaokete Bu,107.0,598,-,10.0,,2026-08-22
2026-06-29,Yunchaokete Bu,107.0,598,-,10.0,,2026-08-22
2026-06-29,Yunchaokete Bu,107.0,598,-,10.0,,2026-08-22
2026-06-22,Yunchaokete Bu,107.0,598,-,,,2026-08-22
2026-06-22,Yunchaokete Bu,107.0,598,-,,,2026-08-22
2026-06-15,Yunchaokete Bu,107.0,598,+125,,,2026-08-22
2026-06-15,Yunchaokete Bu,107.0,598,+125,,,2026-08-22
2026-06-08,Yunchaokete Bu,131.0,473,+115,,,2026-08-22
2026-06-08,Yunchaokete Bu,131.0,473,+115,,,2026-08-22
2026-05-25,Yunchaokete Bu,166.0,358,-,10.0,,2026-08-22
2026-05-25,Yunchaokete Bu,166.0,358,-,10.0,,2026-08-22
2026-05-18,Yunchaokete Bu,167.0,358,-50,,,2026-08-22
2026-05-18,Yunchaokete Bu,167.0,358,-50,,,2026-08-22
2026-05-04,Yunchaokete Bu,152.0,408,+2,100.0,,2026-08-22
2026-05-04,Yunchaokete Bu,152.0,408,+2,100.0,,2026-08-22
2026-04-20,Yunchaokete Bu,157.0,406,+64,10.0,,2026-08-22
2026-04-20,Yunchaokete Bu,157.0,406,+64,10.0,,2026-08-22
2026-04-13,Yunchaokete Bu,175.0,342,-40,,,2026-08-22
2026-04-13,Yunchaokete Bu,175.0,342,-40,,,2026-08-22
2026-04-06,Yunchaokete Bu,159.0,382,-,40.0,,2026-08-22
2026-04-06,Yunchaokete Bu,159.0,382,-,40.0,,2026-08-22
2026-03-30,Yunchaokete Bu,158.0,382,-12,,,2026-08-22
2026-03-30,Yunchaokete Bu,158.0,382,-12,,,2026-08-22
2026-03-16,Yunchaokete Bu,150.0,394,-30,30.0,,2026-08-22
2026-03-16,Yunchaokete Bu,150.0,394,-30,30.0,,2026-08-22
2026-03-02,Yunchaokete Bu,141.0,424,-,30.0,,2026-08-22
2026-02-23,Yunchaokete Bu,146.0,424,-,,,2026-08-22
2026-02-16,Yunchaokete Bu,148.0,424,-25,,,2026-08-22
2026-02-09,Yunchaokete Bu,141.0,449,-,25.0,,2026-08-22
2026-02-02,Yunchaokete Bu,139.0,449,-50,,,2026-08-22
2026-01-19,Yunchaokete Bu,120.0,499,-,60.0,10.0,2026-08-22
2026-01-12,Yunchaokete Bu,120.0,499,-,,,2026-08-22
2026-01-05,Yunchaokete Bu,120.0,499,-,,,2026-08-22
2025-12-29,Yunchaokete Bu,123.0,499,-10,,,2026-08-22
2025-12-22,Yunchaokete Bu,122.0,509,-,,,2026-08-22
2025-12-15,Yunchaokete Bu,122.0,509,-,,,2026-08-22
2025-12-08,Yunchaokete Bu,122.0,509,-,,,2026-08-22
2025-12-01,Yunchaokete Bu,122.0,509,-,,,2026-08-22
2025-11-24,Yunchaokete Bu,120.0,509,-,,,2026-08-22
2025-11-17,Yunchaokete Bu,120.0,509,-,,,2026-08-22
2025-11-10,Yunchaokete Bu,121.0,509,-40,,,2026-08-22
2025-11-03,Yunchaokete Bu,114.0,549,-2,50.0,10.0,2026-08-22
2025-10-27,Yunchaokete Bu,114.0,551,-,16.0,10.0,2026-08-22
2025-10-20,Yunchaokete Bu,115.0,551,-,,,2026-08-22
2025-10-13,Yunchaokete Bu,115.0,551,+20,,,2026-08-22
,B A Razik,,,,,,2026-08-22
,B Larsen,,,,,,2026-08-22
,Carl Turich,,,,,,2026-08-22
,Carlos Lando,,,,,,2026-08-22
,Edson Krause,,,,,,2026-08-22
,Francois Van Der Merwe,,,,,,2026-08-22
,Frank Mcdonald,,,,,,2026-08-22
,Hugo Roverano,,,,,,2026-08-22
,Jiri Zigmund,,,,,,2026-08-22
,Klaas Visscher,,,,,,2026-08-22
,Ray Ruffels,,,,,,2026-08-22
,Robert Crames,,,,,,2026-08-22
,S Matteoli,,,,,,2026-08-22
,Sang Hoon Lee,,,,,,2026-08-22
,Sean Sorensen,,,,,,2026-08-22
,T Long,,,,,,2026-08-22
,Valerio Vettesi,,,,,,2026-08-22
,Carlos Gomez Herrera,,,,,,2026-08-22
,Charles Buzz Strode,,,,,,2026-08-22
2026-08-10,Darian King,1209.0,10,-,,,2026-08-22
2026-08-03,Darian King,1197.0,10,-,,,2026-08-22
2026-07-27,Darian King,1191.0,10,+3,,,2026-08-22
,David Rikl,,,,,,2026-08-22
,Emil Reinberg,,,,,,2026-08-22
,Eyal Ran,,,,,,2026-08-22
,Hyung Taik Lee,,,,,,2026-08-22
,Keith Carpenter,,,,,,2026-08-22
,Michael Tebbutt,,,,,,2026-08-22
,Rejean Genois,,,,,,2026-08-22
,Simon Youl,,,,,,2026-08-22
,Stefano Pescosolido,,,,,,2026-08-22
,Al Chassard,,,,,,2026-08-22
,Chak Lam Coleman Wong,,,,,,2026-08-22
,E Topham,,,,,,2026-08-22
,Frank Barrett,,,,,,2026-08-22
,Frank Harris,,,,,,2026-08-22
,Ivan Molina,,,,,,2026-08-22
,Jaroslav Vrba,,,,,,2026-08-22
,Jocelyn Robichaud,,,,,,2026-08-22
,Klaus Klein,,,,,,2026-08-22
,Lennart Bergelin,,,,,,2026-08-22
,Lucio Baltazar,,,,,,2026-08-22
,Marcel Van Der Merwe,,,,,,2026-08-22
,Mike Green,,,,,,2026-08-22
,P Moore,,,,,,2026-08-22
,Paul Sidone,,,,,,2026-08-22
,Pavel Brechja,,,,,,2026-08-22
,Richard Finger,,,,,,2026-08-22
,Stephane Matheu,,,,,,2026-08-22
,Toyokazu Tomogane,,,,,,2026-08-22
,Unknown Marchiori,,,,,,2026-08-22
,W Field,,,,,,2026-08-22
,Caio Zampieri,,,,,,2026-08-22
,Cesar Kist,,,,,,2026-08-22
,Desmond Tyson,,,,,,2026-08-22
2026-08-10,Joao Domingues,609.0,64,-,,,2026-08-22
2026-08-03,Joao Domingues,601.0,64,-,,,2026-08-22
2026-07-27,Joao Domingues,594.0,64,-,,,2026-08-22
,Julien Varlet,,,,,,2026-08-22
,Mario Martinez,,,,,,2026-08-22
,Mihnea Ion Nastase,,,,,,2026-08-22
,Mike Fishbach,,,,,,2026-08-22
,Pedro Cachin,,,,,,2026-08-22
,Viktor Galovic,,,,,,2026-08-22
,Alberto Franco,,,,,,2026-08-22
,Christian Hill,,,,,,2026-08-22
,D Watts,,,,,,2026-08-22
,Dick Johnson,,,,,,2026-08-22
,G Halabi,,,,,,2026-08-22
,H Bonner,,,,,,2026-08-22
,Joel Ross,,,,,,2026-08-22
2026-08-10,Matthew Forbes,781.0,39,-,,,2026-08-22
2026-08-03,Matthew Forbes,771.0,39,-3,,,2026-08-22
2026-07-27,Matthew Forbes,743.0,42,-,3.0,,2026-08-22
,Miguel Merz,,,,,,2026-08-22
,Oliver Freelove,,,,,,2026-08-22
,Pieter Soeters,,,,,,2026-08-22
,Victor Lopez Moron,,,,,,2026-08-22
,Andy Roddick,,,,,,2026-08-22
,Antony Emerson,,,,,,2026-08-22
,Bowen Ouyang,,,,,,2026-08-22
,Dustin Brown,,,,,,2026-08-22
,Louis Gloria,,,,,,2026-08-22
2026-08-10,Marc Polmans,362.0,142,-,3.0,,2026-08-22
2026-08-03,Marc Polmans,356.0,142,-3,,,2026-08-22
2026-07-27,Marc Polmans,350.0,145,-7,3.0,,2026-08-22
2026-08-10,Marco Cecchinato,173.0,332,-,12.0,6.0,2026-08-22
2026-08-10,Marco Cecchinato,173.0,332,-,12.0,6.0,2026-08-22
2026-08-10,Marco Cecchinato,173.0,332,-,12.0,6.0,2026-08-22
2026-08-10,Marco Cecchinato,173.0,332,-,12.0,6.0,2026-08-22
2026-08-03,Marco Cecchinato,170.0,332,+2,,,2026-08-22
2026-08-03,Marco Cecchinato,170.0,332,+2,,,2026-08-22
2026-08-03,Marco Cecchinato,170.0,332,+2,,,2026-08-22
2026-08-03,Marco Cecchinato,170.0,332,+2,,,2026-08-22
2026-07-27,Marco Cecchinato,174.0,330,-,,,2026-08-22
2026-07-27,Marco Cecchinato,174.0,330,-,,,2026-08-22
2026-07-27,Marco Cecchinato,174.0,330,-,,,2026-08-22
2026-07-27,Marco Cecchinato,174.0,330,-,,,2026-08-22
2026-07-20,Marco Cecchinato,173.0,330,+7,,,2026-08-22
2026-07-20,Marco Cecchinato,173.0,330,+7,,,2026-08-22
2026-07-20,Marco Cecchinato,173.0,330,+7,,,2026-08-22
2026-07-13,Marco Cecchinato,175.0,323,+31,,,2026-08-22
2026-07-13,Marco Cecchinato,175.0,323,+31,,,2026-08-22
2026-07-13,Marco Cecchinato,175.0,323,+31,,,2026-08-22
2026-06-29,Marco Cecchinato,195.0,292,-69,19.0,12.0,2026-08-22
2026-06-29,Marco Cecchinato,195.0,292,-69,19.0,12.0,2026-08-22
2026-06-29,Marco Cecchinato,195.0,292,-69,19.0,12.0,2026-08-22
2026-06-22,Marco Cecchinato,159.0,361,+10,75.0,6.0,2026-08-22
2026-06-22,Marco Cecchinato,159.0,361,+10,75.0,6.0,2026-08-22
2026-06-15,Marco Cecchinato,167.0,351,+6,,,2026-08-22
2026-06-15,Marco Cecchinato,167.0,351,+6,,,2026-08-22
2026-06-08,Marco Cecchinato,172.0,345,+16,,,2026-08-22
2026-06-08,Marco Cecchinato,172.0,345,+16,,,2026-08-22
2026-05-25,Marco Cecchinato,178.0,329,-,10.0,6.0,2026-08-22
2026-05-25,Marco Cecchinato,178.0,329,-,10.0,6.0,2026-08-22
2026-05-18,Marco Cecchinato,180.0,329,-,,,2026-08-22
2026-05-18,Marco Cecchinato,180.0,329,-,,,2026-08-22
2026-05-04,Marco Cecchinato,182.0,329,+7,,,2026-08-22
2026-05-04,Marco Cecchinato,182.0,329,+7,,,2026-08-22
2026-04-20,Marco Cecchinato,188.0,322,-,,,2026-08-22
2026-04-20,Marco Cecchinato,188.0,322,-,,,2026-08-22
2026-04-13,Marco Cecchinato,186.0,322,+4,,,2026-08-22
2026-04-13,Marco Cecchinato,186.0,322,+4,,,2026-08-22
2026-04-06,Marco Cecchinato,188.0,318,+2,,,2026-08-22
2026-04-06,Marco Cecchinato,188.0,318,+2,,,2026-08-22
2026-03-30,Marco Cecchinato,188.0,316,+10,,,2026-08-22
2026-03-30,Marco Cecchinato,188.0,316,+10,,,2026-08-22
2026-03-16,Marco Cecchinato,199.0,306,+55,,,2026-08-22
2026-03-16,Marco Cecchinato,199.0,306,+55,,,2026-08-22
,Thomas Stalhandske,,,,,,2026-08-22
,Woo Ryong Lee,,,,,,2026-08-22
,Allen Morris,,,,,,2026-08-22
,Andre Thielemans,,,,,,2026-08-22
,Antonio Munoz,,,,,,2026-08-22
,Carlos Angel,,,,,,2026-08-22
,Enrique Bruix,,,,,,2026-08-22
,Federico Castelnuovo,,,,,,2026-08-22
,Garry Slater,,,,,,2026-08-22
,Geoff Paish,,,,,,2026-08-22
,Hao Lu,,,,,,2026-08-22
,J Collins,,,,,,2026-08-22
,John Zweig,,,,,,2026-08-22
,Jorgen Ulrich,,,,,,2026-08-22
,Julian Ganzabal,,,,,,2026-08-22
,Kenneth Tsui,,,,,,2026-08-22
,Oded Yaacov,,,,,,2026-08-22
,Paul Fitz Simmons,,,,,,2026-08-22
,Alessandro Bega,,,,,,2026-08-22
,Darren Patten,,,,,,2026-08-22
,Hendrik Jan Davids,,,,,,2026-08-22
,Ingo Neumuller,,,,,,2026-08-22
2026-08-10,Luka Pavlovic,207.0,273,-,,,2026-08-22
2026-08-03,Luka Pavlovic,204.0,273,-,,,2026-08-22
2026-07-27,Luka Pavlovic,208.0,273,+75,,,2026-08-22
2026-04-06,Luka Pavlovic,200.0,290,+6,64.0,,2026-08-22
2026-04-06,Luka Pavlovic,200.0,290,+6,64.0,,2026-08-22
,Melle Van Gemerden,,,,,,2026-08-22
,Philipp Petzschner,,,,,,2026-08-22
,Stefano Cobolli,,,,,,2026-08-22
,Victor Estrella,,,,,,2026-08-22
,Fred Martin,,,,,,2026-08-22
,Jay Kimball,,,,,,2026-08-22
,John Holladay,,,,,,2026-08-22
,Murat Gurler,,,,,,2026-08-22
,Nicolas Romero,,,,,,2026-08-22
,Ross Hewitt,,,,,,2026-08-22
,Roy Sprengelmeyer,,,,,,2026-08-22
,Tut Bartzen,,,,,,2026-08-22
,Wes Horskins,,,,,,2026-08-22
,Alberto Berasategui,,,,,,2026-08-22
,Dudi Sela,,,,,,2026-08-22
,Eduardo Masso,,,,,,2026-08-22
2026-08-10,Ergi Kirkin,594.0,67,+4,19.0,,2026-08-22
2026-08-03,Ergi Kirkin,608.0,63,-1,,,2026-08-22
2026-07-27,Ergi Kirkin,595.0,64,-,1.0,,2026-08-22
,Geoff Grant,,,,,,2026-08-22
,George Cosac,,,,,,2026-08-22
,Grzegorz Panfil,,,,,,2026-08-22
,Hans Kary,,,,,,2026-08-22
2026-08-10,Jacob Fearnley,107.0,617,+43,10.0,7.0,2026-08-22
2026-08-10,Jacob Fearnley,107.0,617,+43,10.0,7.0,2026-08-22
2026-08-10,Jacob Fearnley,107.0,617,+43,10.0,7.0,2026-08-22
2026-08-10,Jacob Fearnley,107.0,617,+43,10.0,7.0,2026-08-22
2026-08-03,Jacob Fearnley,110.0,574,-3,,,2026-08-22
2026-08-03,Jacob Fearnley,110.0,574,-3,,,2026-08-22
2026-08-03,Jacob Fearnley,110.0,574,-3,,,2026-08-22
2026-08-03,Jacob Fearnley,110.0,574,-3,,,2026-08-22
2026-07-27,Jacob Fearnley,110.0,577,+57,10.0,7.0,2026-08-22
2026-07-27,Jacob Fearnley,110.0,577,+57,10.0,7.0,2026-08-22
2026-07-27,Jacob Fearnley,110.0,577,+57,10.0,7.0,2026-08-22
2026-07-27,Jacob Fearnley,110.0,577,+57,10.0,7.0,2026-08-22
2026-07-20,Jacob Fearnley,121.0,520,-,,,2026-08-22
2026-07-20,Jacob Fearnley,121.0,520,-,,,2026-08-22
2026-07-20,Jacob Fearnley,121.0,520,-,,,2026-08-22
2026-07-13,Jacob Fearnley,123.0,520,+158,,,2026-08-22
2026-07-13,Jacob Fearnley,123.0,520,+158,,,2026-08-22
2026-07-13,Jacob Fearnley,123.0,520,+158,,,2026-08-22
2026-06-29,Jacob Fearnley,159.0,362,-18,10.0,5.0,2026-08-22
2026-06-29,Jacob Fearnley,159.0,362,-18,10.0,5.0,2026-08-22
2026-06-29,Jacob Fearnley,159.0,362,-18,10.0,5.0,2026-08-22
2026-06-22,Jacob Fearnley,152.0,380,-92,25.0,7.0,2026-08-22
2026-06-22,Jacob Fearnley,152.0,380,-92,25.0,7.0,2026-08-22
2026-06-15,Jacob Fearnley,130.0,472,+57,100.0,7.0,2026-08-22
2026-06-15,Jacob Fearnley,130.0,472,+57,100.0,7.0,2026-08-22
2026-06-08,Jacob Fearnley,145.0,415,-90,,,2026-08-22
2026-06-08,Jacob Fearnley,145.0,415,-90,,,2026-08-22
2026-05-25,Jacob Fearnley,125.0,505,-18,100.0,5.0,2026-08-22
2026-05-25,Jacob Fearnley,125.0,505,-18,100.0,5.0,2026-08-22
2026-05-18,Jacob Fearnley,122.0,523,-,25.0,7.0,2026-08-22
2026-05-18,Jacob Fearnley,122.0,523,-,25.0,7.0,2026-08-22
2026-05-04,Jacob Fearnley,123.0,523,-63,30.0,7.0,2026-08-22
2026-05-04,Jacob Fearnley,123.0,523,-63,30.0,7.0,2026-08-22
2026-04-20,Jacob Fearnley,110.0,586,-53,70.0,7.0,2026-08-22
2026-04-20,Jacob Fearnley,110.0,586,-53,70.0,7.0,2026-08-22
2026-04-13,Jacob Fearnley,98.0,639,-,63.0,10.0,2026-08-22
2026-04-13,Jacob Fearnley,98.0,639,-,63.0,10.0,2026-08-22
2026-04-06,Jacob Fearnley,97.0,639,-,,,2026-08-22
2026-04-06,Jacob Fearnley,97.0,639,-,,,2026-08-22
2026-03-30,Jacob Fearnley,97.0,639,-40,,,2026-08-22
2026-03-30,Jacob Fearnley,97.0,639,-40,,,2026-08-22
2026-03-16,Jacob Fearnley,83.0,679,+17,50.0,10.0,2026-08-22
2026-03-16,Jacob Fearnley,83.0,679,+17,50.0,10.0,2026-08-22
2026-03-02,Jacob Fearnley,87.0,662,-,13.0,10.0,2026-08-22
2026-02-23,Jacob Fearnley,90.0,662,-6,,,2026-08-22
2026-02-16,Jacob Fearnley,84.0,668,-,16.0,10.0,2026-08-22
2026-02-09,Jacob Fearnley,87.0,668,-,,,2026-08-22
2026-02-02,Jacob Fearnley,90.0,668,-84,,,2026-08-22
2026-01-19,Jacob Fearnley,77.0,752,-,100.0,10.0,2026-08-22
2026-01-12,Jacob Fearnley,77.0,752,-,,,2026-08-22
2026-01-05,Jacob Fearnley,74.0,752,-25,,,2026-08-22
2025-12-29,Jacob Fearnley,71.0,777,-10,35.0,10.0,2026-08-22
2025-12-22,Jacob Fearnley,71.0,787,-,,,2026-08-22
2025-12-15,Jacob Fearnley,71.0,787,-,,,2026-08-22
2025-12-08,Jacob Fearnley,71.0,787,-,,,2026-08-22
2025-12-01,Jacob Fearnley,71.0,787,-,,,2026-08-22
2025-11-24,Jacob Fearnley,71.0,787,-,,,2026-08-22
2025-11-17,Jacob Fearnley,71.0,787,-,,,2026-08-22
2025-11-10,Jacob Fearnley,71.0,787,-6,,,2026-08-22
2025-11-03,Jacob Fearnley,73.0,793,+24,16.0,10.0,2026-08-22
2025-10-27,Jacob Fearnley,78.0,769,+15,16.0,10.0,2026-08-22
2025-10-20,Jacob Fearnley,81.0,754,-10,,,2026-08-22
2025-10-13,Jacob Fearnley,81.0,764,-13,38.0,13.0,2026-08-22
,Jaymon Crabb,,,,,,2026-08-22
,Maurice Ruah,,,,,,2026-08-22
,Michael Yani,,,,,,2026-08-22
,Nicolas Almagro,,,,,,2026-08-22
,Pascal Deniau,,,,,,2026-08-22
2026-08-10,Petros Tsitsipas,980.0,22,-,,,2026-08-22
2026-08-03,Petros Tsitsipas,968.0,22,-,,,2026-08-22
2026-07-27,Petros Tsitsipas,968.0,22,+1,,,2026-08-22
,Roberto Saad,,,,,,2026-08-22
,Romain Jouan,,,,,,2026-08-22
2026-08-10,Sergey Betov,,2,-,,,2026-08-22
2026-08-03,Sergey Betov,,2,-,,,2026-08-22
2026-07-27,Sergey Betov,,2,-,,,2026-08-22
,Bob Blazekovic,,,,,,2026-08-22
,C Mora,,,,,,2026-08-22
,Carlos Behar,,,,,,2026-08-22
,D Conradie,,,,,,2026-08-22
,D Perensby,,,,,,2026-08-22
,Denis Grozdanovitch,,,,,,2026-08-22
,Eduardo Oncins,,,,,,2026-08-22
,Esteban Reyes,,,,,,2026-08-22
,Giulio Massara,,,,,,2026-08-22
,Janos Guti,,,,,,2026-08-22
,Juan Manuel Couder,,,,,,2026-08-22
,Mazizat Sofyan,,,,,,2026-08-22
,Neal Higgins,,,,,,2026-08-22
,Peter Avery,,,,,,2026-08-22
,Pierre Darmon,,,,,,2026-08-22
,Ryan Meara,,,,,,2026-08-22
,Vic Rollins,,,,,,2026-08-22
,Aaron Krickstein,,,,,,2026-08-22
,Boaz Merenstein,,,,,,2026-08-22
,David Pate,,,,,,2026-08-22
,Fabio Silberberg,,,,,,2026-08-22
,Graham Stilwell,,,,,,2026-08-22
,Guillermo Stevens,,,,,,2026-08-22
,Hank Pfister,,,,,,2026-08-22
,Jack Sock,,,,,,2026-08-22
2026-08-10,Javier Barranco Cosano,466.0,99,-,1.0,,2026-08-22
2026-08-03,Javier Barranco Cosano,457.0,99,-22,,,2026-08-22
2026-07-27,Javier Barranco Cosano,397.0,121,+14,25.0,,2026-08-22
2026-08-10,Laslo Djere,211.0,268,-,,,2026-08-22
2026-08-03,Laslo Djere,207.0,268,-,,,2026-08-22
2026-07-27,Laslo Djere,210.0,268,+13,,,2026-08-22
2026-02-23,Laslo Djere,118.0,538,-,250.0,,2026-08-22
2026-02-16,Laslo Djere,114.0,538,-113,,,2026-08-22
2026-02-09,Laslo Djere,91.0,651,-,113.0,,2026-08-22
2026-02-02,Laslo Djere,94.0,651,-8,,,2026-08-22
2026-01-19,Laslo Djere,92.0,659,-,24.0,6.0,2026-08-22
2026-01-12,Laslo Djere,91.0,659,+7,,,2026-08-22
2026-01-05,Laslo Djere,95.0,652,-,,,2026-08-22
2025-12-29,Laslo Djere,98.0,652,-,,,2026-08-22
2025-12-22,Laslo Djere,98.0,652,-,,,2026-08-22
2025-12-15,Laslo Djere,98.0,652,-,,,2026-08-22
2025-12-08,Laslo Djere,98.0,652,-,,,2026-08-22
2025-12-01,Laslo Djere,98.0,652,-,,,2026-08-22
2025-11-24,Laslo Djere,99.0,652,-,,,2026-08-22
2025-11-17,Laslo Djere,99.0,652,+6,,,2026-08-22
2025-11-10,Laslo Djere,99.0,646,-100,,,2026-08-22
2025-11-03,Laslo Djere,82.0,746,+8,100.0,,2026-08-22
2025-10-27,Laslo Djere,85.0,738,-,,,2026-08-22
2025-10-20,Laslo Djere,84.0,738,-38,,,2026-08-22
2025-10-13,Laslo Djere,79.0,776,+10,38.0,,2026-08-22
,Petru Alexandru Luncanu,,,,,,2026-08-22
,Rodolphe Cadart,,,,,,2026-08-22
,Tsuyoshi Fukui,,,,,,2026-08-22
,Allen Shapter,,,,,,2026-08-22
,D Morgan,,,,,,2026-08-22
,E Chavez,,,,,,2026-08-22
,Horst Ritter,,,,,,2026-08-22
,Ibrahim Mahmoud,,,,,,2026-08-22
,John Solow,,,,,,2026-08-22
,K Stevens,,,,,,2026-08-22
,Mathias Hellstrom,,,,,,2026-08-22
,Mike Fedderly,,,,,,2026-08-22
,Morris Shongwe,,,,,,2026-08-22
,Rob Kuypers,,,,,,2026-08-22
,Robert Haillet,,,,,,2026-08-22
,Steven Randjelovic,,,,,,2026-08-22
,Alex Clayton,,,,,,2026-08-22
2026-08-10,Daniel Merida,40.0,1117,+192,,,2026-08-22
2026-08-10,Daniel Merida,40.0,1117,+192,,,2026-08-22
2026-08-10,Daniel Merida,40.0,1117,+192,,,2026-08-22
2026-08-10,Daniel Merida,40.0,1117,+192,,,2026-08-22
2026-08-03,Daniel Merida,63.0,925,-,,,2026-08-22
2026-08-03,Daniel Merida,63.0,925,-,,,2026-08-22
2026-08-03,Daniel Merida,63.0,925,-,,,2026-08-22
2026-08-03,Daniel Merida,63.0,925,-,,,2026-08-22
2026-07-27,Daniel Merida,61.0,925,-,,,2026-08-22
2026-07-27,Daniel Merida,61.0,925,-,,,2026-08-22
2026-07-27,Daniel Merida,61.0,925,-,,,2026-08-22
2026-07-27,Daniel Merida,61.0,925,-,,,2026-08-22
2026-07-20,Daniel Merida,59.0,925,+175,,,2026-08-22
2026-07-20,Daniel Merida,59.0,925,+175,,,2026-08-22
2026-07-20,Daniel Merida,59.0,925,+175,,,2026-08-22
2026-07-13,Daniel Merida,82.0,750,+44,75.0,6.0,2026-08-22
2026-07-13,Daniel Merida,82.0,750,+44,75.0,6.0,2026-08-22
2026-07-13,Daniel Merida,82.0,750,+44,75.0,6.0,2026-08-22
2026-06-29,Daniel Merida,84.0,706,-,,,2026-08-22
2026-06-29,Daniel Merida,84.0,706,-,,,2026-08-22
2026-06-29,Daniel Merida,84.0,706,-,,,2026-08-22
2026-06-22,Daniel Merida,85.0,706,-8,,,2026-08-22
2026-06-22,Daniel Merida,85.0,706,-8,,,2026-08-22
2026-06-15,Daniel Merida,83.0,714,-42,14.0,6.0,2026-08-22
2026-06-15,Daniel Merida,83.0,714,-42,14.0,6.0,2026-08-22
2026-06-08,Daniel Merida,82.0,756,+60,50.0,8.0,2026-08-22
2026-06-08,Daniel Merida,82.0,756,+60,50.0,8.0,2026-08-22
2026-05-25,Daniel Merida,86.0,696,-,,,2026-08-22
2026-05-25,Daniel Merida,86.0,696,-,,,2026-08-22
2026-05-18,Daniel Merida,86.0,696,-,,,2026-08-22
2026-05-18,Daniel Merida,86.0,696,-,,,2026-08-22
2026-05-04,Daniel Merida,86.0,696,+64,36.0,12.0,2026-08-22
2026-05-04,Daniel Merida,86.0,696,+64,36.0,12.0,2026-08-22
2026-04-20,Daniel Merida,102.0,632,+7,,,2026-08-22
2026-04-20,Daniel Merida,102.0,632,+7,,,2026-08-22
2026-04-13,Daniel Merida,104.0,625,-,,,2026-08-22
2026-04-13,Daniel Merida,104.0,625,-,,,2026-08-22
2026-04-06,Daniel Merida,101.0,625,+167,,,2026-08-22
2026-04-06,Daniel Merida,101.0,625,+167,,,2026-08-22
2026-03-30,Daniel Merida,136.0,458,-,11.0,4.0,2026-08-22
2026-03-30,Daniel Merida,136.0,458,-,11.0,4.0,2026-08-22
2026-03-16,Daniel Merida,135.0,458,+26,10.0,4.0,2026-08-22
2026-03-16,Daniel Merida,135.0,458,+26,10.0,4.0,2026-08-22
2026-03-02,Daniel Merida,139.0,432,-,,,2026-08-22
2026-02-23,Daniel Merida,143.0,432,-,,,2026-08-22
2026-02-16,Daniel Merida,145.0,432,+21,,,2026-08-22
2026-02-09,Daniel Merida,152.0,411,+75,,,2026-08-22
2026-02-02,Daniel Merida,183.0,336,-17,,,2026-08-22
2026-01-19,Daniel Merida,164.0,353,-,25.0,,2026-08-22
2026-01-12,Daniel Merida,164.0,353,-,,,2026-08-22
2026-01-05,Daniel Merida,163.0,353,-,,,2026-08-22
2025-12-29,Daniel Merida,165.0,353,-,,,2026-08-22
2025-12-22,Daniel Merida,165.0,353,-,,,2026-08-22
2025-12-15,Daniel Merida,165.0,353,-,,,2026-08-22
2025-12-08,Daniel Merida,165.0,353,-,,,2026-08-22
2025-12-01,Daniel Merida,165.0,353,+11,,,2026-08-22
2025-11-24,Daniel Merida,170.0,342,+6,14.0,,2026-08-22
2025-11-17,Daniel Merida,172.0,336,-,,,2026-08-22
2025-11-10,Daniel Merida,172.0,336,-,,,2026-08-22
2025-11-03,Daniel Merida,171.0,336,-,,,2026-08-22
2025-10-27,Daniel Merida,169.0,336,-,,,2026-08-22
2025-10-20,Daniel Merida,169.0,336,-13,,,2026-08-22
2025-10-13,Daniel Merida,163.0,349,+18,13.0,,2026-08-22
,Gary Donnelly,,,,,,2026-08-22
,John Boytim,,,,,,2026-08-22
,Marcos Hocevar,,,,,,2026-08-22
2026-08-10,Pedro Martinez,151.0,386,-,43.0,,2026-08-22
2026-08-10,Pedro Martinez,151.0,386,-,43.0,,2026-08-22
2026-08-10,Pedro Martinez,151.0,386,-,43.0,,2026-08-22
2026-08-10,Pedro Martinez,151.0,386,-,43.0,,2026-08-22
2026-08-03,Pedro Martinez,148.0,386,-10,,,2026-08-22
2026-08-03,Pedro Martinez,148.0,386,-10,,,2026-08-22
2026-08-03,Pedro Martinez,148.0,386,-10,,,2026-08-22
2026-08-03,Pedro Martinez,148.0,386,-10,,,2026-08-22
2026-07-27,Pedro Martinez,148.0,396,+38,10.0,,2026-08-22
2026-07-27,Pedro Martinez,148.0,396,+38,10.0,,2026-08-22
2026-07-27,Pedro Martinez,148.0,396,+38,10.0,,2026-08-22
2026-07-27,Pedro Martinez,148.0,396,+38,10.0,,2026-08-22
2026-07-20,Pedro Martinez,159.0,358,-,,,2026-08-22
2026-07-20,Pedro Martinez,159.0,358,-,,,2026-08-22
2026-07-20,Pedro Martinez,159.0,358,-,,,2026-08-22
2026-07-13,Pedro Martinez,157.0,358,-93,,,2026-08-22
2026-07-13,Pedro Martinez,157.0,358,-93,,,2026-08-22
2026-07-13,Pedro Martinez,157.0,358,-93,,,2026-08-22
2026-06-29,Pedro Martinez,134.0,451,-,100.0,,2026-08-22
2026-06-29,Pedro Martinez,134.0,451,-,100.0,,2026-08-22
2026-06-29,Pedro Martinez,134.0,451,-,100.0,,2026-08-22
2026-06-22,Pedro Martinez,134.0,451,-,,,2026-08-22
2026-06-22,Pedro Martinez,134.0,451,-,,,2026-08-22
2026-06-15,Pedro Martinez,136.0,451,+7,,,2026-08-22
2026-06-15,Pedro Martinez,136.0,451,+7,,,2026-08-22
2026-06-08,Pedro Martinez,139.0,444,+13,,,2026-08-22
2026-06-08,Pedro Martinez,139.0,444,+13,,,2026-08-22
2026-05-25,Pedro Martinez,140.0,431,-,10.0,,2026-08-22
2026-05-25,Pedro Martinez,140.0,431,-,10.0,,2026-08-22
2026-05-18,Pedro Martinez,141.0,431,-30,,,2026-08-22
2026-05-18,Pedro Martinez,141.0,431,-30,,,2026-08-22
2026-05-04,Pedro Martinez,136.0,461,-10,30.0,,2026-08-22
2026-05-04,Pedro Martinez,136.0,461,-10,30.0,,2026-08-22
2026-04-20,Pedro Martinez,133.0,471,-25,10.0,,2026-08-22
2026-04-20,Pedro Martinez,133.0,471,-25,10.0,,2026-08-22
2026-04-13,Pedro Martinez,125.0,496,-34,50.0,,2026-08-22
2026-04-13,Pedro Martinez,125.0,496,-34,50.0,,2026-08-22
2026-04-06,Pedro Martinez,119.0,530,-50,50.0,,2026-08-22
2026-04-06,Pedro Martinez,119.0,530,-50,50.0,,2026-08-22
2026-03-30,Pedro Martinez,113.0,580,+4,50.0,,2026-08-22
2026-03-30,Pedro Martinez,113.0,580,+4,50.0,,2026-08-22
2026-03-16,Pedro Martinez,113.0,576,-10,10.0,,2026-08-22
2026-03-16,Pedro Martinez,113.0,576,-10,10.0,,2026-08-22
2026-03-02,Pedro Martinez,106.0,586,-,10.0,,2026-08-22
2026-02-23,Pedro Martinez,101.0,586,-,,,2026-08-22
2026-02-16,Pedro Martinez,101.0,586,-50,,,2026-08-22
2026-02-09,Pedro Martinez,94.0,636,-92,100.0,,2026-08-22
2026-02-02,Pedro Martinez,77.0,728,-40,100.0,8.0,2026-08-22
2026-01-19,Pedro Martinez,71.0,768,-,50.0,,2026-08-22
2026-01-12,Pedro Martinez,71.0,768,+125,,,2026-08-22
2026-01-05,Pedro Martinez,96.0,643,-25,,,2026-08-22
2025-12-29,Pedro Martinez,92.0,668,-,25.0,,2026-08-22
2025-12-22,Pedro Martinez,93.0,668,-,,,2026-08-22
2025-12-15,Pedro Martinez,93.0,668,-,,,2026-08-22
2025-12-08,Pedro Martinez,93.0,668,-,,,2026-08-22
2025-12-01,Pedro Martinez,93.0,668,-,,,2026-08-22
2025-11-24,Pedro Martinez,94.0,668,-,,,2026-08-22
2025-11-17,Pedro Martinez,95.0,668,-,,,2026-08-22
2025-11-10,Pedro Martinez,93.0,668,-,,,2026-08-22
2025-11-03,Pedro Martinez,95.0,668,-10,,,2026-08-22
2025-10-27,Pedro Martinez,92.0,678,-40,10.0,,2026-08-22
2025-10-20,Pedro Martinez,88.0,718,-,50.0,10.0,2026-08-22
2025-10-13,Pedro Martinez,89.0,718,-115,,,2026-08-22
,Sergio Casal,,,,,,2026-08-22
,Tatsuma Ito,,,,,,2026-08-22
,Yahiya Doumbia,,,,,,2026-08-22
,A Fine,,,,,,2026-08-22
,A S Svensson,,,,,,2026-08-22
,D Gueddes,,,,,,2026-08-22
,Dick Knight,,,,,,2026-08-22
,Donald Sea,,,,,,2026-08-22
,Frank Bussey,,,,,,2026-08-22
,Jae Sik Kim,,,,,,2026-08-22
,Juan Carlos Arroyo,,,,,,2026-08-22
,Michael Appleton,,,,,,2026-08-22
,Mohammed Abdulla,,,,,,2026-08-22
,Pekka Saila,,,,,,2026-08-22
,Ralph Geiger,,,,,,2026-08-22
,Shamil Tarpischev,,,,,,2026-08-22
,V Gillespie,,,,,,2026-08-22
,Charles Beckman,,,,,,2026-08-22
,Chris Dunk,,,,,,2026-08-22
,Jorge Bardou,,,,,,2026-08-22
,Ken Binns,,,,,,2026-08-22
,Mario Vilella Martinez,,,,,,2026-08-22
,Michael Stich,,,,,,2026-08-22
,Morten Christensen,,,,,,2026-08-22
,Nathan Healey,,,,,,2026-08-22
,Ricardo Camargo,,,,,,2026-08-22
,Roscoe Tanner,,,,,,2026-08-22
2026-08-10,Taro Daniel,186.0,311,-,,,2026-08-22
2026-08-10,Taro Daniel,186.0,311,-,,,2026-08-22
2026-08-10,Taro Daniel,186.0,311,-,,,2026-08-22
2026-08-10,Taro Daniel,186.0,311,-,,,2026-08-22
2026-08-03,Taro Daniel,183.0,311,-,,,2026-08-22
2026-08-03,Taro Daniel,183.0,311,-,,,2026-08-22
2026-08-03,Taro Daniel,183.0,311,-,,,2026-08-22
2026-08-03,Taro Daniel,183.0,311,-,,,2026-08-22
2026-07-27,Taro Daniel,185.0,311,+13,,,2026-08-22
2026-07-27,Taro Daniel,185.0,311,+13,,,2026-08-22
2026-07-27,Taro Daniel,185.0,311,+13,,,2026-08-22
2026-07-27,Taro Daniel,185.0,311,+13,,,2026-08-22
2026-07-20,Taro Daniel,192.0,298,+13,,,2026-08-22
2026-07-20,Taro Daniel,192.0,298,+13,,,2026-08-22
2026-07-20,Taro Daniel,192.0,298,+13,,,2026-08-22
2026-07-13,Taro Daniel,194.0,285,+6,,,2026-08-22
2026-07-13,Taro Daniel,194.0,285,+6,,,2026-08-22
2026-07-13,Taro Daniel,194.0,285,+6,,,2026-08-22
2025-10-20,Taro Daniel,179.0,321,-,125.0,,2026-08-22
2025-10-13,Taro Daniel,177.0,321,-30,,,2026-08-22
,Tracy Delatte,,,,,,2026-08-22
,Christian Bimes,,,,,,2026-08-22
,Claude De Gronckel,,,,,,2026-08-22
,Humphrey Truman,,,,,,2026-08-22
,John Reed,,,,,,2026-08-22
,Jorge Todero,,,,,,2026-08-22
,Martin Valenti,,,,,,2026-08-22
,Osamu Yanagihara,,,,,,2026-08-22
,Peter Richardson,,,,,,2026-08-22
,Thies Roepcke,,,,,,2026-08-22
,Zeljko Franulovic,,,,,,2026-08-22
,Christian Vinck,,,,,,2026-08-22
2026-08-10,Giulio Zeppieri,238.0,239,-,12.0,,2026-08-22
2026-08-03,Giulio Zeppieri,234.0,239,-4,,,2026-08-22
2026-07-27,Giulio Zeppieri,231.0,243,-13,4.0,,2026-08-22
2026-06-29,Giulio Zeppieri,193.0,296,-,40.0,,2026-08-22
2026-06-29,Giulio Zeppieri,193.0,296,-,40.0,,2026-08-22
2026-06-29,Giulio Zeppieri,193.0,296,-,40.0,,2026-08-22
2026-06-22,Giulio Zeppieri,195.0,296,-8,,,2026-08-22
2026-06-22,Giulio Zeppieri,195.0,296,-8,,,2026-08-22
2026-06-15,Giulio Zeppieri,193.0,304,-,8.0,,2026-08-22
2026-06-15,Giulio Zeppieri,193.0,304,-,8.0,,2026-08-22
2026-06-08,Giulio Zeppieri,192.0,304,-40,,,2026-08-22
2026-06-08,Giulio Zeppieri,192.0,304,-40,,,2026-08-22
2026-05-25,Giulio Zeppieri,172.0,344,-,40.0,,2026-08-22
2026-05-25,Giulio Zeppieri,172.0,344,-,40.0,,2026-08-22
2026-05-18,Giulio Zeppieri,173.0,344,-28,,,2026-08-22
2026-05-18,Giulio Zeppieri,173.0,344,-28,,,2026-08-22
2026-05-04,Giulio Zeppieri,164.0,372,-2,28.0,,2026-08-22
2026-05-04,Giulio Zeppieri,164.0,372,-2,28.0,,2026-08-22
2026-04-20,Giulio Zeppieri,165.0,374,-,6.0,4.0,2026-08-22
2026-04-20,Giulio Zeppieri,165.0,374,-,6.0,4.0,2026-08-22
2026-04-13,Giulio Zeppieri,167.0,374,-,,,2026-08-22
2026-04-13,Giulio Zeppieri,167.0,374,-,,,2026-08-22
2026-04-06,Giulio Zeppieri,164.0,374,-,,,2026-08-22
2026-04-06,Giulio Zeppieri,164.0,374,-,,,2026-08-22
2026-03-30,Giulio Zeppieri,162.0,374,-,,,2026-08-22
2026-03-30,Giulio Zeppieri,162.0,374,-,,,2026-08-22
2026-03-16,Giulio Zeppieri,160.0,374,-23,,,2026-08-22
2026-03-16,Giulio Zeppieri,160.0,374,-23,,,2026-08-22
2026-03-02,Giulio Zeppieri,153.0,397,-,30.0,4.0,2026-08-22
2026-02-23,Giulio Zeppieri,153.0,397,-,,,2026-08-22
2026-02-16,Giulio Zeppieri,156.0,397,+4,,,2026-08-22
2026-02-09,Giulio Zeppieri,154.0,393,-,,,2026-08-22
2026-02-02,Giulio Zeppieri,153.0,393,-9,,,2026-08-22
2026-01-19,Giulio Zeppieri,156.0,402,-,25.0,3.0,2026-08-22
2026-01-12,Giulio Zeppieri,156.0,402,-,,,2026-08-22
2026-01-05,Giulio Zeppieri,153.0,402,-,,,2026-08-22
2025-12-29,Giulio Zeppieri,154.0,402,-3,,,2026-08-22
2025-12-22,Giulio Zeppieri,154.0,405,-,,,2026-08-22
2025-12-15,Giulio Zeppieri,154.0,405,-,,,2026-08-22
2025-12-08,Giulio Zeppieri,154.0,405,-,,,2026-08-22
2025-12-01,Giulio Zeppieri,154.0,405,-,,,2026-08-22
2025-11-24,Giulio Zeppieri,154.0,405,-,,,2026-08-22
2025-11-17,Giulio Zeppieri,151.0,405,-,,,2026-08-22
2025-11-10,Giulio Zeppieri,154.0,405,+16,,,2026-08-22
2025-11-03,Giulio Zeppieri,155.0,389,-,,,2026-08-22
2025-10-27,Giulio Zeppieri,153.0,389,+14,,,2026-08-22
2025-10-20,Giulio Zeppieri,157.0,375,+13,,,2026-08-22
2025-10-13,Giulio Zeppieri,160.0,362,-,,,2026-08-22
,Johan Sandberg,,,,,,2026-08-22
,Justin Gimelstob,,,,,,2026-08-22
,Lucas Gomez,,,,,,2026-08-22
2026-08-10,Marin Cilic,80.0,751,+30,,,2026-08-22
2026-08-10,Marin Cilic,80.0,751,+30,,,2026-08-22
2026-08-10,Marin Cilic,80.0,751,+30,,,2026-08-22
2026-08-10,Marin Cilic,80.0,751,+30,,,2026-08-22
2026-08-03,Marin Cilic,85.0,721,-,,,2026-08-22
2026-08-03,Marin Cilic,85.0,721,-,,,2026-08-22
2026-08-03,Marin Cilic,85.0,721,-,,,2026-08-22
2026-08-03,Marin Cilic,85.0,721,-,,,2026-08-22
2026-07-27,Marin Cilic,86.0,721,-,,,2026-08-22
2026-07-27,Marin Cilic,86.0,721,-,,,2026-08-22
2026-07-27,Marin Cilic,86.0,721,-,,,2026-08-22
2026-07-27,Marin Cilic,86.0,721,-,,,2026-08-22
2026-07-20,Marin Cilic,86.0,721,-,,,2026-08-22
2026-07-20,Marin Cilic,86.0,721,-,,,2026-08-22
2026-07-20,Marin Cilic,86.0,721,-,,,2026-08-22
2026-07-13,Marin Cilic,88.0,721,-190,,,2026-08-22
2026-07-13,Marin Cilic,88.0,721,-190,,,2026-08-22
2026-07-13,Marin Cilic,88.0,721,-190,,,2026-08-22
2026-06-29,Marin Cilic,62.0,911,-,200.0,,2026-08-22
2026-06-29,Marin Cilic,62.0,911,-,200.0,,2026-08-22
2026-06-29,Marin Cilic,62.0,911,-,200.0,,2026-08-22
2026-06-22,Marin Cilic,60.0,911,-125,,,2026-08-22
2026-06-22,Marin Cilic,60.0,911,-125,,,2026-08-22
2026-06-15,Marin Cilic,46.0,1036,+42,125.0,,2026-08-22
2026-06-15,Marin Cilic,46.0,1036,+42,125.0,,2026-08-22
2026-06-08,Marin Cilic,47.0,994,-16,8.0,,2026-08-22
2026-06-08,Marin Cilic,47.0,994,-16,8.0,,2026-08-22
2026-05-25,Marin Cilic,46.0,1010,-,26.0,,2026-08-22
2026-05-25,Marin Cilic,46.0,1010,-,26.0,,2026-08-22
2026-05-18,Marin Cilic,45.0,1010,+30,,,2026-08-22
2026-05-18,Marin Cilic,45.0,1010,+30,,,2026-08-22
2026-05-04,Marin Cilic,47.0,980,+30,,,2026-08-22
2026-05-04,Marin Cilic,47.0,980,+30,,,2026-08-22
2026-04-20,Marin Cilic,51.0,950,-,,,2026-08-22
2026-04-20,Marin Cilic,51.0,950,-,,,2026-08-22
2026-04-13,Marin Cilic,48.0,950,-,,,2026-08-22
2026-04-13,Marin Cilic,48.0,950,-,,,2026-08-22
2026-04-06,Marin Cilic,51.0,950,-,50.0,,2026-08-22
2026-04-06,Marin Cilic,51.0,950,-,50.0,,2026-08-22
2026-03-30,Marin Cilic,54.0,950,-50,,,2026-08-22
2026-03-30,Marin Cilic,54.0,950,-50,,,2026-08-22
2026-03-16,Marin Cilic,49.0,1000,+10,100.0,,2026-08-22
2026-03-16,Marin Cilic,49.0,1000,+10,100.0,,2026-08-22
2026-03-02,Marin Cilic,51.0,990,-100,,,2026-08-22
2026-02-23,Marin Cilic,45.0,1090,-,100.0,,2026-08-22
2026-02-16,Marin Cilic,43.0,1090,+200,,,2026-08-22
2026-02-09,Marin Cilic,61.0,890,-,,,2026-08-22
2026-02-02,Marin Cilic,61.0,890,+100,,,2026-08-22
2026-01-19,Marin Cilic,70.0,790,-,,,2026-08-22
2026-01-12,Marin Cilic,70.0,790,+25,,,2026-08-22
2026-01-05,Marin Cilic,70.0,765,-,,,2026-08-22
2025-12-29,Marin Cilic,73.0,765,-,,,2026-08-22
2025-12-22,Marin Cilic,75.0,765,-,,,2026-08-22
2025-12-15,Marin Cilic,75.0,765,-,,,2026-08-22
2025-12-08,Marin Cilic,75.0,765,-,,,2026-08-22
2025-12-01,Marin Cilic,75.0,765,-,,,2026-08-22
2025-11-24,Marin Cilic,75.0,765,-,,,2026-08-22
2025-11-17,Marin Cilic,75.0,765,-,,,2026-08-22
2025-11-10,Marin Cilic,76.0,765,-9,,,2026-08-22
2025-11-03,Marin Cilic,79.0,774,-10,25.0,,2026-08-22
2025-10-27,Marin Cilic,75.0,784,+75,10.0,,2026-08-22
2025-10-20,Marin Cilic,89.0,709,+25,,,2026-08-22
2025-10-13,Marin Cilic,92.0,684,+20,,,2026-08-22
,Paul Torre,,,,,,2026-08-22
,Rasmus Norby,,,,,,2026-08-22
,Tomas Cakl,,,,,,2026-08-22
,Xin Gao,,,,,,2026-08-22
,Allan Skelton,,,,,,2026-08-22
,Bill Cantrell,,,,,,2026-08-22
,Bo Svensson,,,,,,2026-08-22
,Bruce Steel,,,,,,2026-08-22
,Dan Birchmore,,,,,,2026-08-22
,Donnie Haseth,,,,,,2026-08-22
,Howard Joffe,,,,,,2026-08-22
,Hussain Akbari,,,,,,2026-08-22
,Jack Mingjie Lin,,,,,,2026-08-22
,Jim Rombeau,,,,,,2026-08-22
,Juan Figueroa,,,,,,2026-08-22
,Kevin Long,,,,,,2026-08-22
,Marc Albert,,,,,,2026-08-22
,Noriyuki Washida,,,,,,2026-08-22
,Roberto Alvarez,,,,,,2026-08-22
,Scott Bristol,,,,,,2026-08-22
,Waldemar Timm,,,,,,2026-08-22
,Alan Mackin,,,,,,2026-08-22
2026-08-10,Albert Ramos Vinolas,1067.0,16,-,,,2026-08-22
2026-08-03,Albert Ramos Vinolas,1057.0,16,-,,,2026-08-22
2026-07-27,Albert Ramos Vinolas,1053.0,16,-,,,2026-08-22
2026-08-10,Arthur Cazaux,139.0,432,-,36.0,,2026-08-22
2026-08-10,Arthur Cazaux,139.0,432,-,36.0,,2026-08-22
2026-08-10,Arthur Cazaux,139.0,432,-,36.0,,2026-08-22
2026-08-10,Arthur Cazaux,139.0,432,-,36.0,,2026-08-22
2026-08-03,Arthur Cazaux,138.0,432,-,,,2026-08-22
2026-08-03,Arthur Cazaux,138.0,432,-,,,2026-08-22
2026-08-03,Arthur Cazaux,138.0,432,-,,,2026-08-22
2026-08-03,Arthur Cazaux,138.0,432,-,,,2026-08-22
2026-07-27,Arthur Cazaux,141.0,432,-158,,,2026-08-22
2026-07-27,Arthur Cazaux,141.0,432,-158,,,2026-08-22
2026-07-27,Arthur Cazaux,141.0,432,-158,,,2026-08-22
2026-07-27,Arthur Cazaux,141.0,432,-158,,,2026-08-22
2026-07-20,Arthur Cazaux,111.0,590,-87,165.0,7.0,2026-08-22
2026-07-20,Arthur Cazaux,111.0,590,-87,165.0,7.0,2026-08-22
2026-07-20,Arthur Cazaux,111.0,590,-87,165.0,7.0,2026-08-22
2026-07-13,Arthur Cazaux,98.0,677,-80,100.0,13.0,2026-08-22
2026-07-13,Arthur Cazaux,98.0,677,-80,100.0,13.0,2026-08-22
2026-07-13,Arthur Cazaux,98.0,677,-80,100.0,13.0,2026-08-22
2026-06-29,Arthur Cazaux,78.0,757,-,80.0,13.0,2026-08-22
2026-06-29,Arthur Cazaux,78.0,757,-,80.0,13.0,2026-08-22
2026-06-29,Arthur Cazaux,78.0,757,-,80.0,13.0,2026-08-22
2026-06-22,Arthur Cazaux,80.0,757,-,,,2026-08-22
2026-06-22,Arthur Cazaux,80.0,757,-,,,2026-08-22
2026-06-15,Arthur Cazaux,79.0,757,-,,,2026-08-22
2026-06-15,Arthur Cazaux,79.0,757,-,,,2026-08-22
2026-06-08,Arthur Cazaux,81.0,757,-,,,2026-08-22
2026-06-08,Arthur Cazaux,81.0,757,-,,,2026-08-22
2026-05-25,Arthur Cazaux,77.0,757,-,,13.0,2026-08-22
2026-05-25,Arthur Cazaux,77.0,757,-,,13.0,2026-08-22
2026-05-18,Arthur Cazaux,76.0,757,-13,,,2026-08-22
2026-05-18,Arthur Cazaux,76.0,757,-13,,,2026-08-22
2026-05-04,Arthur Cazaux,73.0,770,-7,,,2026-08-22
2026-05-04,Arthur Cazaux,73.0,770,-7,,,2026-08-22
2026-04-20,Arthur Cazaux,73.0,777,-,,,2026-08-22
2026-04-20,Arthur Cazaux,73.0,777,-,,,2026-08-22
2026-04-13,Arthur Cazaux,71.0,777,-,,,2026-08-22
2026-04-13,Arthur Cazaux,71.0,777,-,,,2026-08-22
2026-04-06,Arthur Cazaux,70.0,777,-,,,2026-08-22
2026-04-06,Arthur Cazaux,70.0,777,-,,,2026-08-22
2026-03-30,Arthur Cazaux,68.0,777,+23,,,2026-08-22
2026-03-30,Arthur Cazaux,68.0,777,+23,,,2026-08-22
2026-03-16,Arthur Cazaux,73.0,754,+13,,,2026-08-22
2026-03-16,Arthur Cazaux,73.0,754,+13,,,2026-08-22
2026-03-02,Arthur Cazaux,76.0,741,-14,,,2026-08-22
2026-02-23,Arthur Cazaux,74.0,755,-,14.0,,2026-08-22
2026-02-16,Arthur Cazaux,73.0,755,-,,,2026-08-22
2026-02-09,Arthur Cazaux,75.0,755,-,,,2026-08-22
2026-02-02,Arthur Cazaux,76.0,755,-75,,,2026-08-22
2026-01-19,Arthur Cazaux,67.0,830,-,75.0,,2026-08-22
2026-01-12,Arthur Cazaux,67.0,830,-18,,,2026-08-22
2026-01-05,Arthur Cazaux,63.0,848,-,25.0,,2026-08-22
2025-12-29,Arthur Cazaux,64.0,848,-,,,2026-08-22
2025-12-22,Arthur Cazaux,66.0,848,-,,,2026-08-22
2025-12-15,Arthur Cazaux,66.0,848,-,,,2026-08-22
2025-12-08,Arthur Cazaux,66.0,848,-,,,2026-08-22
2025-12-01,Arthur Cazaux,66.0,848,-,,,2026-08-22
2025-11-24,Arthur Cazaux,66.0,848,-,,,2026-08-22
2025-11-17,Arthur Cazaux,67.0,848,-,,,2026-08-22
2025-11-10,Arthur Cazaux,68.0,848,+12,,,2026-08-22
2025-11-03,Arthur Cazaux,69.0,836,-66,13.0,,2026-08-22
2025-10-27,Arthur Cazaux,62.0,902,-,116.0,,2026-08-22
2025-10-20,Arthur Cazaux,61.0,902,-50,,,2026-08-22
2025-10-13,Arthur Cazaux,58.0,952,+109,50.0,,2026-08-22
2026-08-10,Billy Harris,167.0,349,-,,,2026-08-22
2026-08-10,Billy Harris,167.0,349,-,,,2026-08-22
2026-08-10,Billy Harris,167.0,349,-,,,2026-08-22
2026-08-10,Billy Harris,167.0,349,-,,,2026-08-22
2026-08-03,Billy Harris,162.0,349,-,,,2026-08-22
2026-08-03,Billy Harris,162.0,349,-,,,2026-08-22
2026-08-03,Billy Harris,162.0,349,-,,,2026-08-22
2026-08-03,Billy Harris,162.0,349,-,,,2026-08-22
2026-07-27,Billy Harris,163.0,349,-16,,,2026-08-22
2026-07-27,Billy Harris,163.0,349,-16,,,2026-08-22
2026-07-27,Billy Harris,163.0,349,-16,,,2026-08-22
2026-07-27,Billy Harris,163.0,349,-16,,,2026-08-22
2026-07-20,Billy Harris,155.0,365,-,16.0,,2026-08-22
2026-07-20,Billy Harris,155.0,365,-,16.0,,2026-08-22
2026-07-20,Billy Harris,155.0,365,-,16.0,,2026-08-22
2026-07-13,Billy Harris,154.0,365,-10,,,2026-08-22
2026-07-13,Billy Harris,154.0,365,-10,,,2026-08-22
2026-07-13,Billy Harris,154.0,365,-10,,,2026-08-22
2026-06-29,Billy Harris,155.0,375,-50,50.0,,2026-08-22
2026-06-29,Billy Harris,155.0,375,-50,50.0,,2026-08-22
2026-06-29,Billy Harris,155.0,375,-50,50.0,,2026-08-22
2026-06-22,Billy Harris,140.0,425,+9,57.0,7.0,2026-08-22
2026-06-22,Billy Harris,140.0,425,+9,57.0,7.0,2026-08-22
2026-06-15,Billy Harris,142.0,416,-,,,2026-08-22
2026-06-15,Billy Harris,142.0,416,-,,,2026-08-22
2026-06-08,Billy Harris,144.0,416,+8,8.0,,2026-08-22
2026-06-08,Billy Harris,144.0,416,+8,8.0,,2026-08-22
2026-05-25,Billy Harris,150.0,408,-,,,2026-08-22
2026-05-25,Billy Harris,150.0,408,-,,,2026-08-22
2026-05-18,Billy Harris,149.0,408,-13,,,2026-08-22
2026-05-18,Billy Harris,149.0,408,-13,,,2026-08-22
2026-05-04,Billy Harris,148.0,421,-,13.0,,2026-08-22
2026-05-04,Billy Harris,148.0,421,-,13.0,,2026-08-22
2026-04-20,Billy Harris,153.0,421,-6,,,2026-08-22
2026-04-20,Billy Harris,153.0,421,-6,,,2026-08-22
2026-04-13,Billy Harris,148.0,427,+1,13.0,7.0,2026-08-22
2026-04-13,Billy Harris,148.0,427,+1,13.0,7.0,2026-08-22
2026-04-06,Billy Harris,148.0,426,-,,,2026-08-22
2026-04-06,Billy Harris,148.0,426,-,,,2026-08-22
2026-03-30,Billy Harris,148.0,426,-23,,,2026-08-22
2026-03-30,Billy Harris,148.0,426,-23,,,2026-08-22
2026-03-16,Billy Harris,138.0,449,+43,30.0,7.0,2026-08-22
2026-03-16,Billy Harris,138.0,449,+43,30.0,7.0,2026-08-22
2026-03-02,Billy Harris,151.0,406,-31,,,2026-08-22
2026-02-23,Billy Harris,140.0,437,-1,38.0,7.0,2026-08-22
2026-02-16,Billy Harris,144.0,438,-36,14.0,7.0,2026-08-22
2026-02-09,Billy Harris,133.0,474,-17,44.0,8.0,2026-08-22
2026-02-02,Billy Harris,129.0,491,-8,25.0,8.0,2026-08-22
2026-01-19,Billy Harris,121.0,499,-,16.0,8.0,2026-08-22
2026-01-12,Billy Harris,121.0,499,+17,,,2026-08-22
2026-01-05,Billy Harris,127.0,482,-,,,2026-08-22
2025-12-29,Billy Harris,128.0,482,-8,,,2026-08-22
2025-12-22,Billy Harris,126.0,490,-,,,2026-08-22
2025-12-15,Billy Harris,126.0,490,-,,,2026-08-22
2025-12-08,Billy Harris,126.0,490,-,,,2026-08-22
2025-12-01,Billy Harris,126.0,490,-,,,2026-08-22
2025-11-24,Billy Harris,124.0,490,-,,,2026-08-22
2025-11-17,Billy Harris,125.0,490,-,,,2026-08-22
2025-11-10,Billy Harris,124.0,490,-,,,2026-08-22
2025-11-03,Billy Harris,124.0,490,+1,,,2026-08-22
2025-10-27,Billy Harris,127.0,489,-,,,2026-08-22
2025-10-20,Billy Harris,130.0,489,-,7.0,7.0,2026-08-22
2025-10-13,Billy Harris,130.0,489,-10,,,2026-08-22
2026-08-10,Corentin Denolly,443.0,107,-,,,2026-08-22
2026-08-03,Corentin Denolly,438.0,107,-,,,2026-08-22
2026-07-27,Corentin Denolly,435.0,107,-,,,2026-08-22
,David Wheaton,,,,,,2026-08-22
,Eddie Dibbs,,,,,,2026-08-22
,Gabriel Urpi,,,,,,2026-08-22
2026-08-10,Gustavo Heide,133.0,474,-,,,2026-08-22
2026-08-10,Gustavo Heide,133.0,474,-,,,2026-08-22
2026-08-10,Gustavo Heide,133.0,474,-,,,2026-08-22
2026-08-10,Gustavo Heide,133.0,474,-,,,2026-08-22
2026-08-03,Gustavo Heide,131.0,474,-,,,2026-08-22
2026-08-03,Gustavo Heide,131.0,474,-,,,2026-08-22
2026-08-03,Gustavo Heide,131.0,474,-,,,2026-08-22
2026-08-03,Gustavo Heide,131.0,474,-,,,2026-08-22
2026-07-27,Gustavo Heide,134.0,474,-,,,2026-08-22
2026-07-27,Gustavo Heide,134.0,474,-,,,2026-08-22
2026-07-27,Gustavo Heide,134.0,474,-,,,2026-08-22
2026-07-27,Gustavo Heide,134.0,474,-,,,2026-08-22
2026-07-20,Gustavo Heide,137.0,474,-,,,2026-08-22
2026-07-20,Gustavo Heide,137.0,474,-,,,2026-08-22
2026-07-20,Gustavo Heide,137.0,474,-,,,2026-08-22
2026-07-13,Gustavo Heide,136.0,474,+44,,,2026-08-22
2026-07-13,Gustavo Heide,136.0,474,+44,,,2026-08-22
2026-07-13,Gustavo Heide,136.0,474,+44,,,2026-08-22
2026-06-29,Gustavo Heide,141.0,430,-,,,2026-08-22
2026-06-29,Gustavo Heide,141.0,430,-,,,2026-08-22
2026-06-29,Gustavo Heide,141.0,430,-,,,2026-08-22
2026-06-22,Gustavo Heide,138.0,430,+100,,,2026-08-22
2026-06-22,Gustavo Heide,138.0,430,+100,,,2026-08-22
2026-06-15,Gustavo Heide,187.0,330,-,,,2026-08-22
2026-06-15,Gustavo Heide,187.0,330,-,,,2026-08-22
2026-06-08,Gustavo Heide,182.0,330,+8,,,2026-08-22
2026-06-08,Gustavo Heide,182.0,330,+8,,,2026-08-22
2026-05-25,Gustavo Heide,186.0,322,-,,,2026-08-22
2026-05-25,Gustavo Heide,186.0,322,-,,,2026-08-22
2026-05-18,Gustavo Heide,187.0,322,+44,,,2026-08-22
2026-05-18,Gustavo Heide,187.0,322,+44,,,2026-08-22
,Gustavo Kuerten,,,,,,2026-08-22
,Jan Mertl,,,,,,2026-08-22
,Lukas Rosol,,,,,,2026-08-22
,Massimo Boscatto,,,,,,2026-08-22
,Michael Russell,,,,,,2026-08-22
,Rainer Eitzinger,,,,,,2026-08-22
,Salvador Navarro,,,,,,2026-08-22
,Sander Groen,,,,,,2026-08-22
,Victor Crivoi,,,,,,2026-08-22
,Alexander Windisch,,,,,,2026-08-22
,B L Jones,,,,,,2026-08-22
,Bullus Hussaini,,,,,,2026-08-22
,Dave Shaw,,,,,,2026-08-22
,David Brown,,,,,,2026-08-22
,Evgeny Kirillov,,,,,,2026-08-22
,Fritz Kuhlmann Jr,,,,,,2026-08-22
,Ian Crookenden,,,,,,2026-08-22
,J Williamson,,,,,,2026-08-22
,Lenny Schloss,,,,,,2026-08-22
,Lou Cabnet,,,,,,2026-08-22
,M Laimina,,,,,,2026-08-22
,M Mulveney,,,,,,2026-08-22
,Marko Tepavac,,,,,,2026-08-22
,Peter Curtis,,,,,,2026-08-22
,Peter Smith,,,,,,2026-08-22
,Philip Holton,,,,,,2026-08-22
,Po Tao,,,,,,2026-08-22
,Ron Barnes,,,,,,2026-08-22
,W Marsden,,,,,,2026-08-22
,Aki Rahunen,,,,,,2026-08-22
,Alvaro Lopez San Martin,,,,,,2026-08-22
,Chris Lewis,,,,,,2026-08-22
,Craig Wittus,,,,,,2026-08-22
,Daniel Elsner,,,,,,2026-08-22
,Filippo Baldi,,,,,,2026-08-22
2026-08-10,Genaro Alberto Olivieri,225.0,249,-,,,2026-08-22
2026-08-03,Genaro Alberto Olivieri,223.0,249,-36,,,2026-08-22
2026-07-27,Genaro Alberto Olivieri,200.0,285,+1,44.0,,2026-08-22
2026-07-27,Genaro Alberto Olivieri,200.0,285,+1,44.0,,2026-08-22
2026-07-27,Genaro Alberto Olivieri,200.0,285,+1,44.0,,2026-08-22
2026-07-27,Genaro Alberto Olivieri,200.0,285,+1,44.0,,2026-08-22
2026-07-20,Genaro Alberto Olivieri,199.0,284,+4,3.0,,2026-08-22
2026-07-20,Genaro Alberto Olivieri,199.0,284,+4,3.0,,2026-08-22
2026-07-20,Genaro Alberto Olivieri,199.0,284,+4,3.0,,2026-08-22
2026-06-22,Genaro Alberto Olivieri,200.0,288,+3,8.0,,2026-08-22
2026-06-22,Genaro Alberto Olivieri,200.0,288,+3,8.0,,2026-08-22
2026-04-20,Genaro Alberto Olivieri,199.0,292,-,22.0,,2026-08-22
2026-04-20,Genaro Alberto Olivieri,199.0,292,-,22.0,,2026-08-22
2026-04-13,Genaro Alberto Olivieri,198.0,292,-1,,,2026-08-22
2026-04-13,Genaro Alberto Olivieri,198.0,292,-1,,,2026-08-22
2026-04-06,Genaro Alberto Olivieri,197.0,293,-,4.0,3.0,2026-08-22
2026-04-06,Genaro Alberto Olivieri,197.0,293,-,4.0,3.0,2026-08-22
2026-03-16,Genaro Alberto Olivieri,192.0,312,+63,22.0,3.0,2026-08-22
2026-03-16,Genaro Alberto Olivieri,192.0,312,+63,22.0,3.0,2026-08-22
,Hamilton Richardson,,,,,,2026-08-22
,Ken Rosewall,,,,,,2026-08-22
2026-08-10,Niels Mcdonald,531.0,80,-,,,2026-08-22
2026-08-03,Niels Mcdonald,526.0,80,-6,,,2026-08-22
2026-07-27,Niels Mcdonald,509.0,86,-,12.0,,2026-08-22
,Paul Logtens,,,,,,2026-08-22
,Sebastian Prieto,,,,,,2026-08-22
,Tito Vazquez,,,,,,2026-08-22
,Tom Gullikson,,,,,,2026-08-22
,Vijay Amritraj,,,,,,2026-08-22
,Barry Butcher,,,,,,2026-08-22
,Bill Bowrey,,,,,,2026-08-22
,Ed Grubb,,,,,,2026-08-22
,Eric Derasse,,,,,,2026-08-22
,Etsuo Uchiyama,,,,,,2026-08-22
,Ganguelin,,,,,,2026-08-22
,Harry Barniville,,,,,,2026-08-22
,Howard Humphries,,,,,,2026-08-22
,Jean Loup Rouyer,,,,,,2026-08-22
,Kenneth Mcmillan,,,,,,2026-08-22
,Kjell Johansson,,,,,,2026-08-22
,Lee Steele,,,,,,2026-08-22
,Michael Walker,,,,,,2026-08-22
,Richard Akel,,,,,,2026-08-22
,Tim Pawsat,,,,,,2026-08-22
2026-08-10,Aleksandr Shevchenko,89.0,699,-,64.0,13.0,2026-08-22
2026-08-10,Aleksandr Shevchenko,89.0,699,-,64.0,13.0,2026-08-22
2026-08-10,Aleksandr Shevchenko,89.0,699,-,64.0,13.0,2026-08-22
2026-08-10,Aleksandr Shevchenko,89.0,699,-,64.0,13.0,2026-08-22
2026-08-03,Aleksandr Shevchenko,89.0,699,-,,,2026-08-22
2026-08-03,Aleksandr Shevchenko,89.0,699,-,,,2026-08-22
2026-08-03,Aleksandr Shevchenko,89.0,699,-,,,2026-08-22
2026-08-03,Aleksandr Shevchenko,89.0,699,-,,,2026-08-22
2026-07-27,Aleksandr Shevchenko,89.0,699,-37,,,2026-08-22
2026-07-27,Aleksandr Shevchenko,89.0,699,-37,,,2026-08-22
2026-07-27,Aleksandr Shevchenko,89.0,699,-37,,,2026-08-22
2026-07-27,Aleksandr Shevchenko,89.0,699,-37,,,2026-08-22
2026-07-20,Aleksandr Shevchenko,84.0,736,+78,50.0,13.0,2026-08-22
2026-07-20,Aleksandr Shevchenko,84.0,736,+78,50.0,13.0,2026-08-22
2026-07-20,Aleksandr Shevchenko,84.0,736,+78,50.0,13.0,2026-08-22
2026-07-13,Aleksandr Shevchenko,100.0,658,-,25.0,13.0,2026-08-22
2026-07-13,Aleksandr Shevchenko,100.0,658,-,25.0,13.0,2026-08-22
2026-07-13,Aleksandr Shevchenko,100.0,658,-,25.0,13.0,2026-08-22
2026-06-29,Aleksandr Shevchenko,99.0,658,-,10.0,13.0,2026-08-22
2026-06-29,Aleksandr Shevchenko,99.0,658,-,10.0,13.0,2026-08-22
2026-06-29,Aleksandr Shevchenko,99.0,658,-,10.0,13.0,2026-08-22
2026-06-22,Aleksandr Shevchenko,98.0,658,-,,,2026-08-22
2026-06-22,Aleksandr Shevchenko,98.0,658,-,,,2026-08-22
2026-06-15,Aleksandr Shevchenko,96.0,658,+25,,,2026-08-22
2026-06-15,Aleksandr Shevchenko,96.0,658,+25,,,2026-08-22
2026-06-08,Aleksandr Shevchenko,97.0,633,-56,25.0,13.0,2026-08-22
2026-06-08,Aleksandr Shevchenko,97.0,633,-56,25.0,13.0,2026-08-22
2026-05-25,Aleksandr Shevchenko,88.0,689,-,66.0,13.0,2026-08-22
2026-05-25,Aleksandr Shevchenko,88.0,689,-,66.0,13.0,2026-08-22
2026-05-18,Aleksandr Shevchenko,89.0,689,-9,,,2026-08-22
2026-05-18,Aleksandr Shevchenko,89.0,689,-9,,,2026-08-22
2026-05-04,Aleksandr Shevchenko,85.0,698,-6,55.0,30.0,2026-08-22
2026-05-04,Aleksandr Shevchenko,85.0,698,-6,55.0,30.0,2026-08-22
2026-04-20,Aleksandr Shevchenko,82.0,704,-47,,,2026-08-22
2026-04-20,Aleksandr Shevchenko,82.0,704,-47,,,2026-08-22
2026-04-13,Aleksandr Shevchenko,75.0,751,+24,63.0,16.0,2026-08-22
2026-04-13,Aleksandr Shevchenko,75.0,751,+24,63.0,16.0,2026-08-22
2026-04-06,Aleksandr Shevchenko,77.0,727,+11,,,2026-08-22
2026-04-06,Aleksandr Shevchenko,77.0,727,+11,,,2026-08-22
2026-03-30,Aleksandr Shevchenko,76.0,716,+37,,,2026-08-22
2026-03-30,Aleksandr Shevchenko,76.0,716,+37,,,2026-08-22
2026-03-16,Aleksandr Shevchenko,84.0,679,+20,,,2026-08-22
2026-03-16,Aleksandr Shevchenko,84.0,679,+20,,,2026-08-22
2026-03-02,Aleksandr Shevchenko,88.0,659,+3,,,2026-08-22
2026-02-23,Aleksandr Shevchenko,92.0,656,-40,,,2026-08-22
2026-02-16,Aleksandr Shevchenko,79.0,696,+6,50.0,10.0,2026-08-22
2026-02-09,Aleksandr Shevchenko,84.0,690,-,,,2026-08-22
2026-02-02,Aleksandr Shevchenko,87.0,690,+40,,,2026-08-22
2026-01-19,Aleksandr Shevchenko,97.0,650,+53,10.0,10.0,2026-08-22
2026-01-12,Aleksandr Shevchenko,104.0,597,-,,,2026-08-22
2026-01-05,Aleksandr Shevchenko,106.0,597,-55,,,2026-08-22
2025-12-29,Aleksandr Shevchenko,97.0,652,-10,65.0,10.0,2026-08-22
2025-12-22,Aleksandr Shevchenko,95.0,662,-,,,2026-08-22
2025-12-15,Aleksandr Shevchenko,95.0,662,-,,,2026-08-22
2025-12-08,Aleksandr Shevchenko,95.0,662,-,,,2026-08-22
2025-12-01,Aleksandr Shevchenko,95.0,662,-,,,2026-08-22
2025-11-24,Aleksandr Shevchenko,96.0,662,-,,,2026-08-22
2025-11-17,Aleksandr Shevchenko,97.0,662,-,,,2026-08-22
2025-11-10,Aleksandr Shevchenko,95.0,662,-,,,2026-08-22
2025-11-03,Aleksandr Shevchenko,97.0,662,-,,,2026-08-22
2025-10-27,Aleksandr Shevchenko,99.0,662,-,,,2026-08-22
2025-10-20,Aleksandr Shevchenko,99.0,662,-25,,,2026-08-22
2025-10-13,Aleksandr Shevchenko,91.0,687,-40,50.0,10.0,2026-08-22
,Blake Strode,,,,,,2026-08-22
,Christian Ruud,,,,,,2026-08-22
,Fabrice Santoro,,,,,,2026-08-22
,Fredrik Jonsson,,,,,,2026-08-22
,Greg Holmes,,,,,,2026-08-22
,Greg Jones,,,,,,2026-08-22
,Joe De Foor,,,,,,2026-08-22
,Jorgen Windahl,,,,,,2026-08-22
,Josef Cihak,,,,,,2026-08-22
,Michael Sell,,,,,,2026-08-22
2026-08-10,Oscar Otte,1155.0,12,-,4.0,,2026-08-22
2026-08-03,Oscar Otte,1149.0,12,-,,,2026-08-22
2026-07-27,Oscar Otte,1139.0,12,-,,,2026-08-22
,Roberto Marcora,,,,,,2026-08-22
2026-08-10,Roman Andres Burruchaga,61.0,962,-,,,2026-08-22
2026-08-10,Roman Andres Burruchaga,61.0,962,-,,,2026-08-22
2026-08-10,Roman Andres Burruchaga,61.0,962,-,,,2026-08-22
2026-08-10,Roman Andres Burruchaga,61.0,962,-,,,2026-08-22
2026-08-03,Roman Andres Burruchaga,56.0,962,-,,,2026-08-22
2026-08-03,Roman Andres Burruchaga,56.0,962,-,,,2026-08-22
2026-08-03,Roman Andres Burruchaga,56.0,962,-,,,2026-08-22
2026-08-03,Roman Andres Burruchaga,56.0,962,-,,,2026-08-22
2026-07-27,Roman Andres Burruchaga,58.0,962,+37,,,2026-08-22
2026-07-27,Roman Andres Burruchaga,58.0,962,+37,,,2026-08-22
2026-07-27,Roman Andres Burruchaga,58.0,962,+37,,,2026-08-22
2026-07-27,Roman Andres Burruchaga,58.0,962,+37,,,2026-08-22
2026-07-20,Roman Andres Burruchaga,60.0,925,+50,13.0,10.0,2026-08-22
2026-07-20,Roman Andres Burruchaga,60.0,925,+50,13.0,10.0,2026-08-22
2026-07-20,Roman Andres Burruchaga,60.0,925,+50,13.0,10.0,2026-08-22
2026-07-13,Roman Andres Burruchaga,67.0,875,-,50.0,10.0,2026-08-22
2026-07-13,Roman Andres Burruchaga,67.0,875,-,50.0,10.0,2026-08-22
2026-07-13,Roman Andres Burruchaga,67.0,875,-,50.0,10.0,2026-08-22
2026-06-29,Roman Andres Burruchaga,65.0,875,-,,,2026-08-22
2026-06-29,Roman Andres Burruchaga,65.0,875,-,,,2026-08-22
2026-06-29,Roman Andres Burruchaga,65.0,875,-,,,2026-08-22
2026-06-22,Roman Andres Burruchaga,66.0,875,-,,,2026-08-22
2026-06-22,Roman Andres Burruchaga,66.0,875,-,,,2026-08-22
2026-06-15,Roman Andres Burruchaga,62.0,875,-,,,2026-08-22
2026-06-15,Roman Andres Burruchaga,62.0,875,-,,,2026-08-22
2026-06-08,Roman Andres Burruchaga,63.0,875,+42,,,2026-08-22
2026-06-08,Roman Andres Burruchaga,63.0,875,+42,,,2026-08-22
2026-05-25,Roman Andres Burruchaga,68.0,833,-,,,2026-08-22
2026-05-25,Roman Andres Burruchaga,68.0,833,-,,,2026-08-22
2026-05-18,Roman Andres Burruchaga,66.0,833,-52,,,2026-08-22
2026-05-18,Roman Andres Burruchaga,66.0,833,-52,,,2026-08-22
2026-05-04,Roman Andres Burruchaga,56.0,885,+25,75.0,16.0,2026-08-22
2026-05-04,Roman Andres Burruchaga,56.0,885,+25,75.0,16.0,2026-08-22
2026-04-20,Roman Andres Burruchaga,59.0,860,-,25.0,8.0,2026-08-22
2026-04-20,Roman Andres Burruchaga,59.0,860,-,25.0,8.0,2026-08-22
2026-04-13,Roman Andres Burruchaga,61.0,860,-,,,2026-08-22
2026-04-13,Roman Andres Burruchaga,61.0,860,-,,,2026-08-22
2026-04-06,Roman Andres Burruchaga,62.0,860,+157,,,2026-08-22
2026-04-06,Roman Andres Burruchaga,62.0,860,+157,,,2026-08-22
2026-03-30,Roman Andres Burruchaga,77.0,703,+84,,,2026-08-22
2026-03-30,Roman Andres Burruchaga,77.0,703,+84,,,2026-08-22
2026-03-16,Roman Andres Burruchaga,102.0,619,+2,24.0,16.0,2026-08-22
2026-03-16,Roman Andres Burruchaga,102.0,619,+2,24.0,16.0,2026-08-22
2026-03-02,Roman Andres Burruchaga,98.0,617,-,,,2026-08-22
2026-02-23,Roman Andres Burruchaga,96.0,617,+37,,,2026-08-22
2026-02-16,Roman Andres Burruchaga,102.0,580,+12,13.0,8.0,2026-08-22
2026-02-09,Roman Andres Burruchaga,104.0,568,+56,13.0,8.0,2026-08-22
2026-02-02,Roman Andres Burruchaga,118.0,512,-92,,,2026-08-22
2026-01-19,Roman Andres Burruchaga,104.0,604,-,100.0,8.0,2026-08-22
2026-01-12,Roman Andres Burruchaga,103.0,604,-,,,2026-08-22
2026-01-05,Roman Andres Burruchaga,104.0,604,-3,,,2026-08-22
2025-12-29,Roman Andres Burruchaga,105.0,607,-8,11.0,8.0,2026-08-22
2025-12-22,Roman Andres Burruchaga,105.0,615,-,,,2026-08-22
2025-12-15,Roman Andres Burruchaga,105.0,615,-,,,2026-08-22
2025-12-08,Roman Andres Burruchaga,105.0,615,-,,,2026-08-22
2025-12-01,Roman Andres Burruchaga,105.0,615,-,,,2026-08-22
2025-11-24,Roman Andres Burruchaga,105.0,615,-,,,2026-08-22
2025-11-17,Roman Andres Burruchaga,107.0,615,+17,,,2026-08-22
2025-11-10,Roman Andres Burruchaga,107.0,598,+4,,,2026-08-22
2025-11-03,Roman Andres Burruchaga,105.0,594,-14,,,2026-08-22
2025-10-27,Roman Andres Burruchaga,106.0,608,+111,22.0,8.0,2026-08-22
2025-10-20,Roman Andres Burruchaga,128.0,497,+8,14.0,8.0,2026-08-22
2025-10-13,Roman Andres Burruchaga,131.0,489,-17,14.0,8.0,2026-08-22
,Salvatore Caruso,,,,,,2026-08-22
,Scott Gessner,,,,,,2026-08-22
,A Wicke,,,,,,2026-08-22
,Alejandro Cortes,,,,,,2026-08-22
,D Sullivan,,,,,,2026-08-22
,Doug Rees,,,,,,2026-08-22
,Jean Lovera,,,,,,2026-08-22
,Joe Globisch,,,,,,2026-08-22
,Karel Demuynck,,,,,,2026-08-22
,M Cairns,,,,,,2026-08-22
,Mike Reilly,,,,,,2026-08-22
,Phil Scanlon,,,,,,2026-08-22
,R Bortulan,,,,,,2026-08-22
,R Walker,,,,,,2026-08-22
,Roberto Graetz,,,,,,2026-08-22
,S Keliani,,,,,,2026-08-22
,Shozo Shiraishi,,,,,,2026-08-22
,Yuji Tezuka,,,,,,2026-08-22
,Brayden Schnur,,,,,,2026-08-22
,David Caldwell,,,,,,2026-08-22
,Federico Gaio,,,,,,2026-08-22
2026-08-10,Francisco Cerundolo,25.0,1970,-40,,,2026-08-22
2026-08-10,Francisco Cerundolo,25.0,1970,-40,,,2026-08-22
2026-08-10,Francisco Cerundolo,25.0,1970,-40,,,2026-08-22
2026-08-10,Francisco Cerundolo,25.0,1970,-40,,,2026-08-22
2026-08-03,Francisco Cerundolo,23.0,2010,-50,,,2026-08-22
2026-08-03,Francisco Cerundolo,23.0,2010,-50,,,2026-08-22
2026-08-03,Francisco Cerundolo,23.0,2010,-50,,,2026-08-22
2026-08-03,Francisco Cerundolo,23.0,2010,-50,,,2026-08-22
2026-07-27,Francisco Cerundolo,20.0,2060,-,100.0,50.0,2026-08-22
2026-07-27,Francisco Cerundolo,20.0,2060,-,100.0,50.0,2026-08-22
2026-07-27,Francisco Cerundolo,20.0,2060,-,100.0,50.0,2026-08-22
2026-07-27,Francisco Cerundolo,20.0,2060,-,100.0,50.0,2026-08-22
2026-07-20,Francisco Cerundolo,22.0,2060,-50,,,2026-08-22
2026-07-20,Francisco Cerundolo,22.0,2060,-50,,,2026-08-22
2026-07-20,Francisco Cerundolo,22.0,2060,-50,,,2026-08-22
2026-07-13,Francisco Cerundolo,22.0,2110,-,100.0,50.0,2026-08-22
2026-07-13,Francisco Cerundolo,22.0,2110,-,100.0,50.0,2026-08-22
2026-07-13,Francisco Cerundolo,22.0,2110,-,100.0,50.0,2026-08-22
2026-06-29,Francisco Cerundolo,21.0,2110,-,10.0,50.0,2026-08-22
2026-06-29,Francisco Cerundolo,21.0,2110,-,10.0,50.0,2026-08-22
2026-06-29,Francisco Cerundolo,21.0,2110,-,10.0,50.0,2026-08-22
2026-06-22,Francisco Cerundolo,21.0,2110,+450,,,2026-08-22
2026-06-22,Francisco Cerundolo,21.0,2110,+450,,,2026-08-22
2026-06-15,Francisco Cerundolo,27.0,1660,-,,,2026-08-22
2026-06-15,Francisco Cerundolo,27.0,1660,-,,,2026-08-22
2026-06-08,Francisco Cerundolo,27.0,1660,+90,,,2026-08-22
2026-06-08,Francisco Cerundolo,27.0,1660,+90,,,2026-08-22
2026-05-25,Francisco Cerundolo,26.0,1570,-,10.0,50.0,2026-08-22
2026-05-25,Francisco Cerundolo,26.0,1570,-,10.0,50.0,2026-08-22
2026-05-18,Francisco Cerundolo,27.0,1570,-50,,,2026-08-22
2026-05-18,Francisco Cerundolo,27.0,1570,-50,,,2026-08-22
2026-05-04,Francisco Cerundolo,27.0,1620,-300,100.0,50.0,2026-08-22
2026-05-04,Francisco Cerundolo,27.0,1620,-300,100.0,50.0,2026-08-22
2026-04-20,Francisco Cerundolo,20.0,1920,-100,400.0,50.0,2026-08-22
2026-04-20,Francisco Cerundolo,20.0,1920,-100,400.0,50.0,2026-08-22
2026-04-13,Francisco Cerundolo,19.0,2020,-,200.0,50.0,2026-08-22
2026-04-13,Francisco Cerundolo,19.0,2020,-,200.0,50.0,2026-08-22
2026-04-06,Francisco Cerundolo,19.0,2020,-,50.0,50.0,2026-08-22
2026-04-06,Francisco Cerundolo,19.0,2020,-,50.0,50.0,2026-08-22
2026-03-30,Francisco Cerundolo,20.0,2020,-,,,2026-08-22
2026-03-30,Francisco Cerundolo,20.0,2020,-,,,2026-08-22
2026-03-16,Francisco Cerundolo,19.0,2020,-150,200.0,50.0,2026-08-22
2026-03-16,Francisco Cerundolo,19.0,2020,-150,200.0,50.0,2026-08-22
2026-03-02,Francisco Cerundolo,20.0,2170,-,200.0,50.0,2026-08-22
2026-02-23,Francisco Cerundolo,19.0,2170,-50,100.0,50.0,2026-08-22
2026-02-16,Francisco Cerundolo,19.0,2220,+85,100.0,50.0,2026-08-22
2026-02-09,Francisco Cerundolo,19.0,2135,-,165.0,50.0,2026-08-22
2026-02-02,Francisco Cerundolo,19.0,2135,+100,,,2026-08-22
2026-01-19,Francisco Cerundolo,21.0,2035,-,100.0,50.0,2026-08-22
2026-01-12,Francisco Cerundolo,20.0,2035,-,,,2026-08-22
2026-01-05,Francisco Cerundolo,21.0,2035,-,,,2026-08-22
2025-12-29,Francisco Cerundolo,21.0,2035,-50,,,2026-08-22
2025-12-22,Francisco Cerundolo,21.0,2085,-,,,2026-08-22
2025-12-15,Francisco Cerundolo,21.0,2085,-,,,2026-08-22
2025-12-08,Francisco Cerundolo,21.0,2085,-,,,2026-08-22
2025-12-01,Francisco Cerundolo,21.0,2085,-,,,2026-08-22
2025-11-24,Francisco Cerundolo,21.0,2085,-,,,2026-08-22
2025-11-17,Francisco Cerundolo,21.0,2085,-,,,2026-08-22
2025-11-10,Francisco Cerundolo,21.0,2085,-,,,2026-08-22
2025-11-03,Francisco Cerundolo,21.0,2085,-,,,2026-08-22
2025-10-27,Francisco Cerundolo,21.0,2085,-,100.0,50.0,2026-08-22
2025-10-20,Francisco Cerundolo,21.0,2085,-50,,,2026-08-22
2025-10-13,Francisco Cerundolo,21.0,2135,-,100.0,50.0,2026-08-22
,Gouichi Motomura,,,,,,2026-08-22
,Jose Luis Noriega,,,,,,2026-08-22
,Luke Jensen,,,,,,2026-08-22
,Marcelo Charpentier,,,,,,2026-08-22
,Maximo Gonzalez,,,,,,2026-08-22
,Paradorn Srichaphan,,,,,,2026-08-22
,Paul Chamberlin,,,,,,2026-08-22
,Shelby Cannon,,,,,,2026-08-22
,Yannick Mertens,,,,,,2026-08-22
,Alfredo Alvarez,,,,,,2026-08-22
,Dan Rastland,,,,,,2026-08-22
,Don Candy,,,,,,2026-08-22
,Doug Verdieck,,,,,,2026-08-22
,Gaston Escofet,,,,,,2026-08-22
,Grant Saacks,,,,,,2026-08-22
,Heinz Grimm,,,,,,2026-08-22
,J Kirs,,,,,,2026-08-22
,Kiyotaka Tachibana,,,,,,2026-08-22
,Mario Carnevale,,,,,,2026-08-22
,Peter Macdonald,,,,,,2026-08-22
,Phil Tovey,,,,,,2026-08-22
,Phillip Harboe,,,,,,2026-08-22
,R Jenkin,,,,,,2026-08-22
,Ragesh Batra,,,,,,2026-08-22
,Raymond Pascale,,,,,,2026-08-22
,Roberto Raffa,,,,,,2026-08-22
,Steve Faulk,,,,,,2026-08-22
,Stuart Creed,,,,,,2026-08-22
,Unknown Rios,,,,,,2026-08-22
2026-08-10,Beibit Zhukayev,425.0,114,-,19.0,,2026-08-22
2026-08-03,Beibit Zhukayev,419.0,114,-,,,2026-08-22
2026-07-27,Beibit Zhukayev,413.0,114,-16,,,2026-08-22
,Guillaume Rufin,,,,,,2026-08-22
,Jonathan Smith,,,,,,2026-08-22
,Rafael Nadal,,,,,,2026-08-22
,Rick Meyers,,,,,,2026-08-22
,Roland Burtscher,,,,,,2026-08-22
2026-08-10,Sumit Nagal,239.0,239,-,6.0,,2026-08-22
2026-08-03,Sumit Nagal,235.0,239,+16,,,2026-08-22
2026-07-27,Sumit Nagal,246.0,223,-20,6.0,,2026-08-22
,Zack Fleishman,,,,,,2026-08-22
,A Marquez,,,,,,2026-08-22
,A Mountfield,,,,,,2026-08-22
,Allen Monahan,,,,,,2026-08-22
,Ben Mckown,,,,,,2026-08-22
,Bob Smith,,,,,,2026-08-22
,Deon Joubert,,,,,,2026-08-22
,Donald Lutz,,,,,,2026-08-22
,Eulicio Silva,,,,,,2026-08-22
,Fred Drilling,,,,,,2026-08-22
,Ivan Dupasquier,,,,,,2026-08-22
,Jurgen Fassbender,,,,,,2026-08-22
,Mario Obando,,,,,,2026-08-22
,Mathias Werren,,,,,,2026-08-22
,Neil Dryden,,,,,,2026-08-22
,Perry Wright,,,,,,2026-08-22
,Ramon Gallardo,,,,,,2026-08-22
,Roger Guedes,,,,,,2026-08-22
,Roland Steigler,,,,,,2026-08-22
,Yit Louie,,,,,,2026-08-22
,Andy Ram,,,,,,2026-08-22
,Donald Young,,,,,,2026-08-22
,Gilles Simon,,,,,,2026-08-22
,Izak Van Der Merwe,,,,,,2026-08-22
,Joao Souza,,,,,,2026-08-22
,John Isner,,,,,,2026-08-22
2026-08-10,Juan Manuel Cerundolo,51.0,1006,+17,16.0,13.0,2026-08-22
2026-08-10,Juan Manuel Cerundolo,51.0,1006,+17,16.0,13.0,2026-08-22
2026-08-10,Juan Manuel Cerundolo,51.0,1006,+17,16.0,13.0,2026-08-22
2026-08-10,Juan Manuel Cerundolo,51.0,1006,+17,16.0,13.0,2026-08-22
2026-08-03,Juan Manuel Cerundolo,52.0,989,-,,,2026-08-22
2026-08-03,Juan Manuel Cerundolo,52.0,989,-,,,2026-08-22
2026-08-03,Juan Manuel Cerundolo,52.0,989,-,,,2026-08-22
2026-08-03,Juan Manuel Cerundolo,52.0,989,-,,,2026-08-22
2026-07-27,Juan Manuel Cerundolo,50.0,989,-,,,2026-08-22
2026-07-27,Juan Manuel Cerundolo,50.0,989,-,,,2026-08-22
2026-07-27,Juan Manuel Cerundolo,50.0,989,-,,,2026-08-22
2026-07-27,Juan Manuel Cerundolo,50.0,989,-,,,2026-08-22
2026-07-20,Juan Manuel Cerundolo,50.0,989,-65,,,2026-08-22
2026-07-20,Juan Manuel Cerundolo,50.0,989,-65,,,2026-08-22
2026-07-20,Juan Manuel Cerundolo,50.0,989,-65,,,2026-08-22
2026-07-13,Juan Manuel Cerundolo,45.0,1054,-54,165.0,13.0,2026-08-22
2026-07-13,Juan Manuel Cerundolo,45.0,1054,-54,165.0,13.0,2026-08-22
2026-07-13,Juan Manuel Cerundolo,45.0,1054,-54,165.0,13.0,2026-08-22
2026-06-29,Juan Manuel Cerundolo,42.0,1108,+53,64.0,13.0,2026-08-22
2026-06-29,Juan Manuel Cerundolo,42.0,1108,+53,64.0,13.0,2026-08-22
2026-06-29,Juan Manuel Cerundolo,42.0,1108,+53,64.0,13.0,2026-08-22
2026-06-22,Juan Manuel Cerundolo,45.0,1055,-,,,2026-08-22
2026-06-22,Juan Manuel Cerundolo,45.0,1055,-,,,2026-08-22
2026-06-15,Juan Manuel Cerundolo,45.0,1055,-,,,2026-08-22
2026-06-15,Juan Manuel Cerundolo,45.0,1055,-,,,2026-08-22
2026-06-08,Juan Manuel Cerundolo,45.0,1055,+120,,,2026-08-22
2026-06-08,Juan Manuel Cerundolo,45.0,1055,+120,,,2026-08-22
2026-05-25,Juan Manuel Cerundolo,56.0,935,-,80.0,13.0,2026-08-22
2026-05-25,Juan Manuel Cerundolo,56.0,935,-,80.0,13.0,2026-08-22
2026-05-18,Juan Manuel Cerundolo,54.0,935,+159,,,2026-08-22
2026-05-18,Juan Manuel Cerundolo,54.0,935,+159,,,2026-08-22
2026-05-04,Juan Manuel Cerundolo,72.0,776,-40,13.0,13.0,2026-08-22
2026-05-04,Juan Manuel Cerundolo,72.0,776,-40,13.0,13.0,2026-08-22
2026-04-20,Juan Manuel Cerundolo,67.0,816,+13,70.0,12.0,2026-08-22
2026-04-20,Juan Manuel Cerundolo,67.0,816,+13,70.0,12.0,2026-08-22
2026-04-13,Juan Manuel Cerundolo,69.0,803,+30,,,2026-08-22
2026-04-13,Juan Manuel Cerundolo,69.0,803,+30,,,2026-08-22
2026-04-06,Juan Manuel Cerundolo,71.0,773,-3,,,2026-08-22
2026-04-06,Juan Manuel Cerundolo,71.0,773,-3,,,2026-08-22
2026-03-30,Juan Manuel Cerundolo,69.0,776,-10,13.0,10.0,2026-08-22
2026-03-30,Juan Manuel Cerundolo,69.0,776,-10,13.0,10.0,2026-08-22
2026-03-16,Juan Manuel Cerundolo,71.0,786,+8,,,2026-08-22
2026-03-16,Juan Manuel Cerundolo,71.0,786,+8,,,2026-08-22
2026-03-02,Juan Manuel Cerundolo,70.0,778,-3,22.0,10.0,2026-08-22
2026-02-23,Juan Manuel Cerundolo,70.0,781,+75,13.0,10.0,2026-08-22
2026-02-16,Juan Manuel Cerundolo,78.0,706,-11,25.0,10.0,2026-08-22
2026-02-09,Juan Manuel Cerundolo,80.0,717,+19,38.0,12.0,2026-08-22
2026-02-02,Juan Manuel Cerundolo,85.0,698,-2,16.0,12.0,2026-08-22
2026-01-19,Juan Manuel Cerundolo,87.0,700,-,,,2026-08-22
2026-01-12,Juan Manuel Cerundolo,83.0,700,-,,,2026-08-22
2026-01-05,Juan Manuel Cerundolo,85.0,700,-,,,2026-08-22
2025-12-29,Juan Manuel Cerundolo,86.0,700,-10,,,2026-08-22
2025-12-22,Juan Manuel Cerundolo,85.0,710,-,,,2026-08-22
2025-12-15,Juan Manuel Cerundolo,85.0,710,-,,,2026-08-22
2025-12-08,Juan Manuel Cerundolo,85.0,710,-,,,2026-08-22
2025-12-01,Juan Manuel Cerundolo,85.0,710,+6,,,2026-08-22
2025-11-24,Juan Manuel Cerundolo,85.0,704,-,,,2026-08-22
2025-11-17,Juan Manuel Cerundolo,85.0,704,-,,,2026-08-22
2025-11-10,Juan Manuel Cerundolo,84.0,704,-14,,,2026-08-22
2025-11-03,Juan Manuel Cerundolo,86.0,718,-,22.0,8.0,2026-08-22
2025-10-27,Juan Manuel Cerundolo,88.0,718,-9,,,2026-08-22
2025-10-20,Juan Manuel Cerundolo,86.0,727,-,25.0,8.0,2026-08-22
2025-10-13,Juan Manuel Cerundolo,87.0,727,-15,,,2026-08-22
,Marzio Martelli,,,,,,2026-08-22
,Roberto Jabali,,,,,,2026-08-22
,Rolf Hertzog,,,,,,2026-08-22
,Saketh Myneni,,,,,,2026-08-22
,Suwandi Suwandi,,,,,,2026-08-22
2026-08-10,Vit Kopriva,71.0,886,+18,13.0,12.0,2026-08-22
2026-08-10,Vit Kopriva,71.0,886,+18,13.0,12.0,2026-08-22
2026-08-10,Vit Kopriva,71.0,886,+18,13.0,12.0,2026-08-22
2026-08-10,Vit Kopriva,71.0,886,+18,13.0,12.0,2026-08-22
2026-08-03,Vit Kopriva,71.0,868,-,,,2026-08-22
2026-08-03,Vit Kopriva,71.0,868,-,,,2026-08-22
2026-08-03,Vit Kopriva,71.0,868,-,,,2026-08-22
2026-08-03,Vit Kopriva,71.0,868,-,,,2026-08-22
2026-07-27,Vit Kopriva,70.0,868,-13,,,2026-08-22
2026-07-27,Vit Kopriva,70.0,868,-13,,,2026-08-22
2026-07-27,Vit Kopriva,70.0,868,-13,,,2026-08-22
2026-07-27,Vit Kopriva,70.0,868,-13,,,2026-08-22
2026-07-20,Vit Kopriva,68.0,881,-12,25.0,12.0,2026-08-22
2026-07-20,Vit Kopriva,68.0,881,-12,25.0,12.0,2026-08-22
2026-07-20,Vit Kopriva,68.0,881,-12,25.0,12.0,2026-08-22
2026-07-13,Vit Kopriva,64.0,893,-,25.0,13.0,2026-08-22
2026-07-13,Vit Kopriva,64.0,893,-,25.0,13.0,2026-08-22
2026-07-13,Vit Kopriva,64.0,893,-,25.0,13.0,2026-08-22
2026-06-29,Vit Kopriva,64.0,893,+37,10.0,13.0,2026-08-22
2026-06-29,Vit Kopriva,64.0,893,+37,10.0,13.0,2026-08-22
2026-06-29,Vit Kopriva,64.0,893,+37,10.0,13.0,2026-08-22
2026-06-22,Vit Kopriva,68.0,856,-,,,2026-08-22
2026-06-22,Vit Kopriva,68.0,856,-,,,2026-08-22
2026-06-15,Vit Kopriva,64.0,856,-,,,2026-08-22
2026-06-15,Vit Kopriva,64.0,856,-,,,2026-08-22
2026-06-08,Vit Kopriva,65.0,856,-,,,2026-08-22
2026-06-08,Vit Kopriva,65.0,856,-,,,2026-08-22
2026-05-25,Vit Kopriva,66.0,856,-,50.0,12.0,2026-08-22
2026-05-25,Vit Kopriva,66.0,856,-,50.0,12.0,2026-08-22
2026-05-18,Vit Kopriva,63.0,856,-40,,,2026-08-22
2026-05-18,Vit Kopriva,63.0,856,-40,,,2026-08-22
2026-05-04,Vit Kopriva,55.0,896,+70,70.0,12.0,2026-08-22
2026-05-04,Vit Kopriva,55.0,896,+70,70.0,12.0,2026-08-22
2026-04-20,Vit Kopriva,66.0,826,+88,30.0,12.0,2026-08-22
2026-04-20,Vit Kopriva,66.0,826,+88,30.0,12.0,2026-08-22
2026-04-13,Vit Kopriva,78.0,738,-,,,2026-08-22
2026-04-13,Vit Kopriva,78.0,738,-,,,2026-08-22
2026-04-06,Vit Kopriva,75.0,738,-25,,,2026-08-22
2026-04-06,Vit Kopriva,75.0,738,-25,,,2026-08-22
2026-03-30,Vit Kopriva,70.0,763,-113,50.0,12.0,2026-08-22
2026-03-30,Vit Kopriva,70.0,763,-113,50.0,12.0,2026-08-22
2026-03-16,Vit Kopriva,60.0,876,+28,125.0,12.0,2026-08-22
2026-03-16,Vit Kopriva,60.0,876,+28,125.0,12.0,2026-08-22
2026-03-02,Vit Kopriva,62.0,848,-,,,2026-08-22
2026-02-23,Vit Kopriva,65.0,848,+188,,,2026-08-22
2026-02-16,Vit Kopriva,87.0,660,+28,,,2026-08-22
2026-02-09,Vit Kopriva,95.0,632,-,22.0,10.0,2026-08-22
2026-02-02,Vit Kopriva,97.0,632,+6,,,2026-08-22
2026-01-19,Vit Kopriva,101.0,626,-,44.0,10.0,2026-08-22
2026-01-12,Vit Kopriva,100.0,626,+6,,,2026-08-22
2026-01-05,Vit Kopriva,101.0,620,-6,,,2026-08-22
2025-12-29,Vit Kopriva,103.0,626,-10,16.0,10.0,2026-08-22
2025-12-22,Vit Kopriva,101.0,636,-,,,2026-08-22
2025-12-15,Vit Kopriva,101.0,636,-,,,2026-08-22
2025-12-08,Vit Kopriva,101.0,636,-,,,2026-08-22
2025-12-01,Vit Kopriva,101.0,636,-,,,2026-08-22
2025-11-24,Vit Kopriva,101.0,636,-,,,2026-08-22
2025-11-17,Vit Kopriva,102.0,636,+2,,,2026-08-22
2025-11-10,Vit Kopriva,102.0,634,-43,,,2026-08-22
2025-11-03,Vit Kopriva,92.0,677,-,75.0,8.0,2026-08-22
2025-10-27,Vit Kopriva,93.0,677,-,,,2026-08-22
2025-10-20,Vit Kopriva,94.0,677,-,,,2026-08-22
2025-10-13,Vit Kopriva,94.0,677,-2,,,2026-08-22
,Arthur Whitaker,,,,,,2026-08-22
,B Smit,,,,,,2026-08-22
,Barry Smith,,,,,,2026-08-22
,Bob Mcguire,,,,,,2026-08-22
,David Cantrell,,,,,,2026-08-22
,G Mandel,,,,,,2026-08-22
,Gary Hippenstiel,,,,,,2026-08-22
,Hans Hartoch,,,,,,2026-08-22
,Herbert Schmidt,,,,,,2026-08-22
,Jon Hainline,,,,,,2026-08-22
,Jose Andrade,,,,,,2026-08-22
,Manlio Bartoni,,,,,,2026-08-22
,Massimo Pelosini,,,,,,2026-08-22
,Pietro Marzano,,,,,,2026-08-22
,Predrag Rusevski,,,,,,2026-08-22
,Raul Peralta,,,,,,2026-08-22
,Romain Bogaerts,,,,,,2026-08-22
,Wolfgang Truller,,,,,,2026-08-22
,Blaz Rola,,,,,,2026-08-22
,Carlos Gattiker,,,,,,2026-08-22
,Daniele Musa,,,,,,2026-08-22
,David Wells Roth,,,,,,2026-08-22
,Diego Junqueira,,,,,,2026-08-22
2026-08-10,Eliot Spizzirri,117.0,557,-,,,2026-08-22
2026-08-10,Eliot Spizzirri,117.0,557,-,,,2026-08-22
2026-08-10,Eliot Spizzirri,117.0,557,-,,,2026-08-22
2026-08-10,Eliot Spizzirri,117.0,557,-,,,2026-08-22
2026-08-03,Eliot Spizzirri,115.0,557,-22,,,2026-08-22
2026-08-03,Eliot Spizzirri,115.0,557,-22,,,2026-08-22
2026-08-03,Eliot Spizzirri,115.0,557,-22,,,2026-08-22
2026-08-03,Eliot Spizzirri,115.0,557,-22,,,2026-08-22
2026-07-27,Eliot Spizzirri,109.0,579,-25,22.0,,2026-08-22
2026-07-27,Eliot Spizzirri,109.0,579,-25,22.0,,2026-08-22
2026-07-27,Eliot Spizzirri,109.0,579,-25,22.0,,2026-08-22
2026-07-27,Eliot Spizzirri,109.0,579,-25,22.0,,2026-08-22
2026-07-20,Eliot Spizzirri,107.0,604,-22,25.0,,2026-08-22
2026-07-20,Eliot Spizzirri,107.0,604,-22,25.0,,2026-08-22
2026-07-20,Eliot Spizzirri,107.0,604,-22,25.0,,2026-08-22
2026-07-13,Eliot Spizzirri,105.0,626,-36,22.0,,2026-08-22
2026-07-13,Eliot Spizzirri,105.0,626,-36,22.0,,2026-08-22
2026-07-13,Eliot Spizzirri,105.0,626,-36,22.0,,2026-08-22
2026-06-29,Eliot Spizzirri,97.0,662,-,43.0,7.0,2026-08-22
2026-06-29,Eliot Spizzirri,97.0,662,-,43.0,7.0,2026-08-22
2026-06-29,Eliot Spizzirri,97.0,662,-,43.0,7.0,2026-08-22
2026-06-22,Eliot Spizzirri,96.0,662,-,,,2026-08-22
2026-06-22,Eliot Spizzirri,96.0,662,-,,,2026-08-22
2026-06-15,Eliot Spizzirri,95.0,662,-,,,2026-08-22
2026-06-15,Eliot Spizzirri,95.0,662,-,,,2026-08-22
2026-06-08,Eliot Spizzirri,95.0,662,+2,,,2026-08-22
2026-06-08,Eliot Spizzirri,95.0,662,+2,,,2026-08-22
2026-05-25,Eliot Spizzirri,91.0,660,-,8.0,7.0,2026-08-22
2026-05-25,Eliot Spizzirri,91.0,660,-,8.0,7.0,2026-08-22
2026-05-18,Eliot Spizzirri,92.0,660,-,,,2026-08-22
2026-05-18,Eliot Spizzirri,92.0,660,-,,,2026-08-22
2026-05-04,Eliot Spizzirri,92.0,660,-14,,,2026-08-22
2026-05-04,Eliot Spizzirri,92.0,660,-14,,,2026-08-22
2026-04-20,Eliot Spizzirri,86.0,674,-,22.0,8.0,2026-08-22
2026-04-20,Eliot Spizzirri,86.0,674,-,22.0,8.0,2026-08-22
2026-04-13,Eliot Spizzirri,85.0,674,-14,,,2026-08-22
2026-04-13,Eliot Spizzirri,85.0,674,-14,,,2026-08-22
2026-04-06,Eliot Spizzirri,80.0,688,-,22.0,8.0,2026-08-22
2026-04-06,Eliot Spizzirri,80.0,688,-,22.0,8.0,2026-08-22
2026-03-30,Eliot Spizzirri,79.0,688,-30,,,2026-08-22
2026-03-30,Eliot Spizzirri,79.0,688,-30,,,2026-08-22
2026-03-16,Eliot Spizzirri,79.0,718,-13,30.0,8.0,2026-08-22
2026-03-16,Eliot Spizzirri,79.0,718,-13,30.0,8.0,2026-08-22
2026-03-02,Eliot Spizzirri,78.0,731,-90,13.0,8.0,2026-08-22
2026-02-23,Eliot Spizzirri,67.0,821,-,100.0,10.0,2026-08-22
2026-02-16,Eliot Spizzirri,67.0,821,+40,,,2026-08-22
2026-02-09,Eliot Spizzirri,68.0,781,-,,,2026-08-22
2026-02-02,Eliot Spizzirri,71.0,781,+56,,,2026-08-22
2026-01-19,Eliot Spizzirri,85.0,725,+53,44.0,10.0,2026-08-22
2026-01-12,Eliot Spizzirri,89.0,672,-,,,2026-08-22
2026-01-05,Eliot Spizzirri,89.0,672,-,,,2026-08-22
2025-12-29,Eliot Spizzirri,89.0,672,-8,,,2026-08-22
2025-12-22,Eliot Spizzirri,90.0,680,-,,,2026-08-22
2025-12-15,Eliot Spizzirri,90.0,680,-,,,2026-08-22
2025-12-08,Eliot Spizzirri,90.0,680,-,,,2026-08-22
2025-12-01,Eliot Spizzirri,90.0,680,-,,,2026-08-22
2025-11-24,Eliot Spizzirri,90.0,680,-,,,2026-08-22
2025-11-17,Eliot Spizzirri,91.0,680,-14,,,2026-08-22
2025-11-10,Eliot Spizzirri,87.0,694,+26,22.0,8.0,2026-08-22
2025-11-03,Eliot Spizzirri,96.0,668,+8,12.0,8.0,2026-08-22
2025-10-27,Eliot Spizzirri,100.0,660,+42,,,2026-08-22
2025-10-20,Eliot Spizzirri,103.0,618,+55,,,2026-08-22
2025-10-13,Eliot Spizzirri,111.0,563,-34,,,2026-08-22
2026-08-10,Henri Squire,208.0,273,+8,22.0,10.0,2026-08-22
2026-08-03,Henri Squire,211.0,265,+2,,,2026-08-22
2026-07-27,Henri Squire,214.0,263,+4,,,2026-08-22
,Jan Apell,,,,,,2026-08-22
,Jean Christophe Faurel,,,,,,2026-08-22
,Jonathan Dasnieres De Veigy,,,,,,2026-08-22
2026-08-10,Manuel Guinard,,3,-,3.0,,2026-08-22
2026-08-03,Manuel Guinard,,3,-,,,2026-08-22
2026-07-27,Manuel Guinard,,3,-,,,2026-08-22
,Marat Safin,,,,,,2026-08-22
,Martin Spottl,,,,,,2026-08-22
2026-08-10,Nicolas Barrientos,952.0,23,-,,,2026-08-22
2026-08-03,Nicolas Barrientos,937.0,23,-,,,2026-08-22
2026-07-27,Nicolas Barrientos,942.0,23,-,,,2026-08-22
,Robert Reininger,,,,,,2026-08-22
,A Mcgrath,,,,,,2026-08-22
,Bill Csipkay,,,,,,2026-08-22
,Cecil Pedlow,,,,,,2026-08-22
,Heinz Frank,,,,,,2026-08-22
,Jerome Pienaar,,,,,,2026-08-22
,Joe Mesmer,,,,,,2026-08-22
,Jorge Llimos,,,,,,2026-08-22
,Nick Barone,,,,,,2026-08-22
,Peter Clarke,,,,,,2026-08-22
,Piero Toci,,,,,,2026-08-22
,Ralph Sender,,,,,,2026-08-22
,Renato Joaquim,,,,,,2026-08-22
,Siebe Huizinga,,,,,,2026-08-22
,Torquato Rossini,,,,,,2026-08-22
,Toshio Iwazawa,,,,,,2026-08-22
,U Hoigshoidt,,,,,,2026-08-22
,Andreas Lesch,,,,,,2026-08-22
,Chase Buchanan,,,,,,2026-08-22
,Corrado Aprili,,,,,,2026-08-22
,David Skoch,,,,,,2026-08-22
,Francois Errard,,,,,,2026-08-22
2026-08-10,Frederico Ferreira Silva,231.0,245,-,12.0,6.0,2026-08-22
2026-08-03,Frederico Ferreira Silva,228.0,245,+5,,,2026-08-22
2026-07-27,Frederico Ferreira Silva,235.0,240,-,7.0,6.0,2026-08-22
,Jacobo Diaz,,,,,,2026-08-22
,Julio Silva,,,,,,2026-08-22
,Karl Coombes,,,,,,2026-08-22
,Kim Tiilikainen,,,,,,2026-08-22
2026-08-10,Luka Mikrut,184.0,317,-,,,2026-08-22
2026-08-10,Luka Mikrut,184.0,317,-,,,2026-08-22
2026-08-10,Luka Mikrut,184.0,317,-,,,2026-08-22
2026-08-10,Luka Mikrut,184.0,317,-,,,2026-08-22
2026-08-03,Luka Mikrut,180.0,317,-4,,,2026-08-22
2026-08-03,Luka Mikrut,180.0,317,-4,,,2026-08-22
2026-08-03,Luka Mikrut,180.0,317,-4,,,2026-08-22
2026-08-03,Luka Mikrut,180.0,317,-4,,,2026-08-22
2026-07-27,Luka Mikrut,178.0,321,-7,4.0,,2026-08-22
2026-07-27,Luka Mikrut,178.0,321,-7,4.0,,2026-08-22
2026-07-27,Luka Mikrut,178.0,321,-7,4.0,,2026-08-22
2026-07-27,Luka Mikrut,178.0,321,-7,4.0,,2026-08-22
2026-07-20,Luka Mikrut,175.0,328,-,7.0,,2026-08-22
2026-07-20,Luka Mikrut,175.0,328,-,7.0,,2026-08-22
2026-07-20,Luka Mikrut,175.0,328,-,7.0,,2026-08-22
2026-07-13,Luka Mikrut,172.0,328,-,,,2026-08-22
2026-07-13,Luka Mikrut,172.0,328,-,,,2026-08-22
2026-07-13,Luka Mikrut,172.0,328,-,,,2026-08-22
2026-06-29,Luka Mikrut,180.0,328,-12,,,2026-08-22
2026-06-29,Luka Mikrut,180.0,328,-12,,,2026-08-22
2026-06-29,Luka Mikrut,180.0,328,-12,,,2026-08-22
2026-06-22,Luka Mikrut,176.0,340,-8,12.0,,2026-08-22
2026-06-22,Luka Mikrut,176.0,340,-8,12.0,,2026-08-22
2026-06-15,Luka Mikrut,168.0,348,-,8.0,,2026-08-22
2026-06-15,Luka Mikrut,168.0,348,-,8.0,,2026-08-22
2026-06-08,Luka Mikrut,169.0,348,+47,,,2026-08-22
2026-06-08,Luka Mikrut,169.0,348,+47,,,2026-08-22
2026-05-25,Luka Mikrut,195.0,301,-,3.0,,2026-08-22
2026-05-25,Luka Mikrut,195.0,301,-,3.0,,2026-08-22
2026-05-18,Luka Mikrut,196.0,301,+6,,,2026-08-22
2026-05-18,Luka Mikrut,196.0,301,+6,,,2026-08-22
2026-05-04,Luka Mikrut,198.0,295,-15,,,2026-08-22
2026-05-04,Luka Mikrut,198.0,295,-15,,,2026-08-22
2026-04-20,Luka Mikrut,189.0,310,-25,15.0,,2026-08-22
2026-04-20,Luka Mikrut,189.0,310,-25,15.0,,2026-08-22
2026-04-13,Luka Mikrut,180.0,335,-,25.0,,2026-08-22
2026-04-13,Luka Mikrut,180.0,335,-,25.0,,2026-08-22
2026-04-06,Luka Mikrut,178.0,335,-15,,,2026-08-22
2026-04-06,Luka Mikrut,178.0,335,-15,,,2026-08-22
2026-03-30,Luka Mikrut,174.0,350,-10,15.0,,2026-08-22
2026-03-30,Luka Mikrut,174.0,350,-10,15.0,,2026-08-22
2026-03-16,Luka Mikrut,167.0,360,-11,10.0,,2026-08-22
2026-03-16,Luka Mikrut,167.0,360,-11,10.0,,2026-08-22
2026-03-02,Luka Mikrut,165.0,371,-,17.0,,2026-08-22
2026-02-23,Luka Mikrut,162.0,371,-,,,2026-08-22
2026-02-16,Luka Mikrut,165.0,371,+12,,,2026-08-22
2026-02-09,Luka Mikrut,164.0,359,-2,,,2026-08-22
2026-02-02,Luka Mikrut,164.0,361,-,2.0,,2026-08-22
2026-01-19,Luka Mikrut,163.0,361,-,,,2026-08-22
2026-01-12,Luka Mikrut,163.0,361,-4,,,2026-08-22
2026-01-05,Luka Mikrut,160.0,365,-,6.0,2.0,2026-08-22
2025-12-29,Luka Mikrut,162.0,365,-2,,,2026-08-22
2025-12-22,Luka Mikrut,162.0,367,-,,,2026-08-22
2025-12-15,Luka Mikrut,162.0,367,-,,,2026-08-22
2025-12-08,Luka Mikrut,162.0,367,-,,,2026-08-22
2025-12-01,Luka Mikrut,162.0,367,-,,,2026-08-22
2025-11-24,Luka Mikrut,162.0,367,-5,,,2026-08-22
2025-11-17,Luka Mikrut,161.0,372,-,7.0,2.0,2026-08-22
2025-11-10,Luka Mikrut,162.0,372,-,,,2026-08-22
2025-11-03,Luka Mikrut,160.0,372,+6,,,2026-08-22
2025-10-27,Luka Mikrut,160.0,366,-2,,,2026-08-22
2025-10-20,Luka Mikrut,160.0,368,-,4.0,2.0,2026-08-22
2025-10-13,Luka Mikrut,159.0,368,+136,,,2026-08-22
,Robert Janecek,,,,,,2026-08-22
2026-08-10,Wishaya Trongcharoenchaikul,950.0,24,-,2.0,,2026-08-22
2026-08-03,Wishaya Trongcharoenchaikul,935.0,24,-,,,2026-08-22
2026-07-27,Wishaya Trongcharoenchaikul,940.0,24,+2,,,2026-08-22
,Bartlomiej Dabrowski,,,,,,2026-08-22
,Bob Goldbeck,,,,,,2026-08-22
,Chih Jung Chen,,,,,,2026-08-22
,Grant Kerr,,,,,,2026-08-22
,Hector Gonzalez,,,,,,2026-08-22
,James Provines,,,,,,2026-08-22
,Javier Sanjines,,,,,,2026-08-22
,Jeffrey Jf Robinson,,,,,,2026-08-22
,Junjo Kawamuri,,,,,,2026-08-22
,Larry Nagler,,,,,,2026-08-22
,Mario Calautti,,,,,,2026-08-22
,Martin Koek,,,,,,2026-08-22
,Mike Powers,,,,,,2026-08-22
,Mubarak Shannan Zayid,,,,,,2026-08-22
,Oscar Chiarella,,,,,,2026-08-22
,Ross Mcghie,,,,,,2026-08-22
,Ruben Fernandez,,,,,,2026-08-22
,Shan Jiang,,,,,,2026-08-22
,Shyam Minotra,,,,,,2026-08-22
,Carlos Gimeno Valero,,,,,,2026-08-22
,German Lopez,,,,,,2026-08-22
,Harsh Mankad,,,,,,2026-08-22
,Heiner Moraing,,,,,,2026-08-22
,James Mcgee,,,,,,2026-08-22
2026-08-10,Kimmer Coppejans,218.0,260,-,,,2026-08-22
2026-08-03,Kimmer Coppejans,215.0,260,-,,,2026-08-22
2026-07-27,Kimmer Coppejans,218.0,260,-,,,2026-08-22
2026-07-13,Kimmer Coppejans,199.0,282,+24,44.0,5.0,2026-08-22
2026-07-13,Kimmer Coppejans,199.0,282,+24,44.0,5.0,2026-08-22
2026-07-13,Kimmer Coppejans,199.0,282,+24,44.0,5.0,2026-08-22
2025-11-03,Kimmer Coppejans,191.0,297,-,25.0,3.0,2026-08-22
2025-10-27,Kimmer Coppejans,186.0,297,-11,,,2026-08-22
2025-10-20,Kimmer Coppejans,183.0,308,-11,15.0,4.0,2026-08-22
2025-10-13,Kimmer Coppejans,179.0,319,+21,15.0,4.0,2026-08-22
,Konstantin Kravchuk,,,,,,2026-08-22
,Laurie Warder,,,,,,2026-08-22
,Mats Wilander,,,,,,2026-08-22
2026-08-10,Matteo Arnaldi,34.0,1349,+50,10.0,,2026-08-22
2026-08-10,Matteo Arnaldi,34.0,1349,+50,10.0,,2026-08-22
2026-08-10,Matteo Arnaldi,34.0,1349,+50,10.0,,2026-08-22
2026-08-10,Matteo Arnaldi,34.0,1349,+50,10.0,,2026-08-22
2026-08-03,Matteo Arnaldi,35.0,1299,-50,,,2026-08-22
2026-08-03,Matteo Arnaldi,35.0,1299,-50,,,2026-08-22
2026-08-03,Matteo Arnaldi,35.0,1299,-50,,,2026-08-22
2026-08-03,Matteo Arnaldi,35.0,1299,-50,,,2026-08-22
2026-07-27,Matteo Arnaldi,35.0,1349,-50,50.0,,2026-08-22
2026-07-27,Matteo Arnaldi,35.0,1349,-50,50.0,,2026-08-22
2026-07-27,Matteo Arnaldi,35.0,1349,-50,50.0,,2026-08-22
2026-07-27,Matteo Arnaldi,35.0,1349,-50,50.0,,2026-08-22
2026-07-20,Matteo Arnaldi,33.0,1399,+50,50.0,,2026-08-22
2026-07-20,Matteo Arnaldi,33.0,1399,+50,50.0,,2026-08-22
2026-07-20,Matteo Arnaldi,33.0,1399,+50,50.0,,2026-08-22
2026-07-13,Matteo Arnaldi,34.0,1349,-,,,2026-08-22
2026-07-13,Matteo Arnaldi,34.0,1349,-,,,2026-08-22
2026-07-13,Matteo Arnaldi,34.0,1349,-,,,2026-08-22
2026-06-29,Matteo Arnaldi,35.0,1349,+13,10.0,,2026-08-22
2026-06-29,Matteo Arnaldi,35.0,1349,+13,10.0,,2026-08-22
2026-06-29,Matteo Arnaldi,35.0,1349,+13,10.0,,2026-08-22
2026-06-22,Matteo Arnaldi,35.0,1336,-,,,2026-08-22
2026-06-22,Matteo Arnaldi,35.0,1336,-,,,2026-08-22
2026-06-15,Matteo Arnaldi,34.0,1336,-,,,2026-08-22
2026-06-15,Matteo Arnaldi,34.0,1336,-,,,2026-08-22
2026-06-08,Matteo Arnaldi,34.0,1336,+750,,,2026-08-22
2026-06-08,Matteo Arnaldi,34.0,1336,+750,,,2026-08-22
2026-05-25,Matteo Arnaldi,104.0,586,-50,50.0,,2026-08-22
2026-05-25,Matteo Arnaldi,104.0,586,-50,50.0,,2026-08-22
2026-05-18,Matteo Arnaldi,96.0,636,+40,50.0,,2026-08-22
2026-05-18,Matteo Arnaldi,96.0,636,+40,50.0,,2026-08-22
2026-05-04,Matteo Arnaldi,106.0,596,-25,10.0,,2026-08-22
2026-05-04,Matteo Arnaldi,106.0,596,-25,10.0,,2026-08-22
2026-04-20,Matteo Arnaldi,103.0,621,-,200.0,,2026-08-22
2026-04-20,Matteo Arnaldi,103.0,621,-,200.0,,2026-08-22
2026-04-13,Matteo Arnaldi,105.0,621,+16,,,2026-08-22
2026-04-13,Matteo Arnaldi,105.0,621,+16,,,2026-08-22
2026-04-06,Matteo Arnaldi,107.0,605,-,10.0,,2026-08-22
2026-04-06,Matteo Arnaldi,107.0,605,-,10.0,,2026-08-22
2026-03-30,Matteo Arnaldi,107.0,605,-20,,,2026-08-22
2026-03-30,Matteo Arnaldi,107.0,605,-20,,,2026-08-22
2026-03-16,Matteo Arnaldi,101.0,625,-40,30.0,,2026-08-22
2026-03-16,Matteo Arnaldi,101.0,625,-40,30.0,,2026-08-22
2026-03-02,Matteo Arnaldi,85.0,665,-,50.0,,2026-08-22
2026-02-23,Matteo Arnaldi,88.0,665,-,,,2026-08-22
2026-02-16,Matteo Arnaldi,85.0,665,-100,,,2026-08-22
2026-02-09,Matteo Arnaldi,72.0,765,-93,100.0,,2026-08-22
2026-02-02,Matteo Arnaldi,65.0,858,-,100.0,7.0,2026-08-22
2026-01-19,Matteo Arnaldi,65.0,858,-,10.0,7.0,2026-08-22
2026-01-12,Matteo Arnaldi,65.0,858,-,,,2026-08-22
2026-01-05,Matteo Arnaldi,61.0,858,-15,,,2026-08-22
2025-12-29,Matteo Arnaldi,61.0,873,-10,25.0,10.0,2026-08-22
2025-12-22,Matteo Arnaldi,61.0,883,-,,,2026-08-22
2025-12-15,Matteo Arnaldi,61.0,883,-,,,2026-08-22
2025-12-08,Matteo Arnaldi,61.0,883,-,,,2026-08-22
2025-12-01,Matteo Arnaldi,61.0,883,-,,,2026-08-22
2025-11-24,Matteo Arnaldi,62.0,883,-,,,2026-08-22
2025-11-17,Matteo Arnaldi,63.0,883,-,,,2026-08-22
2025-11-10,Matteo Arnaldi,63.0,883,-,,,2026-08-22
2025-11-03,Matteo Arnaldi,64.0,883,-,,,2026-08-22
2025-10-27,Matteo Arnaldi,66.0,883,+65,,,2026-08-22
2025-10-20,Matteo Arnaldi,72.0,818,-,,,2026-08-22
2025-10-13,Matteo Arnaldi,74.0,818,-20,,,2026-08-22
2026-08-10,Sebastian Ofner,127.0,505,-,10.0,,2026-08-22
2026-08-10,Sebastian Ofner,127.0,505,-,10.0,,2026-08-22
2026-08-10,Sebastian Ofner,127.0,505,-,10.0,,2026-08-22
2026-08-10,Sebastian Ofner,127.0,505,-,10.0,,2026-08-22
2026-08-03,Sebastian Ofner,126.0,505,-10,,,2026-08-22
2026-08-03,Sebastian Ofner,126.0,505,-10,,,2026-08-22
2026-08-03,Sebastian Ofner,126.0,505,-10,,,2026-08-22
2026-08-03,Sebastian Ofner,126.0,505,-10,,,2026-08-22
2026-07-27,Sebastian Ofner,124.0,515,-,10.0,,2026-08-22
2026-07-27,Sebastian Ofner,124.0,515,-,10.0,,2026-08-22
2026-07-27,Sebastian Ofner,124.0,515,-,10.0,,2026-08-22
2026-07-27,Sebastian Ofner,124.0,515,-,10.0,,2026-08-22
2026-07-20,Sebastian Ofner,124.0,515,-,,,2026-08-22
2026-07-20,Sebastian Ofner,124.0,515,-,,,2026-08-22
2026-07-20,Sebastian Ofner,124.0,515,-,,,2026-08-22
2026-07-13,Sebastian Ofner,125.0,515,-42,,,2026-08-22
2026-07-13,Sebastian Ofner,125.0,515,-42,,,2026-08-22
2026-07-13,Sebastian Ofner,125.0,515,-42,,,2026-08-22
2026-06-29,Sebastian Ofner,110.0,557,-,100.0,,2026-08-22
2026-06-29,Sebastian Ofner,110.0,557,-,100.0,,2026-08-22
2026-06-29,Sebastian Ofner,110.0,557,-,100.0,,2026-08-22
2026-06-22,Sebastian Ofner,111.0,557,+39,,,2026-08-22
2026-06-22,Sebastian Ofner,111.0,557,+39,,,2026-08-22
2026-06-15,Sebastian Ofner,123.0,518,-,25.0,,2026-08-22
2026-06-15,Sebastian Ofner,123.0,518,-,25.0,,2026-08-22
2026-06-08,Sebastian Ofner,124.0,518,-40,,,2026-08-22
2026-06-08,Sebastian Ofner,124.0,518,-40,,,2026-08-22
2026-05-25,Sebastian Ofner,112.0,558,-113,50.0,,2026-08-22
2026-05-25,Sebastian Ofner,112.0,558,-113,50.0,,2026-08-22
2026-05-18,Sebastian Ofner,91.0,671,-40,113.0,,2026-08-22
2026-05-18,Sebastian Ofner,91.0,671,-40,113.0,,2026-08-22
2026-05-04,Sebastian Ofner,82.0,711,+13,70.0,,2026-08-22
2026-05-04,Sebastian Ofner,82.0,711,+13,70.0,,2026-08-22
2026-04-20,Sebastian Ofner,83.0,698,+25,30.0,,2026-08-22
2026-04-20,Sebastian Ofner,83.0,698,+25,30.0,,2026-08-22
2026-04-13,Sebastian Ofner,86.0,673,-7,,,2026-08-22
2026-04-13,Sebastian Ofner,86.0,673,-7,,,2026-08-22
2026-04-06,Sebastian Ofner,82.0,680,-14,7.0,,2026-08-22
2026-04-06,Sebastian Ofner,82.0,680,-14,7.0,,2026-08-22
2026-03-30,Sebastian Ofner,78.0,694,+23,14.0,,2026-08-22
2026-03-30,Sebastian Ofner,78.0,694,+23,14.0,,2026-08-22
2026-03-16,Sebastian Ofner,86.0,671,+100,14.0,,2026-08-22
2026-03-16,Sebastian Ofner,86.0,671,+100,14.0,,2026-08-22
2026-03-02,Sebastian Ofner,108.0,571,+100,,,2026-08-22
2026-02-23,Sebastian Ofner,132.0,471,-,,,2026-08-22
2026-02-16,Sebastian Ofner,132.0,471,-,,,2026-08-22
2026-02-09,Sebastian Ofner,135.0,471,-,,,2026-08-22
2026-02-02,Sebastian Ofner,135.0,471,+8,,,2026-08-22
2026-01-19,Sebastian Ofner,131.0,463,-,,,2026-08-22
2026-01-12,Sebastian Ofner,131.0,463,-,,,2026-08-22
2026-01-05,Sebastian Ofner,131.0,463,-,,,2026-08-22
2025-12-29,Sebastian Ofner,132.0,463,-,,,2026-08-22
2025-12-22,Sebastian Ofner,133.0,463,-,,,2026-08-22
2025-12-15,Sebastian Ofner,133.0,463,-,,,2026-08-22
2025-12-08,Sebastian Ofner,133.0,463,-,,,2026-08-22
2025-12-01,Sebastian Ofner,134.0,463,-,,,2026-08-22
2025-11-24,Sebastian Ofner,134.0,463,-,,,2026-08-22
2025-11-17,Sebastian Ofner,134.0,463,-,,,2026-08-22
2025-11-10,Sebastian Ofner,135.0,463,-,,,2026-08-22
2025-11-03,Sebastian Ofner,136.0,463,-,,,2026-08-22
2025-10-27,Sebastian Ofner,136.0,463,-,,,2026-08-22
2025-10-20,Sebastian Ofner,138.0,463,-,,,2026-08-22
2025-10-13,Sebastian Ofner,140.0,463,+10,,,2026-08-22
,Vic Seixas,,,,,,2026-08-22
,Wayne Ferreira,,,,,,2026-08-22
,Wolfgang Popp,,,,,,2026-08-22
2026-08-10,Yannick Hanfmann,55.0,986,+25,,,2026-08-22
2026-08-10,Yannick Hanfmann,55.0,986,+25,,,2026-08-22
2026-08-10,Yannick Hanfmann,55.0,986,+25,,,2026-08-22
2026-08-10,Yannick Hanfmann,55.0,986,+25,,,2026-08-22
2026-08-03,Yannick Hanfmann,57.0,961,-50,,,2026-08-22
2026-08-03,Yannick Hanfmann,57.0,961,-50,,,2026-08-22
2026-08-03,Yannick Hanfmann,57.0,961,-50,,,2026-08-22
2026-08-03,Yannick Hanfmann,57.0,961,-50,,,2026-08-22
2026-07-27,Yannick Hanfmann,45.0,1011,+37,75.0,25.0,2026-08-22
2026-07-27,Yannick Hanfmann,45.0,1011,+37,75.0,25.0,2026-08-22
2026-07-27,Yannick Hanfmann,45.0,1011,+37,75.0,25.0,2026-08-22
2026-07-27,Yannick Hanfmann,45.0,1011,+37,75.0,25.0,2026-08-22
2026-07-20,Yannick Hanfmann,52.0,974,-,63.0,25.0,2026-08-22
2026-07-20,Yannick Hanfmann,52.0,974,-,63.0,25.0,2026-08-22
2026-07-20,Yannick Hanfmann,52.0,974,-,63.0,25.0,2026-08-22
2026-07-13,Yannick Hanfmann,51.0,974,+25,,,2026-08-22
2026-07-13,Yannick Hanfmann,51.0,974,+25,,,2026-08-22
2026-07-13,Yannick Hanfmann,51.0,974,+25,,,2026-08-22
2026-06-29,Yannick Hanfmann,56.0,949,+9,,,2026-08-22
2026-06-29,Yannick Hanfmann,56.0,949,+9,,,2026-08-22
2026-06-29,Yannick Hanfmann,56.0,949,+9,,,2026-08-22
2026-06-22,Yannick Hanfmann,55.0,940,+25,,,2026-08-22
2026-06-22,Yannick Hanfmann,55.0,940,+25,,,2026-08-22
2026-06-15,Yannick Hanfmann,59.0,915,+9,25.0,16.0,2026-08-22
2026-06-15,Yannick Hanfmann,59.0,915,+9,25.0,16.0,2026-08-22
2026-06-08,Yannick Hanfmann,59.0,906,-30,,,2026-08-22
2026-06-08,Yannick Hanfmann,59.0,906,-30,,,2026-08-22
2026-05-25,Yannick Hanfmann,53.0,936,+37,40.0,13.0,2026-08-22
2026-05-25,Yannick Hanfmann,53.0,936,+37,40.0,13.0,2026-08-22
2026-05-18,Yannick Hanfmann,55.0,899,+20,,,2026-08-22
2026-05-18,Yannick Hanfmann,55.0,899,+20,,,2026-08-22
2026-05-04,Yannick Hanfmann,59.0,879,+22,10.0,8.0,2026-08-22
2026-05-04,Yannick Hanfmann,59.0,879,+22,10.0,8.0,2026-08-22
2026-04-20,Yannick Hanfmann,60.0,857,-42,,,2026-08-22
2026-04-20,Yannick Hanfmann,60.0,857,-42,,,2026-08-22
2026-04-13,Yannick Hanfmann,51.0,899,-,50.0,8.0,2026-08-22
2026-04-13,Yannick Hanfmann,51.0,899,-,50.0,8.0,2026-08-22
2026-04-06,Yannick Hanfmann,55.0,899,+42,,,2026-08-22
2026-04-06,Yannick Hanfmann,55.0,899,+42,,,2026-08-22
2026-03-30,Yannick Hanfmann,61.0,857,+22,,,2026-08-22
2026-03-30,Yannick Hanfmann,61.0,857,+22,,,2026-08-22
2026-03-16,Yannick Hanfmann,64.0,835,-,,,2026-08-22
2026-03-16,Yannick Hanfmann,64.0,835,-,,,2026-08-22
2026-03-02,Yannick Hanfmann,65.0,835,+140,,,2026-08-22
2026-02-23,Yannick Hanfmann,81.0,695,+42,25.0,8.0,2026-08-22
2026-02-16,Yannick Hanfmann,90.0,653,-,,,2026-08-22
2026-02-09,Yannick Hanfmann,90.0,653,-,,,2026-08-22
2026-02-02,Yannick Hanfmann,93.0,653,+42,,,2026-08-22
2026-01-19,Yannick Hanfmann,102.0,611,-,10.0,,2026-08-22
2026-01-12,Yannick Hanfmann,101.0,611,-7,,,2026-08-22
2026-01-05,Yannick Hanfmann,102.0,618,-5,13.0,6.0,2026-08-22
2025-12-29,Yannick Hanfmann,104.0,623,-8,13.0,8.0,2026-08-22
2025-12-22,Yannick Hanfmann,103.0,631,-,,,2026-08-22
2025-12-15,Yannick Hanfmann,103.0,631,-,,,2026-08-22
2025-12-08,Yannick Hanfmann,103.0,631,-,,,2026-08-22
2025-12-01,Yannick Hanfmann,103.0,631,-,,,2026-08-22
2025-11-24,Yannick Hanfmann,103.0,631,-,,,2026-08-22
2025-11-17,Yannick Hanfmann,104.0,631,-,,,2026-08-22
2025-11-10,Yannick Hanfmann,103.0,631,+113,,,2026-08-22
2025-11-03,Yannick Hanfmann,117.0,518,+16,,,2026-08-22
2025-10-27,Yannick Hanfmann,125.0,502,-,,,2026-08-22
2025-10-20,Yannick Hanfmann,126.0,502,+38,,,2026-08-22
2025-10-13,Yannick Hanfmann,139.0,464,+70,,,2026-08-22
,Alan Fawcett,,,,,,2026-08-22
,Bokkie Niemand,,,,,,2026-08-22
,Dave Ranney,,,,,,2026-08-22
,Enrique Caviglia,,,,,,2026-08-22
,F Settelmeyer,,,,,,2026-08-22
,Hiroyuki Bamba,,,,,,2026-08-22
,Ivor Warwick,,,,,,2026-08-22
,Jeremy Cohen,,,,,,2026-08-22
,John Kern,,,,,,2026-08-22
,Munawar Iqbal,,,,,,2026-08-22
,Nicolas Kischkewitz,,,,,,2026-08-22
,Octavio Piva,,,,,,2026-08-22
,Pedro Barrios,,,,,,2026-08-22
,Peter Mors,,,,,,2026-08-22
,Piet Veentjer,,,,,,2026-08-22
,Steve Rogul,,,,,,2026-08-22
,Sunil Kumar,,,,,,2026-08-22
,Thomas Prerovsky,,,,,,2026-08-22
,Alexander Reichel,,,,,,2026-08-22
,Bjorn Rehnquist,,,,,,2026-08-22
,Doug Crawford,,,,,,2026-08-22
,Geoff Roper,,,,,,2026-08-22
2026-08-10,Jay Clarke,241.0,236,-,,,2026-08-22
2026-08-03,Jay Clarke,238.0,236,-,,,2026-08-22
2026-07-27,Jay Clarke,237.0,236,-,,,2026-08-22
2026-05-18,Jay Clarke,199.0,292,+10,83.0,12.0,2026-08-22
2026-05-18,Jay Clarke,199.0,292,+10,83.0,12.0,2026-08-22
2026-04-20,Jay Clarke,197.0,301,-,25.0,6.0,2026-08-22
2026-04-20,Jay Clarke,197.0,301,-,25.0,6.0,2026-08-22
2026-04-13,Jay Clarke,194.0,301,-10,,,2026-08-22
2026-04-13,Jay Clarke,194.0,301,-10,,,2026-08-22
2026-04-06,Jay Clarke,191.0,311,-9,16.0,6.0,2026-08-22
2026-04-06,Jay Clarke,191.0,311,-9,16.0,6.0,2026-08-22
2026-03-30,Jay Clarke,185.0,320,-14,16.0,6.0,2026-08-22
2026-03-30,Jay Clarke,185.0,320,-14,16.0,6.0,2026-08-22
2026-03-16,Jay Clarke,179.0,334,+1,30.0,12.0,2026-08-22
2026-03-16,Jay Clarke,179.0,334,+1,30.0,12.0,2026-08-22
2026-03-02,Jay Clarke,184.0,333,-2,,,2026-08-22
2026-02-23,Jay Clarke,184.0,335,+6,8.0,6.0,2026-08-22
2026-02-16,Jay Clarke,185.0,329,-,,,2026-08-22
2026-02-09,Jay Clarke,183.0,329,-1,,,2026-08-22
2026-02-02,Jay Clarke,186.0,330,-,7.0,6.0,2026-08-22
2026-01-19,Jay Clarke,178.0,330,-,,,2026-08-22
2026-01-12,Jay Clarke,178.0,330,-,,,2026-08-22
2026-01-05,Jay Clarke,174.0,330,-,,,2026-08-22
2025-12-29,Jay Clarke,175.0,330,-6,,,2026-08-22
2025-12-22,Jay Clarke,174.0,336,-,,,2026-08-22
2025-12-15,Jay Clarke,174.0,336,-,,,2026-08-22
2025-12-08,Jay Clarke,174.0,336,-,,,2026-08-22
2025-12-01,Jay Clarke,174.0,336,+44,,,2026-08-22
2025-11-24,Jay Clarke,200.0,292,+19,,,2026-08-22
2025-10-13,Jay Clarke,189.0,295,-,25.0,3.0,2026-08-22
,Jordi Burillo,,,,,,2026-08-22
,Kevin Kim,,,,,,2026-08-22
,Kristof Vliegen,,,,,,2026-08-22
,Luis Lobo,,,,,,2026-08-22
2026-08-10,Marc Andrea Huesler,246.0,230,-,6.0,,2026-08-22
2026-08-03,Marc Andrea Huesler,244.0,230,-,,,2026-08-22
2026-07-27,Marc Andrea Huesler,240.0,230,+48,,,2026-08-22
,Marius Barnard,,,,,,2026-08-22
2026-08-10,Nicolas Arseneault,1100.0,15,-,,,2026-08-22
2026-08-03,Nicolas Arseneault,1086.0,15,-30,,,2026-08-22
2026-07-27,Nicolas Arseneault,720.0,45,-,30.0,,2026-08-22
2026-08-10,Nino Serdarusic,,4,-,4.0,,2026-08-22
2026-08-03,Nino Serdarusic,,4,-,,,2026-08-22
2026-07-27,Nino Serdarusic,,4,-,,,2026-08-22
,Pablo Arraya,,,,,,2026-08-22
,Roy Emerson,,,,,,2026-08-22
,Adel Talaat Farid,,,,,,2026-08-22
,Alberto Brizzi,,,,,,2026-08-22
,Anders Henricsson,,,,,,2026-08-22
,Bernard Balleret,,,,,,2026-08-22
,Bertram Knowles,,,,,,2026-08-22
,Bill Monan,,,,,,2026-08-22
,Carlos Feldstedt,,,,,,2026-08-22
,Doug Bohaboy,,,,,,2026-08-22
,Enzo Vattuone,,,,,,2026-08-22
,Geza Varga,,,,,,2026-08-22
,Gunther Prell,,,,,,2026-08-22
,H Sheridan,,,,,,2026-08-22
,Ian Pomerenke,,,,,,2026-08-22
,Jeff Twist,,,,,,2026-08-22
,John Chris Lewis,,,,,,2026-08-22
,John Lowman,,,,,,2026-08-22
,Mark Long,,,,,,2026-08-22
,Max Hurlimann,,,,,,2026-08-22
,Mel Baleson,,,,,,2026-08-22
,Miguel Gallardo Valles,,,,,,2026-08-22
,Octavio Martinez,,,,,,2026-08-22
,Pedro Gonzalez,,,,,,2026-08-22
,S Silberling,,,,,,2026-08-22
,Timothy Phillips,,,,,,2026-08-22
,Tom Mozur,,,,,,2026-08-22
,Trevor Little,,,,,,2026-08-22
,U Naharaj,,,,,,2026-08-22
,U Zerngibl,,,,,,2026-08-22
,Unknown Terrade,,,,,,2026-08-22
,Antal Van Der Duim,,,,,,2026-08-22
,Bernd Karbacher,,,,,,2026-08-22
,Edward Corrie,,,,,,2026-08-22
,Glenn Layendecker,,,,,,2026-08-22
,Henrik Sundstrom,,,,,,2026-08-22
,Pat Crow,,,,,,2026-08-22
,Alvaro Betancur,,,,,,2026-08-22
,Anthony Ensor,,,,,,2026-08-22
,Anton Ivanov,,,,,,2026-08-22
,Bill Cullen,,,,,,2026-08-22
,Butch Krikorian,,,,,,2026-08-22
,Christian Janssens,,,,,,2026-08-22
,Clay Iles,,,,,,2026-08-22
,Craig Parsons,,,,,,2026-08-22
,Gene Stuart Malin,,,,,,2026-08-22
,Jim Corn,,,,,,2026-08-22
,John Marks,,,,,,2026-08-22
,Ken Fletcher,,,,,,2026-08-22
,Nigel Smuts,,,,,,2026-08-22
,O Issara,,,,,,2026-08-22
,Pantelis Moschoutis,,,,,,2026-08-22
,Rory Chappell,,,,,,2026-08-22
,Talito Corrales,,,,,,2026-08-22
,Tapio Nurminen,,,,,,2026-08-22
,Vincenzo Franchitti,,,,,,2026-08-22
,Alexander Sarkissian,,,,,,2026-08-22
,Carlos Salamanca,,,,,,2026-08-22
,Dick Crealy,,,,,,2026-08-22
,Diego Ayala,,,,,,2026-08-22
,Federico Browne,,,,,,2026-08-22
,Frederic Niemeyer,,,,,,2026-08-22
2026-08-10,Hamish Stewart,345.0,157,-,4.0,3.0,2026-08-22
2026-08-03,Hamish Stewart,334.0,157,-,,,2026-08-22
2026-07-27,Hamish Stewart,331.0,157,-,,,2026-08-22
,Ignacio Truyol,,,,,,2026-08-22
,Marcos Ondruska,,,,,,2026-08-22
,Mike Bauer,,,,,,2026-08-22
,Stephen Furlong,,,,,,2026-08-22
,Teimuraz Kakulia,,,,,,2026-08-22
2026-08-10,Thiago Agustin Tirante,50.0,1011,+92,94.0,16.0,2026-08-22
2026-08-10,Thiago Agustin Tirante,50.0,1011,+92,94.0,16.0,2026-08-22
2026-08-10,Thiago Agustin Tirante,50.0,1011,+92,94.0,16.0,2026-08-22
2026-08-10,Thiago Agustin Tirante,50.0,1011,+92,94.0,16.0,2026-08-22
2026-08-03,Thiago Agustin Tirante,65.0,919,-,,,2026-08-22
2026-08-03,Thiago Agustin Tirante,65.0,919,-,,,2026-08-22
2026-08-03,Thiago Agustin Tirante,65.0,919,-,,,2026-08-22
2026-08-03,Thiago Agustin Tirante,65.0,919,-,,,2026-08-22
2026-07-27,Thiago Agustin Tirante,64.0,919,-17,,,2026-08-22
2026-07-27,Thiago Agustin Tirante,64.0,919,-17,,,2026-08-22
2026-07-27,Thiago Agustin Tirante,64.0,919,-17,,,2026-08-22
2026-07-27,Thiago Agustin Tirante,64.0,919,-17,,,2026-08-22
2026-07-20,Thiago Agustin Tirante,57.0,936,+15,25.0,8.0,2026-08-22
2026-07-20,Thiago Agustin Tirante,57.0,936,+15,25.0,8.0,2026-08-22
2026-07-20,Thiago Agustin Tirante,57.0,936,+15,25.0,8.0,2026-08-22
2026-07-13,Thiago Agustin Tirante,61.0,921,-40,35.0,8.0,2026-08-22
2026-07-13,Thiago Agustin Tirante,61.0,921,-40,35.0,8.0,2026-08-22
2026-07-13,Thiago Agustin Tirante,61.0,921,-40,35.0,8.0,2026-08-22
2026-06-29,Thiago Agustin Tirante,55.0,961,+17,50.0,8.0,2026-08-22
2026-06-29,Thiago Agustin Tirante,55.0,961,+17,50.0,8.0,2026-08-22
2026-06-29,Thiago Agustin Tirante,55.0,961,+17,50.0,8.0,2026-08-22
2026-06-22,Thiago Agustin Tirante,54.0,944,-17,,,2026-08-22
2026-06-22,Thiago Agustin Tirante,54.0,944,-17,,,2026-08-22
2026-06-15,Thiago Agustin Tirante,52.0,961,-,25.0,8.0,2026-08-22
2026-06-15,Thiago Agustin Tirante,52.0,961,-,25.0,8.0,2026-08-22
2026-06-08,Thiago Agustin Tirante,52.0,961,+74,,,2026-08-22
2026-06-08,Thiago Agustin Tirante,52.0,961,+74,,,2026-08-22
2026-05-25,Thiago Agustin Tirante,60.0,887,-,26.0,8.0,2026-08-22
2026-05-25,Thiago Agustin Tirante,60.0,887,-,26.0,8.0,2026-08-22
2026-05-18,Thiago Agustin Tirante,58.0,887,+86,,,2026-08-22
2026-05-18,Thiago Agustin Tirante,58.0,887,+86,,,2026-08-22
2026-05-04,Thiago Agustin Tirante,69.0,801,+36,14.0,8.0,2026-08-22
2026-05-04,Thiago Agustin Tirante,69.0,801,+36,14.0,8.0,2026-08-22
2026-04-20,Thiago Agustin Tirante,75.0,765,-,14.0,8.0,2026-08-22
2026-04-20,Thiago Agustin Tirante,75.0,765,-,14.0,8.0,2026-08-22
2026-04-13,Thiago Agustin Tirante,74.0,765,-,,,2026-08-22
2026-04-13,Thiago Agustin Tirante,74.0,765,-,,,2026-08-22
2026-04-06,Thiago Agustin Tirante,72.0,765,+92,,,2026-08-22
2026-04-06,Thiago Agustin Tirante,72.0,765,+92,,,2026-08-22
2026-03-30,Thiago Agustin Tirante,83.0,673,-18,,,2026-08-22
2026-03-30,Thiago Agustin Tirante,83.0,673,-18,,,2026-08-22
2026-03-16,Thiago Agustin Tirante,81.0,691,-65,66.0,16.0,2026-08-22
2026-03-16,Thiago Agustin Tirante,81.0,691,-65,66.0,16.0,2026-08-22
2026-03-02,Thiago Agustin Tirante,74.0,756,+17,75.0,8.0,2026-08-22
2026-02-23,Thiago Agustin Tirante,76.0,739,+92,,,2026-08-22
2026-02-16,Thiago Agustin Tirante,92.0,647,-,,,2026-08-22
2026-02-09,Thiago Agustin Tirante,92.0,647,-,,,2026-08-22
2026-02-02,Thiago Agustin Tirante,95.0,647,+42,,,2026-08-22
2026-01-19,Thiago Agustin Tirante,103.0,605,-,16.0,7.0,2026-08-22
2026-01-12,Thiago Agustin Tirante,102.0,605,-,,,2026-08-22
2026-01-05,Thiago Agustin Tirante,103.0,605,-,,,2026-08-22
2025-12-29,Thiago Agustin Tirante,106.0,605,-7,,,2026-08-22
2025-12-22,Thiago Agustin Tirante,106.0,612,-,,,2026-08-22
2025-12-15,Thiago Agustin Tirante,106.0,612,-,,,2026-08-22
2025-12-08,Thiago Agustin Tirante,106.0,612,-,,,2026-08-22
2025-12-01,Thiago Agustin Tirante,106.0,612,-,,,2026-08-22
2025-11-24,Thiago Agustin Tirante,106.0,612,-37,,,2026-08-22
2025-11-17,Thiago Agustin Tirante,101.0,649,-,44.0,7.0,2026-08-22
2025-11-10,Thiago Agustin Tirante,98.0,649,-,,,2026-08-22
2025-11-03,Thiago Agustin Tirante,100.0,649,+1,,,2026-08-22
2025-10-27,Thiago Agustin Tirante,102.0,648,+9,,,2026-08-22
2025-10-20,Thiago Agustin Tirante,101.0,639,-6,,,2026-08-22
2025-10-13,Thiago Agustin Tirante,100.0,645,-9,13.0,7.0,2026-08-22
,A Webb,,,,,,2026-08-22
,Amani Jumatano,,,,,,2026-08-22
,Brian Connor,,,,,,2026-08-22
,Bruce Kellock,,,,,,2026-08-22
,Craig Duncan,,,,,,2026-08-22
,David Parker,,,,,,2026-08-22
,Ian Bidmeade,,,,,,2026-08-22
,J Frederick,,,,,,2026-08-22
,Joaquin Tort,,,,,,2026-08-22
,John Hays,,,,,,2026-08-22
,K Tsui,,,,,,2026-08-22
,Keith Stephens,,,,,,2026-08-22
,Les Nicholson,,,,,,2026-08-22
,Patrik Langvardt,,,,,,2026-08-22
,Richard Russell,,,,,,2026-08-22
,Steve Messmer,,,,,,2026-08-22
,Thierry Van Den Daele,,,,,,2026-08-22
,Todd Overgard,,,,,,2026-08-22
,Tony Bujan,,,,,,2026-08-22
,Yuichiro Kimoto,,,,,,2026-08-22
,Alejandro Olmedo,,,,,,2026-08-22
2026-08-10,Arthur Rinderknech,28.0,1723,+100,50.0,,2026-08-22
2026-08-10,Arthur Rinderknech,28.0,1723,+100,50.0,,2026-08-22
2026-08-10,Arthur Rinderknech,28.0,1723,+100,50.0,,2026-08-22
2026-08-10,Arthur Rinderknech,28.0,1723,+100,50.0,,2026-08-22
2026-08-03,Arthur Rinderknech,29.0,1623,-10,,,2026-08-22
2026-08-03,Arthur Rinderknech,29.0,1623,-10,,,2026-08-22
2026-08-03,Arthur Rinderknech,29.0,1623,-10,,,2026-08-22
2026-08-03,Arthur Rinderknech,29.0,1623,-10,,,2026-08-22
2026-07-27,Arthur Rinderknech,28.0,1633,-90,10.0,,2026-08-22
2026-07-27,Arthur Rinderknech,28.0,1633,-90,10.0,,2026-08-22
2026-07-27,Arthur Rinderknech,28.0,1633,-90,10.0,,2026-08-22
2026-07-27,Arthur Rinderknech,28.0,1633,-90,10.0,,2026-08-22
2026-07-20,Arthur Rinderknech,27.0,1723,+40,100.0,10.0,2026-08-22
2026-07-20,Arthur Rinderknech,27.0,1723,+40,100.0,10.0,2026-08-22
2026-07-20,Arthur Rinderknech,27.0,1723,+40,100.0,10.0,2026-08-22
2026-07-13,Arthur Rinderknech,28.0,1683,-,,,2026-08-22
2026-07-13,Arthur Rinderknech,28.0,1683,-,,,2026-08-22
2026-07-13,Arthur Rinderknech,28.0,1683,-,,,2026-08-22
2026-06-29,Arthur Rinderknech,28.0,1683,-5,100.0,,2026-08-22
2026-06-29,Arthur Rinderknech,28.0,1683,-5,100.0,,2026-08-22
2026-06-29,Arthur Rinderknech,28.0,1683,-5,100.0,,2026-08-22
2026-06-22,Arthur Rinderknech,28.0,1688,-88,25.0,10.0,2026-08-22
2026-06-22,Arthur Rinderknech,28.0,1688,-88,25.0,10.0,2026-08-22
2026-06-15,Arthur Rinderknech,24.0,1776,-,113.0,25.0,2026-08-22
2026-06-15,Arthur Rinderknech,24.0,1776,-,113.0,25.0,2026-08-22
2026-06-08,Arthur Rinderknech,24.0,1776,+40,,,2026-08-22
2026-06-08,Arthur Rinderknech,24.0,1776,+40,,,2026-08-22
2026-05-25,Arthur Rinderknech,25.0,1736,+25,10.0,25.0,2026-08-22
2026-05-25,Arthur Rinderknech,25.0,1736,+25,10.0,25.0,2026-08-22
2026-05-18,Arthur Rinderknech,24.0,1711,-25,,,2026-08-22
2026-05-18,Arthur Rinderknech,24.0,1711,-25,,,2026-08-22
2026-05-04,Arthur Rinderknech,24.0,1736,+20,,,2026-08-22
2026-05-04,Arthur Rinderknech,24.0,1736,+20,,,2026-08-22
2026-04-20,Arthur Rinderknech,26.0,1716,+40,30.0,25.0,2026-08-22
2026-04-20,Arthur Rinderknech,26.0,1716,+40,30.0,25.0,2026-08-22
2026-04-13,Arthur Rinderknech,26.0,1676,+25,,,2026-08-22
2026-04-13,Arthur Rinderknech,26.0,1676,+25,,,2026-08-22
2026-04-06,Arthur Rinderknech,27.0,1651,-,,,2026-08-22
2026-04-06,Arthur Rinderknech,27.0,1651,-,,,2026-08-22
2026-03-30,Arthur Rinderknech,27.0,1651,-6,,,2026-08-22
2026-03-30,Arthur Rinderknech,27.0,1651,-6,,,2026-08-22
2026-03-16,Arthur Rinderknech,27.0,1657,+40,,,2026-08-22
2026-03-16,Arthur Rinderknech,27.0,1657,+40,,,2026-08-22
2026-03-02,Arthur Rinderknech,28.0,1617,+87,10.0,13.0,2026-08-22
2026-02-23,Arthur Rinderknech,31.0,1530,-,,,2026-08-22
2026-02-16,Arthur Rinderknech,30.0,1530,-12,,,2026-08-22
2026-02-09,Arthur Rinderknech,28.0,1542,-,25.0,13.0,2026-08-22
2026-02-02,Arthur Rinderknech,31.0,1542,-9,,,2026-08-22
2026-01-19,Arthur Rinderknech,28.0,1551,-,35.0,29.0,2026-08-22
2026-01-12,Arthur Rinderknech,26.0,1551,+24,,,2026-08-22
2026-01-05,Arthur Rinderknech,27.0,1527,-,,,2026-08-22
2025-12-29,Arthur Rinderknech,29.0,1527,-13,,,2026-08-22
2025-12-22,Arthur Rinderknech,29.0,1540,-,,,2026-08-22
2025-12-15,Arthur Rinderknech,29.0,1540,-,,,2026-08-22
2025-12-08,Arthur Rinderknech,29.0,1540,-,,,2026-08-22
2025-12-01,Arthur Rinderknech,29.0,1540,-,,,2026-08-22
2025-11-24,Arthur Rinderknech,29.0,1540,-,,,2026-08-22
2025-11-17,Arthur Rinderknech,29.0,1540,-,,,2026-08-22
2025-11-10,Arthur Rinderknech,29.0,1540,-,,,2026-08-22
2025-11-03,Arthur Rinderknech,28.0,1540,-50,,,2026-08-22
2025-10-27,Arthur Rinderknech,29.0,1590,-,100.0,13.0,2026-08-22
2025-10-20,Arthur Rinderknech,27.0,1590,-12,,,2026-08-22
2025-10-13,Arthur Rinderknech,28.0,1602,+620,25.0,13.0,2026-08-22
,Bruno Oresar,,,,,,2026-08-22
,Daniel Koellerer,,,,,,2026-08-22
,David Nalbandian,,,,,,2026-08-22
,Jan Gunnarsson,,,,,,2026-08-22
,Jose Edison Mandarino,,,,,,2026-08-22
,Larry Scott,,,,,,2026-08-22
,Michael Ryderstedt,,,,,,2026-08-22
2026-08-10,Miguel Tobon,499.0,91,-,6.0,,2026-08-22
2026-08-03,Miguel Tobon,493.0,91,-,,,2026-08-22
2026-07-27,Miguel Tobon,492.0,91,-4,,,2026-08-22
2026-08-10,Nikolas Sanchez Izquierdo,217.0,261,-,16.0,5.0,2026-08-22
2026-08-03,Nikolas Sanchez Izquierdo,214.0,261,-,,,2026-08-22
2026-07-27,Nikolas Sanchez Izquierdo,216.0,261,-,,,2026-08-22
,Peter Bastiansen,,,,,,2026-08-22
,Roger Knapp,,,,,,2026-08-22
,Ryan Wolters,,,,,,2026-08-22
,Sam Querrey,,,,,,2026-08-22
,Stefan Hermann,,,,,,2026-08-22
,Ti Chen,,,,,,2026-08-22
,Alvin Gardiner,,,,,,2026-08-22
,Bill Lofgren,,,,,,2026-08-22
,Gaurav Misra,,,,,,2026-08-22
,Ivano Cappelloni,,,,,,2026-08-22
,J Plain,,,,,,2026-08-22
,Jay Paulson,,,,,,2026-08-22
,Josef Stabholz,,,,,,2026-08-22
,Lawrence Hall,,,,,,2026-08-22
,R W Davies,,,,,,2026-08-22
,Ray Keldie,,,,,,2026-08-22
,Seung Ho Ji,,,,,,2026-08-22
,Tiago Sousa,,,,,,2026-08-22
,Tom Hauser,,,,,,2026-08-22
,Andreas Haider Maurer,,,,,,2026-08-22
,Arsenije Zlatanovic,,,,,,2026-08-22
,Benjamin Mitchell,,,,,,2026-08-22
,Cyril Saulnier,,,,,,2026-08-22
2026-08-10,Daniel Dutra Da Silva,453.0,104,-,3.0,1.0,2026-08-22
2026-08-03,Daniel Dutra Da Silva,444.0,104,-7,,,2026-08-22
2026-07-27,Daniel Dutra Da Silva,425.0,111,-,8.0,1.0,2026-08-22
,Diego Perez,,,,,,2026-08-22
,Dominic Thiem,,,,,,2026-08-22
,Edwin Kempes,,,,,,2026-08-22
,Ernests Gulbis,,,,,,2026-08-22
,Frederico Gil,,,,,,2026-08-22
,Jim Gurfein,,,,,,2026-08-22
,Mark Draper,,,,,,2026-08-22
2026-08-10,Michael Vrbensky,716.0,47,-,2.0,,2026-08-22
2026-08-03,Michael Vrbensky,710.0,47,+5,,,2026-08-22
2026-07-27,Michael Vrbensky,744.0,42,-,,,2026-08-22
,Oliver Freund,,,,,,2026-08-22
,Antonio Gonzalez,,,,,,2026-08-22
,Bruno Renoult,,,,,,2026-08-22
,Clay Thompson,,,,,,2026-08-22
,Daniel Willman,,,,,,2026-08-22
,Dick Moody,,,,,,2026-08-22
,Enrique Quimbaya,,,,,,2026-08-22
,Graham Primrose,,,,,,2026-08-22
,Greg Muller,,,,,,2026-08-22
,Jason Smith,,,,,,2026-08-22
,John Segal,,,,,,2026-08-22
,M Fuster,,,,,,2026-08-22
,Ned Saxman,,,,,,2026-08-22
,Noel Freitas,,,,,,2026-08-22
,Pancho Musalem,,,,,,2026-08-22
,Paul Spengler,,,,,,2026-08-22
,Per Larsson,,,,,,2026-08-22
,Pietro Angelini,,,,,,2026-08-22
,Rowland Fellows,,,,,,2026-08-22
,Talal Ouahabi,,,,,,2026-08-22
,Tomas Fort,,,,,,2026-08-22
,Attila Balazs,,,,,,2026-08-22
,Benjamin Balleret,,,,,,2026-08-22
,Brian Levine,,,,,,2026-08-22
,Jay Berger,,,,,,2026-08-22
,Johan Donar,,,,,,2026-08-22
,Jose Imaz Ruiz,,,,,,2026-08-22
,Leonardo Tavares,,,,,,2026-08-22
,Lucas Miedler,,,,,,2026-08-22
,Luis Herrera,,,,,,2026-08-22
,Maxime Huard,,,,,,2026-08-22
,Otis Smith,,,,,,2026-08-22
,Steve Johnson,,,,,,2026-08-22
,Takao Suzuki,,,,,,2026-08-22
,Andrea Basso,,,,,,2026-08-22
,Goran Berglund,,,,,,2026-08-22
,John Lucas,,,,,,2026-08-22
,Juan Torralbo,,,,,,2026-08-22
,Keith Bardellini,,,,,,2026-08-22
,Ken Hiskins,,,,,,2026-08-22
,Ken Kelleher,,,,,,2026-08-22
,Aleksandr Nedovyesov,,,,,,2026-08-22
,Brian Gottfried,,,,,,2026-08-22
,Cliff Drysdale,,,,,,2026-08-22
,Jason Stoltenberg,,,,,,2026-08-22
,Johan Carlsson,,,,,,2026-08-22
2026-08-10,Omar Jasika,447.0,106,+15,,,2026-08-22
2026-08-03,Omar Jasika,492.0,91,+1,,,2026-08-22
2026-07-27,Omar Jasika,495.0,90,-,,,2026-08-22
,Steve Devries,,,,,,2026-08-22
,Thomas Schiessling,,,,,,2026-08-22
,Weller Evans,,,,,,2026-08-22
,Beejong Sisson,,,,,,2026-08-22
,Chris Greendale,,,,,,2026-08-22
,Gene Hamilton,,,,,,2026-08-22
,Hugh Thomson,,,,,,2026-08-22
,I Burkman,,,,,,2026-08-22
,Ignacio Garcia Atance,,,,,,2026-08-22
,Iztok Bozic,,,,,,2026-08-22
,Jan Hajer,,,,,,2026-08-22
,Kenneth De Koning,,,,,,2026-08-22
,Magnus Nilsson,,,,,,2026-08-22
,Massimo Zampieri,,,,,,2026-08-22
,Michael Wayman,,,,,,2026-08-22
,Noel Holland,,,,,,2026-08-22
,Pedro Leao,,,,,,2026-08-22
,Peter Ehrlich,,,,,,2026-08-22
,T. Farquhar,,,,,,2026-08-22
,Thomas Lejus,,,,,,2026-08-22
,Tom Frisher,,,,,,2026-08-22
,Vadim Borisov,,,,,,2026-08-22
,Adrian Cruciat,,,,,,2026-08-22
,Albert Costa,,,,,,2026-08-22
,Alessandro De Minicis,,,,,,2026-08-22
,Andrew Whittington,,,,,,2026-08-22
,David Carter,,,,,,2026-08-22
,Eric Amend,,,,,,2026-08-22
,Gian Marco Moroni,,,,,,2026-08-22
,Roman Valent,,,,,,2026-08-22
,Tomas Behrend,,,,,,2026-08-22
,Ariez Elyaas Deen Heshaam,,,,,,2026-08-22
,Ashok Amritraj,,,,,,2026-08-22
,Bob Potthast,,,,,,2026-08-22
,Bob Sprengelmeyer,,,,,,2026-08-22
,C Whittle,,,,,,2026-08-22
,Eduardo Soriano,,,,,,2026-08-22
,Ian C Vermaak,,,,,,2026-08-22
,Jakub Herm Zahlava,,,,,,2026-08-22
,Jean Louis Haillet,,,,,,2026-08-22
,Jim O'toole,,,,,,2026-08-22
,Jonathan Printzlau,,,,,,2026-08-22
,Mark Lyndon,,,,,,2026-08-22
,Oscar Rene Cruz,,,,,,2026-08-22
,Paul Kronk,,,,,,2026-08-22
,R N Faulkner,,,,,,2026-08-22
,Ruben Porges,,,,,,2026-08-22
,Tony Van Zyl,,,,,,2026-08-22
,U Michod,,,,,,2026-08-22
,Unknown Fearmon,,,,,,2026-08-22
,Welry Fritz,,,,,,2026-08-22
,Adam Anderson,,,,,,2026-08-22
,Alex Kim,,,,,,2026-08-22
,Alexander Popp,,,,,,2026-08-22
,Bob Hewitt,,,,,,2026-08-22
,Brad Gilbert,,,,,,2026-08-22
2026-08-10,Branko Djuric,597.0,66,-,5.0,,2026-08-22
2026-08-03,Branko Djuric,586.0,66,+8,,,2026-08-22
2026-07-27,Branko Djuric,622.0,58,-,,,2026-08-22
,Charles Merzbacher,,,,,,2026-08-22
,Ivo Karlovic,,,,,,2026-08-22
,Jimmy Brown,,,,,,2026-08-22
,Mark Buckley,,,,,,2026-08-22
,Mathias Bourgue,,,,,,2026-08-22
,Phil Dent,,,,,,2026-08-22
,Sekou Bangoura,,,,,,2026-08-22
,Syd Ball,,,,,,2026-08-22
2026-08-10,Thomas Faurel,331.0,162,-,15.0,1.0,2026-08-22
2026-08-03,Thomas Faurel,323.0,162,-,,,2026-08-22
2026-07-27,Thomas Faurel,321.0,162,-8,,,2026-08-22
,Brian White,,,,,,2026-08-22
,Chris Chapin,,,,,,2026-08-22
,Clement Reix,,,,,,2026-08-22
,Eric Wilborts,,,,,,2026-08-22
,Fritz Kuhlmann,,,,,,2026-08-22
,Jordi Mas,,,,,,2026-08-22
,L Ploughman,,,,,,2026-08-22
,Larry Turville,,,,,,2026-08-22
,M Laferre,,,,,,2026-08-22
,Max Franklin,,,,,,2026-08-22
,Michal Lewandowski,,,,,,2026-08-22
,Nabor Valadez,,,,,,2026-08-22
,Pierre Lemoine,,,,,,2026-08-22
,Rauno Suominen,,,,,,2026-08-22
,Rob Cadwaller,,,,,,2026-08-22
,Steve Mott,,,,,,2026-08-22
,Taylor,,,,,,2026-08-22
,Tim Vann,,,,,,2026-08-22
,Alex Bogomolov Jr,,,,,,2026-08-22
,Arthur Anastopoulo,,,,,,2026-08-22
,Gleb Sakharov,,,,,,2026-08-22
,Guy Forget,,,,,,2026-08-22
,Harel Levy,,,,,,2026-08-22
,Herbert Wiltschnig,,,,,,2026-08-22
,Ivan Sergeyev,,,,,,2026-08-22
,Jeff Turpin,,,,,,2026-08-22
,Marco Meneschincheri,,,,,,2026-08-22
2026-08-10,Max Schoenhaus,318.0,172,-,4.0,,2026-08-22
2026-08-03,Max Schoenhaus,312.0,172,-,,,2026-08-22
2026-07-27,Max Schoenhaus,310.0,172,-,,,2026-08-22
,Nick Chappell,,,,,,2026-08-22
,Peter Elter,,,,,,2026-08-22
,Peter Tramacchi,,,,,,2026-08-22
,Ricardo Ycaza,,,,,,2026-08-22
2026-08-10,Tomas Martin Etcheverry,31.0,1470,-40,,,2026-08-22
2026-08-10,Tomas Martin Etcheverry,31.0,1470,-40,,,2026-08-22
2026-08-10,Tomas Martin Etcheverry,31.0,1470,-40,,,2026-08-22
2026-08-10,Tomas Martin Etcheverry,31.0,1470,-40,,,2026-08-22
2026-08-03,Tomas Martin Etcheverry,30.0,1510,-,,,2026-08-22
2026-08-03,Tomas Martin Etcheverry,30.0,1510,-,,,2026-08-22
2026-08-03,Tomas Martin Etcheverry,30.0,1510,-,,,2026-08-22
2026-08-03,Tomas Martin Etcheverry,30.0,1510,-,,,2026-08-22
2026-07-27,Tomas Martin Etcheverry,31.0,1510,+50,50.0,50.0,2026-08-22
2026-07-27,Tomas Martin Etcheverry,31.0,1510,+50,50.0,50.0,2026-08-22
2026-07-27,Tomas Martin Etcheverry,31.0,1510,+50,50.0,50.0,2026-08-22
2026-07-27,Tomas Martin Etcheverry,31.0,1510,+50,50.0,50.0,2026-08-22
2026-07-20,Tomas Martin Etcheverry,31.0,1460,-,,,2026-08-22
2026-07-20,Tomas Martin Etcheverry,31.0,1460,-,,,2026-08-22
2026-07-20,Tomas Martin Etcheverry,31.0,1460,-,,,2026-08-22
2026-07-13,Tomas Martin Etcheverry,30.0,1460,-,,,2026-08-22
2026-07-13,Tomas Martin Etcheverry,30.0,1460,-,,,2026-08-22
2026-07-13,Tomas Martin Etcheverry,30.0,1460,-,,,2026-08-22
2026-06-29,Tomas Martin Etcheverry,32.0,1460,-,10.0,30.0,2026-08-22
2026-06-29,Tomas Martin Etcheverry,32.0,1460,-,10.0,30.0,2026-08-22
2026-06-29,Tomas Martin Etcheverry,32.0,1460,-,10.0,30.0,2026-08-22
2026-06-22,Tomas Martin Etcheverry,32.0,1460,-50,,,2026-08-22
2026-06-22,Tomas Martin Etcheverry,32.0,1460,-50,,,2026-08-22
2026-06-15,Tomas Martin Etcheverry,30.0,1510,-,100.0,50.0,2026-08-22
2026-06-15,Tomas Martin Etcheverry,30.0,1510,-,100.0,50.0,2026-08-22
2026-06-08,Tomas Martin Etcheverry,30.0,1510,-,,,2026-08-22
2026-06-08,Tomas Martin Etcheverry,30.0,1510,-,,,2026-08-22
2026-05-25,Tomas Martin Etcheverry,28.0,1510,-120,10.0,50.0,2026-08-22
2026-05-25,Tomas Martin Etcheverry,28.0,1510,-120,10.0,50.0,2026-08-22
2026-05-18,Tomas Martin Etcheverry,25.0,1630,-30,200.0,50.0,2026-08-22
2026-05-18,Tomas Martin Etcheverry,25.0,1630,-30,200.0,50.0,2026-08-22
2026-05-04,Tomas Martin Etcheverry,26.0,1660,+70,,,2026-08-22
2026-05-04,Tomas Martin Etcheverry,26.0,1660,+70,,,2026-08-22
2026-04-20,Tomas Martin Etcheverry,29.0,1590,-,30.0,50.0,2026-08-22
2026-04-20,Tomas Martin Etcheverry,29.0,1590,-,30.0,50.0,2026-08-22
2026-04-13,Tomas Martin Etcheverry,29.0,1590,+50,,,2026-08-22
2026-04-13,Tomas Martin Etcheverry,29.0,1590,+50,,,2026-08-22
2026-04-06,Tomas Martin Etcheverry,30.0,1540,+40,50.0,30.0,2026-08-22
2026-04-06,Tomas Martin Etcheverry,30.0,1540,+40,50.0,30.0,2026-08-22
2026-03-30,Tomas Martin Etcheverry,31.0,1500,+70,,,2026-08-22
2026-03-30,Tomas Martin Etcheverry,31.0,1500,+70,,,2026-08-22
2026-03-16,Tomas Martin Etcheverry,32.0,1430,-15,,,2026-08-22
2026-03-16,Tomas Martin Etcheverry,32.0,1430,-15,,,2026-08-22
2026-03-02,Tomas Martin Etcheverry,31.0,1445,-25,,,2026-08-22
2026-02-23,Tomas Martin Etcheverry,33.0,1470,+450,50.0,25.0,2026-08-22
2026-02-16,Tomas Martin Etcheverry,51.0,1020,+75,50.0,25.0,2026-08-22
2026-02-09,Tomas Martin Etcheverry,54.0,945,-,,,2026-08-22
2026-02-02,Tomas Martin Etcheverry,54.0,945,+50,,,2026-08-22
2026-01-19,Tomas Martin Etcheverry,62.0,895,-,50.0,25.0,2026-08-22
2026-01-12,Tomas Martin Etcheverry,61.0,895,-,,,2026-08-22
2026-01-05,Tomas Martin Etcheverry,57.0,895,-,,,2026-08-22
2025-12-29,Tomas Martin Etcheverry,59.0,895,-25,,,2026-08-22
2025-12-22,Tomas Martin Etcheverry,59.0,920,-,,,2026-08-22
2025-12-15,Tomas Martin Etcheverry,59.0,920,-,,,2026-08-22
2025-12-08,Tomas Martin Etcheverry,59.0,920,-,,,2026-08-22
2025-12-01,Tomas Martin Etcheverry,59.0,920,-,,,2026-08-22
2025-11-24,Tomas Martin Etcheverry,60.0,920,-,,,2026-08-22
2025-11-17,Tomas Martin Etcheverry,60.0,920,-,,,2026-08-22
2025-11-10,Tomas Martin Etcheverry,60.0,920,-,,,2026-08-22
2025-11-03,Tomas Martin Etcheverry,60.0,920,-10,,,2026-08-22
2025-10-27,Tomas Martin Etcheverry,58.0,930,+25,50.0,25.0,2026-08-22
2025-10-20,Tomas Martin Etcheverry,60.0,905,+25,,,2026-08-22
2025-10-13,Tomas Martin Etcheverry,63.0,880,-50,,,2026-08-22
,Yen Hsun Lu,,,,,,2026-08-22
,Alvaro Pena,,,,,,2026-08-22
,Bob Howes,,,,,,2026-08-22
,Brian Stephenson,,,,,,2026-08-22
,Butch Palmer,,,,,,2026-08-22
,Denis Galesi,,,,,,2026-08-22
,Dragan Stojovic,,,,,,2026-08-22
,Eduardo Struvay,,,,,,2026-08-22
,Filippo Veglio,,,,,,2026-08-22
,Gabriel Neascu,,,,,,2026-08-22
,Giuseppe Merlo,,,,,,2026-08-22
,Glen Chanceler,,,,,,2026-08-22
,Hitoshi Shirato,,,,,,2026-08-22
,Jean Claude Molinari,,,,,,2026-08-22
,Jim Delaney,,,,,,2026-08-22
,Jiri Hrebec,,,,,,2026-08-22
,M Harner,,,,,,2026-08-22
,Markus Nagel,,,,,,2026-08-22
2026-08-10,Martin Damm,94.0,677,+27,5.0,3.0,2026-08-22
2026-08-10,Martin Damm,94.0,677,+27,5.0,3.0,2026-08-22
2026-08-10,Martin Damm,94.0,677,+27,5.0,3.0,2026-08-22
2026-08-10,Martin Damm,94.0,677,+27,5.0,3.0,2026-08-22
2026-08-03,Martin Damm,100.0,650,+22,,,2026-08-22
2026-08-03,Martin Damm,100.0,650,+22,,,2026-08-22
2026-08-03,Martin Damm,100.0,650,+22,,,2026-08-22
2026-08-03,Martin Damm,100.0,650,+22,,,2026-08-22
2026-07-27,Martin Damm,104.0,628,-,,,2026-08-22
2026-07-27,Martin Damm,104.0,628,-,,,2026-08-22
2026-07-27,Martin Damm,104.0,628,-,,,2026-08-22
2026-07-27,Martin Damm,104.0,628,-,,,2026-08-22
2026-07-20,Martin Damm,105.0,628,-,,,2026-08-22
2026-07-20,Martin Damm,105.0,628,-,,,2026-08-22
2026-07-20,Martin Damm,105.0,628,-,,,2026-08-22
2026-07-13,Martin Damm,104.0,628,+25,,,2026-08-22
2026-07-13,Martin Damm,104.0,628,+25,,,2026-08-22
2026-07-13,Martin Damm,104.0,628,+25,,,2026-08-22
2026-06-29,Martin Damm,106.0,603,-,25.0,2.0,2026-08-22
2026-06-29,Martin Damm,106.0,603,-,25.0,2.0,2026-08-22
2026-06-29,Martin Damm,106.0,603,-,25.0,2.0,2026-08-22
2026-06-22,Martin Damm,105.0,603,+17,,,2026-08-22
2026-06-22,Martin Damm,105.0,603,+17,,,2026-08-22
2026-06-15,Martin Damm,108.0,586,+38,8.0,2.0,2026-08-22
2026-06-15,Martin Damm,108.0,586,+38,8.0,2.0,2026-08-22
2026-06-08,Martin Damm,114.0,548,+1,,,2026-08-22
2026-06-08,Martin Damm,114.0,548,+1,,,2026-08-22
2026-05-25,Martin Damm,116.0,547,-28,,,2026-08-22
2026-05-25,Martin Damm,116.0,547,-28,,,2026-08-22
2026-05-18,Martin Damm,112.0,575,+28,33.0,5.0,2026-08-22
2026-05-18,Martin Damm,112.0,575,+28,33.0,5.0,2026-08-22
2026-05-04,Martin Damm,115.0,547,+48,,,2026-08-22
2026-05-04,Martin Damm,115.0,547,+48,,,2026-08-22
2026-04-20,Martin Damm,126.0,499,-,,,2026-08-22
2026-04-20,Martin Damm,126.0,499,-,,,2026-08-22
2026-04-13,Martin Damm,124.0,499,-,,,2026-08-22
2026-04-13,Martin Damm,124.0,499,-,,,2026-08-22
2026-04-06,Martin Damm,127.0,499,-,,,2026-08-22
2026-04-06,Martin Damm,127.0,499,-,,,2026-08-22
2026-03-30,Martin Damm,126.0,499,+30,,,2026-08-22
2026-03-30,Martin Damm,126.0,499,+30,,,2026-08-22
2026-03-16,Martin Damm,133.0,469,-8,,,2026-08-22
2026-03-16,Martin Damm,133.0,469,-8,,,2026-08-22
2026-03-02,Martin Damm,129.0,477,-15,8.0,,2026-08-22
2026-02-23,Martin Damm,128.0,492,-,15.0,,2026-08-22
2026-02-16,Martin Damm,125.0,492,+6,,,2026-08-22
2026-02-09,Martin Damm,130.0,486,+113,,,2026-08-22
2026-02-02,Martin Damm,160.0,373,+40,,,2026-08-22
2026-01-19,Martin Damm,177.0,333,-,,,2026-08-22
2026-01-12,Martin Damm,177.0,333,+3,,,2026-08-22
2026-01-05,Martin Damm,173.0,330,-,,,2026-08-22
2025-12-29,Martin Damm,174.0,330,-,,,2026-08-22
2025-12-22,Martin Damm,177.0,330,-,,,2026-08-22
2025-12-15,Martin Damm,177.0,330,-,,,2026-08-22
2025-12-08,Martin Damm,177.0,330,-,,,2026-08-22
2025-12-01,Martin Damm,177.0,330,-,,,2026-08-22
2025-11-24,Martin Damm,176.0,330,-,,,2026-08-22
2025-11-17,Martin Damm,175.0,330,-,,,2026-08-22
2025-11-10,Martin Damm,174.0,330,-,,,2026-08-22
2025-11-03,Martin Damm,173.0,330,+44,,,2026-08-22
2025-10-27,Martin Damm,191.0,286,+14,,,2026-08-22
,Michael Phillips,,,,,,2026-08-22
,Ricky Buwalda,,,,,,2026-08-22
,Benjy Robins,,,,,,2026-08-22
,Juan Ignacio Chela,,,,,,2026-08-22
,Julien Benneteau,,,,,,2026-08-22
2026-08-10,Justin Engel,297.0,185,-,6.0,,2026-08-22
2026-08-03,Justin Engel,296.0,185,-,,,2026-08-22
2026-07-27,Justin Engel,293.0,185,-,,,2026-08-22
2026-05-18,Justin Engel,190.0,316,-7,50.0,,2026-08-22
2026-05-18,Justin Engel,190.0,316,-7,50.0,,2026-08-22
2026-05-04,Justin Engel,185.0,323,-,7.0,,2026-08-22
2026-05-04,Justin Engel,185.0,323,-,7.0,,2026-08-22
2026-04-20,Justin Engel,186.0,323,-,,,2026-08-22
2026-04-20,Justin Engel,186.0,323,-,,,2026-08-22
2026-04-13,Justin Engel,184.0,323,-,,,2026-08-22
2026-04-13,Justin Engel,184.0,323,-,,,2026-08-22
2026-04-06,Justin Engel,186.0,323,+6,,,2026-08-22
2026-04-06,Justin Engel,186.0,323,+6,,,2026-08-22
2026-03-30,Justin Engel,186.0,317,+2,,,2026-08-22
2026-03-30,Justin Engel,186.0,317,+2,,,2026-08-22
2026-03-16,Justin Engel,190.0,315,-,4.0,,2026-08-22
2026-03-16,Justin Engel,190.0,315,-,4.0,,2026-08-22
2026-03-02,Justin Engel,192.0,315,-,,,2026-08-22
2026-02-23,Justin Engel,193.0,315,+6,,,2026-08-22
2026-02-16,Justin Engel,194.0,309,-,2.0,,2026-08-22
2026-02-09,Justin Engel,194.0,309,-,,,2026-08-22
2026-02-02,Justin Engel,196.0,309,-14,,,2026-08-22
2026-01-19,Justin Engel,184.0,323,-,23.0,1.0,2026-08-22
2026-01-12,Justin Engel,183.0,323,+7,,,2026-08-22
2026-01-05,Justin Engel,180.0,316,-,,,2026-08-22
2025-12-29,Justin Engel,186.0,316,-,,,2026-08-22
2025-12-22,Justin Engel,187.0,316,-,,,2026-08-22
2025-12-15,Justin Engel,187.0,316,-,,,2026-08-22
2025-12-08,Justin Engel,187.0,316,-,,,2026-08-22
2025-12-01,Justin Engel,189.0,316,-4,,,2026-08-22
2025-11-24,Justin Engel,182.0,320,+25,4.0,,2026-08-22
2025-11-17,Justin Engel,195.0,295,-,,,2026-08-22
2025-11-10,Justin Engel,196.0,295,-,,,2026-08-22
2025-11-03,Justin Engel,193.0,295,-,,,2026-08-22
2025-10-27,Justin Engel,188.0,295,+50,,,2026-08-22
,Lionel Roux,,,,,,2026-08-22
,Maxime Hamou,,,,,,2026-08-22
,Mike Brunnberg,,,,,,2026-08-22
,Scott Melville,,,,,,2026-08-22
,Sjeng Schalken,,,,,,2026-08-22
,Stephane Grenier,,,,,,2026-08-22
,Terry Rocavert,,,,,,2026-08-22
,Thiemo De Bakker,,,,,,2026-08-22
2026-08-10,Tomas Barrios Vera,147.0,400,-,12.0,7.0,2026-08-22
2026-08-10,Tomas Barrios Vera,147.0,400,-,12.0,7.0,2026-08-22
2026-08-10,Tomas Barrios Vera,147.0,400,-,12.0,7.0,2026-08-22
2026-08-10,Tomas Barrios Vera,147.0,400,-,12.0,7.0,2026-08-22
2026-08-03,Tomas Barrios Vera,145.0,400,-42,,,2026-08-22
2026-08-03,Tomas Barrios Vera,145.0,400,-42,,,2026-08-22
2026-08-03,Tomas Barrios Vera,145.0,400,-42,,,2026-08-22
2026-08-03,Tomas Barrios Vera,145.0,400,-42,,,2026-08-22
2026-07-27,Tomas Barrios Vera,138.0,442,-,50.0,8.0,2026-08-22
2026-07-27,Tomas Barrios Vera,138.0,442,-,50.0,8.0,2026-08-22
2026-07-27,Tomas Barrios Vera,138.0,442,-,50.0,8.0,2026-08-22
2026-07-27,Tomas Barrios Vera,138.0,442,-,50.0,8.0,2026-08-22
2026-07-20,Tomas Barrios Vera,139.0,442,-,,,2026-08-22
2026-07-20,Tomas Barrios Vera,139.0,442,-,,,2026-08-22
2026-07-20,Tomas Barrios Vera,139.0,442,-,,,2026-08-22
2026-07-13,Tomas Barrios Vera,139.0,442,-,,,2026-08-22
2026-07-13,Tomas Barrios Vera,139.0,442,-,,,2026-08-22
2026-07-13,Tomas Barrios Vera,139.0,442,-,,,2026-08-22
2026-06-29,Tomas Barrios Vera,137.0,442,-,16.0,8.0,2026-08-22
2026-06-29,Tomas Barrios Vera,137.0,442,-,16.0,8.0,2026-08-22
2026-06-29,Tomas Barrios Vera,137.0,442,-,16.0,8.0,2026-08-22
2026-06-22,Tomas Barrios Vera,135.0,442,-8,,,2026-08-22
2026-06-22,Tomas Barrios Vera,135.0,442,-8,,,2026-08-22
2026-06-15,Tomas Barrios Vera,137.0,450,-,16.0,8.0,2026-08-22
2026-06-15,Tomas Barrios Vera,137.0,450,-,16.0,8.0,2026-08-22
2026-06-08,Tomas Barrios Vera,138.0,450,-,,,2026-08-22
2026-06-08,Tomas Barrios Vera,138.0,450,-,,,2026-08-22
2026-05-25,Tomas Barrios Vera,136.0,450,-,,,2026-08-22
2026-05-25,Tomas Barrios Vera,136.0,450,-,,,2026-08-22
2026-05-18,Tomas Barrios Vera,135.0,450,-14,,,2026-08-22
2026-05-18,Tomas Barrios Vera,135.0,450,-14,,,2026-08-22
2026-05-04,Tomas Barrios Vera,134.0,464,-42,30.0,8.0,2026-08-22
2026-05-04,Tomas Barrios Vera,134.0,464,-42,30.0,8.0,2026-08-22
2026-04-20,Tomas Barrios Vera,123.0,506,-,50.0,8.0,2026-08-22
2026-04-20,Tomas Barrios Vera,123.0,506,-,50.0,8.0,2026-08-22
2026-04-13,Tomas Barrios Vera,120.0,506,-2,,,2026-08-22
2026-04-13,Tomas Barrios Vera,120.0,506,-2,,,2026-08-22
2026-04-06,Tomas Barrios Vera,123.0,508,-63,12.0,10.0,2026-08-22
2026-04-06,Tomas Barrios Vera,123.0,508,-63,12.0,10.0,2026-08-22
2026-03-30,Tomas Barrios Vera,115.0,571,+20,75.0,12.0,2026-08-22
2026-03-30,Tomas Barrios Vera,115.0,571,+20,75.0,12.0,2026-08-22
2026-03-16,Tomas Barrios Vera,119.0,551,-,12.0,10.0,2026-08-22
2026-03-16,Tomas Barrios Vera,119.0,551,-,12.0,10.0,2026-08-22
2026-03-02,Tomas Barrios Vera,115.0,551,-,,,2026-08-22
2026-02-23,Tomas Barrios Vera,112.0,551,-12,,,2026-08-22
2026-02-16,Tomas Barrios Vera,107.0,563,+17,25.0,8.0,2026-08-22
2026-02-09,Tomas Barrios Vera,114.0,546,-,,,2026-08-22
2026-02-02,Tomas Barrios Vera,112.0,546,-19,,,2026-08-22
2026-01-19,Tomas Barrios Vera,107.0,565,-,44.0,7.0,2026-08-22
2026-01-12,Tomas Barrios Vera,107.0,565,+8,,,2026-08-22
2026-01-05,Tomas Barrios Vera,108.0,557,-,,,2026-08-22
2025-12-29,Tomas Barrios Vera,111.0,557,-7,,,2026-08-22
2025-12-22,Tomas Barrios Vera,111.0,564,-,,,2026-08-22
2025-12-15,Tomas Barrios Vera,111.0,564,-,,,2026-08-22
2025-12-08,Tomas Barrios Vera,111.0,564,-,,,2026-08-22
2025-12-01,Tomas Barrios Vera,111.0,564,-7,,,2026-08-22
2025-11-24,Tomas Barrios Vera,110.0,571,-14,14.0,7.0,2026-08-22
2025-11-17,Tomas Barrios Vera,109.0,585,+17,22.0,8.0,2026-08-22
2025-11-10,Tomas Barrios Vera,111.0,568,+68,,,2026-08-22
2025-11-03,Tomas Barrios Vera,122.0,500,-37,,,2026-08-22
2025-10-27,Tomas Barrios Vera,117.0,537,-,44.0,7.0,2026-08-22
2025-10-20,Tomas Barrios Vera,118.0,537,-2,,,2026-08-22
2025-10-13,Tomas Barrios Vera,119.0,539,+73,14.0,7.0,2026-08-22
,Andres Pedroso,,,,,,2026-08-22
,Eddie Myers,,,,,,2026-08-22
,Frank Briscoe,,,,,,2026-08-22
,Gerry Doherty,,,,,,2026-08-22
,Jorge Gisbert,,,,,,2026-08-22
,Josef Kerekes,,,,,,2026-08-22
,Les Van Dorpie,,,,,,2026-08-22
,Michael Burgener,,,,,,2026-08-22
,R Hayes,,,,,,2026-08-22
,R Vasselin,,,,,,2026-08-22
,Shanker Krishnan,,,,,,2026-08-22
,Stephen Taylor Sr,,,,,,2026-08-22
,Urquijo,,,,,,2026-08-22
,V Kazarevitch,,,,,,2026-08-22
,William Alvarez,,,,,,2026-08-22
,William Willerson,,,,,,2026-08-22
,Claude Ngoran,,,,,,2026-08-22
,Drew Gitlin,,,,,,2026-08-22
,Fabiano De Paula,,,,,,2026-08-22
,Gerald Mandl,,,,,,2026-08-22
,Gerardo Lopez Villasenor,,,,,,2026-08-22
,Grant Golden,,,,,,2026-08-22
,Gregoire Rafaitin,,,,,,2026-08-22
,Kevin Krawietz,,,,,,2026-08-22
2026-08-10,Murphy Cassone,291.0,190,-,8.0,,2026-08-22
2026-08-03,Murphy Cassone,288.0,190,-,,,2026-08-22
2026-07-27,Murphy Cassone,285.0,190,-16,,,2026-08-22
2025-10-13,Murphy Cassone,178.0,319,+2,79.0,,2026-08-22
,Tim Trigueiro,,,,,,2026-08-22
,A H Davies,,,,,,2026-08-22
,Andres Artunedo Martinavarro,,,,,,2026-08-22
,Charles Owens,,,,,,2026-08-22
,Codin Dumitrescu,,,,,,2026-08-22
,Colin Zeeman,,,,,,2026-08-22
,E H Woodruff,,,,,,2026-08-22
,Geoff Roberts,,,,,,2026-08-22
,Guillermo Oropez,,,,,,2026-08-22
,H M Bond,,,,,,2026-08-22
,Joe Bouquin,,,,,,2026-08-22
,John Yuill,,,,,,2026-08-22
,Kevin Furst,,,,,,2026-08-22
,Martin Mulligan,,,,,,2026-08-22
,Reinhard Mattern,,,,,,2026-08-22
,Robert Hubbard,,,,,,2026-08-22
,Todd Lundy,,,,,,2026-08-22
,Todd Widom,,,,,,2026-08-22
,Victor Eke,,,,,,2026-08-22
2026-08-10,Aleksandar Kovacevic,96.0,673,-3,,,2026-08-22
2026-08-10,Aleksandar Kovacevic,96.0,673,-3,,,2026-08-22
2026-08-10,Aleksandar Kovacevic,96.0,673,-3,,,2026-08-22
2026-08-10,Aleksandar Kovacevic,96.0,673,-3,,,2026-08-22
2026-08-03,Aleksandar Kovacevic,95.0,676,+3,,,2026-08-22
2026-08-03,Aleksandar Kovacevic,95.0,676,+3,,,2026-08-22
2026-08-03,Aleksandar Kovacevic,95.0,676,+3,,,2026-08-22
2026-08-03,Aleksandar Kovacevic,95.0,676,+3,,,2026-08-22
2026-07-27,Aleksandar Kovacevic,95.0,673,-12,10.0,13.0,2026-08-22
2026-07-27,Aleksandar Kovacevic,95.0,673,-12,10.0,13.0,2026-08-22
2026-07-27,Aleksandar Kovacevic,95.0,673,-12,10.0,13.0,2026-08-22
2026-07-27,Aleksandar Kovacevic,95.0,673,-12,10.0,13.0,2026-08-22
2026-07-20,Aleksandar Kovacevic,93.0,685,-152,25.0,13.0,2026-08-22
2026-07-20,Aleksandar Kovacevic,93.0,685,-152,25.0,13.0,2026-08-22
2026-07-20,Aleksandar Kovacevic,93.0,685,-152,25.0,13.0,2026-08-22
2026-07-13,Aleksandar Kovacevic,70.0,837,-,165.0,13.0,2026-08-22
2026-07-13,Aleksandar Kovacevic,70.0,837,-,165.0,13.0,2026-08-22
2026-07-13,Aleksandar Kovacevic,70.0,837,-,165.0,13.0,2026-08-22
2026-06-29,Aleksandar Kovacevic,70.0,837,-,10.0,13.0,2026-08-22
2026-06-29,Aleksandar Kovacevic,70.0,837,-,10.0,13.0,2026-08-22
2026-06-29,Aleksandar Kovacevic,70.0,837,-,10.0,13.0,2026-08-22
2026-06-22,Aleksandar Kovacevic,70.0,837,-,,,2026-08-22
2026-06-22,Aleksandar Kovacevic,70.0,837,-,,,2026-08-22
2026-06-15,Aleksandar Kovacevic,68.0,837,-,,,2026-08-22
2026-06-15,Aleksandar Kovacevic,68.0,837,-,,,2026-08-22
2026-06-08,Aleksandar Kovacevic,69.0,837,-,,,2026-08-22
2026-06-08,Aleksandar Kovacevic,69.0,837,-,,,2026-08-22
2026-05-25,Aleksandar Kovacevic,67.0,837,+188,10.0,13.0,2026-08-22
2026-05-25,Aleksandar Kovacevic,67.0,837,+188,10.0,13.0,2026-08-22
2026-05-18,Aleksandar Kovacevic,94.0,649,+10,25.0,13.0,2026-08-22
2026-05-18,Aleksandar Kovacevic,94.0,649,+10,25.0,13.0,2026-08-22
2026-05-04,Aleksandar Kovacevic,95.0,639,+3,10.0,13.0,2026-08-22
2026-05-04,Aleksandar Kovacevic,95.0,639,+3,10.0,13.0,2026-08-22
2026-04-20,Aleksandar Kovacevic,97.0,636,-,10.0,13.0,2026-08-22
2026-04-20,Aleksandar Kovacevic,97.0,636,-,10.0,13.0,2026-08-22
2026-04-13,Aleksandar Kovacevic,99.0,636,-,,,2026-08-22
2026-04-13,Aleksandar Kovacevic,99.0,636,-,,,2026-08-22
2026-04-06,Aleksandar Kovacevic,98.0,636,-25,,,2026-08-22
2026-04-06,Aleksandar Kovacevic,98.0,636,-25,,,2026-08-22
2026-03-30,Aleksandar Kovacevic,85.0,661,-,50.0,25.0,2026-08-22
2026-03-30,Aleksandar Kovacevic,85.0,661,-,50.0,25.0,2026-08-22
2026-03-16,Aleksandar Kovacevic,92.0,661,-110,10.0,25.0,2026-08-22
2026-03-16,Aleksandar Kovacevic,92.0,661,-110,10.0,25.0,2026-08-22
2026-03-02,Aleksandar Kovacevic,72.0,771,+25,185.0,50.0,2026-08-22
2026-02-23,Aleksandar Kovacevic,75.0,746,-,,,2026-08-22
2026-02-16,Aleksandar Kovacevic,75.0,746,+25,,,2026-08-22
2026-02-09,Aleksandar Kovacevic,78.0,721,+12,,,2026-08-22
2026-02-02,Aleksandar Kovacevic,83.0,709,-255,,,2026-08-22
2026-01-19,Aleksandar Kovacevic,56.0,964,-,278.0,26.0,2026-08-22
2026-01-12,Aleksandar Kovacevic,54.0,964,+87,,,2026-08-22
2026-01-05,Aleksandar Kovacevic,58.0,877,-,,,2026-08-22
2025-12-29,Aleksandar Kovacevic,60.0,877,-13,,,2026-08-22
2025-12-22,Aleksandar Kovacevic,60.0,890,-,,,2026-08-22
2025-12-15,Aleksandar Kovacevic,60.0,890,-,,,2026-08-22
2025-12-08,Aleksandar Kovacevic,60.0,890,-,,,2026-08-22
2025-12-01,Aleksandar Kovacevic,60.0,890,-,,,2026-08-22
2025-11-24,Aleksandar Kovacevic,61.0,890,-,,,2026-08-22
2025-11-17,Aleksandar Kovacevic,62.0,890,-,,,2026-08-22
2025-11-10,Aleksandar Kovacevic,62.0,890,-12,,,2026-08-22
2025-11-03,Aleksandar Kovacevic,62.0,902,+13,25.0,13.0,2026-08-22
2025-10-27,Aleksandar Kovacevic,64.0,889,+12,,,2026-08-22
2025-10-20,Aleksandar Kovacevic,65.0,877,+15,13.0,10.0,2026-08-22
2025-10-13,Aleksandar Kovacevic,69.0,862,-,,,2026-08-22
,Amit Naor,,,,,,2026-08-22
,Cedric Pioline,,,,,,2026-08-22
,Fabio Maggi,,,,,,2026-08-22
,Gerardo Vacarezza,,,,,,2026-08-22
2026-08-10,Manas Dhamne,368.0,139,-,7.0,,2026-08-22
2026-08-03,Manas Dhamne,362.0,139,+8,,,2026-08-22
2026-07-27,Manas Dhamne,372.0,131,-1,,,2026-08-22
,Michiel Schapers,,,,,,2026-08-22
,Roger Smith,,,,,,2026-08-22
,Stanislav Vovk,,,,,,2026-08-22
,Thomas Larsen,,,,,,2026-08-22
,A Macdonald,,,,,,2026-08-22
,Andres Escobar,,,,,,2026-08-22
,Don Wilson,,,,,,2026-08-22
,G Buzzoni,,,,,,2026-08-22
,John Hillebrand,,,,,,2026-08-22
,Julien Mathieu,,,,,,2026-08-22
,L Cousins,,,,,,2026-08-22
,M S Palmer,,,,,,2026-08-22
,Marco Gilardelli,,,,,,2026-08-22
,Mike Belkin,,,,,,2026-08-22
,Miles Walker,,,,,,2026-08-22
,Paul Fitzgerald,,,,,,2026-08-22
,Pedro Loewe,,,,,,2026-08-22
,Ray Wilson,,,,,,2026-08-22
,Robert Lamarche,,,,,,2026-08-22
,S J Parry,,,,,,2026-08-22
,S Sullivan,,,,,,2026-08-22
,Simon Clarke,,,,,,2026-08-22
,Barry Moir,,,,,,2026-08-22
,Bohdan Ulihrach,,,,,,2026-08-22
,Cem Ilkel,,,,,,2026-08-22
2026-08-10,Elias Ymer,212.0,266,-,,,2026-08-22
2026-08-03,Elias Ymer,208.0,266,-14,,,2026-08-22
2026-07-27,Elias Ymer,203.0,280,-8,14.0,,2026-08-22
2026-07-20,Elias Ymer,197.0,288,-25,8.0,,2026-08-22
2026-07-20,Elias Ymer,197.0,288,-25,8.0,,2026-08-22
2026-07-20,Elias Ymer,197.0,288,-25,8.0,,2026-08-22
2026-07-13,Elias Ymer,183.0,313,+8,25.0,,2026-08-22
2026-07-13,Elias Ymer,183.0,313,+8,25.0,,2026-08-22
2026-07-13,Elias Ymer,183.0,313,+8,25.0,,2026-08-22
2026-06-29,Elias Ymer,188.0,305,-7,,,2026-08-22
2026-06-29,Elias Ymer,188.0,305,-7,,,2026-08-22
2026-06-29,Elias Ymer,188.0,305,-7,,,2026-08-22
2026-06-22,Elias Ymer,185.0,312,-21,7.0,,2026-08-22
2026-06-22,Elias Ymer,185.0,312,-21,7.0,,2026-08-22
2026-06-15,Elias Ymer,182.0,333,+5,21.0,,2026-08-22
2026-06-15,Elias Ymer,182.0,333,+5,21.0,,2026-08-22
2026-06-08,Elias Ymer,184.0,328,+20,8.0,,2026-08-22
2026-06-08,Elias Ymer,184.0,328,+20,8.0,,2026-08-22
2026-05-25,Elias Ymer,191.0,308,-25,,,2026-08-22
2026-05-25,Elias Ymer,191.0,308,-25,,,2026-08-22
2026-05-18,Elias Ymer,179.0,333,-16,25.0,,2026-08-22
2026-05-18,Elias Ymer,179.0,333,-16,25.0,,2026-08-22
2026-05-04,Elias Ymer,176.0,349,-,19.0,,2026-08-22
2026-05-04,Elias Ymer,176.0,349,-,19.0,,2026-08-22
2026-04-20,Elias Ymer,175.0,349,-,,,2026-08-22
2026-04-20,Elias Ymer,175.0,349,-,,,2026-08-22
2026-04-13,Elias Ymer,172.0,349,-,,,2026-08-22
2026-04-13,Elias Ymer,172.0,349,-,,,2026-08-22
2026-04-06,Elias Ymer,172.0,349,-,,,2026-08-22
2026-04-06,Elias Ymer,172.0,349,-,,,2026-08-22
2026-03-30,Elias Ymer,175.0,349,-6,,,2026-08-22
2026-03-30,Elias Ymer,175.0,349,-6,,,2026-08-22
2026-03-16,Elias Ymer,169.0,355,+3,13.0,7.0,2026-08-22
2026-03-16,Elias Ymer,169.0,355,+3,13.0,7.0,2026-08-22
2026-03-02,Elias Ymer,174.0,352,+24,,,2026-08-22
2026-02-23,Elias Ymer,190.0,328,+13,,,2026-08-22
2026-02-16,Elias Ymer,188.0,315,-12,,,2026-08-22
2026-02-09,Elias Ymer,185.0,327,-49,12.0,,2026-08-22
2026-02-02,Elias Ymer,159.0,376,+39,50.0,1.0,2026-08-22
2026-01-19,Elias Ymer,175.0,337,-,,,2026-08-22
2026-01-12,Elias Ymer,175.0,337,-,,,2026-08-22
2026-01-05,Elias Ymer,171.0,337,-,,,2026-08-22
2025-12-29,Elias Ymer,173.0,337,-,,,2026-08-22
2025-12-22,Elias Ymer,173.0,337,-,,,2026-08-22
2025-12-15,Elias Ymer,173.0,337,-,,,2026-08-22
2025-12-08,Elias Ymer,173.0,337,-,,,2026-08-22
2025-12-01,Elias Ymer,173.0,337,+2,,,2026-08-22
2025-11-24,Elias Ymer,172.0,335,-6,6.0,,2026-08-22
2025-11-17,Elias Ymer,169.0,341,+40,6.0,,2026-08-22
2025-11-10,Elias Ymer,191.0,301,+1,4.0,,2026-08-22
2025-11-03,Elias Ymer,189.0,300,+25,6.0,,2026-08-22
,Felix Mantilla,,,,,,2026-08-22
,Ivan Lendl,,,,,,2026-08-22
2026-08-10,Jesper De Jong,106.0,618,-,16.0,,2026-08-22
2026-08-10,Jesper De Jong,106.0,618,-,16.0,,2026-08-22
2026-08-10,Jesper De Jong,106.0,618,-,16.0,,2026-08-22
2026-08-10,Jesper De Jong,106.0,618,-,16.0,,2026-08-22
2026-08-03,Jesper De Jong,105.0,618,-,,,2026-08-22
2026-08-03,Jesper De Jong,105.0,618,-,,,2026-08-22
2026-08-03,Jesper De Jong,105.0,618,-,,,2026-08-22
2026-08-03,Jesper De Jong,105.0,618,-,,,2026-08-22
2026-07-27,Jesper De Jong,106.0,618,-50,,,2026-08-22
2026-07-27,Jesper De Jong,106.0,618,-50,,,2026-08-22
2026-07-27,Jesper De Jong,106.0,618,-50,,,2026-08-22
2026-07-27,Jesper De Jong,106.0,618,-50,,,2026-08-22
2026-07-20,Jesper De Jong,98.0,668,-140,50.0,,2026-08-22
2026-07-20,Jesper De Jong,98.0,668,-140,50.0,,2026-08-22
2026-07-20,Jesper De Jong,98.0,668,-140,50.0,,2026-08-22
2026-07-13,Jesper De Jong,73.0,808,-,165.0,,2026-08-22
2026-07-13,Jesper De Jong,73.0,808,-,165.0,,2026-08-22
2026-07-13,Jesper De Jong,73.0,808,-,165.0,,2026-08-22
2026-06-29,Jesper De Jong,73.0,808,-,50.0,,2026-08-22
2026-06-29,Jesper De Jong,73.0,808,-,50.0,,2026-08-22
2026-06-29,Jesper De Jong,73.0,808,-,50.0,,2026-08-22
2026-06-22,Jesper De Jong,74.0,808,-13,,,2026-08-22
2026-06-22,Jesper De Jong,74.0,808,-13,,,2026-08-22
2026-06-15,Jesper De Jong,72.0,821,+75,13.0,,2026-08-22
2026-06-15,Jesper De Jong,72.0,821,+75,13.0,,2026-08-22
2026-06-08,Jesper De Jong,83.0,746,+166,,,2026-08-22
2026-06-08,Jesper De Jong,83.0,746,+166,,,2026-08-22
2026-05-25,Jesper De Jong,106.0,580,-,50.0,,2026-08-22
2026-05-25,Jesper De Jong,106.0,580,-,50.0,,2026-08-22
2026-05-18,Jesper De Jong,109.0,580,-30,,,2026-08-22
2026-05-18,Jesper De Jong,109.0,580,-30,,,2026-08-22
2026-05-04,Jesper De Jong,102.0,610,+22,60.0,,2026-08-22
2026-05-04,Jesper De Jong,102.0,610,+22,60.0,,2026-08-22
2026-04-20,Jesper De Jong,109.0,588,-12,13.0,,2026-08-22
2026-04-20,Jesper De Jong,109.0,588,-12,13.0,,2026-08-22
2026-04-13,Jesper De Jong,108.0,600,-,25.0,,2026-08-22
2026-04-13,Jesper De Jong,108.0,600,-,25.0,,2026-08-22
2026-04-06,Jesper De Jong,108.0,600,-25,,,2026-08-22
2026-04-06,Jesper De Jong,108.0,600,-25,,,2026-08-22
2026-03-30,Jesper De Jong,99.0,625,-40,25.0,,2026-08-22
2026-03-30,Jesper De Jong,99.0,625,-40,25.0,,2026-08-22
2026-03-16,Jesper De Jong,91.0,665,-,69.0,,2026-08-22
2026-03-16,Jesper De Jong,91.0,665,-,69.0,,2026-08-22
2026-03-02,Jesper De Jong,86.0,665,-,,,2026-08-22
2026-02-23,Jesper De Jong,89.0,665,-,,,2026-08-22
2026-02-16,Jesper De Jong,86.0,665,-8,,,2026-08-22
2026-02-09,Jesper De Jong,86.0,673,-,8.0,,2026-08-22
2026-02-02,Jesper De Jong,88.0,673,-90,,,2026-08-22
2026-01-19,Jesper De Jong,73.0,763,-,100.0,,2026-08-22
2026-01-12,Jesper De Jong,73.0,763,-,,,2026-08-22
2026-01-05,Jesper De Jong,71.0,763,-,,,2026-08-22
2025-12-29,Jesper De Jong,74.0,763,-,,,2026-08-22
2025-12-22,Jesper De Jong,76.0,763,-,,,2026-08-22
2025-12-15,Jesper De Jong,76.0,763,-,,,2026-08-22
2025-12-08,Jesper De Jong,76.0,763,-,,,2026-08-22
2025-12-01,Jesper De Jong,76.0,763,-,,,2026-08-22
2025-11-24,Jesper De Jong,76.0,763,-,,,2026-08-22
2025-11-17,Jesper De Jong,76.0,763,-,,,2026-08-22
2025-11-10,Jesper De Jong,77.0,763,-13,,,2026-08-22
2025-11-03,Jesper De Jong,77.0,776,+16,13.0,,2026-08-22
2025-10-27,Jesper De Jong,80.0,760,-,,,2026-08-22
2025-10-20,Jesper De Jong,80.0,760,-,,,2026-08-22
2025-10-13,Jesper De Jong,82.0,760,-12,,,2026-08-22
,John Feaver,,,,,,2026-08-22
,Michael Llodra,,,,,,2026-08-22
2026-08-10,Moise Kouame,214.0,263,-,,,2026-08-22
2026-08-03,Moise Kouame,212.0,263,-,,,2026-08-22
2026-07-27,Moise Kouame,213.0,263,-,,,2026-08-22
,Nicolas Lapentti,,,,,,2026-08-22
,Peter Doohan,,,,,,2026-08-22
,Diego Lozano,,,,,,2026-08-22
,Giuseppe Augello,,,,,,2026-08-22
,Gustavo Castillo,,,,,,2026-08-22
,Homer Shoop,,,,,,2026-08-22
,Josef Solc,,,,,,2026-08-22
,Marcel Kunzler,,,,,,2026-08-22
,Matthew Smith,,,,,,2026-08-22
,Phil Siviter,,,,,,2026-08-22
,Ramon Funtera,,,,,,2026-08-22
,Rudy Hernando,,,,,,2026-08-22
,S Menzies,,,,,,2026-08-22
,Stephane Andriolo,,,,,,2026-08-22
,Trevor Baker,,,,,,2026-08-22
,Alex Corretja,,,,,,2026-08-22
,Bernard Boileau,,,,,,2026-08-22
,Corrado Barazzutti,,,,,,2026-08-22
,Don Mccormick,,,,,,2026-08-22
,Eddie Edwards,,,,,,2026-08-22
,Jesse Levine,,,,,,2026-08-22
,John Sullivan,,,,,,2026-08-22
,Martin Laurendeau,,,,,,2026-08-22
,Paul Capdeville,,,,,,2026-08-22
2026-08-10,Stefano Travaglia,140.0,429,-,44.0,3.0,2026-08-22
2026-08-10,Stefano Travaglia,140.0,429,-,44.0,3.0,2026-08-22
2026-08-10,Stefano Travaglia,140.0,429,-,44.0,3.0,2026-08-22
2026-08-10,Stefano Travaglia,140.0,429,-,44.0,3.0,2026-08-22
2026-08-03,Stefano Travaglia,140.0,429,-,,,2026-08-22
2026-08-03,Stefano Travaglia,140.0,429,-,,,2026-08-22
2026-08-03,Stefano Travaglia,140.0,429,-,,,2026-08-22
2026-08-03,Stefano Travaglia,140.0,429,-,,,2026-08-22
2026-07-27,Stefano Travaglia,142.0,429,-,,,2026-08-22
2026-07-27,Stefano Travaglia,142.0,429,-,,,2026-08-22
2026-07-27,Stefano Travaglia,142.0,429,-,,,2026-08-22
2026-07-27,Stefano Travaglia,142.0,429,-,,,2026-08-22
2026-07-20,Stefano Travaglia,143.0,429,+44,,,2026-08-22
2026-07-20,Stefano Travaglia,143.0,429,+44,,,2026-08-22
2026-07-20,Stefano Travaglia,143.0,429,+44,,,2026-08-22
2026-07-13,Stefano Travaglia,150.0,385,-79,,,2026-08-22
2026-07-13,Stefano Travaglia,150.0,385,-79,,,2026-08-22
2026-07-13,Stefano Travaglia,150.0,385,-79,,,2026-08-22
2026-06-29,Stefano Travaglia,130.0,464,-,93.0,9.0,2026-08-22
2026-06-29,Stefano Travaglia,130.0,464,-,93.0,9.0,2026-08-22
2026-06-29,Stefano Travaglia,130.0,464,-,93.0,9.0,2026-08-22
2026-06-22,Stefano Travaglia,130.0,464,+2,,,2026-08-22
2026-06-22,Stefano Travaglia,130.0,464,+2,,,2026-08-22
2026-06-15,Stefano Travaglia,132.0,462,-2,,,2026-08-22
2026-06-15,Stefano Travaglia,132.0,462,-2,,,2026-08-22
2026-06-08,Stefano Travaglia,134.0,464,+21,8.0,6.0,2026-08-22
2026-06-08,Stefano Travaglia,134.0,464,+21,8.0,6.0,2026-08-22
2026-05-25,Stefano Travaglia,138.0,443,-,,,2026-08-22
2026-05-25,Stefano Travaglia,138.0,443,-,,,2026-08-22
2026-05-18,Stefano Travaglia,137.0,443,-1,,,2026-08-22
2026-05-18,Stefano Travaglia,137.0,443,-1,,,2026-08-22
2026-05-04,Stefano Travaglia,141.0,444,-3,4.0,3.0,2026-08-22
2026-05-04,Stefano Travaglia,141.0,444,-3,4.0,3.0,2026-08-22
2026-04-20,Stefano Travaglia,141.0,447,-7,7.0,4.0,2026-08-22
2026-04-20,Stefano Travaglia,141.0,447,-7,7.0,4.0,2026-08-22
2026-04-13,Stefano Travaglia,136.0,454,+10,13.0,6.0,2026-08-22
2026-04-13,Stefano Travaglia,136.0,454,+10,13.0,6.0,2026-08-22
2026-04-06,Stefano Travaglia,141.0,444,-,,,2026-08-22
2026-04-06,Stefano Travaglia,141.0,444,-,,,2026-08-22
2026-03-30,Stefano Travaglia,142.0,444,+71,,,2026-08-22
2026-03-30,Stefano Travaglia,142.0,444,+71,,,2026-08-22
2026-03-16,Stefano Travaglia,161.0,373,+3,,,2026-08-22
2026-03-16,Stefano Travaglia,161.0,373,+3,,,2026-08-22
2026-03-02,Stefano Travaglia,166.0,370,-,,,2026-08-22
2026-02-23,Stefano Travaglia,163.0,370,-,,,2026-08-22
2026-02-16,Stefano Travaglia,166.0,370,+10,,,2026-08-22
2026-02-09,Stefano Travaglia,163.0,360,+20,,,2026-08-22
2026-02-02,Stefano Travaglia,178.0,340,+32,,,2026-08-22
2026-01-19,Stefano Travaglia,191.0,308,-,,,2026-08-22
2026-01-12,Stefano Travaglia,189.0,308,-,,,2026-08-22
2026-01-05,Stefano Travaglia,189.0,308,-,,,2026-08-22
2025-12-29,Stefano Travaglia,194.0,308,-,,,2026-08-22
2025-12-22,Stefano Travaglia,194.0,308,-,,,2026-08-22
2025-12-15,Stefano Travaglia,194.0,308,-,,,2026-08-22
2025-12-08,Stefano Travaglia,194.0,308,-,,,2026-08-22
2025-12-01,Stefano Travaglia,195.0,308,-,,,2026-08-22
2025-11-24,Stefano Travaglia,192.0,308,+25,,,2026-08-22
,Tomas Carbonell,,,,,,2026-08-22
,Ulises Blanch,,,,,,2026-08-22
,Adolfo Gonzalez,,,,,,2026-08-22
,Akira Kawaguchi,,,,,,2026-08-22
,Andrian Raturandang,,,,,,2026-08-22
,Andy Garcia,,,,,,2026-08-22
,Atilio Rosetti,,,,,,2026-08-22
,Bob Bushman Jr,,,,,,2026-08-22
,David Hall,,,,,,2026-08-22
,Frithjof Prydz,,,,,,2026-08-22
,Herbert Loerke,,,,,,2026-08-22
,Hernando Leguizamon,,,,,,2026-08-22
,John Fraser,,,,,,2026-08-22
,John Harrison,,,,,,2026-08-22
,K Franzi,,,,,,2026-08-22
,Koji Watanabe,,,,,,2026-08-22
,Mario Delgado,,,,,,2026-08-22
,Mike Lorenzo,,,,,,2026-08-22
,Pierre Manidis,,,,,,2026-08-22
,Ryuso Tsujino,,,,,,2026-08-22
,Stan Ellis,,,,,,2026-08-22
,Warren Jacques,,,,,,2026-08-22
,William Blaze,,,,,,2026-08-22
,Alexander Erler,,,,,,2026-08-22
,Eric Winogradsky,,,,,,2026-08-22
2026-08-10,Hubert Hurkacz,69.0,915,+50,,,2026-08-22
2026-08-10,Hubert Hurkacz,69.0,915,+50,,,2026-08-22
2026-08-10,Hubert Hurkacz,69.0,915,+50,,,2026-08-22
2026-08-10,Hubert Hurkacz,69.0,915,+50,,,2026-08-22
2026-08-03,Hubert Hurkacz,72.0,865,-,,,2026-08-22
2026-08-03,Hubert Hurkacz,72.0,865,-,,,2026-08-22
2026-08-03,Hubert Hurkacz,72.0,865,-,,,2026-08-22
2026-08-03,Hubert Hurkacz,72.0,865,-,,,2026-08-22
2026-07-27,Hubert Hurkacz,71.0,865,-,,,2026-08-22
2026-07-27,Hubert Hurkacz,71.0,865,-,,,2026-08-22
2026-07-27,Hubert Hurkacz,71.0,865,-,,,2026-08-22
2026-07-27,Hubert Hurkacz,71.0,865,-,,,2026-08-22
2026-07-20,Hubert Hurkacz,70.0,865,-,,,2026-08-22
2026-07-20,Hubert Hurkacz,70.0,865,-,,,2026-08-22
2026-07-20,Hubert Hurkacz,70.0,865,-,,,2026-08-22
2026-07-13,Hubert Hurkacz,68.0,865,+200,,,2026-08-22
2026-07-13,Hubert Hurkacz,68.0,865,+200,,,2026-08-22
2026-07-13,Hubert Hurkacz,68.0,865,+200,,,2026-08-22
2026-06-29,Hubert Hurkacz,96.0,665,-,,,2026-08-22
2026-06-29,Hubert Hurkacz,96.0,665,-,,,2026-08-22
2026-06-29,Hubert Hurkacz,96.0,665,-,,,2026-08-22
2026-06-22,Hubert Hurkacz,95.0,665,+50,,,2026-08-22
2026-06-22,Hubert Hurkacz,95.0,665,+50,,,2026-08-22
2026-06-15,Hubert Hurkacz,103.0,615,-25,,,2026-08-22
2026-06-15,Hubert Hurkacz,103.0,615,-25,,,2026-08-22
2026-06-08,Hubert Hurkacz,96.0,640,+40,25.0,,2026-08-22
2026-06-08,Hubert Hurkacz,96.0,640,+40,25.0,,2026-08-22
2026-05-25,Hubert Hurkacz,99.0,600,-140,10.0,,2026-08-22
2026-05-25,Hubert Hurkacz,99.0,600,-140,10.0,,2026-08-22
2026-05-18,Hubert Hurkacz,78.0,740,-190,165.0,25.0,2026-08-22
2026-05-18,Hubert Hurkacz,78.0,740,-190,165.0,25.0,2026-08-22
2026-05-04,Hubert Hurkacz,53.0,930,+85,200.0,25.0,2026-08-22
2026-05-04,Hubert Hurkacz,53.0,930,+85,200.0,25.0,2026-08-22
2026-04-20,Hubert Hurkacz,63.0,845,-,10.0,,2026-08-22
2026-04-20,Hubert Hurkacz,63.0,845,-,10.0,,2026-08-22
2026-04-13,Hubert Hurkacz,63.0,845,+100,,,2026-08-22
2026-04-13,Hubert Hurkacz,63.0,845,+100,,,2026-08-22
2026-04-06,Hubert Hurkacz,74.0,745,-,,,2026-08-22
2026-04-06,Hubert Hurkacz,74.0,745,-,,,2026-08-22
2026-03-30,Hubert Hurkacz,72.0,745,+10,,,2026-08-22
2026-03-30,Hubert Hurkacz,72.0,745,+10,,,2026-08-22
2026-03-16,Hubert Hurkacz,75.0,735,-40,,,2026-08-22
2026-03-16,Hubert Hurkacz,75.0,735,-40,,,2026-08-22
2026-03-02,Hubert Hurkacz,71.0,775,-,50.0,,2026-08-22
2026-02-23,Hubert Hurkacz,73.0,775,-,,,2026-08-22
2026-02-16,Hubert Hurkacz,71.0,775,-,,,2026-08-22
2026-02-09,Hubert Hurkacz,70.0,775,-190,,,2026-08-22
2026-02-02,Hubert Hurkacz,52.0,965,-,200.0,10.0,2026-08-22
2026-01-19,Hubert Hurkacz,55.0,965,-,50.0,10.0,2026-08-22
2026-01-12,Hubert Hurkacz,53.0,965,+255,,,2026-08-22
2026-01-05,Hubert Hurkacz,83.0,710,-55,,,2026-08-22
2025-12-29,Hubert Hurkacz,72.0,765,-10,65.0,10.0,2026-08-22
2025-12-22,Hubert Hurkacz,73.0,775,-,,,2026-08-22
2025-12-15,Hubert Hurkacz,73.0,775,-,,,2026-08-22
2025-12-08,Hubert Hurkacz,73.0,775,-,,,2026-08-22
2025-12-01,Hubert Hurkacz,73.0,775,-,,,2026-08-22
2025-11-24,Hubert Hurkacz,73.0,775,-,,,2026-08-22
2025-11-17,Hubert Hurkacz,73.0,775,-,,,2026-08-22
2025-11-10,Hubert Hurkacz,75.0,775,-,,,2026-08-22
2025-11-03,Hubert Hurkacz,78.0,775,-,,,2026-08-22
2025-10-27,Hubert Hurkacz,77.0,775,-10,,,2026-08-22
2025-10-20,Hubert Hurkacz,76.0,785,-,,,2026-08-22
2025-10-13,Hubert Hurkacz,78.0,785,-,,,2026-08-22
2026-08-10,Jack Draper,143.0,410,-,,,2026-08-22
2026-08-10,Jack Draper,143.0,410,-,,,2026-08-22
2026-08-10,Jack Draper,143.0,410,-,,,2026-08-22
2026-08-10,Jack Draper,143.0,410,-,,,2026-08-22
2026-08-03,Jack Draper,143.0,410,-,,,2026-08-22
2026-08-03,Jack Draper,143.0,410,-,,,2026-08-22
2026-08-03,Jack Draper,143.0,410,-,,,2026-08-22
2026-08-03,Jack Draper,143.0,410,-,,,2026-08-22
2026-07-27,Jack Draper,147.0,410,-,,,2026-08-22
2026-07-27,Jack Draper,147.0,410,-,,,2026-08-22
2026-07-27,Jack Draper,147.0,410,-,,,2026-08-22
2026-07-27,Jack Draper,147.0,410,-,,,2026-08-22
2026-07-20,Jack Draper,147.0,410,-,,,2026-08-22
2026-07-20,Jack Draper,147.0,410,-,,,2026-08-22
2026-07-20,Jack Draper,147.0,410,-,,,2026-08-22
2026-07-13,Jack Draper,145.0,410,-50,,,2026-08-22
2026-07-13,Jack Draper,145.0,410,-50,,,2026-08-22
2026-07-13,Jack Draper,145.0,410,-50,,,2026-08-22
2026-06-29,Jack Draper,131.0,460,+100,50.0,,2026-08-22
2026-06-29,Jack Draper,131.0,460,+100,50.0,,2026-08-22
2026-06-29,Jack Draper,131.0,460,+100,50.0,,2026-08-22
2026-06-22,Jack Draper,160.0,360,-200,,,2026-08-22
2026-06-22,Jack Draper,160.0,360,-200,,,2026-08-22
2026-06-15,Jack Draper,113.0,560,-,200.0,,2026-08-22
2026-06-15,Jack Draper,113.0,560,-,200.0,,2026-08-22
2026-06-08,Jack Draper,112.0,560,-200,,,2026-08-22
2026-06-08,Jack Draper,112.0,560,-200,,,2026-08-22
2026-05-25,Jack Draper,75.0,760,-,200.0,,2026-08-22
2026-05-25,Jack Draper,75.0,760,-,200.0,,2026-08-22
2026-05-18,Jack Draper,74.0,760,-200,,,2026-08-22
2026-05-18,Jack Draper,74.0,760,-200,,,2026-08-22
2026-05-04,Jack Draper,50.0,960,-650,200.0,,2026-08-22
2026-05-04,Jack Draper,50.0,960,-650,200.0,,2026-08-22
2026-04-20,Jack Draper,28.0,1610,-,650.0,,2026-08-22
2026-04-20,Jack Draper,28.0,1610,-,650.0,,2026-08-22
2026-04-13,Jack Draper,28.0,1610,-100,,,2026-08-22
2026-04-13,Jack Draper,28.0,1610,-100,,,2026-08-22
2026-04-06,Jack Draper,25.0,1710,-,100.0,,2026-08-22
2026-04-06,Jack Draper,25.0,1710,-,100.0,,2026-08-22
2026-03-30,Jack Draper,25.0,1710,-,,,2026-08-22
2026-03-30,Jack Draper,25.0,1710,-,,,2026-08-22
2026-03-16,Jack Draper,26.0,1710,-800,10.0,,2026-08-22
2026-03-16,Jack Draper,26.0,1710,-800,10.0,,2026-08-22
2026-03-02,Jack Draper,14.0,2510,+50,1000.0,,2026-08-22
2026-02-23,Jack Draper,15.0,2460,-330,,,2026-08-22
2026-02-16,Jack Draper,12.0,2790,-,330.0,,2026-08-22
2026-02-09,Jack Draper,12.0,2790,-,,,2026-08-22
2026-02-02,Jack Draper,13.0,2790,-200,,,2026-08-22
2026-01-19,Jack Draper,11.0,2990,-,200.0,,2026-08-22
2026-01-12,Jack Draper,11.0,2990,-,,,2026-08-22
2026-01-05,Jack Draper,10.0,2990,-,,,2026-08-22
2025-12-29,Jack Draper,10.0,2990,-,,,2026-08-22
2025-12-22,Jack Draper,10.0,2990,-,,,2026-08-22
2025-12-15,Jack Draper,10.0,2990,-,,,2026-08-22
2025-12-08,Jack Draper,10.0,2990,-,,,2026-08-22
2025-12-01,Jack Draper,10.0,2990,-,,,2026-08-22
2025-11-24,Jack Draper,10.0,2990,-,,,2026-08-22
2025-11-17,Jack Draper,10.0,2990,-,,,2026-08-22
2025-11-10,Jack Draper,10.0,2990,-,,,2026-08-22
2025-11-03,Jack Draper,11.0,2990,-100,,,2026-08-22
2025-10-27,Jack Draper,11.0,3090,-500,100.0,,2026-08-22
2025-10-20,Jack Draper,9.0,3590,-,500.0,,2026-08-22
2025-10-13,Jack Draper,9.0,3590,-,,,2026-08-22
,Luca Bottazzi,,,,,,2026-08-22
2026-08-10,Luca Nardi,168.0,346,-,110.0,,2026-08-22
2026-08-10,Luca Nardi,168.0,346,-,110.0,,2026-08-22
2026-08-10,Luca Nardi,168.0,346,-,110.0,,2026-08-22
2026-08-10,Luca Nardi,168.0,346,-,110.0,,2026-08-22
2026-08-03,Luca Nardi,164.0,346,-,,,2026-08-22
2026-08-03,Luca Nardi,164.0,346,-,,,2026-08-22
2026-08-03,Luca Nardi,164.0,346,-,,,2026-08-22
2026-08-03,Luca Nardi,164.0,346,-,,,2026-08-22
2026-07-27,Luca Nardi,165.0,346,-,,,2026-08-22
2026-07-27,Luca Nardi,165.0,346,-,,,2026-08-22
2026-07-27,Luca Nardi,165.0,346,-,,,2026-08-22
2026-07-27,Luca Nardi,165.0,346,-,,,2026-08-22
2026-07-20,Luca Nardi,164.0,346,-,,,2026-08-22
2026-07-20,Luca Nardi,164.0,346,-,,,2026-08-22
2026-07-20,Luca Nardi,164.0,346,-,,,2026-08-22
2026-07-13,Luca Nardi,160.0,346,-2,,,2026-08-22
2026-07-13,Luca Nardi,160.0,346,-2,,,2026-08-22
2026-07-13,Luca Nardi,160.0,346,-2,,,2026-08-22
2026-06-29,Luca Nardi,166.0,348,-,10.0,,2026-08-22
2026-06-29,Luca Nardi,166.0,348,-,10.0,,2026-08-22
2026-06-29,Luca Nardi,166.0,348,-,10.0,,2026-08-22
2026-06-22,Luca Nardi,169.0,348,+5,,,2026-08-22
2026-06-22,Luca Nardi,169.0,348,+5,,,2026-08-22
2026-06-15,Luca Nardi,173.0,343,-35,,,2026-08-22
2026-06-15,Luca Nardi,173.0,343,-35,,,2026-08-22
2026-06-08,Luca Nardi,159.0,378,+12,35.0,,2026-08-22
2026-06-08,Luca Nardi,159.0,378,+12,35.0,,2026-08-22
2026-05-25,Luca Nardi,163.0,366,-,10.0,,2026-08-22
2026-05-25,Luca Nardi,163.0,366,-,10.0,,2026-08-22
2026-05-18,Luca Nardi,163.0,366,-43,,,2026-08-22
2026-05-18,Luca Nardi,163.0,366,-43,,,2026-08-22
2026-05-04,Luca Nardi,151.0,409,-35,43.0,,2026-08-22
2026-05-04,Luca Nardi,151.0,409,-35,43.0,,2026-08-22
2026-04-20,Luca Nardi,142.0,444,-,35.0,,2026-08-22
2026-04-20,Luca Nardi,142.0,444,-,35.0,,2026-08-22
2026-04-13,Luca Nardi,140.0,444,-,,,2026-08-22
2026-04-13,Luca Nardi,140.0,444,-,,,2026-08-22
2026-04-06,Luca Nardi,140.0,444,-,,,2026-08-22
2026-04-06,Luca Nardi,140.0,444,-,,,2026-08-22
2026-03-30,Luca Nardi,140.0,444,-,,,2026-08-22
2026-03-30,Luca Nardi,140.0,444,-,,,2026-08-22
2026-03-16,Luca Nardi,139.0,444,-10,,,2026-08-22
2026-03-16,Luca Nardi,139.0,444,-10,,,2026-08-22
2026-03-02,Luca Nardi,135.0,454,-100,10.0,,2026-08-22
2026-02-23,Luca Nardi,109.0,554,-75,113.0,,2026-08-22
2026-02-16,Luca Nardi,94.0,629,+8,75.0,,2026-08-22
2026-02-09,Luca Nardi,97.0,621,+50,,,2026-08-22
2026-02-02,Luca Nardi,106.0,571,+10,,,2026-08-22
2026-01-19,Luca Nardi,108.0,561,-,64.0,,2026-08-22
2026-01-12,Luca Nardi,108.0,561,-38,,,2026-08-22
2026-01-05,Luca Nardi,105.0,599,-,38.0,,2026-08-22
2025-12-29,Luca Nardi,107.0,599,-,,,2026-08-22
2025-12-22,Luca Nardi,107.0,599,-,,,2026-08-22
2025-12-15,Luca Nardi,107.0,599,-,,,2026-08-22
2025-12-08,Luca Nardi,107.0,599,-,,,2026-08-22
2025-12-01,Luca Nardi,107.0,599,-,,,2026-08-22
2025-11-24,Luca Nardi,107.0,599,-100,,,2026-08-22
2025-11-17,Luca Nardi,87.0,699,-,100.0,,2026-08-22
2025-11-10,Luca Nardi,85.0,699,-48,,,2026-08-22
2025-11-03,Luca Nardi,81.0,747,-,64.0,,2026-08-22
2025-10-27,Luca Nardi,81.0,747,-,,,2026-08-22
2025-10-20,Luca Nardi,83.0,747,-,,,2026-08-22
2025-10-13,Luca Nardi,83.0,747,+20,,,2026-08-22
,Mariano Zabaleta,,,,,,2026-08-22
,Nicolas Meister,,,,,,2026-08-22
,Orlin Stanoytchev,,,,,,2026-08-22
,Andrei Dirzu,,,,,,2026-08-22
,Bernard De Troye,,,,,,2026-08-22
,Bruno Rodriguez,,,,,,2026-08-22
,Craig Tregonning,,,,,,2026-08-22
,Cross,,,,,,2026-08-22
,Doug Tough,,,,,,2026-08-22
,Enrique Lopez Perez,,,,,,2026-08-22
,Enrique Molina,,,,,,2026-08-22
,Greg Shave,,,,,,2026-08-22
,Jean Paul Meyer,,,,,,2026-08-22
,John Gilbert,,,,,,2026-08-22
,Jozsef Asboth,,,,,,2026-08-22
,Juan Carlos Andrade,,,,,,2026-08-22
,Kenichi Kiyomiya,,,,,,2026-08-22
,Kotaro Miyachi,,,,,,2026-08-22
,M J R Hales,,,,,,2026-08-22
,Mauro Rezzonico,,,,,,2026-08-22
,Miguel Mir,,,,,,2026-08-22
,Miguel Olvera,,,,,,2026-08-22
,Mike Styles,,,,,,2026-08-22
,Otakar Jurecka,,,,,,2026-08-22
,Pierre Jauffret,,,,,,2026-08-22
,R Mayer,,,,,,2026-08-22
,Richard Lewis,,,,,,2026-08-22
,Robert Ouwendijk,,,,,,2026-08-22
,Tony Barbaria,,,,,,2026-08-22
,Adam Peterson,,,,,,2026-08-22
,Albert Chang,,,,,,2026-08-22
,Armin Sandbichler,,,,,,2026-08-22
,Claudio Mezzadri,,,,,,2026-08-22
,Diego Moyano,,,,,,2026-08-22
,Dominique Bedel,,,,,,2026-08-22
,Frederic Fontang,,,,,,2026-08-22
,Harry Bourchier,,,,,,2026-08-22
,Jaroslav Pospisil,,,,,,2026-08-22
,Konstantin Pugayev,,,,,,2026-08-22
,Nathan Pasha,,,,,,2026-08-22
2026-08-10,Nick Kyrgios,919.0,25,-,,,2026-08-22
2026-08-03,Nick Kyrgios,906.0,25,-,,,2026-08-22
2026-07-27,Nick Kyrgios,914.0,25,-,,,2026-08-22
,Onny Parun,,,,,,2026-08-22
,Sebastien Lareau,,,,,,2026-08-22
,Tommy Robredo,,,,,,2026-08-22
,Alfonso Gonzalez,,,,,,2026-08-22
,Andre Cote,,,,,,2026-08-22
,B Mortoire,,,,,,2026-08-22
,Bob Weise W055,,,,,,2026-08-22
,Dean Schlobohm,,,,,,2026-08-22
,Doug Ditmer,,,,,,2026-08-22
,Eberhard Wensky,,,,,,2026-08-22
,Eiji Takeuchi,,,,,,2026-08-22
,Erling Tveit,,,,,,2026-08-22
,Gianni Capozza,,,,,,2026-08-22
,Hisham Nasser,,,,,,2026-08-22
,Jimmy Moore,,,,,,2026-08-22
,Minh Quan Do,,,,,,2026-08-22
,Nick Fleury,,,,,,2026-08-22
,Peter Tudhope,,,,,,2026-08-22
,Roy Macdonald,,,,,,2026-08-22
,Stefano Paterno,,,,,,2026-08-22
,Arjun Kadhe,,,,,,2026-08-22
2026-08-10,Aslan Karatsev,1337.0,7,-,6.0,,2026-08-22
2026-08-03,Aslan Karatsev,1323.0,7,-,,,2026-08-22
2026-07-27,Aslan Karatsev,1318.0,7,-,,,2026-08-22
,Boris Becker,,,,,,2026-08-22
,Brent Larkham,,,,,,2026-08-22
,John Letts,,,,,,2026-08-22
,Jon Sorbo,,,,,,2026-08-22
,Lukas Lacko,,,,,,2026-08-22
,Miloslav Mecir Jr,,,,,,2026-08-22
,Olivier Soules,,,,,,2026-08-22
,Peter Torebko,,,,,,2026-08-22
,Regis Brunet,,,,,,2026-08-22
,Ron Hightower,,,,,,2026-08-22
,Victor Ionita,,,,,,2026-08-22
,A Uehara,,,,,,2026-08-22
,Allan Mcdonald,,,,,,2026-08-22
,Carlos Romero,,,,,,2026-08-22
,Dave George,,,,,,2026-08-22
,Don Lawrie,,,,,,2026-08-22
,H Pienaar,,,,,,2026-08-22
,Harry Sheridan,,,,,,2026-08-22
,J Bougher,,,,,,2026-08-22
,King Thaxton,,,,,,2026-08-22
,Kirill Ivanov Smolensky,,,,,,2026-08-22
,Luis Augusto Garcia,,,,,,2026-08-22
,M M Griffiths,,,,,,2026-08-22
,Mike Baroch,,,,,,2026-08-22
,Riccardo Capece,,,,,,2026-08-22
,Simon Robinson,,,,,,2026-08-22
,Bob Green,,,,,,2026-08-22
2026-08-10,Daniel Masur,397.0,125,-,,,2026-08-22
2026-08-03,Daniel Masur,390.0,125,-5,,,2026-08-22
2026-07-27,Daniel Masur,377.0,130,-,6.0,1.0,2026-08-22
,Derek Segal,,,,,,2026-08-22
2026-08-10,Egor Gerasimov,1158.0,12,-,8.0,,2026-08-22
2026-08-03,Egor Gerasimov,1153.0,12,-,,,2026-08-22
2026-07-27,Egor Gerasimov,1144.0,12,-,,,2026-08-22
,Joseph Russell,,,,,,2026-08-22
,Mario Radic,,,,,,2026-08-22
,Nick Saviano,,,,,,2026-08-22
,Sanam Singh,,,,,,2026-08-22
,Sergei Leonjuk,,,,,,2026-08-22
,Udo Riglewski,,,,,,2026-08-22
2026-08-10,Vilius Gaubas,123.0,523,-,12.0,,2026-08-22
2026-08-10,Vilius Gaubas,123.0,523,-,12.0,,2026-08-22
2026-08-10,Vilius Gaubas,123.0,523,-,12.0,,2026-08-22
2026-08-10,Vilius Gaubas,123.0,523,-,12.0,,2026-08-22
2026-08-03,Vilius Gaubas,120.0,523,+23,,,2026-08-22
2026-08-03,Vilius Gaubas,120.0,523,+23,,,2026-08-22
2026-08-03,Vilius Gaubas,120.0,523,+23,,,2026-08-22
2026-08-03,Vilius Gaubas,120.0,523,+23,,,2026-08-22
2026-07-27,Vilius Gaubas,128.0,500,-7,12.0,,2026-08-22
2026-07-27,Vilius Gaubas,128.0,500,-7,12.0,,2026-08-22
2026-07-27,Vilius Gaubas,128.0,500,-7,12.0,,2026-08-22
2026-07-27,Vilius Gaubas,128.0,500,-7,12.0,,2026-08-22
2026-07-20,Vilius Gaubas,128.0,507,-1,7.0,,2026-08-22
2026-07-20,Vilius Gaubas,128.0,507,-1,7.0,,2026-08-22
2026-07-20,Vilius Gaubas,128.0,507,-1,7.0,,2026-08-22
2026-07-13,Vilius Gaubas,128.0,508,+34,7.0,6.0,2026-08-22
2026-07-13,Vilius Gaubas,128.0,508,+34,7.0,6.0,2026-08-22
2026-07-13,Vilius Gaubas,128.0,508,+34,7.0,6.0,2026-08-22
2026-06-29,Vilius Gaubas,129.0,474,-,8.0,,2026-08-22
2026-06-29,Vilius Gaubas,129.0,474,-,8.0,,2026-08-22
2026-06-29,Vilius Gaubas,129.0,474,-,8.0,,2026-08-22
2026-06-22,Vilius Gaubas,129.0,474,-,,,2026-08-22
2026-06-22,Vilius Gaubas,129.0,474,-,,,2026-08-22
2026-06-15,Vilius Gaubas,129.0,474,-,,,2026-08-22
2026-06-15,Vilius Gaubas,129.0,474,-,,,2026-08-22
2026-06-08,Vilius Gaubas,130.0,474,+10,,,2026-08-22
2026-06-08,Vilius Gaubas,130.0,474,+10,,,2026-08-22
2026-05-25,Vilius Gaubas,133.0,464,-,16.0,,2026-08-22
2026-05-25,Vilius Gaubas,133.0,464,-,16.0,,2026-08-22
2026-05-18,Vilius Gaubas,133.0,464,-63,,,2026-08-22
2026-05-18,Vilius Gaubas,133.0,464,-63,,,2026-08-22
2026-05-04,Vilius Gaubas,121.0,527,+24,70.0,,2026-08-22
2026-05-04,Vilius Gaubas,121.0,527,+24,70.0,,2026-08-22
2026-04-20,Vilius Gaubas,124.0,503,-,32.0,6.0,2026-08-22
2026-04-20,Vilius Gaubas,124.0,503,-,32.0,6.0,2026-08-22
2026-04-13,Vilius Gaubas,122.0,503,-7,,,2026-08-22
2026-04-13,Vilius Gaubas,122.0,503,-7,,,2026-08-22
2026-04-06,Vilius Gaubas,122.0,510,-93,14.0,7.0,2026-08-22
2026-04-06,Vilius Gaubas,122.0,510,-93,14.0,7.0,2026-08-22
2026-03-30,Vilius Gaubas,108.0,603,-,100.0,7.0,2026-08-22
2026-03-30,Vilius Gaubas,108.0,603,-,100.0,7.0,2026-08-22
2026-03-16,Vilius Gaubas,105.0,603,-,,,2026-08-22
2026-03-16,Vilius Gaubas,105.0,603,-,,,2026-08-22
2026-03-02,Vilius Gaubas,101.0,603,+45,,,2026-08-22
2026-02-23,Vilius Gaubas,107.0,558,+68,12.0,7.0,2026-08-22
2026-02-16,Vilius Gaubas,126.0,490,-,,,2026-08-22
2026-02-09,Vilius Gaubas,127.0,490,-5,,,2026-08-22
2026-02-02,Vilius Gaubas,126.0,495,+26,12.0,7.0,2026-08-22
2026-01-19,Vilius Gaubas,129.0,469,-,,,2026-08-22
2026-01-12,Vilius Gaubas,129.0,469,-,,,2026-08-22
2026-01-05,Vilius Gaubas,129.0,469,-,,,2026-08-22
2025-12-29,Vilius Gaubas,130.0,469,-,,,2026-08-22
2025-12-22,Vilius Gaubas,131.0,469,-,,,2026-08-22
2025-12-15,Vilius Gaubas,131.0,469,-,,,2026-08-22
2025-12-08,Vilius Gaubas,132.0,469,-,,,2026-08-22
2025-12-01,Vilius Gaubas,132.0,469,-9,,,2026-08-22
2025-11-24,Vilius Gaubas,130.0,478,-,9.0,,2026-08-22
2025-11-17,Vilius Gaubas,130.0,478,+7,,,2026-08-22
2025-11-10,Vilius Gaubas,133.0,471,-12,,,2026-08-22
2025-11-03,Vilius Gaubas,128.0,483,-,12.0,,2026-08-22
2025-10-27,Vilius Gaubas,130.0,483,-,,,2026-08-22
2025-10-20,Vilius Gaubas,133.0,483,-,,,2026-08-22
2025-10-13,Vilius Gaubas,133.0,483,+38,,,2026-08-22
,Ben Varn,,,,,,2026-08-22
,Bob Joyner,,,,,,2026-08-22
,Brett Hibbert,,,,,,2026-08-22
,C Sakolsky,,,,,,2026-08-22
,Ian Bersin,,,,,,2026-08-22
,Igor Tihonenko,,,,,,2026-08-22
,Isao Watanabe,,,,,,2026-08-22
,Jaime Collaco,,,,,,2026-08-22
,James Chico Hagey,,,,,,2026-08-22
,Klaus Kreuzhuber,,,,,,2026-08-22
,M Ellis,,,,,,2026-08-22
,Max Byrne,,,,,,2026-08-22
,R Gates,,,,,,2026-08-22
,Rodrigo Faria,,,,,,2026-08-22
2026-08-10,Sebastian Fanselow,1217.0,10,-,2.0,,2026-08-22
2026-08-03,Sebastian Fanselow,1206.0,10,-,,,2026-08-22
2026-07-27,Sebastian Fanselow,1200.0,10,-,,,2026-08-22
,Steve Siegel,,,,,,2026-08-22
,Vivian Gotto,,,,,,2026-08-22
,Walter Trusendi,,,,,,2026-08-22
,Alex Radulescu,,,,,,2026-08-22
,Daniel Marco,,,,,,2026-08-22
,Marcelo Rios,,,,,,2026-08-22
,Michael Lammer,,,,,,2026-08-22
,Nduka Odizor,,,,,,2026-08-22
2026-08-10,Nishesh Basavareddy,148.0,399,-,51.0,,2026-08-22
2026-08-10,Nishesh Basavareddy,148.0,399,-,51.0,,2026-08-22
2026-08-10,Nishesh Basavareddy,148.0,399,-,51.0,,2026-08-22
2026-08-10,Nishesh Basavareddy,148.0,399,-,51.0,,2026-08-22
2026-08-03,Nishesh Basavareddy,146.0,399,-12,,,2026-08-22
2026-08-03,Nishesh Basavareddy,146.0,399,-12,,,2026-08-22
2026-08-03,Nishesh Basavareddy,146.0,399,-12,,,2026-08-22
2026-08-03,Nishesh Basavareddy,146.0,399,-12,,,2026-08-22
2026-07-27,Nishesh Basavareddy,146.0,411,-,12.0,,2026-08-22
2026-07-27,Nishesh Basavareddy,146.0,411,-,12.0,,2026-08-22
2026-07-27,Nishesh Basavareddy,146.0,411,-,12.0,,2026-08-22
2026-07-27,Nishesh Basavareddy,146.0,411,-,12.0,,2026-08-22
2026-07-20,Nishesh Basavareddy,146.0,411,-25,,,2026-08-22
2026-07-20,Nishesh Basavareddy,146.0,411,-25,,,2026-08-22
2026-07-20,Nishesh Basavareddy,146.0,411,-25,,,2026-08-22
2026-07-13,Nishesh Basavareddy,142.0,436,-10,25.0,,2026-08-22
2026-07-13,Nishesh Basavareddy,142.0,436,-10,25.0,,2026-08-22
2026-07-13,Nishesh Basavareddy,142.0,436,-10,25.0,,2026-08-22
2026-06-29,Nishesh Basavareddy,135.0,446,-7,10.0,,2026-08-22
2026-06-29,Nishesh Basavareddy,135.0,446,-7,10.0,,2026-08-22
2026-06-29,Nishesh Basavareddy,135.0,446,-7,10.0,,2026-08-22
2026-06-22,Nishesh Basavareddy,133.0,453,-,13.0,6.0,2026-08-22
2026-06-22,Nishesh Basavareddy,133.0,453,-,13.0,6.0,2026-08-22
2026-06-15,Nishesh Basavareddy,134.0,453,-,,,2026-08-22
2026-06-15,Nishesh Basavareddy,134.0,453,-,,,2026-08-22
2026-06-08,Nishesh Basavareddy,136.0,453,+44,,,2026-08-22
2026-06-08,Nishesh Basavareddy,136.0,453,+44,,,2026-08-22
2026-05-25,Nishesh Basavareddy,148.0,409,+13,,,2026-08-22
2026-05-25,Nishesh Basavareddy,148.0,409,+13,,,2026-08-22
2026-05-18,Nishesh Basavareddy,156.0,396,+3,,,2026-08-22
2026-05-18,Nishesh Basavareddy,156.0,396,+3,,,2026-08-22
2026-05-04,Nishesh Basavareddy,154.0,393,+50,10.0,,2026-08-22
2026-05-04,Nishesh Basavareddy,154.0,393,+50,10.0,,2026-08-22
2026-04-20,Nishesh Basavareddy,177.0,343,-,25.0,,2026-08-22
2026-04-20,Nishesh Basavareddy,177.0,343,-,25.0,,2026-08-22
2026-04-13,Nishesh Basavareddy,174.0,343,+12,,,2026-08-22
2026-04-13,Nishesh Basavareddy,174.0,343,+12,,,2026-08-22
2026-04-06,Nishesh Basavareddy,181.0,331,+25,,,2026-08-22
2026-04-06,Nishesh Basavareddy,181.0,331,+25,,,2026-08-22
2026-03-30,Nishesh Basavareddy,193.0,306,-,,,2026-08-22
2026-03-30,Nishesh Basavareddy,193.0,306,-,,,2026-08-22
2026-03-16,Nishesh Basavareddy,198.0,306,-,,,2026-08-22
2026-03-16,Nishesh Basavareddy,198.0,306,-,,,2026-08-22
2026-03-02,Nishesh Basavareddy,198.0,306,-25,,,2026-08-22
2026-02-23,Nishesh Basavareddy,186.0,331,+21,25.0,,2026-08-22
2026-02-16,Nishesh Basavareddy,192.0,310,-,,,2026-08-22
2026-02-09,Nishesh Basavareddy,193.0,310,-,,,2026-08-22
2026-02-02,Nishesh Basavareddy,195.0,310,+80,,,2026-08-22
2026-01-05,Nishesh Basavareddy,172.0,336,-13,113.0,,2026-08-22
2025-12-29,Nishesh Basavareddy,167.0,349,-,13.0,,2026-08-22
2025-12-22,Nishesh Basavareddy,167.0,349,-,,,2026-08-22
2025-12-15,Nishesh Basavareddy,167.0,349,-,,,2026-08-22
2025-12-08,Nishesh Basavareddy,167.0,349,-,,,2026-08-22
2025-12-01,Nishesh Basavareddy,167.0,349,-,,,2026-08-22
2025-11-24,Nishesh Basavareddy,166.0,349,-50,,,2026-08-22
2025-11-17,Nishesh Basavareddy,155.0,399,-44,50.0,,2026-08-22
2025-11-10,Nishesh Basavareddy,139.0,443,-22,44.0,,2026-08-22
2025-11-03,Nishesh Basavareddy,135.0,465,-44,22.0,,2026-08-22
2025-10-27,Nishesh Basavareddy,123.0,509,-,44.0,,2026-08-22
2025-10-20,Nishesh Basavareddy,123.0,509,-,,,2026-08-22
2025-10-13,Nishesh Basavareddy,125.0,509,-65,,,2026-08-22
,Ron Holmberg,,,,,,2026-08-22
,Sergio Roitman,,,,,,2026-08-22
,Stefano Galvani,,,,,,2026-08-22
,Ahmed Hassan,,,,,,2026-08-22
,Alessandro Baldoni,,,,,,2026-08-22
,Arnaldo Moreira,,,,,,2026-08-22
,Bo Wade,,,,,,2026-08-22
,Chris Bradnam,,,,,,2026-08-22
,D Hardiman,,,,,,2026-08-22
,Dieter Bruns,,,,,,2026-08-22
,Gerald Mild,,,,,,2026-08-22
,Hideki Kaneko,,,,,,2026-08-22
,Jerry Van Linge,,,,,,2026-08-22
,Ken Jorgenson,,,,,,2026-08-22
,Kevin Menton,,,,,,2026-08-22
,Peter Bendall,,,,,,2026-08-22
,R Giles,,,,,,2026-08-22
,Rene Bertrand,,,,,,2026-08-22
,Tadeusz Nowicki,,,,,,2026-08-22
,Ashley Cooper,,,,,,2026-08-22
,Blaz Kavcic,,,,,,2026-08-22
,Bobby Banck,,,,,,2026-08-22
,Franco Squillari,,,,,,2026-08-22
,Georges Goven,,,,,,2026-08-22
,Josh Goodall,,,,,,2026-08-22
2026-08-10,Leo Borg,547.0,76,-,3.0,,2026-08-22
2026-08-03,Leo Borg,541.0,76,-,,,2026-08-22
2026-07-27,Leo Borg,542.0,76,-3,,,2026-08-22
,Magnus Norman,,,,,,2026-08-22
,Marc Flur,,,,,,2026-08-22
,Peter Carter,,,,,,2026-08-22
,Robin Soderling,,,,,,2026-08-22
,Arthur Watson,,,,,,2026-08-22
,Atet Wijono,,,,,,2026-08-22
,Ben Bishop,,,,,,2026-08-22
,Bernard Paul,,,,,,2026-08-22
,Danny Sullivan,,,,,,2026-08-22
,F Nakano,,,,,,2026-08-22
,Jaidip Mukerjea,,,,,,2026-08-22
,John Pickens,,,,,,2026-08-22
,Luis Felipe Tavares,,,,,,2026-08-22
,Paolo Bodo,,,,,,2026-08-22
,Rob Wallace,,,,,,2026-08-22
,Roger Becker,,,,,,2026-08-22
,Alejandro Gattiker,,,,,,2026-08-22
,Dong Wook Song,,,,,,2026-08-22
2026-08-10,Kilian Feldbausch,235.0,241,-,,,2026-08-22
2026-08-03,Kilian Feldbausch,230.0,241,+12,,,2026-08-22
2026-07-27,Kilian Feldbausch,242.0,229,+38,,,2026-08-22
,Luke Milligan,,,,,,2026-08-22
,A Rodney Mandelstam,,,,,,2026-08-22
,Bernd Osterhorn,,,,,,2026-08-22
,Brad Rowe,,,,,,2026-08-22
,Chuck Alloo,,,,,,2026-08-22
,Dennis Peschek,,,,,,2026-08-22
,Guy Tytherleigh,,,,,,2026-08-22
,Hicham Khaddari,,,,,,2026-08-22
,Hyun Woo Nam,,,,,,2026-08-22
,James Pressly,,,,,,2026-08-22
,Johann Scholtemeyer,,,,,,2026-08-22
,John Wright,,,,,,2026-08-22
,K Javan,,,,,,2026-08-22
,Kent Woodward,,,,,,2026-08-22
,Kerneels Kasch,,,,,,2026-08-22
,Tony Ortiz,,,,,,2026-08-22
,Urs Dietschi,,,,,,2026-08-22
,Uwe Gottschalk,,,,,,2026-08-22
,Van Hill,,,,,,2026-08-22
,Win Irwin,,,,,,2026-08-22
,Zhao Xie,,,,,,2026-08-22
2026-08-10,Abdullah Shelbayh,253.0,222,+16,4.0,,2026-08-22
2026-08-03,Abdullah Shelbayh,267.0,206,-1,,,2026-08-22
2026-07-27,Abdullah Shelbayh,269.0,207,-4,14.0,,2026-08-22
,Fernando Vicente,,,,,,2026-08-22
,Hans Gildemeister,,,,,,2026-08-22
,Ivan Ljubicic,,,,,,2026-08-22
,Jamie Morgan,,,,,,2026-08-22
,Karol Beck,,,,,,2026-08-22
,Manuel Orantes,,,,,,2026-08-22
,Markus Zillner,,,,,,2026-08-22
,Mats Moraing,,,,,,2026-08-22
,Roland Stadler,,,,,,2026-08-22
,Ryan Sweeting,,,,,,2026-08-22
,Thierry Champion,,,,,,2026-08-22
,Tsung Hua Yang,,,,,,2026-08-22
,Alvin Schwarz,,,,,,2026-08-22
,Christoph Meyer,,,,,,2026-08-22
,Dale Leprevost,,,,,,2026-08-22
,David Epstein,,,,,,2026-08-22
,Dennis Lajola,,,,,,2026-08-22
,Francisco Mastelli,,,,,,2026-08-22
,G R D Porteus,,,,,,2026-08-22
,Gary Cruth,,,,,,2026-08-22
,Gary Ogden,,,,,,2026-08-22
,Greg Parker,,,,,,2026-08-22
,J Griman,,,,,,2026-08-22
,Ken Weatherley,,,,,,2026-08-22
,Martin Carlstein,,,,,,2026-08-22
,Miecyslav Rybarczyk,,,,,,2026-08-22
,Robert Potthast,,,,,,2026-08-22
2026-08-10,Thijs Boogaard,492.0,92,-,,,2026-08-22
2026-08-03,Thijs Boogaard,483.0,92,-,,,2026-08-22
2026-07-27,Thijs Boogaard,481.0,92,-,,,2026-08-22
,Tom Lee,,,,,,2026-08-22
,Alexander Ward,,,,,,2026-08-22
2026-08-10,Aziz Dougaz,629.0,59,+10,,,2026-08-22
2026-08-03,Aziz Dougaz,690.0,49,-,,,2026-08-22
2026-07-27,Aziz Dougaz,687.0,49,-21,,,2026-08-22
2026-08-10,Gijs Brouwer,906.0,26,+14,,,2026-08-22
2026-08-03,Gijs Brouwer,1156.0,12,-,,,2026-08-22
2026-07-27,Gijs Brouwer,1146.0,12,-,,,2026-08-22
,Guillermo Rivas,,,,,,2026-08-22
,Hans Podlipnik Castillo,,,,,,2026-08-22
2026-08-10,Jacopo Berrettini,568.0,71,-,,,2026-08-22
2026-08-03,Jacopo Berrettini,561.0,71,-,,,2026-08-22
2026-07-27,Jacopo Berrettini,560.0,71,-3,,,2026-08-22
,Jerome Hanquez,,,,,,2026-08-22
,Justin Bower,,,,,,2026-08-22
,Morris Skip Strode,,,,,,2026-08-22
2026-08-10,Nicolas Jarry,768.0,40,-,,,2026-08-22
2026-08-03,Nicolas Jarry,760.0,40,-,,,2026-08-22
2026-07-27,Nicolas Jarry,763.0,40,-,,,2026-08-22
2026-06-08,Nicolas Jarry,189.0,308,-18,25.0,,2026-08-22
2026-06-08,Nicolas Jarry,189.0,308,-18,25.0,,2026-08-22
2026-05-25,Nicolas Jarry,180.0,326,-,18.0,,2026-08-22
2026-05-25,Nicolas Jarry,180.0,326,-,18.0,,2026-08-22
2026-05-18,Nicolas Jarry,182.0,326,-30,,,2026-08-22
2026-05-18,Nicolas Jarry,182.0,326,-30,,,2026-08-22
2026-05-04,Nicolas Jarry,173.0,356,-55,30.0,,2026-08-22
2026-05-04,Nicolas Jarry,173.0,356,-55,30.0,,2026-08-22
2026-04-20,Nicolas Jarry,156.0,411,+8,55.0,,2026-08-22
2026-04-20,Nicolas Jarry,156.0,411,+8,55.0,,2026-08-22
2026-04-13,Nicolas Jarry,155.0,403,+12,,,2026-08-22
2026-04-13,Nicolas Jarry,155.0,403,+12,,,2026-08-22
2026-04-06,Nicolas Jarry,156.0,391,-,10.0,,2026-08-22
2026-04-06,Nicolas Jarry,156.0,391,-,10.0,,2026-08-22
2026-03-30,Nicolas Jarry,154.0,391,-,,,2026-08-22
2026-03-30,Nicolas Jarry,154.0,391,-,,,2026-08-22
2026-03-16,Nicolas Jarry,152.0,391,-,,,2026-08-22
2026-03-16,Nicolas Jarry,152.0,391,-,,,2026-08-22
2026-03-02,Nicolas Jarry,154.0,391,-,,,2026-08-22
2026-02-23,Nicolas Jarry,155.0,391,-50,,,2026-08-22
2026-02-16,Nicolas Jarry,143.0,441,-,50.0,,2026-08-22
2026-02-09,Nicolas Jarry,143.0,441,-,,,2026-08-22
2026-02-02,Nicolas Jarry,140.0,441,-10,,,2026-08-22
2026-01-19,Nicolas Jarry,133.0,451,-,10.0,,2026-08-22
2026-01-12,Nicolas Jarry,133.0,451,-,,,2026-08-22
2026-01-05,Nicolas Jarry,133.0,451,-50,,,2026-08-22
2025-12-29,Nicolas Jarry,122.0,501,-,50.0,,2026-08-22
2025-12-22,Nicolas Jarry,123.0,501,-,,,2026-08-22
2025-12-15,Nicolas Jarry,123.0,501,-,,,2026-08-22
2025-12-08,Nicolas Jarry,123.0,501,-,,,2026-08-22
2025-12-01,Nicolas Jarry,123.0,501,-,,,2026-08-22
2025-11-24,Nicolas Jarry,121.0,501,-,,,2026-08-22
2025-11-17,Nicolas Jarry,121.0,501,-,,,2026-08-22
2025-11-10,Nicolas Jarry,122.0,501,-,,,2026-08-22
2025-11-03,Nicolas Jarry,120.0,501,-50,,,2026-08-22
2025-10-27,Nicolas Jarry,113.0,551,-,50.0,,2026-08-22
2025-10-20,Nicolas Jarry,114.0,551,-25,,,2026-08-22
2025-10-13,Nicolas Jarry,109.0,576,-10,25.0,,2026-08-22
,Tian C Viljoen,,,,,,2026-08-22
,Andreas Trenkle,,,,,,2026-08-22
,Attila Korpas,,,,,,2026-08-22
,Carlo Zugarelli,,,,,,2026-08-22
,Colin Diederichs,,,,,,2026-08-22
,Filip Krajcik,,,,,,2026-08-22
,Gerardo Bonardi,,,,,,2026-08-22
,Harry Fauquier,,,,,,2026-08-22
,Jack Oates,,,,,,2026-08-22
,James Auckland,,,,,,2026-08-22
,Jan Van Langendonck,,,,,,2026-08-22
,John Bryant,,,,,,2026-08-22
,John Crump,,,,,,2026-08-22
,K Stanley,,,,,,2026-08-22
,Larry Miller,,,,,,2026-08-22
,Mike Elkenberry,,,,,,2026-08-22
,P Finn,,,,,,2026-08-22
,Randall Verdieck,,,,,,2026-08-22
,Stephan Bienz,,,,,,2026-08-22
,Torsten Popp,,,,,,2026-08-22
2026-08-10,Adolfo Daniel Vallejo,70.0,914,-4,,,2026-08-22
2026-08-10,Adolfo Daniel Vallejo,70.0,914,-4,,,2026-08-22
2026-08-10,Adolfo Daniel Vallejo,70.0,914,-4,,,2026-08-22
2026-08-10,Adolfo Daniel Vallejo,70.0,914,-4,,,2026-08-22
2026-08-03,Adolfo Daniel Vallejo,66.0,918,-,,,2026-08-22
2026-08-03,Adolfo Daniel Vallejo,66.0,918,-,,,2026-08-22
2026-08-03,Adolfo Daniel Vallejo,66.0,918,-,,,2026-08-22
2026-08-03,Adolfo Daniel Vallejo,66.0,918,-,,,2026-08-22
2026-07-27,Adolfo Daniel Vallejo,65.0,918,-,,,2026-08-22
2026-07-27,Adolfo Daniel Vallejo,65.0,918,-,,,2026-08-22
2026-07-27,Adolfo Daniel Vallejo,65.0,918,-,,,2026-08-22
2026-07-27,Adolfo Daniel Vallejo,65.0,918,-,,,2026-08-22
2026-07-20,Adolfo Daniel Vallejo,63.0,918,+88,,,2026-08-22
2026-07-20,Adolfo Daniel Vallejo,63.0,918,+88,,,2026-08-22
2026-07-20,Adolfo Daniel Vallejo,63.0,918,+88,,,2026-08-22
2026-07-13,Adolfo Daniel Vallejo,71.0,830,+2,,,2026-08-22
2026-07-13,Adolfo Daniel Vallejo,71.0,830,+2,,,2026-08-22
2026-07-13,Adolfo Daniel Vallejo,71.0,830,+2,,,2026-08-22
2026-06-29,Adolfo Daniel Vallejo,72.0,828,-,,,2026-08-22
2026-06-29,Adolfo Daniel Vallejo,72.0,828,-,,,2026-08-22
2026-06-29,Adolfo Daniel Vallejo,72.0,828,-,,,2026-08-22
2026-06-22,Adolfo Daniel Vallejo,73.0,828,-,,,2026-08-22
2026-06-22,Adolfo Daniel Vallejo,73.0,828,-,,,2026-08-22
2026-06-15,Adolfo Daniel Vallejo,71.0,828,-,,,2026-08-22
2026-06-15,Adolfo Daniel Vallejo,71.0,828,-,,,2026-08-22
2026-06-08,Adolfo Daniel Vallejo,72.0,828,+42,,,2026-08-22
2026-06-08,Adolfo Daniel Vallejo,72.0,828,+42,,,2026-08-22
2026-05-25,Adolfo Daniel Vallejo,71.0,786,-,,,2026-08-22
2026-05-25,Adolfo Daniel Vallejo,71.0,786,-,,,2026-08-22
2026-05-18,Adolfo Daniel Vallejo,70.0,786,+83,,,2026-08-22
2026-05-18,Adolfo Daniel Vallejo,70.0,786,+83,,,2026-08-22
2026-05-04,Adolfo Daniel Vallejo,84.0,703,+63,,,2026-08-22
2026-05-04,Adolfo Daniel Vallejo,84.0,703,+63,,,2026-08-22
2026-04-20,Adolfo Daniel Vallejo,96.0,640,-,,,2026-08-22
2026-04-20,Adolfo Daniel Vallejo,96.0,640,-,,,2026-08-22
2026-04-13,Adolfo Daniel Vallejo,97.0,640,-,,,2026-08-22
2026-04-13,Adolfo Daniel Vallejo,97.0,640,-,,,2026-08-22
2026-04-06,Adolfo Daniel Vallejo,96.0,640,+19,,,2026-08-22
2026-04-06,Adolfo Daniel Vallejo,96.0,640,+19,,,2026-08-22
2026-03-30,Adolfo Daniel Vallejo,101.0,621,-16,,,2026-08-22
2026-03-30,Adolfo Daniel Vallejo,101.0,621,-16,,,2026-08-22
2026-03-16,Adolfo Daniel Vallejo,99.0,637,+44,22.0,6.0,2026-08-22
2026-03-16,Adolfo Daniel Vallejo,99.0,637,+44,22.0,6.0,2026-08-22
2026-03-02,Adolfo Daniel Vallejo,104.0,593,+32,,,2026-08-22
2026-02-23,Adolfo Daniel Vallejo,106.0,561,-19,,,2026-08-22
2026-02-16,Adolfo Daniel Vallejo,103.0,580,-,25.0,6.0,2026-08-22
2026-02-09,Adolfo Daniel Vallejo,101.0,580,-,,,2026-08-22
2026-02-02,Adolfo Daniel Vallejo,104.0,580,+152,,,2026-08-22
2026-01-19,Adolfo Daniel Vallejo,146.0,428,-,33.0,3.0,2026-08-22
2026-01-12,Adolfo Daniel Vallejo,146.0,428,-,,,2026-08-22
2026-01-05,Adolfo Daniel Vallejo,143.0,428,-,,,2026-08-22
2025-12-29,Adolfo Daniel Vallejo,144.0,428,-3,,,2026-08-22
2025-12-22,Adolfo Daniel Vallejo,144.0,431,-,,,2026-08-22
2025-12-15,Adolfo Daniel Vallejo,144.0,431,-,,,2026-08-22
2025-12-08,Adolfo Daniel Vallejo,144.0,431,-,,,2026-08-22
2025-12-01,Adolfo Daniel Vallejo,144.0,431,-,,,2026-08-22
2025-11-24,Adolfo Daniel Vallejo,143.0,431,+75,,,2026-08-22
2025-11-17,Adolfo Daniel Vallejo,163.0,356,+14,,,2026-08-22
2025-11-10,Adolfo Daniel Vallejo,169.0,342,-6,,,2026-08-22
2025-11-03,Adolfo Daniel Vallejo,168.0,348,-,6.0,,2026-08-22
2025-10-27,Adolfo Daniel Vallejo,166.0,348,+57,,,2026-08-22
2025-10-20,Adolfo Daniel Vallejo,190.0,291,+75,7.0,,2026-08-22
,Christer Allgardh,,,,,,2026-08-22
,Denis Gremelmayr,,,,,,2026-08-22
,Fernando Verdasco,,,,,,2026-08-22
,Hans Schwaier,,,,,,2026-08-22
,Jean Baptiste Perlant,,,,,,2026-08-22
,Malek Jaziri,,,,,,2026-08-22
,Rod Frawley,,,,,,2026-08-22
,Shane Barr,,,,,,2026-08-22
,A Saul,,,,,,2026-08-22
,Antonio Domenech,,,,,,2026-08-22
,Bengt Aberg,,,,,,2026-08-22
,J Bentley,,,,,,2026-08-22
,M Billows,,,,,,2026-08-22
,P Eckert,,,,,,2026-08-22
,Reid Robson,,,,,,2026-08-22
,Robert Wilson,,,,,,2026-08-22
,Scott Lipton,,,,,,2026-08-22
,Tom Fontana,,,,,,2026-08-22
,U Thomas,,,,,,2026-08-22
,Ulf Eriksson,,,,,,2026-08-22
,Wolfgang Spannagel,,,,,,2026-08-22
2026-08-10,Alastair Gray,270.0,209,-,15.0,,2026-08-22
2026-08-03,Alastair Gray,264.0,209,-,,,2026-08-22
2026-07-27,Alastair Gray,266.0,209,-,,,2026-08-22
,Albert Ramos,,,,,,2026-08-22
,Andrey Kuznetsov,,,,,,2026-08-22
2026-08-10,Casper Ruud,17.0,2385,+40,10.0,10.0,2026-08-22
2026-08-10,Casper Ruud,17.0,2385,+40,10.0,10.0,2026-08-22
2026-08-10,Casper Ruud,17.0,2385,+40,10.0,10.0,2026-08-22
2026-08-10,Casper Ruud,17.0,2385,+40,10.0,10.0,2026-08-22
2026-08-03,Casper Ruud,14.0,2345,-90,,,2026-08-22
2026-08-03,Casper Ruud,14.0,2345,-90,,,2026-08-22
2026-08-03,Casper Ruud,14.0,2345,-90,,,2026-08-22
2026-08-03,Casper Ruud,14.0,2345,-90,,,2026-08-22
2026-07-27,Casper Ruud,13.0,2435,-,100.0,10.0,2026-08-22
2026-07-27,Casper Ruud,13.0,2435,-,100.0,10.0,2026-08-22
2026-07-27,Casper Ruud,13.0,2435,-,100.0,10.0,2026-08-22
2026-07-27,Casper Ruud,13.0,2435,-,100.0,10.0,2026-08-22
2026-07-20,Casper Ruud,13.0,2435,-,,,2026-08-22
2026-07-20,Casper Ruud,13.0,2435,-,,,2026-08-22
2026-07-20,Casper Ruud,13.0,2435,-,,,2026-08-22
2026-07-13,Casper Ruud,13.0,2435,+10,50.0,10.0,2026-08-22
2026-07-13,Casper Ruud,13.0,2435,+10,50.0,10.0,2026-08-22
2026-07-13,Casper Ruud,13.0,2435,+10,50.0,10.0,2026-08-22
2026-06-29,Casper Ruud,12.0,2425,-,,,2026-08-22
2026-06-29,Casper Ruud,12.0,2425,-,,,2026-08-22
2026-06-29,Casper Ruud,12.0,2425,-,,,2026-08-22
2026-06-22,Casper Ruud,12.0,2425,-,,,2026-08-22
2026-06-22,Casper Ruud,12.0,2425,-,,,2026-08-22
2026-06-15,Casper Ruud,14.0,2425,-,,,2026-08-22
2026-06-15,Casper Ruud,14.0,2425,-,,,2026-08-22
2026-06-08,Casper Ruud,14.0,2425,+150,,,2026-08-22
2026-06-08,Casper Ruud,14.0,2425,+150,,,2026-08-22
2026-05-25,Casper Ruud,16.0,2275,+90,50.0,10.0,2026-08-22
2026-05-25,Casper Ruud,16.0,2275,+90,50.0,10.0,2026-08-22
2026-05-18,Casper Ruud,17.0,2185,+450,,,2026-08-22
2026-05-18,Casper Ruud,17.0,2185,+450,,,2026-08-22
2026-05-04,Casper Ruud,25.0,1735,-800,200.0,10.0,2026-08-22
2026-05-04,Casper Ruud,25.0,1735,-800,200.0,10.0,2026-08-22
2026-04-20,Casper Ruud,15.0,2535,-90,1000.0,10.0,2026-08-22
2026-04-20,Casper Ruud,15.0,2535,-90,1000.0,10.0,2026-08-22
2026-04-13,Casper Ruud,12.0,2625,-,100.0,10.0,2026-08-22
2026-04-13,Casper Ruud,12.0,2625,-,100.0,10.0,2026-08-22
2026-04-06,Casper Ruud,12.0,2625,-,100.0,10.0,2026-08-22
2026-04-06,Casper Ruud,12.0,2625,-,100.0,10.0,2026-08-22
2026-03-30,Casper Ruud,12.0,2625,-90,,,2026-08-22
2026-03-30,Casper Ruud,12.0,2625,-90,,,2026-08-22
2026-03-16,Casper Ruud,12.0,2715,+90,100.0,10.0,2026-08-22
2026-03-16,Casper Ruud,12.0,2715,+90,100.0,10.0,2026-08-22
2026-03-02,Casper Ruud,13.0,2625,-40,10.0,10.0,2026-08-22
2026-02-23,Casper Ruud,12.0,2665,+40,50.0,10.0,2026-08-22
2026-02-16,Casper Ruud,13.0,2625,-,,,2026-08-22
2026-02-09,Casper Ruud,13.0,2625,-320,,,2026-08-22
2026-02-02,Casper Ruud,12.0,2945,+150,330.0,10.0,2026-08-22
2026-01-19,Casper Ruud,13.0,2795,-,50.0,10.0,2026-08-22
2026-01-12,Casper Ruud,13.0,2795,+45,,,2026-08-22
2026-01-05,Casper Ruud,12.0,2750,-75,,,2026-08-22
2025-12-29,Casper Ruud,12.0,2825,-10,85.0,10.0,2026-08-22
2025-12-22,Casper Ruud,12.0,2835,-,,,2026-08-22
2025-12-15,Casper Ruud,12.0,2835,-,,,2026-08-22
2025-12-08,Casper Ruud,12.0,2835,-,,,2026-08-22
2025-12-01,Casper Ruud,12.0,2835,-,,,2026-08-22
2025-11-24,Casper Ruud,12.0,2835,-,,,2026-08-22
2025-11-17,Casper Ruud,12.0,2835,-,,,2026-08-22
2025-11-10,Casper Ruud,12.0,2835,-400,,,2026-08-22
2025-11-03,Casper Ruud,10.0,3235,-,400.0,10.0,2026-08-22
2025-10-27,Casper Ruud,9.0,3235,+90,10.0,10.0,2026-08-22
2025-10-20,Casper Ruud,11.0,3145,+200,,,2026-08-22
2025-10-13,Casper Ruud,12.0,2945,-,50.0,10.0,2026-08-22
,Ivo Werner,,,,,,2026-08-22
2026-08-10,Michael Zheng,110.0,595,+30,75.0,,2026-08-22
2026-08-10,Michael Zheng,110.0,595,+30,75.0,,2026-08-22
2026-08-10,Michael Zheng,110.0,595,+30,75.0,,2026-08-22
2026-08-10,Michael Zheng,110.0,595,+30,75.0,,2026-08-22
2026-08-03,Michael Zheng,113.0,565,+13,,,2026-08-22
2026-08-03,Michael Zheng,113.0,565,+13,,,2026-08-22
2026-08-03,Michael Zheng,113.0,565,+13,,,2026-08-22
2026-08-03,Michael Zheng,113.0,565,+13,,,2026-08-22
2026-07-27,Michael Zheng,118.0,552,+28,12.0,,2026-08-22
2026-07-27,Michael Zheng,118.0,552,+28,12.0,,2026-08-22
2026-07-27,Michael Zheng,118.0,552,+28,12.0,,2026-08-22
2026-07-27,Michael Zheng,118.0,552,+28,12.0,,2026-08-22
2026-07-20,Michael Zheng,120.0,524,-,7.0,,2026-08-22
2026-07-20,Michael Zheng,120.0,524,-,7.0,,2026-08-22
2026-07-20,Michael Zheng,120.0,524,-,7.0,,2026-08-22
2026-07-13,Michael Zheng,121.0,524,+114,,,2026-08-22
2026-07-13,Michael Zheng,121.0,524,+114,,,2026-08-22
2026-07-13,Michael Zheng,121.0,524,+114,,,2026-08-22
2026-06-29,Michael Zheng,144.0,410,-,16.0,,2026-08-22
2026-06-29,Michael Zheng,144.0,410,-,16.0,,2026-08-22
2026-06-29,Michael Zheng,144.0,410,-,16.0,,2026-08-22
2026-06-22,Michael Zheng,143.0,410,-,,,2026-08-22
2026-06-22,Michael Zheng,143.0,410,-,,,2026-08-22
2026-06-15,Michael Zheng,146.0,410,-,,,2026-08-22
2026-06-15,Michael Zheng,146.0,410,-,,,2026-08-22
2026-06-08,Michael Zheng,147.0,410,-4,,,2026-08-22
2026-06-08,Michael Zheng,147.0,410,-4,,,2026-08-22
2026-05-25,Michael Zheng,146.0,414,-,44.0,,2026-08-22
2026-05-25,Michael Zheng,146.0,414,-,44.0,,2026-08-22
2026-05-18,Michael Zheng,146.0,414,-,,,2026-08-22
2026-05-18,Michael Zheng,146.0,414,-,,,2026-08-22
2026-05-04,Michael Zheng,149.0,414,-,,,2026-08-22
2026-05-04,Michael Zheng,149.0,414,-,,,2026-08-22
2026-04-20,Michael Zheng,154.0,414,-,,,2026-08-22
2026-04-20,Michael Zheng,154.0,414,-,,,2026-08-22
2026-04-13,Michael Zheng,152.0,414,-,,,2026-08-22
2026-04-13,Michael Zheng,152.0,414,-,,,2026-08-22
2026-04-06,Michael Zheng,151.0,414,-,,,2026-08-22
2026-04-06,Michael Zheng,151.0,414,-,,,2026-08-22
2026-03-30,Michael Zheng,150.0,414,-,,,2026-08-22
2026-03-30,Michael Zheng,150.0,414,-,,,2026-08-22
2026-03-16,Michael Zheng,145.0,414,-,,,2026-08-22
2026-03-16,Michael Zheng,145.0,414,-,,,2026-08-22
2026-03-02,Michael Zheng,145.0,414,-,,,2026-08-22
2026-02-23,Michael Zheng,149.0,414,-,,,2026-08-22
2026-02-16,Michael Zheng,152.0,414,-,,,2026-08-22
2026-02-09,Michael Zheng,151.0,414,-,,,2026-08-22
2026-02-02,Michael Zheng,148.0,414,+77,,,2026-08-22
2026-01-19,Michael Zheng,174.0,337,-,3.0,,2026-08-22
2026-01-12,Michael Zheng,174.0,337,+22,,,2026-08-22
2026-01-05,Michael Zheng,182.0,315,-,,,2026-08-22
2025-12-29,Michael Zheng,188.0,315,-,,,2026-08-22
2025-12-22,Michael Zheng,190.0,315,-,,,2026-08-22
2025-12-15,Michael Zheng,190.0,315,-,,,2026-08-22
2025-12-08,Michael Zheng,190.0,315,-,,,2026-08-22
2025-12-01,Michael Zheng,192.0,315,-,,,2026-08-22
2025-11-24,Michael Zheng,187.0,315,-,,,2026-08-22
2025-11-17,Michael Zheng,185.0,315,-,,,2026-08-22
2025-11-10,Michael Zheng,185.0,315,-,,,2026-08-22
2025-11-03,Michael Zheng,184.0,315,-,,,2026-08-22
2025-10-27,Michael Zheng,181.0,315,-,,,2026-08-22
2025-10-20,Michael Zheng,181.0,315,-,,,2026-08-22
2025-10-13,Michael Zheng,180.0,315,+75,,,2026-08-22
,Oscar Ortiz,,,,,,2026-08-22
2026-08-10,Philip Sekulic,307.0,180,-,28.0,,2026-08-22
2026-08-03,Philip Sekulic,304.0,180,-,,,2026-08-22
2026-07-27,Philip Sekulic,301.0,180,-,,,2026-08-22
,Radek Stepanek,,,,,,2026-08-22
,Ricky Brown,,,,,,2026-08-22
,Somdev Devvarman,,,,,,2026-08-22
,Steve Guy,,,,,,2026-08-22
,Victor Sendin,,,,,,2026-08-22
,Vladimir Voltchkov,,,,,,2026-08-22
2026-08-10,Yaraslav Shyla,,2,-,,,2026-08-22
2026-08-03,Yaraslav Shyla,,2,-,,,2026-08-22
2026-07-27,Yaraslav Shyla,,2,-,,,2026-08-22
,Yasufumi Yamamoto,,,,,,2026-08-22
,Younes Lalami Laaroussi,,,,,,2026-08-22
,A Simcox,,,,,,2026-08-22
,Alfredo Millet,,,,,,2026-08-22
,Christian Kuhnke,,,,,,2026-08-22
,Dave Barton,,,,,,2026-08-22
,Don Ernst,,,,,,2026-08-22
,Gary Drake,,,,,,2026-08-22
,J Green,,,,,,2026-08-22
,Jannie De Villiers,,,,,,2026-08-22
,Jasjit Singh,,,,,,2026-08-22
,John Sharpe,,,,,,2026-08-22
,Jorge Cano,,,,,,2026-08-22
,M Hill,,,,,,2026-08-22
,N Trotter,,,,,,2026-08-22
,Noel Jensen,,,,,,2026-08-22
,Steve Tidball,,,,,,2026-08-22
,Supoj Meesawad,,,,,,2026-08-22
,Tony Richey,,,,,,2026-08-22
,Arvind Parmar,,,,,,2026-08-22
,Donni Leaycraft,,,,,,2026-08-22
,Gilbert Schaller,,,,,,2026-08-22
2026-08-10,Jakub Mensik,16.0,2395,+190,50.0,10.0,2026-08-22
2026-08-10,Jakub Mensik,16.0,2395,+190,50.0,10.0,2026-08-22
2026-08-10,Jakub Mensik,16.0,2395,+190,50.0,10.0,2026-08-22
2026-08-10,Jakub Mensik,16.0,2395,+190,50.0,10.0,2026-08-22
2026-08-03,Jakub Mensik,17.0,2205,-,,,2026-08-22
2026-08-03,Jakub Mensik,17.0,2205,-,,,2026-08-22
2026-08-03,Jakub Mensik,17.0,2205,-,,,2026-08-22
2026-08-03,Jakub Mensik,17.0,2205,-,,,2026-08-22
2026-07-27,Jakub Mensik,17.0,2205,-,50.0,10.0,2026-08-22
2026-07-27,Jakub Mensik,17.0,2205,-,50.0,10.0,2026-08-22
2026-07-27,Jakub Mensik,17.0,2205,-,50.0,10.0,2026-08-22
2026-07-27,Jakub Mensik,17.0,2205,-,50.0,10.0,2026-08-22
2026-07-20,Jakub Mensik,18.0,2205,-,,,2026-08-22
2026-07-20,Jakub Mensik,18.0,2205,-,,,2026-08-22
2026-07-20,Jakub Mensik,18.0,2205,-,,,2026-08-22
2026-07-13,Jakub Mensik,19.0,2205,-50,,,2026-08-22
2026-07-13,Jakub Mensik,19.0,2205,-50,,,2026-08-22
2026-07-13,Jakub Mensik,19.0,2205,-50,,,2026-08-22
2026-06-29,Jakub Mensik,18.0,2255,-40,100.0,10.0,2026-08-22
2026-06-29,Jakub Mensik,18.0,2255,-40,100.0,10.0,2026-08-22
2026-06-29,Jakub Mensik,18.0,2255,-40,100.0,10.0,2026-08-22
2026-06-22,Jakub Mensik,17.0,2295,-5,50.0,10.0,2026-08-22
2026-06-22,Jakub Mensik,17.0,2295,-5,50.0,10.0,2026-08-22
2026-06-15,Jakub Mensik,16.0,2300,-,50.0,45.0,2026-08-22
2026-06-15,Jakub Mensik,16.0,2300,-,50.0,45.0,2026-08-22
2026-06-08,Jakub Mensik,17.0,2300,+750,,,2026-08-22
2026-06-08,Jakub Mensik,17.0,2300,+750,,,2026-08-22
2026-05-25,Jakub Mensik,27.0,1550,+40,50.0,45.0,2026-08-22
2026-05-25,Jakub Mensik,27.0,1550,+40,50.0,45.0,2026-08-22
2026-05-18,Jakub Mensik,28.0,1510,-90,,,2026-08-22
2026-05-18,Jakub Mensik,28.0,1510,-90,,,2026-08-22
2026-05-04,Jakub Mensik,28.0,1600,-100,100.0,45.0,2026-08-22
2026-05-04,Jakub Mensik,28.0,1600,-100,100.0,45.0,2026-08-22
2026-04-20,Jakub Mensik,27.0,1700,-,200.0,45.0,2026-08-22
2026-04-20,Jakub Mensik,27.0,1700,-,200.0,45.0,2026-08-22
2026-04-13,Jakub Mensik,25.0,1700,-,,,2026-08-22
2026-04-13,Jakub Mensik,25.0,1700,-,,,2026-08-22
2026-04-06,Jakub Mensik,26.0,1700,-,,,2026-08-22
2026-04-06,Jakub Mensik,26.0,1700,-,,,2026-08-22
2026-03-30,Jakub Mensik,26.0,1700,-950,,,2026-08-22
2026-03-30,Jakub Mensik,26.0,1700,-950,,,2026-08-22
2026-03-16,Jakub Mensik,13.0,2650,-,1000.0,45.0,2026-08-22
2026-03-16,Jakub Mensik,13.0,2650,-,1000.0,45.0,2026-08-22
2026-03-02,Jakub Mensik,12.0,2650,+55,50.0,45.0,2026-08-22
2026-02-23,Jakub Mensik,13.0,2595,+170,,,2026-08-22
2026-02-16,Jakub Mensik,16.0,2425,-,,,2026-08-22
2026-02-09,Jakub Mensik,16.0,2425,-20,,,2026-08-22
2026-02-02,Jakub Mensik,16.0,2445,+100,50.0,30.0,2026-08-22
2026-01-19,Jakub Mensik,17.0,2345,+220,100.0,30.0,2026-08-22
2026-01-12,Jakub Mensik,18.0,2125,-5,,,2026-08-22
2026-01-05,Jakub Mensik,18.0,2130,-20,50.0,10.0,2026-08-22
2025-12-29,Jakub Mensik,19.0,2150,-30,50.0,30.0,2026-08-22
2025-12-22,Jakub Mensik,19.0,2180,-,,,2026-08-22
2025-12-15,Jakub Mensik,19.0,2180,-,,,2026-08-22
2025-12-08,Jakub Mensik,19.0,2180,-,,,2026-08-22
2025-12-01,Jakub Mensik,19.0,2180,-,,,2026-08-22
2025-11-24,Jakub Mensik,19.0,2180,-,,,2026-08-22
2025-11-17,Jakub Mensik,19.0,2180,-,,,2026-08-22
2025-11-10,Jakub Mensik,19.0,2180,-,,,2026-08-22
2025-11-03,Jakub Mensik,19.0,2180,-16,,,2026-08-22
2025-10-27,Jakub Mensik,19.0,2196,-69,16.0,10.0,2026-08-22
2025-10-20,Jakub Mensik,19.0,2265,-,125.0,16.0,2026-08-22
2025-10-13,Jakub Mensik,19.0,2265,-190,,,2026-08-22
,Jim Thomas,,,,,,2026-08-22
,Jimmy Connors,,,,,,2026-08-22
,Michael Geserer,,,,,,2026-08-22
,Patrik Rosenholm,,,,,,2026-08-22
,Steve Kennedy,,,,,,2026-08-22
2026-08-10,Timofey Skatov,149.0,391,-,119.0,,2026-08-22
2026-08-10,Timofey Skatov,149.0,391,-,119.0,,2026-08-22
2026-08-10,Timofey Skatov,149.0,391,-,119.0,,2026-08-22
2026-08-10,Timofey Skatov,149.0,391,-,119.0,,2026-08-22
2026-08-03,Timofey Skatov,147.0,391,+10,,,2026-08-22
2026-08-03,Timofey Skatov,147.0,391,+10,,,2026-08-22
2026-08-03,Timofey Skatov,147.0,391,+10,,,2026-08-22
2026-08-03,Timofey Skatov,147.0,391,+10,,,2026-08-22
2026-07-27,Timofey Skatov,150.0,381,+32,6.0,,2026-08-22
2026-07-27,Timofey Skatov,150.0,381,+32,6.0,,2026-08-22
2026-07-27,Timofey Skatov,150.0,381,+32,6.0,,2026-08-22
2026-07-27,Timofey Skatov,150.0,381,+32,6.0,,2026-08-22
2026-07-20,Timofey Skatov,163.0,349,+6,,,2026-08-22
2026-07-20,Timofey Skatov,163.0,349,+6,,,2026-08-22
2026-07-20,Timofey Skatov,163.0,349,+6,,,2026-08-22
2026-07-13,Timofey Skatov,163.0,343,+8,7.0,,2026-08-22
2026-07-13,Timofey Skatov,163.0,343,+8,7.0,,2026-08-22
2026-07-13,Timofey Skatov,163.0,343,+8,7.0,,2026-08-22
2026-06-29,Timofey Skatov,172.0,335,-,8.0,,2026-08-22
2026-06-29,Timofey Skatov,172.0,335,-,8.0,,2026-08-22
2026-06-29,Timofey Skatov,172.0,335,-,8.0,,2026-08-22
2026-06-22,Timofey Skatov,178.0,335,-7,,,2026-08-22
2026-06-22,Timofey Skatov,178.0,335,-7,,,2026-08-22
2026-06-15,Timofey Skatov,176.0,342,-,7.0,,2026-08-22
2026-06-15,Timofey Skatov,176.0,342,-,7.0,,2026-08-22
2026-06-08,Timofey Skatov,175.0,342,+28,,,2026-08-22
2026-06-08,Timofey Skatov,175.0,342,+28,,,2026-08-22
2026-05-25,Timofey Skatov,189.0,314,-,14.0,,2026-08-22
2026-05-25,Timofey Skatov,189.0,314,-,14.0,,2026-08-22
2026-05-18,Timofey Skatov,191.0,314,-3,,,2026-08-22
2026-05-18,Timofey Skatov,191.0,314,-3,,,2026-08-22
2026-05-04,Timofey Skatov,188.0,317,+17,6.0,,2026-08-22
2026-05-04,Timofey Skatov,188.0,317,+17,6.0,,2026-08-22
2026-04-20,Timofey Skatov,198.0,300,-,8.0,,2026-08-22
2026-04-20,Timofey Skatov,198.0,300,-,8.0,,2026-08-22
2026-04-13,Timofey Skatov,195.0,300,+8,,,2026-08-22
2026-04-13,Timofey Skatov,195.0,300,+8,,,2026-08-22
2026-04-06,Timofey Skatov,198.0,292,-,,,2026-08-22
2026-04-06,Timofey Skatov,198.0,292,-,,,2026-08-22
2026-03-16,Timofey Skatov,195.0,310,-8,18.0,,2026-08-22
2026-03-16,Timofey Skatov,195.0,310,-8,18.0,,2026-08-22
2026-03-02,Timofey Skatov,191.0,318,+2,8.0,,2026-08-22
2026-02-23,Timofey Skatov,192.0,316,+8,,,2026-08-22
2026-02-16,Timofey Skatov,195.0,308,-6,,,2026-08-22
2026-02-09,Timofey Skatov,191.0,314,-10,6.0,,2026-08-22
2026-02-02,Timofey Skatov,190.0,324,-,14.0,4.0,2026-08-22
2026-01-19,Timofey Skatov,183.0,324,+22,,,2026-08-22
2026-01-12,Timofey Skatov,195.0,302,+64,,,2026-08-22
,Adrian Bohane,,,,,,2026-08-22
,C J Bendall,,,,,,2026-08-22
,Cumhur Ongen,,,,,,2026-08-22
,Don Brosseau,,,,,,2026-08-22
,Eddie Cruz,,,,,,2026-08-22
,Frank Cornell Jr,,,,,,2026-08-22
,Guillermo Hormazabal,,,,,,2026-08-22
,Larry Gottfried,,,,,,2026-08-22
,M Cauvin,,,,,,2026-08-22
,Nicola Spear,,,,,,2026-08-22
,Peter Daub,,,,,,2026-08-22
,Phil Martin,,,,,,2026-08-22
,Rodney Harvey,,,,,,2026-08-22
,Steven Wright,,,,,,2026-08-22
,Alejandro Gonzalez,,,,,,2026-08-22
,Carlos Castellan,,,,,,2026-08-22
2026-08-10,Damir Dzumhur,104.0,632,-,30.0,10.0,2026-08-22
2026-08-10,Damir Dzumhur,104.0,632,-,30.0,10.0,2026-08-22
2026-08-10,Damir Dzumhur,104.0,632,-,30.0,10.0,2026-08-22
2026-08-10,Damir Dzumhur,104.0,632,-,30.0,10.0,2026-08-22
2026-08-03,Damir Dzumhur,104.0,632,-,,,2026-08-22
2026-08-03,Damir Dzumhur,104.0,632,-,,,2026-08-22
2026-08-03,Damir Dzumhur,104.0,632,-,,,2026-08-22
2026-08-03,Damir Dzumhur,104.0,632,-,,,2026-08-22
2026-07-27,Damir Dzumhur,102.0,632,-87,,,2026-08-22
2026-07-27,Damir Dzumhur,102.0,632,-87,,,2026-08-22
2026-07-27,Damir Dzumhur,102.0,632,-87,,,2026-08-22
2026-07-27,Damir Dzumhur,102.0,632,-87,,,2026-08-22
2026-07-20,Damir Dzumhur,87.0,719,+115,100.0,13.0,2026-08-22
2026-07-20,Damir Dzumhur,87.0,719,+115,100.0,13.0,2026-08-22
2026-07-20,Damir Dzumhur,87.0,719,+115,100.0,13.0,2026-08-22
2026-07-13,Damir Dzumhur,108.0,604,-,50.0,13.0,2026-08-22
2026-07-13,Damir Dzumhur,108.0,604,-,50.0,13.0,2026-08-22
2026-07-13,Damir Dzumhur,108.0,604,-,50.0,13.0,2026-08-22
2026-06-29,Damir Dzumhur,105.0,604,-,10.0,13.0,2026-08-22
2026-06-29,Damir Dzumhur,105.0,604,-,10.0,13.0,2026-08-22
2026-06-29,Damir Dzumhur,105.0,604,-,10.0,13.0,2026-08-22
2026-06-22,Damir Dzumhur,104.0,604,-,,,2026-08-22
2026-06-22,Damir Dzumhur,104.0,604,-,,,2026-08-22
2026-06-15,Damir Dzumhur,105.0,604,-,,,2026-08-22
2026-06-15,Damir Dzumhur,105.0,604,-,,,2026-08-22
2026-06-08,Damir Dzumhur,103.0,604,-90,,,2026-08-22
2026-06-08,Damir Dzumhur,103.0,604,-90,,,2026-08-22
2026-05-25,Damir Dzumhur,87.0,694,-,100.0,10.0,2026-08-22
2026-05-25,Damir Dzumhur,87.0,694,-,100.0,10.0,2026-08-22
2026-05-18,Damir Dzumhur,87.0,694,+20,,,2026-08-22
2026-05-18,Damir Dzumhur,87.0,694,+20,,,2026-08-22
2026-05-04,Damir Dzumhur,87.0,674,-20,23.0,20.0,2026-08-22
2026-05-04,Damir Dzumhur,87.0,674,-20,23.0,20.0,2026-08-22
2026-04-20,Damir Dzumhur,84.0,694,-,50.0,10.0,2026-08-22
2026-04-20,Damir Dzumhur,84.0,694,-,50.0,10.0,2026-08-22
2026-04-13,Damir Dzumhur,82.0,694,+13,,,2026-08-22
2026-04-13,Damir Dzumhur,82.0,694,+13,,,2026-08-22
2026-04-06,Damir Dzumhur,81.0,681,-50,,,2026-08-22
2026-04-06,Damir Dzumhur,81.0,681,-50,,,2026-08-22
2026-03-30,Damir Dzumhur,74.0,731,+8,100.0,10.0,2026-08-22
2026-03-30,Damir Dzumhur,74.0,731,+8,100.0,10.0,2026-08-22
2026-03-16,Damir Dzumhur,76.0,723,-117,22.0,10.0,2026-08-22
2026-03-16,Damir Dzumhur,76.0,723,-117,22.0,10.0,2026-08-22
2026-03-02,Damir Dzumhur,64.0,840,-37,140.0,23.0,2026-08-22
2026-02-23,Damir Dzumhur,60.0,877,-,50.0,13.0,2026-08-22
2026-02-16,Damir Dzumhur,62.0,877,-,50.0,13.0,2026-08-22
2026-02-09,Damir Dzumhur,62.0,877,-,,,2026-08-22
2026-02-02,Damir Dzumhur,62.0,877,+40,,,2026-08-22
2026-01-19,Damir Dzumhur,66.0,837,-,10.0,13.0,2026-08-22
2026-01-12,Damir Dzumhur,66.0,837,-,,,2026-08-22
2026-01-05,Damir Dzumhur,65.0,837,-,,,2026-08-22
2025-12-29,Damir Dzumhur,66.0,837,-13,,,2026-08-22
2025-12-22,Damir Dzumhur,65.0,850,-,,,2026-08-22
2025-12-15,Damir Dzumhur,65.0,850,-,,,2026-08-22
2025-12-08,Damir Dzumhur,65.0,850,-,,,2026-08-22
2025-12-01,Damir Dzumhur,65.0,850,-87,,,2026-08-22
2025-11-24,Damir Dzumhur,57.0,937,-,100.0,13.0,2026-08-22
2025-11-17,Damir Dzumhur,57.0,937,-,,,2026-08-22
2025-11-10,Damir Dzumhur,57.0,937,+12,,,2026-08-22
2025-11-03,Damir Dzumhur,58.0,925,+27,,,2026-08-22
2025-10-27,Damir Dzumhur,63.0,898,+15,,,2026-08-22
2025-10-20,Damir Dzumhur,63.0,883,+15,,,2026-08-22
2025-10-13,Damir Dzumhur,67.0,868,-,,,2026-08-22
,Duck Hee Lee,,,,,,2026-08-22
,Emilio Gomez,,,,,,2026-08-22
2026-08-10,Enzo Couacaud,1182.0,11,-,,,2026-08-22
2026-08-03,Enzo Couacaud,1177.0,11,-,,,2026-08-22
2026-07-27,Enzo Couacaud,1168.0,11,-,,,2026-08-22
,Eric Fromm,,,,,,2026-08-22
,Jan Kodes,,,,,,2026-08-22
,Jaromir Becka,,,,,,2026-08-22
2026-08-10,Matej Dodig,251.0,225,+11,22.0,,2026-08-22
2026-08-03,Matej Dodig,257.0,214,-,,,2026-08-22
2026-07-27,Matej Dodig,258.0,214,-,,,2026-08-22
2026-06-08,Matej Dodig,199.0,290,+7,18.0,,2026-08-22
2026-06-08,Matej Dodig,199.0,290,+7,18.0,,2026-08-22
2026-03-30,Matej Dodig,199.0,297,+26,12.0,,2026-08-22
2026-03-30,Matej Dodig,199.0,297,+26,12.0,,2026-08-22
,Ove Nils Bengtson,,,,,,2026-08-22
,Raphael Durek,,,,,,2026-08-22
,Ronnie Bathman,,,,,,2026-08-22
,Shahar Perkiss,,,,,,2026-08-22
2026-08-10,Theo Papamalamis,654.0,55,+8,7.0,,2026-08-22
2026-08-03,Theo Papamalamis,714.0,47,-,,,2026-08-22
2026-07-27,Theo Papamalamis,707.0,47,+3,,,2026-08-22
,Albert Simangunsong,,,,,,2026-08-22
,Aljoscha Thron,,,,,,2026-08-22
,Allan Hitchcock,,,,,,2026-08-22
,B Yoranssen,,,,,,2026-08-22
,Brian Bowman,,,,,,2026-08-22
,Brian Copley,,,,,,2026-08-22
,D B Huges,,,,,,2026-08-22
,Dean Nogrady,,,,,,2026-08-22
,Gary Penberthy,,,,,,2026-08-22
,J Rudman,,,,,,2026-08-22
,Keith Reynolds,,,,,,2026-08-22
,Keith Wooldridge,,,,,,2026-08-22
,Max Senior,,,,,,2026-08-22
,Mazariegos,,,,,,2026-08-22
,Nezih Gunal,,,,,,2026-08-22
,Patricio Arquez,,,,,,2026-08-22
,Steve Turner,,,,,,2026-08-22
,T Hall,,,,,,2026-08-22
,Alex Kuznetsov,,,,,,2026-08-22
,Ferrante Rocchi,,,,,,2026-08-22
,Gilad Bloom,,,,,,2026-08-22
,Grant Stafford,,,,,,2026-08-22
2026-08-10,Illya Marchenko,,2,-,,,2026-08-22
2026-08-03,Illya Marchenko,,2,-,,,2026-08-22
2026-07-27,Illya Marchenko,,2,-,,,2026-08-22
,Laurent Prades,,,,,,2026-08-22
,Markus Zoecke,,,,,,2026-08-22
,Nicolas Escude,,,,,,2026-08-22
,Nicolas Mahut,,,,,,2026-08-22
,Omni Kumar,,,,,,2026-08-22
,Teymuraz Gabashvili,,,,,,2026-08-22
,Trevor Kronemann,,,,,,2026-08-22
2026-08-10,Vitaliy Sachko,191.0,298,-,6.0,,2026-08-22
2026-08-10,Vitaliy Sachko,191.0,298,-,6.0,,2026-08-22
2026-08-10,Vitaliy Sachko,191.0,298,-,6.0,,2026-08-22
2026-08-10,Vitaliy Sachko,191.0,298,-,6.0,,2026-08-22
2026-08-03,Vitaliy Sachko,189.0,298,-,,,2026-08-22
2026-08-03,Vitaliy Sachko,189.0,298,-,,,2026-08-22
2026-08-03,Vitaliy Sachko,189.0,298,-,,,2026-08-22
2026-08-03,Vitaliy Sachko,189.0,298,-,,,2026-08-22
2026-07-27,Vitaliy Sachko,192.0,298,+7,,,2026-08-22
2026-07-27,Vitaliy Sachko,192.0,298,+7,,,2026-08-22
2026-07-27,Vitaliy Sachko,192.0,298,+7,,,2026-08-22
2026-07-27,Vitaliy Sachko,192.0,298,+7,,,2026-08-22
2026-07-20,Vitaliy Sachko,195.0,291,+7,,,2026-08-22
2026-07-20,Vitaliy Sachko,195.0,291,+7,,,2026-08-22
2026-07-20,Vitaliy Sachko,195.0,291,+7,,,2026-08-22
2026-07-13,Vitaliy Sachko,195.0,284,-7,,,2026-08-22
2026-07-13,Vitaliy Sachko,195.0,284,-7,,,2026-08-22
2026-07-13,Vitaliy Sachko,195.0,284,-7,,,2026-08-22
2026-06-29,Vitaliy Sachko,198.0,291,-,7.0,,2026-08-22
2026-06-29,Vitaliy Sachko,198.0,291,-,7.0,,2026-08-22
2026-06-29,Vitaliy Sachko,198.0,291,-,7.0,,2026-08-22
2026-06-22,Vitaliy Sachko,199.0,291,-,,,2026-08-22
2026-06-22,Vitaliy Sachko,199.0,291,-,,,2026-08-22
2026-06-15,Vitaliy Sachko,199.0,291,+25,,,2026-08-22
2026-06-15,Vitaliy Sachko,199.0,291,+25,,,2026-08-22
2026-05-04,Vitaliy Sachko,193.0,305,-2,23.0,,2026-08-22
2026-05-04,Vitaliy Sachko,193.0,305,-2,23.0,,2026-08-22
2026-04-20,Vitaliy Sachko,191.0,307,+25,8.0,,2026-08-22
2026-04-20,Vitaliy Sachko,191.0,307,+25,8.0,,2026-08-22
2026-04-06,Vitaliy Sachko,180.0,332,-26,50.0,,2026-08-22
2026-04-06,Vitaliy Sachko,180.0,332,-26,50.0,,2026-08-22
2026-03-30,Vitaliy Sachko,169.0,358,+35,48.0,,2026-08-22
2026-03-30,Vitaliy Sachko,169.0,358,+35,48.0,,2026-08-22
2026-03-16,Vitaliy Sachko,186.0,323,-6,,,2026-08-22
2026-03-16,Vitaliy Sachko,186.0,323,-6,,,2026-08-22
2026-03-02,Vitaliy Sachko,188.0,329,-4,6.0,,2026-08-22
2026-02-23,Vitaliy Sachko,185.0,333,-,4.0,,2026-08-22
2026-02-16,Vitaliy Sachko,181.0,333,-3,,,2026-08-22
2026-02-09,Vitaliy Sachko,179.0,336,-,3.0,,2026-08-22
2026-02-02,Vitaliy Sachko,182.0,336,-13,,,2026-08-22
2026-01-19,Vitaliy Sachko,166.0,349,-,21.0,,2026-08-22
2026-01-12,Vitaliy Sachko,166.0,349,-,,,2026-08-22
2026-01-05,Vitaliy Sachko,166.0,349,-,,,2026-08-22
2025-12-29,Vitaliy Sachko,169.0,349,-,,,2026-08-22
2025-12-22,Vitaliy Sachko,169.0,349,-,,,2026-08-22
2025-12-15,Vitaliy Sachko,169.0,349,-,,,2026-08-22
2025-12-08,Vitaliy Sachko,169.0,349,-,,,2026-08-22
2025-12-01,Vitaliy Sachko,169.0,349,-,,,2026-08-22
2025-11-24,Vitaliy Sachko,168.0,349,-4,,,2026-08-22
2025-11-17,Vitaliy Sachko,166.0,353,-8,4.0,,2026-08-22
2025-11-10,Vitaliy Sachko,164.0,361,+105,10.0,2.0,2026-08-22
,Charles Chang,,,,,,2026-08-22
,Gondo Widjojo,,,,,,2026-08-22
,Henry Whitesell,,,,,,2026-08-22
,Igor Scherbatoff,,,,,,2026-08-22
,Jose Castanon,,,,,,2026-08-22
,Jose L Asensio,,,,,,2026-08-22
,L Palman,,,,,,2026-08-22
,L Traut,,,,,,2026-08-22
,Marco Cacopardo,,,,,,2026-08-22
,Rohan Summers,,,,,,2026-08-22
,Tom Muench,,,,,,2026-08-22
,Tony Pickard,,,,,,2026-08-22
,Vartan Tetikbas,,,,,,2026-08-22
,Yu Hui Lien,,,,,,2026-08-22
2026-08-10,Benjamin Hassan,514.0,87,-,,,2026-08-22
2026-08-03,Benjamin Hassan,509.0,87,-,,,2026-08-22
2026-07-27,Benjamin Hassan,506.0,87,-,,,2026-08-22
2025-10-20,Benjamin Hassan,194.0,285,-7,27.0,4.0,2026-08-22
2025-10-13,Benjamin Hassan,193.0,292,-,13.0,6.0,2026-08-22
,Dominik Hrbaty,,,,,,2026-08-22
,Flavio Cipolla,,,,,,2026-08-22
2026-08-10,George Loffhagen,488.0,93,-,4.0,,2026-08-22
2026-08-03,George Loffhagen,477.0,93,-7,,,2026-08-22
2026-07-27,George Loffhagen,453.0,100,-75,7.0,,2026-08-22
2025-11-03,George Loffhagen,200.0,278,-,,,2026-08-22
2025-10-27,George Loffhagen,200.0,278,+14,,,2026-08-22
,Nicolas Devilder,,,,,,2026-08-22
2026-08-10,Oliver Tarvet,380.0,132,+25,29.0,,2026-08-22
2026-08-03,Oliver Tarvet,436.0,107,-,,,2026-08-22
2026-07-27,Oliver Tarvet,433.0,107,-,,,2026-08-22
,Ricardo Acuna,,,,,,2026-08-22
,Ugo Biagianti,,,,,,2026-08-22
,Albert Gaertner,,,,,,2026-08-22
,Ali Gorec,,,,,,2026-08-22
,Amable Plaza,,,,,,2026-08-22
,Andrey Kumantsov,,,,,,2026-08-22
,Barry Wratten,,,,,,2026-08-22
,Dave Bohrnstedt,,,,,,2026-08-22
,Geoff Harris,,,,,,2026-08-22
,Glenn Gerstmar,,,,,,2026-08-22
,Henrik Andersson,,,,,,2026-08-22
,Humphrey Hose,,,,,,2026-08-22
,Ismail El Shafei,,,,,,2026-08-22
,Jose Fuster,,,,,,2026-08-22
,Karlis Lejnieks,,,,,,2026-08-22
,Larry Goldbeck,,,,,,2026-08-22
,Mark Greenan,,,,,,2026-08-22
,P Kunzler,,,,,,2026-08-22
,Randall King,,,,,,2026-08-22
,Tom Mott,,,,,,2026-08-22
,Tom Simpkins,,,,,,2026-08-22
,U Prezioso,,,,,,2026-08-22
,Vincenzo Labellarte,,,,,,2026-08-22
,Dale Houston,,,,,,2026-08-22
2026-08-10,Dalibor Svrcina,114.0,574,-,135.0,6.0,2026-08-22
2026-08-10,Dalibor Svrcina,114.0,574,-,135.0,6.0,2026-08-22
2026-08-10,Dalibor Svrcina,114.0,574,-,135.0,6.0,2026-08-22
2026-08-10,Dalibor Svrcina,114.0,574,-,135.0,6.0,2026-08-22
2026-08-03,Dalibor Svrcina,111.0,574,+20,,,2026-08-22
2026-08-03,Dalibor Svrcina,111.0,574,+20,,,2026-08-22
2026-08-03,Dalibor Svrcina,111.0,574,+20,,,2026-08-22
2026-08-03,Dalibor Svrcina,111.0,574,+20,,,2026-08-22
2026-07-27,Dalibor Svrcina,116.0,554,-,30.0,6.0,2026-08-22
2026-07-27,Dalibor Svrcina,116.0,554,-,30.0,6.0,2026-08-22
2026-07-27,Dalibor Svrcina,116.0,554,-,30.0,6.0,2026-08-22
2026-07-27,Dalibor Svrcina,116.0,554,-,30.0,6.0,2026-08-22
2026-07-20,Dalibor Svrcina,115.0,554,-,,,2026-08-22
2026-07-20,Dalibor Svrcina,115.0,554,-,,,2026-08-22
2026-07-20,Dalibor Svrcina,115.0,554,-,,,2026-08-22
2026-07-13,Dalibor Svrcina,114.0,554,+4,,,2026-08-22
2026-07-13,Dalibor Svrcina,114.0,554,+4,,,2026-08-22
2026-07-13,Dalibor Svrcina,114.0,554,+4,,,2026-08-22
2026-06-29,Dalibor Svrcina,112.0,550,-,8.0,,2026-08-22
2026-06-29,Dalibor Svrcina,112.0,550,-,8.0,,2026-08-22
2026-06-29,Dalibor Svrcina,112.0,550,-,8.0,,2026-08-22
2026-06-22,Dalibor Svrcina,113.0,550,-25,,,2026-08-22
2026-06-22,Dalibor Svrcina,113.0,550,-25,,,2026-08-22
2026-06-15,Dalibor Svrcina,110.0,575,-10,50.0,,2026-08-22
2026-06-15,Dalibor Svrcina,110.0,575,-10,50.0,,2026-08-22
2026-06-08,Dalibor Svrcina,107.0,585,+8,16.0,6.0,2026-08-22
2026-06-08,Dalibor Svrcina,107.0,585,+8,16.0,6.0,2026-08-22
2026-05-25,Dalibor Svrcina,108.0,577,-,8.0,6.0,2026-08-22
2026-05-25,Dalibor Svrcina,108.0,577,-,8.0,6.0,2026-08-22
2026-05-18,Dalibor Svrcina,111.0,577,+30,,,2026-08-22
2026-05-18,Dalibor Svrcina,111.0,577,+30,,,2026-08-22
2026-05-04,Dalibor Svrcina,116.0,547,+56,,,2026-08-22
2026-05-04,Dalibor Svrcina,116.0,547,+56,,,2026-08-22
2026-04-20,Dalibor Svrcina,127.0,491,-,,,2026-08-22
2026-04-20,Dalibor Svrcina,127.0,491,-,,,2026-08-22
2026-04-13,Dalibor Svrcina,128.0,491,-25,,,2026-08-22
2026-04-13,Dalibor Svrcina,128.0,491,-25,,,2026-08-22
2026-04-06,Dalibor Svrcina,121.0,516,-75,25.0,,2026-08-22
2026-04-06,Dalibor Svrcina,121.0,516,-75,25.0,,2026-08-22
2026-03-30,Dalibor Svrcina,110.0,591,-35,75.0,,2026-08-22
2026-03-30,Dalibor Svrcina,110.0,591,-35,75.0,,2026-08-22
2026-03-16,Dalibor Svrcina,100.0,626,+57,35.0,,2026-08-22
2026-03-16,Dalibor Svrcina,100.0,626,+57,35.0,,2026-08-22
2026-03-02,Dalibor Svrcina,109.0,569,+50,,,2026-08-22
2026-02-23,Dalibor Svrcina,123.0,519,-93,,,2026-08-22
2026-02-16,Dalibor Svrcina,99.0,612,-6,100.0,,2026-08-22
2026-02-09,Dalibor Svrcina,98.0,618,-25,6.0,,2026-08-22
2026-02-02,Dalibor Svrcina,96.0,643,-12,25.0,,2026-08-22
2026-01-19,Dalibor Svrcina,95.0,655,-,28.0,6.0,2026-08-22
2026-01-12,Dalibor Svrcina,93.0,655,-,,,2026-08-22
2026-01-05,Dalibor Svrcina,93.0,655,-,,,2026-08-22
2025-12-29,Dalibor Svrcina,95.0,655,-6,,,2026-08-22
2025-12-22,Dalibor Svrcina,96.0,661,-,,,2026-08-22
2025-12-15,Dalibor Svrcina,96.0,661,-,,,2026-08-22
2025-12-08,Dalibor Svrcina,96.0,661,-,,,2026-08-22
2025-12-01,Dalibor Svrcina,96.0,661,-,,,2026-08-22
2025-11-24,Dalibor Svrcina,97.0,661,-19,,,2026-08-22
2025-11-17,Dalibor Svrcina,90.0,680,-19,25.0,6.0,2026-08-22
2025-11-10,Dalibor Svrcina,86.0,699,-,25.0,6.0,2026-08-22
2025-11-03,Dalibor Svrcina,88.0,699,-,,,2026-08-22
2025-10-27,Dalibor Svrcina,89.0,699,-,,,2026-08-22
2025-10-20,Dalibor Svrcina,90.0,699,-28,,,2026-08-22
2025-10-13,Dalibor Svrcina,88.0,727,+43,35.0,7.0,2026-08-22
,Ellis Ferreira,,,,,,2026-08-22
,Erick Iskersky,,,,,,2026-08-22
,Gardnar Mulloy,,,,,,2026-08-22
,John Fitzgerald,,,,,,2026-08-22
,Konstantin Don Gruber,,,,,,2026-08-22
,Marc Kimmich,,,,,,2026-08-22
2026-08-10,Matteo Berrettini,42.0,1085,-3,,,2026-08-22
2026-08-10,Matteo Berrettini,42.0,1085,-3,,,2026-08-22
2026-08-10,Matteo Berrettini,42.0,1085,-3,,,2026-08-22
2026-08-10,Matteo Berrettini,42.0,1085,-3,,,2026-08-22
2026-08-03,Matteo Berrettini,40.0,1088,+13,,,2026-08-22
2026-08-03,Matteo Berrettini,40.0,1088,+13,,,2026-08-22
2026-08-03,Matteo Berrettini,40.0,1088,+13,,,2026-08-22
2026-08-03,Matteo Berrettini,40.0,1088,+13,,,2026-08-22
2026-07-27,Matteo Berrettini,41.0,1075,-,,,2026-08-22
2026-07-27,Matteo Berrettini,41.0,1075,-,,,2026-08-22
2026-07-27,Matteo Berrettini,41.0,1075,-,,,2026-08-22
2026-07-27,Matteo Berrettini,41.0,1075,-,,,2026-08-22
2026-07-20,Matteo Berrettini,42.0,1075,-,,,2026-08-22
2026-07-20,Matteo Berrettini,42.0,1075,-,,,2026-08-22
2026-07-20,Matteo Berrettini,42.0,1075,-,,,2026-08-22
2026-07-13,Matteo Berrettini,43.0,1075,+90,,,2026-08-22
2026-07-13,Matteo Berrettini,43.0,1075,+90,,,2026-08-22
2026-07-13,Matteo Berrettini,43.0,1075,+90,,,2026-08-22
2026-06-29,Matteo Berrettini,51.0,985,-,10.0,13.0,2026-08-22
2026-06-29,Matteo Berrettini,51.0,985,-,10.0,13.0,2026-08-22
2026-06-29,Matteo Berrettini,51.0,985,-,10.0,13.0,2026-08-22
2026-06-22,Matteo Berrettini,49.0,985,-,,,2026-08-22
2026-06-22,Matteo Berrettini,49.0,985,-,,,2026-08-22
2026-06-15,Matteo Berrettini,49.0,985,-,,,2026-08-22
2026-06-15,Matteo Berrettini,49.0,985,-,,,2026-08-22
2026-06-08,Matteo Berrettini,48.0,985,+400,,,2026-08-22
2026-06-08,Matteo Berrettini,48.0,985,+400,,,2026-08-22
2026-05-25,Matteo Berrettini,105.0,585,-,,,2026-08-22
2026-05-25,Matteo Berrettini,105.0,585,-,,,2026-08-22
2026-05-18,Matteo Berrettini,107.0,585,-40,,,2026-08-22
2026-05-18,Matteo Berrettini,107.0,585,-40,,,2026-08-22
2026-05-04,Matteo Berrettini,100.0,625,-25,50.0,10.0,2026-08-22
2026-05-04,Matteo Berrettini,100.0,625,-25,50.0,10.0,2026-08-22
2026-04-20,Matteo Berrettini,92.0,650,-,50.0,,2026-08-22
2026-04-20,Matteo Berrettini,92.0,650,-,50.0,,2026-08-22
2026-04-13,Matteo Berrettini,91.0,650,-,,,2026-08-22
2026-04-13,Matteo Berrettini,91.0,650,-,,,2026-08-22
2026-04-06,Matteo Berrettini,90.0,650,-,100.0,,2026-08-22
2026-04-06,Matteo Berrettini,90.0,650,-,100.0,,2026-08-22
2026-03-30,Matteo Berrettini,91.0,650,-150,,,2026-08-22
2026-03-30,Matteo Berrettini,91.0,650,-150,,,2026-08-22
2026-03-16,Matteo Berrettini,68.0,800,-20,200.0,,2026-08-22
2026-03-16,Matteo Berrettini,68.0,800,-20,200.0,,2026-08-22
2026-03-02,Matteo Berrettini,66.0,820,-90,50.0,,2026-08-22
2026-02-23,Matteo Berrettini,57.0,910,-,100.0,10.0,2026-08-22
2026-02-16,Matteo Berrettini,57.0,910,+15,100.0,10.0,2026-08-22
2026-02-09,Matteo Berrettini,58.0,895,-,,,2026-08-22
2026-02-02,Matteo Berrettini,58.0,895,-50,,,2026-08-22
2026-01-19,Matteo Berrettini,57.0,945,-,50.0,,2026-08-22
2026-01-12,Matteo Berrettini,56.0,945,-,,,2026-08-22
2026-01-05,Matteo Berrettini,55.0,945,-,,,2026-08-22
2025-12-29,Matteo Berrettini,56.0,945,-,,,2026-08-22
2025-12-22,Matteo Berrettini,56.0,945,-,,,2026-08-22
2025-12-15,Matteo Berrettini,56.0,945,-,,,2026-08-22
2025-12-08,Matteo Berrettini,56.0,945,-,,,2026-08-22
2025-12-01,Matteo Berrettini,56.0,945,-,,,2026-08-22
2025-11-24,Matteo Berrettini,56.0,945,-,,,2026-08-22
2025-11-17,Matteo Berrettini,56.0,945,-,,,2026-08-22
2025-11-10,Matteo Berrettini,56.0,945,+50,,,2026-08-22
2025-11-03,Matteo Berrettini,63.0,895,-10,,,2026-08-22
2025-10-27,Matteo Berrettini,61.0,905,-,10.0,,2026-08-22
2025-10-20,Matteo Berrettini,59.0,905,-,100.0,,2026-08-22
2025-10-13,Matteo Berrettini,61.0,905,-20,25.0,,2026-08-22
,Raemon Sluiter,,,,,,2026-08-22
,Ricardo Hocevar,,,,,,2026-08-22
,A Amer,,,,,,2026-08-22
,Axel Finnberg,,,,,,2026-08-22
,B Hochstadter,,,,,,2026-08-22
,Barry Geraghty,,,,,,2026-08-22
,Bob Folz,,,,,,2026-08-22
,Carlos Carriedo,,,,,,2026-08-22
,Chang Rung Wu,,,,,,2026-08-22
,Chris Wells,,,,,,2026-08-22
,David Mehl,,,,,,2026-08-22
,Ervin Eleskovic,,,,,,2026-08-22
,Eylon Sinai,,,,,,2026-08-22
,F Kolik,,,,,,2026-08-22
,Larbi Rharnit,,,,,,2026-08-22
,Lew Sulloway,,,,,,2026-08-22
,Paul Dogherty,,,,,,2026-08-22
,Pedro Figar,,,,,,2026-08-22
,Peter Mockler,,,,,,2026-08-22
,Rene Hanak,,,,,,2026-08-22
,Yoshimito Miyashita,,,,,,2026-08-22
,Zacchi Biadene,,,,,,2026-08-22
,Ziya Isikustun,,,,,,2026-08-22
,Alexandre Hocevar,,,,,,2026-08-22
,Federico Sanchez,,,,,,2026-08-22
,Jim Osborne,,,,,,2026-08-22
,Mariano Hood,,,,,,2026-08-22
,Paul Henri Mathieu,,,,,,2026-08-22
,Ricki Osterthun,,,,,,2026-08-22
,Scott Davis,,,,,,2026-08-22
,Bertrand Madsen,,,,,,2026-08-22
,Blas Gonzalez,,,,,,2026-08-22
,D Graham,,,,,,2026-08-22
,Jimmy Tattersall,,,,,,2026-08-22
,K Lonsdale,,,,,,2026-08-22
,Marco Gudino,,,,,,2026-08-22
,Markus Menzler,,,,,,2026-08-22
,Norman Holmes,,,,,,2026-08-22
,Paul Harkin,,,,,,2026-08-22
,Sanchez Prieto,,,,,,2026-08-22
,Andrei Stoliarov,,,,,,2026-08-22
,Chris Woodruff,,,,,,2026-08-22
,Craig Boynton,,,,,,2026-08-22
,Gary Lemon,,,,,,2026-08-22
2026-08-10,Hernan Casanova,340.0,159,-,16.0,,2026-08-22
2026-08-03,Hernan Casanova,330.0,159,+3,,,2026-08-22
2026-07-27,Hernan Casanova,334.0,156,-,,,2026-08-22
2026-08-10,Igor Marcondes,316.0,175,-,,,2026-08-22
2026-08-03,Igor Marcondes,310.0,175,-8,,,2026-08-22
2026-07-27,Igor Marcondes,296.0,183,+16,8.0,,2026-08-22
,Joern Renzenbrink,,,,,,2026-08-22
,Jose Acasuso,,,,,,2026-08-22
2026-08-10,Kei Nishikori,479.0,95,-,10.0,,2026-08-22
2026-08-03,Kei Nishikori,467.0,95,+50,,,2026-08-22
2026-07-27,Kei Nishikori,721.0,45,-,,,2026-08-22
2025-12-29,Kei Nishikori,156.0,397,-,165.0,,2026-08-22
2025-12-22,Kei Nishikori,156.0,397,-,,,2026-08-22
2025-12-15,Kei Nishikori,156.0,397,-,,,2026-08-22
2025-12-08,Kei Nishikori,156.0,397,-,,,2026-08-22
2025-12-01,Kei Nishikori,156.0,397,-,,,2026-08-22
2025-11-24,Kei Nishikori,157.0,397,+12,,,2026-08-22
2025-11-17,Kei Nishikori,158.0,385,-,,,2026-08-22
2025-11-10,Kei Nishikori,159.0,385,-125,,,2026-08-22
2025-11-03,Kei Nishikori,119.0,510,-35,125.0,,2026-08-22
2025-10-27,Kei Nishikori,115.0,545,-,35.0,,2026-08-22
2025-10-20,Kei Nishikori,116.0,545,-,,,2026-08-22
2025-10-13,Kei Nishikori,117.0,545,-30,,,2026-08-22
2026-08-10,Raul Brancaccio,232.0,244,+7,,,2026-08-22
2026-08-03,Raul Brancaccio,237.0,237,-,,,2026-08-22
2026-07-27,Raul Brancaccio,236.0,237,-6,,,2026-08-22
,Robert Vant Hof,,,,,,2026-08-22
,Sasa Hirszon,,,,,,2026-08-22
,Bill Yeomans,,,,,,2026-08-22
,Chuck Willenborg,,,,,,2026-08-22
,Colin Mchugo,,,,,,2026-08-22
,Dean Penero,,,,,,2026-08-22
,Dieter Stoffer,,,,,,2026-08-22
,Francois Matheu,,,,,,2026-08-22
,Gustavo Herrero,,,,,,2026-08-22
,Jacques Grandjean,,,,,,2026-08-22
,Larry Eichenbaum,,,,,,2026-08-22
,Mark Simmons,,,,,,2026-08-22
,Maurizio Bonaiti,,,,,,2026-08-22
,Mohammed Arif Elahi,,,,,,2026-08-22
,Moon Il Kim,,,,,,2026-08-22
,Peter Oatey,,,,,,2026-08-22
,Robert Yim,,,,,,2026-08-22
,T Grane,,,,,,2026-08-22
,Alberto Mancini,,,,,,2026-08-22
2026-08-10,Alejandro Tabilo,29.0,1688,-40,,,2026-08-22
2026-08-10,Alejandro Tabilo,29.0,1688,-40,,,2026-08-22
2026-08-10,Alejandro Tabilo,29.0,1688,-40,,,2026-08-22
2026-08-10,Alejandro Tabilo,29.0,1688,-40,,,2026-08-22
2026-08-03,Alejandro Tabilo,26.0,1728,+170,,,2026-08-22
2026-08-03,Alejandro Tabilo,26.0,1728,+170,,,2026-08-22
2026-08-03,Alejandro Tabilo,26.0,1728,+170,,,2026-08-22
2026-08-03,Alejandro Tabilo,26.0,1728,+170,,,2026-08-22
2026-07-27,Alejandro Tabilo,30.0,1558,+50,,,2026-08-22
2026-07-27,Alejandro Tabilo,30.0,1558,+50,,,2026-08-22
2026-07-27,Alejandro Tabilo,30.0,1558,+50,,,2026-08-22
2026-07-27,Alejandro Tabilo,30.0,1558,+50,,,2026-08-22
2026-07-20,Alejandro Tabilo,30.0,1508,+70,,,2026-08-22
2026-07-20,Alejandro Tabilo,30.0,1508,+70,,,2026-08-22
2026-07-20,Alejandro Tabilo,30.0,1508,+70,,,2026-08-22
2026-07-13,Alejandro Tabilo,31.0,1438,+10,,,2026-08-22
2026-07-13,Alejandro Tabilo,31.0,1438,+10,,,2026-08-22
2026-07-13,Alejandro Tabilo,31.0,1438,+10,,,2026-08-22
2026-06-29,Alejandro Tabilo,33.0,1428,-,,,2026-08-22
2026-06-29,Alejandro Tabilo,33.0,1428,-,,,2026-08-22
2026-06-29,Alejandro Tabilo,33.0,1428,-,,,2026-08-22
2026-06-22,Alejandro Tabilo,33.0,1428,-,,,2026-08-22
2026-06-22,Alejandro Tabilo,33.0,1428,-,,,2026-08-22
2026-06-15,Alejandro Tabilo,31.0,1428,-,,,2026-08-22
2026-06-15,Alejandro Tabilo,31.0,1428,-,,,2026-08-22
2026-06-08,Alejandro Tabilo,31.0,1428,+150,,,2026-08-22
2026-06-08,Alejandro Tabilo,31.0,1428,+150,,,2026-08-22
2026-05-25,Alejandro Tabilo,36.0,1278,-,50.0,50.0,2026-08-22
2026-05-25,Alejandro Tabilo,36.0,1278,-,50.0,50.0,2026-08-22
2026-05-18,Alejandro Tabilo,35.0,1278,+30,,,2026-08-22
2026-05-18,Alejandro Tabilo,35.0,1278,+30,,,2026-08-22
2026-05-04,Alejandro Tabilo,35.0,1248,+180,,,2026-08-22
2026-05-04,Alejandro Tabilo,35.0,1248,+180,,,2026-08-22
2026-04-20,Alejandro Tabilo,43.0,1068,-,,,2026-08-22
2026-04-20,Alejandro Tabilo,43.0,1068,-,,,2026-08-22
2026-04-13,Alejandro Tabilo,45.0,1068,-50,,,2026-08-22
2026-04-13,Alejandro Tabilo,45.0,1068,-50,,,2026-08-22
2026-04-06,Alejandro Tabilo,39.0,1118,-,100.0,25.0,2026-08-22
2026-04-06,Alejandro Tabilo,39.0,1118,-,100.0,25.0,2026-08-22
2026-03-30,Alejandro Tabilo,39.0,1118,-,,,2026-08-22
2026-03-30,Alejandro Tabilo,39.0,1118,-,,,2026-08-22
2026-03-16,Alejandro Tabilo,41.0,1118,-20,50.0,25.0,2026-08-22
2026-03-16,Alejandro Tabilo,41.0,1118,-20,50.0,25.0,2026-08-22
2026-03-02,Alejandro Tabilo,40.0,1138,+25,50.0,25.0,2026-08-22
2026-02-23,Alejandro Tabilo,42.0,1113,+305,,,2026-08-22
2026-02-16,Alejandro Tabilo,68.0,808,+34,,,2026-08-22
2026-02-09,Alejandro Tabilo,71.0,774,-,,,2026-08-22
2026-02-02,Alejandro Tabilo,73.0,774,+37,,,2026-08-22
2026-01-19,Alejandro Tabilo,79.0,737,+15,10.0,10.0,2026-08-22
2026-01-12,Alejandro Tabilo,81.0,722,+5,,,2026-08-22
2026-01-05,Alejandro Tabilo,81.0,717,-,,,2026-08-22
2025-12-29,Alejandro Tabilo,82.0,717,-4,,,2026-08-22
2025-12-22,Alejandro Tabilo,81.0,721,-,,,2026-08-22
2025-12-15,Alejandro Tabilo,81.0,721,-,,,2026-08-22
2025-12-08,Alejandro Tabilo,81.0,721,-,,,2026-08-22
2025-12-01,Alejandro Tabilo,81.0,721,-,,,2026-08-22
2025-11-24,Alejandro Tabilo,81.0,721,-,,,2026-08-22
2025-11-17,Alejandro Tabilo,81.0,721,-,,,2026-08-22
2025-11-10,Alejandro Tabilo,81.0,721,+25,,,2026-08-22
2025-11-03,Alejandro Tabilo,89.0,696,-50,,,2026-08-22
2025-10-27,Alejandro Tabilo,82.0,746,-46,50.0,,2026-08-22
2025-10-20,Alejandro Tabilo,75.0,792,-34,50.0,4.0,2026-08-22
2025-10-13,Alejandro Tabilo,73.0,826,-,50.0,4.0,2026-08-22
2026-08-10,Benjamin Bonzi,100.0,656,+17,100.0,13.0,2026-08-22
2026-08-10,Benjamin Bonzi,100.0,656,+17,100.0,13.0,2026-08-22
2026-08-10,Benjamin Bonzi,100.0,656,+17,100.0,13.0,2026-08-22
2026-08-10,Benjamin Bonzi,100.0,656,+17,100.0,13.0,2026-08-22
2026-08-03,Benjamin Bonzi,103.0,639,+6,,,2026-08-22
2026-08-03,Benjamin Bonzi,103.0,639,+6,,,2026-08-22
2026-08-03,Benjamin Bonzi,103.0,639,+6,,,2026-08-22
2026-08-03,Benjamin Bonzi,103.0,639,+6,,,2026-08-22
2026-07-27,Benjamin Bonzi,101.0,633,-,,,2026-08-22
2026-07-27,Benjamin Bonzi,101.0,633,-,,,2026-08-22
2026-07-27,Benjamin Bonzi,101.0,633,-,,,2026-08-22
2026-07-27,Benjamin Bonzi,101.0,633,-,,,2026-08-22
2026-07-20,Benjamin Bonzi,103.0,633,-,,,2026-08-22
2026-07-20,Benjamin Bonzi,103.0,633,-,,,2026-08-22
2026-07-20,Benjamin Bonzi,103.0,633,-,,,2026-08-22
2026-07-13,Benjamin Bonzi,102.0,633,-40,,,2026-08-22
2026-07-13,Benjamin Bonzi,102.0,633,-40,,,2026-08-22
2026-07-13,Benjamin Bonzi,102.0,633,-40,,,2026-08-22
2026-06-29,Benjamin Bonzi,93.0,673,-,50.0,10.0,2026-08-22
2026-06-29,Benjamin Bonzi,93.0,673,-,50.0,10.0,2026-08-22
2026-06-29,Benjamin Bonzi,93.0,673,-,50.0,10.0,2026-08-22
2026-06-22,Benjamin Bonzi,93.0,673,-9,,,2026-08-22
2026-06-22,Benjamin Bonzi,93.0,673,-9,,,2026-08-22
2026-06-15,Benjamin Bonzi,89.0,682,+53,25.0,10.0,2026-08-22
2026-06-15,Benjamin Bonzi,89.0,682,+53,25.0,10.0,2026-08-22
2026-06-08,Benjamin Bonzi,99.0,629,-,,,2026-08-22
2026-06-08,Benjamin Bonzi,99.0,629,-,,,2026-08-22
2026-05-25,Benjamin Bonzi,95.0,629,-,10.0,,2026-08-22
2026-05-25,Benjamin Bonzi,95.0,629,-,10.0,,2026-08-22
2026-05-18,Benjamin Bonzi,98.0,629,+13,,,2026-08-22
2026-05-18,Benjamin Bonzi,98.0,629,+13,,,2026-08-22
2026-05-04,Benjamin Bonzi,101.0,616,-,,,2026-08-22
2026-05-04,Benjamin Bonzi,101.0,616,-,,,2026-08-22
2026-04-20,Benjamin Bonzi,104.0,616,-,50.0,,2026-08-22
2026-04-20,Benjamin Bonzi,104.0,616,-,50.0,,2026-08-22
2026-04-13,Benjamin Bonzi,106.0,616,-,,,2026-08-22
2026-04-13,Benjamin Bonzi,106.0,616,-,,,2026-08-22
2026-04-06,Benjamin Bonzi,102.0,616,-,,,2026-08-22
2026-04-06,Benjamin Bonzi,102.0,616,-,,,2026-08-22
2026-03-30,Benjamin Bonzi,103.0,616,-,,,2026-08-22
2026-03-30,Benjamin Bonzi,103.0,616,-,,,2026-08-22
2026-03-16,Benjamin Bonzi,103.0,616,+52,10.0,,2026-08-22
2026-03-16,Benjamin Bonzi,103.0,616,+52,10.0,,2026-08-22
2026-03-02,Benjamin Bonzi,111.0,564,-,23.0,,2026-08-22
2026-02-23,Benjamin Bonzi,104.0,564,+16,,,2026-08-22
2026-02-16,Benjamin Bonzi,112.0,548,+64,,,2026-08-22
2026-02-09,Benjamin Bonzi,131.0,484,-8,,,2026-08-22
2026-02-02,Benjamin Bonzi,128.0,492,-74,8.0,,2026-08-22
2026-01-19,Benjamin Bonzi,106.0,566,-,100.0,,2026-08-22
2026-01-12,Benjamin Bonzi,106.0,566,-63,,,2026-08-22
2026-01-05,Benjamin Bonzi,99.0,629,-38,63.0,,2026-08-22
2025-12-29,Benjamin Bonzi,94.0,667,-,38.0,,2026-08-22
2025-12-22,Benjamin Bonzi,94.0,667,-,,,2026-08-22
2025-12-15,Benjamin Bonzi,94.0,667,-,,,2026-08-22
2025-12-08,Benjamin Bonzi,94.0,667,-,,,2026-08-22
2025-12-01,Benjamin Bonzi,94.0,667,-,,,2026-08-22
2025-11-24,Benjamin Bonzi,95.0,667,-,,,2026-08-22
2025-11-17,Benjamin Bonzi,96.0,667,-,,,2026-08-22
2025-11-10,Benjamin Bonzi,94.0,667,-263,,,2026-08-22
2025-11-03,Benjamin Bonzi,57.0,930,-,263.0,,2026-08-22
2025-10-27,Benjamin Bonzi,57.0,930,-50,,,2026-08-22
2025-10-20,Benjamin Bonzi,54.0,980,-25,50.0,,2026-08-22
2025-10-13,Benjamin Bonzi,53.0,1005,-70,75.0,,2026-08-22
,Ciprian Petre Porumb,,,,,,2026-08-22
2026-08-10,James Mccabe,243.0,235,-,8.0,4.0,2026-08-22
2026-08-03,James Mccabe,239.0,235,-,,,2026-08-22
2026-07-27,James Mccabe,238.0,235,-,,,2026-08-22
2026-01-19,James Mccabe,173.0,337,-,62.0,6.0,2026-08-22
2026-01-12,James Mccabe,173.0,337,+28,,,2026-08-22
2026-01-05,James Mccabe,188.0,309,-,7.0,6.0,2026-08-22
2025-12-29,James Mccabe,193.0,309,-6,,,2026-08-22
2025-12-22,James Mccabe,189.0,315,-,,,2026-08-22
2025-12-15,James Mccabe,189.0,315,-,,,2026-08-22
2025-12-08,James Mccabe,189.0,315,-,,,2026-08-22
2025-12-01,James Mccabe,191.0,315,+12,,,2026-08-22
2025-11-24,James Mccabe,194.0,303,+10,,,2026-08-22
2025-11-17,James Mccabe,196.0,293,-7,12.0,,2026-08-22
2025-11-10,James Mccabe,192.0,300,+15,7.0,,2026-08-22
2025-11-03,James Mccabe,195.0,285,-,10.0,,2026-08-22
2025-10-27,James Mccabe,192.0,285,+12,,,2026-08-22
2025-10-13,James Mccabe,195.0,287,-,14.0,,2026-08-22
2026-08-10,Li Tu,496.0,91,-,10.0,,2026-08-22
2026-08-03,Li Tu,487.0,91,-,,,2026-08-22
2026-07-27,Li Tu,487.0,91,-7,,,2026-08-22
,Miloslav Mecir,,,,,,2026-08-22
2026-08-10,Sebastian Korda,64.0,950,-40,100.0,40.0,2026-08-22
2026-08-10,Sebastian Korda,64.0,950,-40,100.0,40.0,2026-08-22
2026-08-10,Sebastian Korda,64.0,950,-40,100.0,40.0,2026-08-22
2026-08-10,Sebastian Korda,64.0,950,-40,100.0,40.0,2026-08-22
2026-08-03,Sebastian Korda,50.0,990,+40,,,2026-08-22
2026-08-03,Sebastian Korda,50.0,990,+40,,,2026-08-22
2026-08-03,Sebastian Korda,50.0,990,+40,,,2026-08-22
2026-08-03,Sebastian Korda,50.0,990,+40,,,2026-08-22
2026-07-27,Sebastian Korda,59.0,950,+50,,,2026-08-22
2026-07-27,Sebastian Korda,59.0,950,+50,,,2026-08-22
2026-07-27,Sebastian Korda,59.0,950,+50,,,2026-08-22
2026-07-27,Sebastian Korda,59.0,950,+50,,,2026-08-22
2026-07-20,Sebastian Korda,64.0,900,-,,,2026-08-22
2026-07-20,Sebastian Korda,64.0,900,-,,,2026-08-22
2026-07-20,Sebastian Korda,64.0,900,-,,,2026-08-22
2026-07-13,Sebastian Korda,63.0,900,-,,,2026-08-22
2026-07-13,Sebastian Korda,63.0,900,-,,,2026-08-22
2026-07-13,Sebastian Korda,63.0,900,-,,,2026-08-22
2026-06-29,Sebastian Korda,63.0,900,-,,,2026-08-22
2026-06-29,Sebastian Korda,63.0,900,-,,,2026-08-22
2026-06-29,Sebastian Korda,63.0,900,-,,,2026-08-22
2026-06-22,Sebastian Korda,61.0,900,-,,,2026-08-22
2026-06-22,Sebastian Korda,61.0,900,-,,,2026-08-22
2026-06-15,Sebastian Korda,60.0,900,-,,,2026-08-22
2026-06-15,Sebastian Korda,60.0,900,-,,,2026-08-22
2026-06-08,Sebastian Korda,60.0,900,-100,,,2026-08-22
2026-06-08,Sebastian Korda,60.0,900,-100,,,2026-08-22
2026-05-25,Sebastian Korda,47.0,1000,-,100.0,50.0,2026-08-22
2026-05-25,Sebastian Korda,47.0,1000,-,100.0,50.0,2026-08-22
2026-05-18,Sebastian Korda,46.0,1000,-50,,,2026-08-22
2026-05-18,Sebastian Korda,46.0,1000,-50,,,2026-08-22
2026-05-04,Sebastian Korda,43.0,1050,-50,50.0,50.0,2026-08-22
2026-05-04,Sebastian Korda,43.0,1050,-50,50.0,50.0,2026-08-22
2026-04-20,Sebastian Korda,40.0,1100,-,50.0,50.0,2026-08-22
2026-04-20,Sebastian Korda,40.0,1100,-,50.0,50.0,2026-08-22
2026-04-13,Sebastian Korda,43.0,1100,-,,,2026-08-22
2026-04-13,Sebastian Korda,43.0,1100,-,,,2026-08-22
2026-04-06,Sebastian Korda,41.0,1100,-,,,2026-08-22
2026-04-06,Sebastian Korda,41.0,1100,-,,,2026-08-22
2026-03-30,Sebastian Korda,42.0,1100,-100,,,2026-08-22
2026-03-30,Sebastian Korda,42.0,1100,-100,,,2026-08-22
2026-03-16,Sebastian Korda,36.0,1200,-20,200.0,50.0,2026-08-22
2026-03-16,Sebastian Korda,36.0,1200,-20,200.0,50.0,2026-08-22
2026-03-02,Sebastian Korda,37.0,1220,-,,,2026-08-22
2026-02-23,Sebastian Korda,40.0,1220,+200,,,2026-08-22
2026-02-16,Sebastian Korda,50.0,1020,+60,,,2026-08-22
2026-02-09,Sebastian Korda,53.0,960,-,,,2026-08-22
2026-02-02,Sebastian Korda,53.0,960,-15,,,2026-08-22
2026-01-19,Sebastian Korda,53.0,975,-,50.0,10.0,2026-08-22
2026-01-12,Sebastian Korda,51.0,975,-115,,,2026-08-22
2026-01-05,Sebastian Korda,46.0,1090,-,165.0,10.0,2026-08-22
2025-12-29,Sebastian Korda,48.0,1090,-10,,,2026-08-22
2025-12-22,Sebastian Korda,48.0,1100,-,,,2026-08-22
2025-12-15,Sebastian Korda,48.0,1100,-,,,2026-08-22
2025-12-08,Sebastian Korda,48.0,1100,-,,,2026-08-22
2025-12-01,Sebastian Korda,48.0,1100,-,,,2026-08-22
2025-11-24,Sebastian Korda,48.0,1100,-,,,2026-08-22
2025-11-17,Sebastian Korda,48.0,1100,-,,,2026-08-22
2025-11-10,Sebastian Korda,48.0,1100,+90,,,2026-08-22
2025-11-03,Sebastian Korda,52.0,1010,+40,,,2026-08-22
2025-10-27,Sebastian Korda,54.0,970,+10,,,2026-08-22
2025-10-20,Sebastian Korda,56.0,960,+40,,,2026-08-22
2025-10-13,Sebastian Korda,60.0,920,+10,,,2026-08-22
,Stefan Svensson,,,,,,2026-08-22
,Tom Cain,,,,,,2026-08-22
,Christophe Lesage,,,,,,2026-08-22
,Dave Harmon,,,,,,2026-08-22
,Gavorielle Marcu,,,,,,2026-08-22
,Jeff Robbins,,,,,,2026-08-22
,Jorg Schors,,,,,,2026-08-22
,Jose Maria Minguella,,,,,,2026-08-22
,Juan Cruz,,,,,,2026-08-22
,Karl Hedrick,,,,,,2026-08-22
,Larry Davidson,,,,,,2026-08-22
,Mohamed Ridaoui,,,,,,2026-08-22
,Paul Deuble,,,,,,2026-08-22
,R Burn,,,,,,2026-08-22
,Roberto Chavez,,,,,,2026-08-22
,Thomas Furst,,,,,,2026-08-22
2026-08-10,Alexei Popyrin,128.0,500,+70,50.0,,2026-08-22
2026-08-10,Alexei Popyrin,128.0,500,+70,50.0,,2026-08-22
2026-08-10,Alexei Popyrin,128.0,500,+70,50.0,,2026-08-22
2026-08-10,Alexei Popyrin,128.0,500,+70,50.0,,2026-08-22
2026-08-03,Alexei Popyrin,139.0,430,-200,,,2026-08-22
2026-08-03,Alexei Popyrin,139.0,430,-200,,,2026-08-22
2026-08-03,Alexei Popyrin,139.0,430,-200,,,2026-08-22
2026-08-03,Alexei Popyrin,139.0,430,-200,,,2026-08-22
2026-07-27,Alexei Popyrin,103.0,630,-,200.0,,2026-08-22
2026-07-27,Alexei Popyrin,103.0,630,-,200.0,,2026-08-22
2026-07-27,Alexei Popyrin,103.0,630,-,200.0,,2026-08-22
2026-07-27,Alexei Popyrin,103.0,630,-,200.0,,2026-08-22
2026-07-20,Alexei Popyrin,104.0,630,-,,,2026-08-22
2026-07-20,Alexei Popyrin,104.0,630,-,,,2026-08-22
2026-07-20,Alexei Popyrin,104.0,630,-,,,2026-08-22
2026-07-13,Alexei Popyrin,103.0,630,-,,,2026-08-22
2026-07-13,Alexei Popyrin,103.0,630,-,,,2026-08-22
2026-07-13,Alexei Popyrin,103.0,630,-,,,2026-08-22
2026-06-29,Alexei Popyrin,103.0,630,-,10.0,,2026-08-22
2026-06-29,Alexei Popyrin,103.0,630,-,10.0,,2026-08-22
2026-06-29,Alexei Popyrin,103.0,630,-,10.0,,2026-08-22
2026-06-22,Alexei Popyrin,100.0,630,-50,,,2026-08-22
2026-06-22,Alexei Popyrin,100.0,630,-50,,,2026-08-22
2026-06-15,Alexei Popyrin,90.0,680,-,50.0,,2026-08-22
2026-06-15,Alexei Popyrin,90.0,680,-,50.0,,2026-08-22
2026-06-08,Alexei Popyrin,90.0,680,-190,,,2026-08-22
2026-06-08,Alexei Popyrin,90.0,680,-190,,,2026-08-22
2026-05-25,Alexei Popyrin,61.0,870,-,200.0,,2026-08-22
2026-05-25,Alexei Popyrin,61.0,870,-,200.0,,2026-08-22
2026-05-18,Alexei Popyrin,61.0,870,-,50.0,,2026-08-22
2026-05-18,Alexei Popyrin,61.0,870,-,50.0,,2026-08-22
2026-05-04,Alexei Popyrin,60.0,870,-,50.0,,2026-08-22
2026-05-04,Alexei Popyrin,60.0,870,-,50.0,,2026-08-22
2026-04-20,Alexei Popyrin,56.0,870,-,10.0,,2026-08-22
2026-04-20,Alexei Popyrin,56.0,870,-,10.0,,2026-08-22
2026-04-13,Alexei Popyrin,59.0,870,-190,,,2026-08-22
2026-04-13,Alexei Popyrin,59.0,870,-190,,,2026-08-22
2026-04-06,Alexei Popyrin,44.0,1060,+50,200.0,,2026-08-22
2026-04-06,Alexei Popyrin,44.0,1060,+50,200.0,,2026-08-22
2026-03-30,Alexei Popyrin,45.0,1010,-,,,2026-08-22
2026-03-30,Alexei Popyrin,45.0,1010,-,,,2026-08-22
2026-03-16,Alexei Popyrin,47.0,1010,-40,10.0,,2026-08-22
2026-03-16,Alexei Popyrin,47.0,1010,-40,10.0,,2026-08-22
2026-03-02,Alexei Popyrin,45.0,1050,-,50.0,,2026-08-22
2026-02-23,Alexei Popyrin,47.0,1050,+50,50.0,,2026-08-22
2026-02-16,Alexei Popyrin,53.0,1000,-,,,2026-08-22
2026-02-09,Alexei Popyrin,50.0,1000,-,,,2026-08-22
2026-02-02,Alexei Popyrin,51.0,1000,-,,,2026-08-22
2026-01-19,Alexei Popyrin,50.0,1000,-,10.0,,2026-08-22
2026-01-12,Alexei Popyrin,49.0,1000,-,,,2026-08-22
2026-01-05,Alexei Popyrin,50.0,1000,-,,,2026-08-22
2025-12-29,Alexei Popyrin,53.0,1000,-,,,2026-08-22
2025-12-22,Alexei Popyrin,54.0,1000,-,,,2026-08-22
2025-12-15,Alexei Popyrin,54.0,1000,-,,,2026-08-22
2025-12-08,Alexei Popyrin,54.0,1000,-,,,2026-08-22
2025-12-01,Alexei Popyrin,54.0,1000,-,,,2026-08-22
2025-11-24,Alexei Popyrin,54.0,1000,-,,,2026-08-22
2025-11-17,Alexei Popyrin,54.0,1000,-,,,2026-08-22
2025-11-10,Alexei Popyrin,54.0,1000,-,,,2026-08-22
2025-11-03,Alexei Popyrin,53.0,1000,-90,,,2026-08-22
2025-10-27,Alexei Popyrin,47.0,1090,-,100.0,,2026-08-22
2025-10-20,Alexei Popyrin,48.0,1090,-,,,2026-08-22
2025-10-13,Alexei Popyrin,48.0,1090,-50,,,2026-08-22
,Carlos Moya,,,,,,2026-08-22
,Chemseddine Belal,,,,,,2026-08-22
,Christopher Koderisch,,,,,,2026-08-22
,David Schneider,,,,,,2026-08-22
,Devin Britton,,,,,,2026-08-22
,Jose Luis Aparisi,,,,,,2026-08-22
2026-08-10,Kenny De Schepper,941.0,24,+1,,,2026-08-22
2026-08-03,Kenny De Schepper,944.0,23,-,,,2026-08-22
2026-07-27,Kenny De Schepper,949.0,23,-2,,,2026-08-22
,Leighton Alfred,,,,,,2026-08-22
,Mark Hilton,,,,,,2026-08-22
,Matteo Donati,,,,,,2026-08-22
2026-08-10,Nick Hardt,277.0,202,-,8.0,,2026-08-22
2026-08-03,Nick Hardt,273.0,202,-,,,2026-08-22
2026-07-27,Nick Hardt,275.0,202,-,,,2026-08-22
,Petr Luxa,,,,,,2026-08-22
,Rogerio Dutra Silva,,,,,,2026-08-22
,Vaclav Roubicek,,,,,,2026-08-22
,Woong Sun Jun,,,,,,2026-08-22
,Andre Van Der Merwe A,,,,,,2026-08-22
,B Sweeney,,,,,,2026-08-22
,Ernesto Aguirre,,,,,,2026-08-22
,G Young,,,,,,2026-08-22
,Gary Hale,,,,,,2026-08-22
,Geoff Pollard,,,,,,2026-08-22
,Howard Ho,,,,,,2026-08-22
,John Benson,,,,,,2026-08-22
,John Edmonds,,,,,,2026-08-22
,Kehinde Ajayi,,,,,,2026-08-22
,Magnus Zeile,,,,,,2026-08-22
,Marcello Lara,,,,,,2026-08-22
,Marco Morales,,,,,,2026-08-22
,Mervyn Webster,,,,,,2026-08-22
,Pedro Garriga Nogues,,,,,,2026-08-22
,Peter Bahr,,,,,,2026-08-22
,Robert Morrison,,,,,,2026-08-22
,Roy Pigeon,,,,,,2026-08-22
,Sergei Likhachev,,,,,,2026-08-22
,Thomas Werner,,,,,,2026-08-22
2026-08-10,Alan Magadan,561.0,74,-,,,2026-08-22
2026-08-03,Alan Magadan,554.0,74,+6,,,2026-08-22
2026-07-27,Alan Magadan,579.0,68,+13,,,2026-08-22
,Chris Garner,,,,,,2026-08-22
2026-08-10,Emil Ruusuvuori,794.0,37,-,,,2026-08-22
2026-08-03,Emil Ruusuvuori,782.0,37,-,,,2026-08-22
2026-07-27,Emil Ruusuvuori,785.0,37,-,,,2026-08-22
,Jan Sandberg,,,,,,2026-08-22
2026-08-10,Marko Topo,338.0,160,+9,,,2026-08-22
2026-08-03,Marko Topo,346.0,151,+4,,,2026-08-22
2026-07-27,Marko Topo,348.0,147,-,,,2026-08-22
,Markus Eriksson,,,,,,2026-08-22
,Mischa Zverev,,,,,,2026-08-22
2026-08-10,Novak Djokovic,5.0,3760,-,,,2026-08-22
2026-08-10,Novak Djokovic,5.0,3760,-,,,2026-08-22
2026-08-10,Novak Djokovic,5.0,3760,-,,,2026-08-22
2026-08-10,Novak Djokovic,5.0,3760,-,,,2026-08-22
2026-08-03,Novak Djokovic,5.0,3760,-,,,2026-08-22
2026-08-03,Novak Djokovic,5.0,3760,-,,,2026-08-22
2026-08-03,Novak Djokovic,5.0,3760,-,,,2026-08-22
2026-08-03,Novak Djokovic,5.0,3760,-,,,2026-08-22
2026-07-27,Novak Djokovic,5.0,3760,-,,,2026-08-22
2026-07-27,Novak Djokovic,5.0,3760,-,,,2026-08-22
2026-07-27,Novak Djokovic,5.0,3760,-,,,2026-08-22
2026-07-27,Novak Djokovic,5.0,3760,-,,,2026-08-22
2026-07-20,Novak Djokovic,7.0,3760,-,,,2026-08-22
2026-07-20,Novak Djokovic,7.0,3760,-,,,2026-08-22
2026-07-20,Novak Djokovic,7.0,3760,-,,,2026-08-22
2026-07-13,Novak Djokovic,7.0,3760,-,,,2026-08-22
2026-07-13,Novak Djokovic,7.0,3760,-,,,2026-08-22
2026-07-13,Novak Djokovic,7.0,3760,-,,,2026-08-22
2026-06-29,Novak Djokovic,8.0,3760,-,800.0,,2026-08-22
2026-06-29,Novak Djokovic,8.0,3760,-,800.0,,2026-08-22
2026-06-29,Novak Djokovic,8.0,3760,-,800.0,,2026-08-22
2026-06-22,Novak Djokovic,8.0,3760,-,,,2026-08-22
2026-06-22,Novak Djokovic,8.0,3760,-,,,2026-08-22
2026-06-15,Novak Djokovic,8.0,3760,-,,,2026-08-22
2026-06-15,Novak Djokovic,8.0,3760,-,,,2026-08-22
2026-06-08,Novak Djokovic,7.0,3760,-700,,,2026-08-22
2026-06-08,Novak Djokovic,7.0,3760,-700,,,2026-08-22
2026-05-25,Novak Djokovic,4.0,4460,-250,800.0,,2026-08-22
2026-05-25,Novak Djokovic,4.0,4460,-250,800.0,,2026-08-22
2026-05-18,Novak Djokovic,4.0,4710,+10,250.0,,2026-08-22
2026-05-18,Novak Djokovic,4.0,4710,+10,250.0,,2026-08-22
2026-05-04,Novak Djokovic,4.0,4700,-10,,,2026-08-22
2026-05-04,Novak Djokovic,4.0,4700,-10,,,2026-08-22
2026-04-20,Novak Djokovic,4.0,4710,-,10.0,,2026-08-22
2026-04-20,Novak Djokovic,4.0,4710,-,10.0,,2026-08-22
2026-04-13,Novak Djokovic,4.0,4710,-10,,,2026-08-22
2026-04-13,Novak Djokovic,4.0,4710,-10,,,2026-08-22
2026-04-06,Novak Djokovic,4.0,4720,-,10.0,,2026-08-22
2026-04-06,Novak Djokovic,4.0,4720,-,10.0,,2026-08-22
2026-03-30,Novak Djokovic,4.0,4720,-650,,,2026-08-22
2026-03-30,Novak Djokovic,4.0,4720,-650,,,2026-08-22
2026-03-16,Novak Djokovic,3.0,5370,+90,650.0,,2026-08-22
2026-03-16,Novak Djokovic,3.0,5370,+90,650.0,,2026-08-22
2026-03-02,Novak Djokovic,3.0,5280,-,10.0,,2026-08-22
2026-02-23,Novak Djokovic,3.0,5280,-,,,2026-08-22
2026-02-16,Novak Djokovic,3.0,5280,-,,,2026-08-22
2026-02-09,Novak Djokovic,3.0,5280,-,,,2026-08-22
2026-02-02,Novak Djokovic,3.0,5280,+500,,,2026-08-22
2026-01-19,Novak Djokovic,4.0,4780,-,800.0,,2026-08-22
2026-01-12,Novak Djokovic,4.0,4780,-,,,2026-08-22
2026-01-05,Novak Djokovic,4.0,4780,-40,,,2026-08-22
2025-12-29,Novak Djokovic,4.0,4820,-10,50.0,10.0,2026-08-22
2025-12-22,Novak Djokovic,4.0,4830,-,,,2026-08-22
2025-12-15,Novak Djokovic,4.0,4830,-,,,2026-08-22
2025-12-08,Novak Djokovic,4.0,4830,-,,,2026-08-22
2025-12-01,Novak Djokovic,4.0,4830,-,,,2026-08-22
2025-11-24,Novak Djokovic,4.0,4830,-,,,2026-08-22
2025-11-17,Novak Djokovic,4.0,4830,-,,,2026-08-22
2025-11-10,Novak Djokovic,4.0,4830,+250,,,2026-08-22
2025-11-03,Novak Djokovic,5.0,4580,-,,,2026-08-22
2025-10-27,Novak Djokovic,5.0,4580,-,,,2026-08-22
2025-10-20,Novak Djokovic,5.0,4580,-,,,2026-08-22
2025-10-13,Novak Djokovic,5.0,4580,-250,,,2026-08-22
,Radomir Vasek,,,,,,2026-08-22
2026-08-10,Thiago Seyboth Wild,202.0,281,-,,,2026-08-22
2026-08-03,Thiago Seyboth Wild,200.0,281,+6,,,2026-08-22
2026-08-03,Thiago Seyboth Wild,200.0,281,+6,,,2026-08-22
2026-08-03,Thiago Seyboth Wild,200.0,281,+6,,,2026-08-22
2026-08-03,Thiago Seyboth Wild,200.0,281,+6,,,2026-08-22
2026-07-27,Thiago Seyboth Wild,206.0,275,+75,,,2026-08-22
2026-02-09,Thiago Seyboth Wild,197.0,305,-,50.0,,2026-08-22
2026-02-02,Thiago Seyboth Wild,198.0,305,+42,,,2026-08-22
2025-10-20,Thiago Seyboth Wild,193.0,288,-38,25.0,,2026-08-22
2025-10-13,Thiago Seyboth Wild,173.0,326,-30,38.0,,2026-08-22
,David Tate,,,,,,2026-08-22
,Giovanni Lelli Mami,,,,,,2026-08-22
,Horace Reid,,,,,,2026-08-22
,Jeff Robinson,,,,,,2026-08-22
,Manuel Pabon,,,,,,2026-08-22
,Martin Schaffl,,,,,,2026-08-22
,Nematollah Nemati,,,,,,2026-08-22
,P Smith,,,,,,2026-08-22
,Paul Smith,,,,,,2026-08-22
,Rob Simpson,,,,,,2026-08-22
,Ryan Blake,,,,,,2026-08-22
,Sebastian Rieschick,,,,,,2026-08-22
,Steve Wood,,,,,,2026-08-22
,Terry Sargeant,,,,,,2026-08-22
,William Hodson,,,,,,2026-08-22
,Yuichi Ito,,,,,,2026-08-22
,Christopher Oconnell,,,,,,2026-08-22
,Craig Campbell,,,,,,2026-08-22
,Diego Nargiso,,,,,,2026-08-22
,Evgeny Korolev,,,,,,2026-08-22
,Florin Segarceanu,,,,,,2026-08-22
,Horia Tecau,,,,,,2026-08-22
2026-08-10,Learner Tien,12.0,2545,+390,30.0,10.0,2026-08-22
2026-08-10,Learner Tien,12.0,2545,+390,30.0,10.0,2026-08-22
2026-08-10,Learner Tien,12.0,2545,+390,30.0,10.0,2026-08-22
2026-08-10,Learner Tien,12.0,2545,+390,30.0,10.0,2026-08-22
2026-08-03,Learner Tien,19.0,2155,-90,,,2026-08-22
2026-08-03,Learner Tien,19.0,2155,-90,,,2026-08-22
2026-08-03,Learner Tien,19.0,2155,-90,,,2026-08-22
2026-08-03,Learner Tien,19.0,2155,-90,,,2026-08-22
2026-07-27,Learner Tien,16.0,2245,-25,100.0,10.0,2026-08-22
2026-07-27,Learner Tien,16.0,2245,-25,100.0,10.0,2026-08-22
2026-07-27,Learner Tien,16.0,2245,-25,100.0,10.0,2026-08-22
2026-07-27,Learner Tien,16.0,2245,-25,100.0,10.0,2026-08-22
2026-07-20,Learner Tien,16.0,2270,-,50.0,25.0,2026-08-22
2026-07-20,Learner Tien,16.0,2270,-,50.0,25.0,2026-08-22
2026-07-20,Learner Tien,16.0,2270,-,50.0,25.0,2026-08-22
2026-07-13,Learner Tien,15.0,2270,-,,,2026-08-22
2026-07-13,Learner Tien,15.0,2270,-,,,2026-08-22
2026-07-13,Learner Tien,15.0,2270,-,,,2026-08-22
2026-06-29,Learner Tien,17.0,2270,-20,50.0,25.0,2026-08-22
2026-06-29,Learner Tien,17.0,2270,-20,50.0,25.0,2026-08-22
2026-06-29,Learner Tien,17.0,2270,-20,50.0,25.0,2026-08-22
2026-06-22,Learner Tien,18.0,2290,+20,50.0,30.0,2026-08-22
2026-06-22,Learner Tien,18.0,2290,+20,50.0,30.0,2026-08-22
2026-06-15,Learner Tien,19.0,2270,-,,,2026-08-22
2026-06-15,Learner Tien,19.0,2270,-,,,2026-08-22
2026-06-08,Learner Tien,19.0,2270,+90,,,2026-08-22
2026-06-08,Learner Tien,19.0,2270,+90,,,2026-08-22
2026-05-25,Learner Tien,18.0,2180,+240,10.0,25.0,2026-08-22
2026-05-25,Learner Tien,18.0,2180,+240,10.0,25.0,2026-08-22
2026-05-18,Learner Tien,20.0,1940,+70,,,2026-08-22
2026-05-18,Learner Tien,20.0,1940,+70,,,2026-08-22
2026-05-04,Learner Tien,21.0,1870,-15,30.0,25.0,2026-08-22
2026-05-04,Learner Tien,21.0,1870,-15,30.0,25.0,2026-08-22
2026-04-20,Learner Tien,21.0,1885,-,,,2026-08-22
2026-04-20,Learner Tien,21.0,1885,-,,,2026-08-22
2026-04-13,Learner Tien,22.0,1885,-,,,2026-08-22
2026-04-13,Learner Tien,22.0,1885,-,,,2026-08-22
2026-04-06,Learner Tien,22.0,1885,+40,,,2026-08-22
2026-04-06,Learner Tien,22.0,1885,+40,,,2026-08-22
2026-03-30,Learner Tien,22.0,1845,-15,,,2026-08-22
2026-03-30,Learner Tien,22.0,1845,-15,,,2026-08-22
2026-03-16,Learner Tien,21.0,1860,+175,,,2026-08-22
2026-03-16,Learner Tien,21.0,1860,+175,,,2026-08-22
2026-03-02,Learner Tien,27.0,1685,-100,,,2026-08-22
2026-02-23,Learner Tien,23.0,1785,+75,125.0,25.0,2026-08-22
2026-02-16,Learner Tien,23.0,1710,-,,,2026-08-22
2026-02-09,Learner Tien,23.0,1710,-,,,2026-08-22
2026-02-02,Learner Tien,24.0,1710,+170,,,2026-08-22
2026-01-19,Learner Tien,29.0,1540,-,230.0,25.0,2026-08-22
2026-01-12,Learner Tien,27.0,1540,-,,,2026-08-22
2026-01-05,Learner Tien,26.0,1540,-,,,2026-08-22
2025-12-29,Learner Tien,28.0,1540,-10,,,2026-08-22
2025-12-22,Learner Tien,28.0,1550,-,,,2026-08-22
2025-12-15,Learner Tien,28.0,1550,-,,,2026-08-22
2025-12-08,Learner Tien,28.0,1550,-,,,2026-08-22
2025-12-01,Learner Tien,28.0,1550,-,,,2026-08-22
2025-11-24,Learner Tien,28.0,1550,-,,,2026-08-22
2025-11-17,Learner Tien,28.0,1550,-,,,2026-08-22
2025-11-10,Learner Tien,28.0,1550,+206,,,2026-08-22
2025-11-03,Learner Tien,38.0,1344,+28,44.0,10.0,2026-08-22
2025-10-27,Learner Tien,39.0,1316,-,22.0,10.0,2026-08-22
2025-10-20,Learner Tien,38.0,1316,-,,,2026-08-22
2025-10-13,Learner Tien,38.0,1316,+13,,,2026-08-22
2026-08-10,Mariano Navone,44.0,1066,+36,45.0,24.0,2026-08-22
2026-08-10,Mariano Navone,44.0,1066,+36,45.0,24.0,2026-08-22
2026-08-10,Mariano Navone,44.0,1066,+36,45.0,24.0,2026-08-22
2026-08-10,Mariano Navone,44.0,1066,+36,45.0,24.0,2026-08-22
2026-08-03,Mariano Navone,44.0,1030,-,,,2026-08-22
2026-08-03,Mariano Navone,44.0,1030,-,,,2026-08-22
2026-08-03,Mariano Navone,44.0,1030,-,,,2026-08-22
2026-08-03,Mariano Navone,44.0,1030,-,,,2026-08-22
2026-07-27,Mariano Navone,44.0,1030,+25,,,2026-08-22
2026-07-27,Mariano Navone,44.0,1030,+25,,,2026-08-22
2026-07-27,Mariano Navone,44.0,1030,+25,,,2026-08-22
2026-07-27,Mariano Navone,44.0,1030,+25,,,2026-08-22
2026-07-20,Mariano Navone,47.0,1005,-11,25.0,10.0,2026-08-22
2026-07-20,Mariano Navone,47.0,1005,-11,25.0,10.0,2026-08-22
2026-07-20,Mariano Navone,47.0,1005,-11,25.0,10.0,2026-08-22
2026-07-13,Mariano Navone,48.0,1016,-149,25.0,14.0,2026-08-22
2026-07-13,Mariano Navone,48.0,1016,-149,25.0,14.0,2026-08-22
2026-07-13,Mariano Navone,48.0,1016,-149,25.0,14.0,2026-08-22
2026-06-29,Mariano Navone,38.0,1165,-,175.0,30.0,2026-08-22
2026-06-29,Mariano Navone,38.0,1165,-,175.0,30.0,2026-08-22
2026-06-29,Mariano Navone,38.0,1165,-,175.0,30.0,2026-08-22
2026-06-22,Mariano Navone,38.0,1165,-,,,2026-08-22
2026-06-22,Mariano Navone,38.0,1165,-,,,2026-08-22
2026-06-15,Mariano Navone,39.0,1165,-,,,2026-08-22
2026-06-15,Mariano Navone,39.0,1165,-,,,2026-08-22
2026-06-08,Mariano Navone,39.0,1165,-50,,,2026-08-22
2026-06-08,Mariano Navone,39.0,1165,-50,,,2026-08-22
2026-05-25,Mariano Navone,38.0,1215,+149,100.0,16.0,2026-08-22
2026-05-25,Mariano Navone,38.0,1215,+149,100.0,16.0,2026-08-22
2026-05-18,Mariano Navone,42.0,1066,+20,,,2026-08-22
2026-05-18,Mariano Navone,42.0,1066,+20,,,2026-08-22
2026-05-04,Mariano Navone,44.0,1046,-9,30.0,14.0,2026-08-22
2026-05-04,Mariano Navone,44.0,1046,-9,30.0,14.0,2026-08-22
2026-04-20,Mariano Navone,45.0,1055,-30,55.0,30.0,2026-08-22
2026-04-20,Mariano Navone,45.0,1055,-30,55.0,30.0,2026-08-22
2026-04-13,Mariano Navone,44.0,1085,-15,50.0,20.0,2026-08-22
2026-04-13,Mariano Navone,44.0,1085,-15,50.0,20.0,2026-08-22
2026-04-06,Mariano Navone,42.0,1100,+240,40.0,25.0,2026-08-22
2026-04-06,Mariano Navone,42.0,1100,+240,40.0,25.0,2026-08-22
2026-03-30,Mariano Navone,60.0,860,+5,,,2026-08-22
2026-03-30,Mariano Navone,60.0,860,+5,,,2026-08-22
2026-03-16,Mariano Navone,61.0,855,+130,,,2026-08-22
2026-03-16,Mariano Navone,61.0,855,+130,,,2026-08-22
2026-03-02,Mariano Navone,79.0,725,-,30.0,20.0,2026-08-22
2026-02-23,Mariano Navone,77.0,725,-25,25.0,20.0,2026-08-22
2026-02-16,Mariano Navone,74.0,750,-10,50.0,25.0,2026-08-22
2026-02-09,Mariano Navone,73.0,760,-,50.0,25.0,2026-08-22
2026-02-02,Mariano Navone,75.0,760,-,,,2026-08-22
2026-01-19,Mariano Navone,74.0,760,-,10.0,25.0,2026-08-22
2026-01-12,Mariano Navone,74.0,760,-,,,2026-08-22
2026-01-05,Mariano Navone,72.0,760,-,,,2026-08-22
2025-12-29,Mariano Navone,75.0,760,-25,,,2026-08-22
2025-12-22,Mariano Navone,72.0,785,-,,,2026-08-22
2025-12-15,Mariano Navone,72.0,785,-,,,2026-08-22
2025-12-08,Mariano Navone,72.0,785,-,,,2026-08-22
2025-12-01,Mariano Navone,72.0,785,-,,,2026-08-22
2025-11-24,Mariano Navone,72.0,785,-,,,2026-08-22
2025-11-17,Mariano Navone,72.0,785,-,,,2026-08-22
2025-11-10,Mariano Navone,72.0,785,-,,,2026-08-22
2025-11-03,Mariano Navone,74.0,785,+50,,,2026-08-22
2025-10-27,Mariano Navone,86.0,735,-,,,2026-08-22
2025-10-20,Mariano Navone,85.0,735,-,,,2026-08-22
2025-10-13,Mariano Navone,84.0,735,-10,,,2026-08-22
,Michael Chang,,,,,,2026-08-22
,Robert Perry,,,,,,2026-08-22
,Caleb Chakravarthi,,,,,,2026-08-22
,Celso Sacomandi,,,,,,2026-08-22
,Compton Russell,,,,,,2026-08-22
,D Pond,,,,,,2026-08-22
,Des Early,,,,,,2026-08-22
,Don Jacobus,,,,,,2026-08-22
,Evgeni Zhelyazkov,,,,,,2026-08-22
,Inmeli,,,,,,2026-08-22
,John Brown,,,,,,2026-08-22
,Kanyab Derafshidjavan,,,,,,2026-08-22
,M Williams,,,,,,2026-08-22
,Mark Elliott,,,,,,2026-08-22
,Mike Barr,,,,,,2026-08-22
,P Sofoulis,,,,,,2026-08-22
,R Beaver,,,,,,2026-08-22
,Rich Andrews,,,,,,2026-08-22
,Robert Armytage,,,,,,2026-08-22
,Ronan Fearon,,,,,,2026-08-22
,S Viljoen,,,,,,2026-08-22
,Stephen Meyers,,,,,,2026-08-22
,Sven Ginman,,,,,,2026-08-22
,X Menn,,,,,,2026-08-22
,Zdravko Mincek,,,,,,2026-08-22
,Alex Lopez Moron,,,,,,2026-08-22
,Bing Pan,,,,,,2026-08-22
,Brad Drewett,,,,,,2026-08-22
,Brian Teacher,,,,,,2026-08-22
,Charles Honey,,,,,,2026-08-22
,Chris Johnstone,,,,,,2026-08-22
2026-08-10,Coleman Wong,93.0,680,-,50.0,8.0,2026-08-22
2026-08-10,Coleman Wong,93.0,680,-,50.0,8.0,2026-08-22
2026-08-10,Coleman Wong,93.0,680,-,50.0,8.0,2026-08-22
2026-08-10,Coleman Wong,93.0,680,-,50.0,8.0,2026-08-22
2026-08-03,Coleman Wong,92.0,680,+92,,,2026-08-22
2026-08-03,Coleman Wong,92.0,680,+92,,,2026-08-22
2026-08-03,Coleman Wong,92.0,680,+92,,,2026-08-22
2026-08-03,Coleman Wong,92.0,680,+92,,,2026-08-22
2026-07-27,Coleman Wong,108.0,588,-,,,2026-08-22
2026-07-27,Coleman Wong,108.0,588,-,,,2026-08-22
2026-07-27,Coleman Wong,108.0,588,-,,,2026-08-22
2026-07-27,Coleman Wong,108.0,588,-,,,2026-08-22
2026-07-20,Coleman Wong,112.0,588,+12,,,2026-08-22
2026-07-20,Coleman Wong,112.0,588,+12,,,2026-08-22
2026-07-20,Coleman Wong,112.0,588,+12,,,2026-08-22
2026-07-13,Coleman Wong,111.0,576,-8,,,2026-08-22
2026-07-13,Coleman Wong,111.0,576,-8,,,2026-08-22
2026-07-13,Coleman Wong,111.0,576,-8,,,2026-08-22
2026-06-29,Coleman Wong,108.0,584,-,8.0,,2026-08-22
2026-06-29,Coleman Wong,108.0,584,-,8.0,,2026-08-22
2026-06-29,Coleman Wong,108.0,584,-,8.0,,2026-08-22
2026-06-22,Coleman Wong,108.0,584,-,,,2026-08-22
2026-06-22,Coleman Wong,108.0,584,-,,,2026-08-22
2026-06-15,Coleman Wong,109.0,584,-,,,2026-08-22
2026-06-15,Coleman Wong,109.0,584,-,,,2026-08-22
2026-06-08,Coleman Wong,108.0,584,+10,,,2026-08-22
2026-06-08,Coleman Wong,108.0,584,+10,,,2026-08-22
2026-05-25,Coleman Wong,109.0,574,-,21.0,,2026-08-22
2026-05-25,Coleman Wong,109.0,574,-,21.0,,2026-08-22
2026-05-18,Coleman Wong,113.0,574,-9,,,2026-08-22
2026-05-18,Coleman Wong,113.0,574,-9,,,2026-08-22
2026-05-04,Coleman Wong,110.0,583,+72,12.0,3.0,2026-08-22
2026-05-04,Coleman Wong,110.0,583,+72,12.0,3.0,2026-08-22
2026-04-20,Coleman Wong,122.0,511,+8,,,2026-08-22
2026-04-20,Coleman Wong,122.0,511,+8,,,2026-08-22
2026-04-13,Coleman Wong,121.0,503,-,,,2026-08-22
2026-04-13,Coleman Wong,121.0,503,-,,,2026-08-22
2026-04-06,Coleman Wong,125.0,503,-,,,2026-08-22
2026-04-06,Coleman Wong,125.0,503,-,,,2026-08-22
2026-03-30,Coleman Wong,124.0,503,-40,,,2026-08-22
2026-03-30,Coleman Wong,124.0,503,-40,,,2026-08-22
2026-03-16,Coleman Wong,120.0,543,+15,50.0,,2026-08-22
2026-03-16,Coleman Wong,120.0,543,+15,50.0,,2026-08-22
2026-03-02,Coleman Wong,123.0,528,+13,13.0,,2026-08-22
2026-02-23,Coleman Wong,125.0,515,+57,,,2026-08-22
2026-02-16,Coleman Wong,137.0,458,-8,6.0,,2026-08-22
2026-02-09,Coleman Wong,136.0,466,-,8.0,,2026-08-22
2026-02-02,Coleman Wong,136.0,466,+10,,,2026-08-22
2026-01-19,Coleman Wong,132.0,456,-,14.0,,2026-08-22
2026-01-12,Coleman Wong,132.0,456,+50,,,2026-08-22
2026-01-05,Coleman Wong,150.0,406,-,,,2026-08-22
2025-12-29,Coleman Wong,150.0,406,-,,,2026-08-22
2025-12-22,Coleman Wong,151.0,406,-,,,2026-08-22
2025-12-15,Coleman Wong,151.0,406,-,,,2026-08-22
2025-12-08,Coleman Wong,151.0,406,-,,,2026-08-22
2025-12-01,Coleman Wong,151.0,406,-6,,,2026-08-22
2025-11-24,Coleman Wong,149.0,412,-12,6.0,,2026-08-22
2025-11-17,Coleman Wong,143.0,424,-,12.0,,2026-08-22
2025-11-10,Coleman Wong,145.0,424,+19,,,2026-08-22
2025-11-03,Coleman Wong,152.0,405,+43,6.0,,2026-08-22
2025-10-27,Coleman Wong,161.0,362,-13,7.0,,2026-08-22
2025-10-20,Coleman Wong,156.0,375,-,16.0,3.0,2026-08-22
2025-10-13,Coleman Wong,158.0,375,+8,,,2026-08-22
,Jose Hernandez,,,,,,2026-08-22
,Lovro Zovko,,,,,,2026-08-22
2026-08-10,Quentin Halys,57.0,980,-,,,2026-08-22
2026-08-10,Quentin Halys,57.0,980,-,,,2026-08-22
2026-08-10,Quentin Halys,57.0,980,-,,,2026-08-22
2026-08-10,Quentin Halys,57.0,980,-,,,2026-08-22
2026-08-03,Quentin Halys,54.0,980,-,,,2026-08-22
2026-08-03,Quentin Halys,54.0,980,-,,,2026-08-22
2026-08-03,Quentin Halys,54.0,980,-,,,2026-08-22
2026-08-03,Quentin Halys,54.0,980,-,,,2026-08-22
2026-07-27,Quentin Halys,52.0,980,+237,,,2026-08-22
2026-07-27,Quentin Halys,52.0,980,+237,,,2026-08-22
2026-07-27,Quentin Halys,52.0,980,+237,,,2026-08-22
2026-07-27,Quentin Halys,52.0,980,+237,,,2026-08-22
2026-07-20,Quentin Halys,83.0,743,+37,,,2026-08-22
2026-07-20,Quentin Halys,83.0,743,+37,,,2026-08-22
2026-07-20,Quentin Halys,83.0,743,+37,,,2026-08-22
2026-07-13,Quentin Halys,90.0,706,+40,,,2026-08-22
2026-07-13,Quentin Halys,90.0,706,+40,,,2026-08-22
2026-07-13,Quentin Halys,90.0,706,+40,,,2026-08-22
2026-06-29,Quentin Halys,95.0,666,+40,10.0,10.0,2026-08-22
2026-06-29,Quentin Halys,95.0,666,+40,10.0,10.0,2026-08-22
2026-06-29,Quentin Halys,95.0,666,+40,10.0,10.0,2026-08-22
2026-06-22,Quentin Halys,101.0,626,-40,,,2026-08-22
2026-06-22,Quentin Halys,101.0,626,-40,,,2026-08-22
2026-06-15,Quentin Halys,94.0,666,-12,50.0,10.0,2026-08-22
2026-06-15,Quentin Halys,94.0,666,-12,50.0,10.0,2026-08-22
2026-06-08,Quentin Halys,92.0,678,-,25.0,13.0,2026-08-22
2026-06-08,Quentin Halys,92.0,678,-,25.0,13.0,2026-08-22
2026-05-25,Quentin Halys,90.0,678,-12,100.0,13.0,2026-08-22
2026-05-25,Quentin Halys,90.0,678,-12,100.0,13.0,2026-08-22
2026-05-18,Quentin Halys,88.0,690,+37,25.0,13.0,2026-08-22
2026-05-18,Quentin Halys,88.0,690,+37,25.0,13.0,2026-08-22
2026-05-04,Quentin Halys,93.0,653,+3,13.0,13.0,2026-08-22
2026-05-04,Quentin Halys,93.0,653,+3,13.0,13.0,2026-08-22
2026-04-20,Quentin Halys,91.0,650,-,10.0,13.0,2026-08-22
2026-04-20,Quentin Halys,91.0,650,-,10.0,13.0,2026-08-22
2026-04-13,Quentin Halys,90.0,650,-,,,2026-08-22
2026-04-13,Quentin Halys,90.0,650,-,,,2026-08-22
2026-04-06,Quentin Halys,89.0,650,-,,,2026-08-22
2026-04-06,Quentin Halys,89.0,650,-,,,2026-08-22
2026-03-30,Quentin Halys,90.0,650,+70,,,2026-08-22
2026-03-30,Quentin Halys,90.0,650,+70,,,2026-08-22
2026-03-16,Quentin Halys,111.0,580,-20,30.0,13.0,2026-08-22
2026-03-16,Quentin Halys,111.0,580,-20,30.0,13.0,2026-08-22
2026-03-02,Quentin Halys,102.0,600,-200,30.0,13.0,2026-08-22
2026-02-23,Quentin Halys,68.0,800,+38,225.0,13.0,2026-08-22
2026-02-16,Quentin Halys,72.0,762,+37,25.0,13.0,2026-08-22
2026-02-09,Quentin Halys,77.0,725,-,,,2026-08-22
2026-02-02,Quentin Halys,79.0,725,-,,,2026-08-22
2026-01-19,Quentin Halys,83.0,725,+28,50.0,10.0,2026-08-22
2026-01-12,Quentin Halys,85.0,697,+28,,,2026-08-22
2026-01-05,Quentin Halys,91.0,669,-,,,2026-08-22
2025-12-29,Quentin Halys,91.0,669,-10,,,2026-08-22
2025-12-22,Quentin Halys,91.0,679,-,,,2026-08-22
2025-12-15,Quentin Halys,91.0,679,-,,,2026-08-22
2025-12-08,Quentin Halys,91.0,679,-,,,2026-08-22
2025-12-01,Quentin Halys,91.0,679,-,,,2026-08-22
2025-11-24,Quentin Halys,91.0,679,-,,,2026-08-22
2025-11-17,Quentin Halys,92.0,679,-,,,2026-08-22
2025-11-10,Quentin Halys,90.0,679,-53,,,2026-08-22
2025-11-03,Quentin Halys,84.0,732,-30,63.0,10.0,2026-08-22
2025-10-27,Quentin Halys,79.0,762,-12,40.0,10.0,2026-08-22
2025-10-20,Quentin Halys,78.0,774,-15,25.0,10.0,2026-08-22
2025-10-13,Quentin Halys,77.0,789,-20,25.0,10.0,2026-08-22
,Rajeev Ram,,,,,,2026-08-22
,Russell Barlow,,,,,,2026-08-22
,Thierry Guardiola,,,,,,2026-08-22
,Tino Anda,,,,,,2026-08-22
,Xavier Daufresne,,,,,,2026-08-22
,A Ferguson,,,,,,2026-08-22
,B Hauffe,,,,,,2026-08-22
,Collet,,,,,,2026-08-22
,Elia Grossi,,,,,,2026-08-22
,Emanuele Scarfiotti,,,,,,2026-08-22
,Ernesto Ruiz Bry,,,,,,2026-08-22
,Gaetano Mele,,,,,,2026-08-22
,Hachiro Shibata,,,,,,2026-08-22
,Herbert Rapp,,,,,,2026-08-22
,Javier Ordaz,,,,,,2026-08-22
,Javier Roch,,,,,,2026-08-22
,Lito Alvarez,,,,,,2026-08-22
,Nino Monda,,,,,,2026-08-22
,Peter Bretherton,,,,,,2026-08-22
,Rodney Crowley,,,,,,2026-08-22
,Roy Schwegman,,,,,,2026-08-22
,Sebastien Hette,,,,,,2026-08-22
,Alberto Tous,,,,,,2026-08-22
,Brian Roe,,,,,,2026-08-22
,Carl Soderlund,,,,,,2026-08-22
,Dieter Kindlmann,,,,,,2026-08-22
,Fernando Gonzalez,,,,,,2026-08-22
,Fredrik Waern,,,,,,2026-08-22
,Lior Mor,,,,,,2026-08-22
,Mark Koevermans,,,,,,2026-08-22
,Pavel Vizner,,,,,,2026-08-22
,Todd Larkham,,,,,,2026-08-22
,Antonio Capella,,,,,,2026-08-22
,Antonio Rasicci,,,,,,2026-08-22
,Damian Patriarca,,,,,,2026-08-22
,Fabio Di Mauro,,,,,,2026-08-22
,Gabriel Mattos,,,,,,2026-08-22
,Ian Mckenzie,,,,,,2026-08-22
,Joe Heldmann,,,,,,2026-08-22
,John Penero,,,,,,2026-08-22
,John Swann,,,,,,2026-08-22
,Ludovic Walter,,,,,,2026-08-22
,Mike Myburg,,,,,,2026-08-22
,Nimish Desai,,,,,,2026-08-22
,Nocentini,,,,,,2026-08-22
,Petar Jelenic,,,,,,2026-08-22
,Peter Marmureanu,,,,,,2026-08-22
,Peter Van Lingen,,,,,,2026-08-22
,Radovan Svetlik,,,,,,2026-08-22
,Robert Machan,,,,,,2026-08-22
,Roman Vogeli,,,,,,2026-08-22
,Sherif Sabry,,,,,,2026-08-22
,Terry Saunders,,,,,,2026-08-22
,Thomas Emmrich,,,,,,2026-08-22
,U Corsi,,,,,,2026-08-22
,U Lucci,,,,,,2026-08-22
,Aisam Ul Haq Qureshi,,,,,,2026-08-22
,Artem Dubrivnyy,,,,,,2026-08-22
,Benjamin Becker,,,,,,2026-08-22
,Dinu Pescariu,,,,,,2026-08-22
,Eduardo Bengoechea,,,,,,2026-08-22
2026-08-10,Geoffrey Blancaneaux,365.0,141,+25,6.0,,2026-08-22
2026-08-03,Geoffrey Blancaneaux,414.0,116,-,,,2026-08-22
2026-07-27,Geoffrey Blancaneaux,408.0,116,-1,,,2026-08-22
,Jean Luc Cotard,,,,,,2026-08-22
,John Bartlett,,,,,,2026-08-22
,Patrick Rafter,,,,,,2026-08-22
,Rod Laver,,,,,,2026-08-22
,A Chappell,,,,,,2026-08-22
,Andreas Fasching,,,,,,2026-08-22
,Brant Bailey,,,,,,2026-08-22
,Fernando Dalla Fontana,,,,,,2026-08-22
,Francisco Gallardo,,,,,,2026-08-22
,Henry Ladyman,,,,,,2026-08-22
,J Walsh,,,,,,2026-08-22
,John Damon,,,,,,2026-08-22
,L B Taylor,,,,,,2026-08-22
,Ling Fong,,,,,,2026-08-22
,Manuel Valleramos,,,,,,2026-08-22
,P.f. Kingham,,,,,,2026-08-22
,Paul Cranis,,,,,,2026-08-22
,Rafael Ruiz,,,,,,2026-08-22
,Robert Layton,,,,,,2026-08-22
,Rocky Maguire,,,,,,2026-08-22
,Antonio Veic,,,,,,2026-08-22
2026-08-10,Daniel Elahi Galan,272.0,207,+4,50.0,,2026-08-22
2026-08-03,Daniel Elahi Galan,271.0,203,+16,,,2026-08-22
2026-07-27,Daniel Elahi Galan,290.0,187,-,,,2026-08-22
2026-03-02,Daniel Elahi Galan,182.0,337,+7,87.0,,2026-08-22
2026-02-23,Daniel Elahi Galan,188.0,330,-,,,2026-08-22
2026-02-16,Daniel Elahi Galan,184.0,330,+7,,,2026-08-22
2026-02-09,Daniel Elahi Galan,187.0,323,-,,,2026-08-22
2026-02-02,Daniel Elahi Galan,191.0,323,-82,,,2026-08-22
2026-01-19,Daniel Elahi Galan,154.0,405,-,82.0,,2026-08-22
2026-01-12,Daniel Elahi Galan,154.0,405,+8,,,2026-08-22
2026-01-05,Daniel Elahi Galan,155.0,397,-8,,,2026-08-22
2025-12-29,Daniel Elahi Galan,152.0,405,-,8.0,,2026-08-22
2025-12-22,Daniel Elahi Galan,153.0,405,-,,,2026-08-22
2025-12-15,Daniel Elahi Galan,153.0,405,-,,,2026-08-22
2025-12-08,Daniel Elahi Galan,153.0,405,-,,,2026-08-22
2025-12-01,Daniel Elahi Galan,153.0,405,-,,,2026-08-22
2025-11-24,Daniel Elahi Galan,153.0,405,-,,,2026-08-22
2025-11-17,Daniel Elahi Galan,150.0,405,-,,,2026-08-22
2025-11-10,Daniel Elahi Galan,153.0,405,-6,,,2026-08-22
2025-11-03,Daniel Elahi Galan,149.0,411,-,6.0,,2026-08-22
2025-10-27,Daniel Elahi Galan,149.0,411,-,,,2026-08-22
2025-10-20,Daniel Elahi Galan,149.0,411,-,,,2026-08-22
2025-10-13,Daniel Elahi Galan,151.0,411,-79,,,2026-08-22
,Go Soeda,,,,,,2026-08-22
2026-08-10,Ivan Nedelko,940.0,24,-,,,2026-08-22
2026-08-03,Ivan Nedelko,929.0,24,-,,,2026-08-22
2026-07-27,Ivan Nedelko,933.0,24,-,,,2026-08-22
2026-08-10,Jenson Brooksby,74.0,840,+30,50.0,,2026-08-22
2026-08-10,Jenson Brooksby,74.0,840,+30,50.0,,2026-08-22
2026-08-10,Jenson Brooksby,74.0,840,+30,50.0,,2026-08-22
2026-08-10,Jenson Brooksby,74.0,840,+30,50.0,,2026-08-22
2026-08-03,Jenson Brooksby,74.0,810,+40,,,2026-08-22
2026-08-03,Jenson Brooksby,74.0,810,+40,,,2026-08-22
2026-08-03,Jenson Brooksby,74.0,810,+40,,,2026-08-22
2026-08-03,Jenson Brooksby,74.0,810,+40,,,2026-08-22
2026-07-27,Jenson Brooksby,77.0,770,-,10.0,,2026-08-22
2026-07-27,Jenson Brooksby,77.0,770,-,10.0,,2026-08-22
2026-07-27,Jenson Brooksby,77.0,770,-,10.0,,2026-08-22
2026-07-27,Jenson Brooksby,77.0,770,-,10.0,,2026-08-22
2026-07-20,Jenson Brooksby,74.0,770,-,,,2026-08-22
2026-07-20,Jenson Brooksby,74.0,770,-,,,2026-08-22
2026-07-20,Jenson Brooksby,74.0,770,-,,,2026-08-22
2026-07-13,Jenson Brooksby,76.0,770,+50,,,2026-08-22
2026-07-13,Jenson Brooksby,76.0,770,+50,,,2026-08-22
2026-07-13,Jenson Brooksby,76.0,770,+50,,,2026-08-22
2026-06-29,Jenson Brooksby,81.0,720,-147,50.0,,2026-08-22
2026-06-29,Jenson Brooksby,81.0,720,-147,50.0,,2026-08-22
2026-06-29,Jenson Brooksby,81.0,720,-147,50.0,,2026-08-22
2026-06-22,Jenson Brooksby,67.0,867,+50,172.0,,2026-08-22
2026-06-22,Jenson Brooksby,67.0,867,+50,172.0,,2026-08-22
2026-06-15,Jenson Brooksby,73.0,817,-8,,,2026-08-22
2026-06-15,Jenson Brooksby,73.0,817,-8,,,2026-08-22
2026-06-08,Jenson Brooksby,73.0,825,-40,8.0,,2026-08-22
2026-06-08,Jenson Brooksby,73.0,825,-40,8.0,,2026-08-22
2026-05-25,Jenson Brooksby,63.0,865,-7,50.0,,2026-08-22
2026-05-25,Jenson Brooksby,63.0,865,-7,50.0,,2026-08-22
2026-05-18,Jenson Brooksby,60.0,872,+10,7.0,,2026-08-22
2026-05-18,Jenson Brooksby,60.0,872,+10,7.0,,2026-08-22
2026-05-04,Jenson Brooksby,63.0,862,+10,,,2026-08-22
2026-05-04,Jenson Brooksby,63.0,862,+10,,,2026-08-22
2026-04-20,Jenson Brooksby,61.0,852,-,,,2026-08-22
2026-04-20,Jenson Brooksby,61.0,852,-,,,2026-08-22
2026-04-13,Jenson Brooksby,62.0,852,-,,,2026-08-22
2026-04-13,Jenson Brooksby,62.0,852,-,,,2026-08-22
2026-04-06,Jenson Brooksby,64.0,852,-263,,,2026-08-22
2026-04-06,Jenson Brooksby,64.0,852,-263,,,2026-08-22
2026-03-30,Jenson Brooksby,41.0,1115,-,263.0,,2026-08-22
2026-03-30,Jenson Brooksby,41.0,1115,-,263.0,,2026-08-22
2026-03-16,Jenson Brooksby,42.0,1115,-20,10.0,,2026-08-22
2026-03-16,Jenson Brooksby,42.0,1115,-20,10.0,,2026-08-22
2026-03-02,Jenson Brooksby,41.0,1135,+93,50.0,,2026-08-22
2026-02-23,Jenson Brooksby,49.0,1042,-,7.0,,2026-08-22
2026-02-16,Jenson Brooksby,47.0,1042,-,,,2026-08-22
2026-02-09,Jenson Brooksby,45.0,1042,-,,,2026-08-22
2026-02-02,Jenson Brooksby,47.0,1042,-,,,2026-08-22
2026-01-19,Jenson Brooksby,48.0,1042,+25,10.0,,2026-08-22
2026-01-12,Jenson Brooksby,48.0,1017,-,,,2026-08-22
2026-01-05,Jenson Brooksby,49.0,1017,-,,,2026-08-22
2025-12-29,Jenson Brooksby,50.0,1017,-,,,2026-08-22
2025-12-22,Jenson Brooksby,53.0,1017,-,,,2026-08-22
2025-12-15,Jenson Brooksby,53.0,1017,-,,,2026-08-22
2025-12-08,Jenson Brooksby,53.0,1017,-,,,2026-08-22
2025-12-01,Jenson Brooksby,53.0,1017,-,,,2026-08-22
2025-11-24,Jenson Brooksby,53.0,1017,-,,,2026-08-22
2025-11-17,Jenson Brooksby,53.0,1017,-,,,2026-08-22
2025-11-10,Jenson Brooksby,53.0,1017,-,,,2026-08-22
2025-11-03,Jenson Brooksby,51.0,1017,-,,,2026-08-22
2025-10-27,Jenson Brooksby,51.0,1017,+50,,,2026-08-22
2025-10-20,Jenson Brooksby,55.0,967,-,,,2026-08-22
2025-10-13,Jenson Brooksby,56.0,967,+30,,,2026-08-22
,Jiri Granat,,,,,,2026-08-22
,Juan Gisbert Jr,,,,,,2026-08-22
,Julio Goes,,,,,,2026-08-22
2026-08-10,Kaichi Uchida,261.0,218,-,8.0,,2026-08-22
2026-08-03,Kaichi Uchida,254.0,218,-,,,2026-08-22
2026-07-27,Kaichi Uchida,254.0,218,-,,,2026-08-22
,Luis Adrian Morejon,,,,,,2026-08-22
,Ramon Delgado,,,,,,2026-08-22
,Steve Shaw,,,,,,2026-08-22
,Thomas Shimada,,,,,,2026-08-22
,Tommy Ho,,,,,,2026-08-22
,Toshihide Matsui,,,,,,2026-08-22
,Antonio Richeran,,,,,,2026-08-22
,Daniel Contet,,,,,,2026-08-22
,David Salvador Estepa,,,,,,2026-08-22
,J Tobin,,,,,,2026-08-22
,Jose Schmidt,,,,,,2026-08-22
,Micky Dominguez,,,,,,2026-08-22
,Paul Groth,,,,,,2026-08-22
2026-08-10,Alexander Ritschard,592.0,67,-,25.0,,2026-08-22
2026-08-03,Alexander Ritschard,583.0,67,-,,,2026-08-22
2026-07-27,Alexander Ritschard,580.0,67,-,,,2026-08-22
,Bart Wuyts,,,,,,2026-08-22
,Bernhard Pils,,,,,,2026-08-22
,Greg Van Emburgh,,,,,,2026-08-22
,Heinz Gunthardt,,,,,,2026-08-22
,Isak Arvidsson,,,,,,2026-08-22
,Marcos Daniel,,,,,,2026-08-22
,Matwe Middelkoop,,,,,,2026-08-22
,Mikael Torpegaard,,,,,,2026-08-22
,Olli Rahnasto,,,,,,2026-08-22
2026-08-10,Oriol Roca Batalla,351.0,153,-,,,2026-08-22
2026-08-03,Oriol Roca Batalla,342.0,153,-,,,2026-08-22
2026-07-27,Oriol Roca Batalla,338.0,153,-,,,2026-08-22
,Randy Crawford,,,,,,2026-08-22
,Richard Whichello,,,,,,2026-08-22
,Andre Viscolo,,,,,,2026-08-22
,Beyazit Anbar,,,,,,2026-08-22
,Bob Perrin,,,,,,2026-08-22
,Chip Tolleson,,,,,,2026-08-22
,Detlev Irmler,,,,,,2026-08-22
,Dick Klitch,,,,,,2026-08-22
,Frank Saloman,,,,,,2026-08-22
,Gunther Bosch,,,,,,2026-08-22
,Ivan Beros,,,,,,2026-08-22
,Jim Mitchell,,,,,,2026-08-22
,Jose Maria Mateu,,,,,,2026-08-22
,Louis Gordon,,,,,,2026-08-22
,M Harrison,,,,,,2026-08-22
,Mike Kreiss,,,,,,2026-08-22
,Piero Todaro,,,,,,2026-08-22
,Takehiko Nishiwaki,,,,,,2026-08-22
,Tracy Lake,,,,,,2026-08-22
,Alvaro Jordan,,,,,,2026-08-22
2026-08-10,Andrea Vavassori,613.0,63,-,,,2026-08-22
2026-08-03,Andrea Vavassori,605.0,63,-,,,2026-08-22
2026-07-27,Andrea Vavassori,600.0,63,-8,,,2026-08-22
,Bastian Knittel,,,,,,2026-08-22
,Eliot Teltscher,,,,,,2026-08-22
,Felipe Parada,,,,,,2026-08-22
2026-08-10,Gabriel Diallo,105.0,625,+30,75.0,,2026-08-22
2026-08-10,Gabriel Diallo,105.0,625,+30,75.0,,2026-08-22
2026-08-10,Gabriel Diallo,105.0,625,+30,75.0,,2026-08-22
2026-08-10,Gabriel Diallo,105.0,625,+30,75.0,,2026-08-22
2026-08-03,Gabriel Diallo,108.0,595,-50,,,2026-08-22
2026-08-03,Gabriel Diallo,108.0,595,-50,,,2026-08-22
2026-08-03,Gabriel Diallo,108.0,595,-50,,,2026-08-22
2026-08-03,Gabriel Diallo,108.0,595,-50,,,2026-08-22
2026-07-27,Gabriel Diallo,99.0,645,-50,50.0,,2026-08-22
2026-07-27,Gabriel Diallo,99.0,645,-50,50.0,,2026-08-22
2026-07-27,Gabriel Diallo,99.0,645,-50,50.0,,2026-08-22
2026-07-27,Gabriel Diallo,99.0,645,-50,50.0,,2026-08-22
2026-07-20,Gabriel Diallo,92.0,695,-,50.0,,2026-08-22
2026-07-20,Gabriel Diallo,92.0,695,-,50.0,,2026-08-22
2026-07-20,Gabriel Diallo,92.0,695,-,50.0,,2026-08-22
2026-07-13,Gabriel Diallo,93.0,695,-,,,2026-08-22
2026-07-13,Gabriel Diallo,93.0,695,-,,,2026-08-22
2026-07-13,Gabriel Diallo,93.0,695,-,,,2026-08-22
2026-06-29,Gabriel Diallo,88.0,695,+10,50.0,,2026-08-22
2026-06-29,Gabriel Diallo,88.0,695,+10,50.0,,2026-08-22
2026-06-29,Gabriel Diallo,88.0,695,+10,50.0,,2026-08-22
2026-06-22,Gabriel Diallo,91.0,685,-25,50.0,10.0,2026-08-22
2026-06-22,Gabriel Diallo,91.0,685,-25,50.0,10.0,2026-08-22
2026-06-15,Gabriel Diallo,84.0,710,-225,50.0,25.0,2026-08-22
2026-06-15,Gabriel Diallo,84.0,710,-225,50.0,25.0,2026-08-22
2026-06-08,Gabriel Diallo,54.0,935,-40,250.0,25.0,2026-08-22
2026-06-08,Gabriel Diallo,54.0,935,-40,250.0,25.0,2026-08-22
2026-05-25,Gabriel Diallo,49.0,975,-,50.0,25.0,2026-08-22
2026-05-25,Gabriel Diallo,49.0,975,-,50.0,25.0,2026-08-22
2026-05-18,Gabriel Diallo,48.0,975,-25,,,2026-08-22
2026-05-18,Gabriel Diallo,48.0,975,-25,,,2026-08-22
2026-05-04,Gabriel Diallo,46.0,1000,-200,,,2026-08-22
2026-05-04,Gabriel Diallo,46.0,1000,-200,,,2026-08-22
2026-04-20,Gabriel Diallo,36.0,1200,+25,210.0,25.0,2026-08-22
2026-04-20,Gabriel Diallo,36.0,1200,+25,210.0,25.0,2026-08-22
2026-04-13,Gabriel Diallo,37.0,1175,-,,,2026-08-22
2026-04-13,Gabriel Diallo,37.0,1175,-,,,2026-08-22
2026-04-06,Gabriel Diallo,36.0,1175,-,,,2026-08-22
2026-04-06,Gabriel Diallo,36.0,1175,-,,,2026-08-22
2026-03-30,Gabriel Diallo,36.0,1175,-10,,,2026-08-22
2026-03-30,Gabriel Diallo,36.0,1175,-10,,,2026-08-22
2026-03-16,Gabriel Diallo,37.0,1185,+10,40.0,25.0,2026-08-22
2026-03-16,Gabriel Diallo,37.0,1185,+10,40.0,25.0,2026-08-22
2026-03-02,Gabriel Diallo,38.0,1175,-,40.0,25.0,2026-08-22
2026-02-23,Gabriel Diallo,41.0,1175,-,,,2026-08-22
2026-02-16,Gabriel Diallo,39.0,1175,-,,,2026-08-22
2026-02-09,Gabriel Diallo,38.0,1175,-,,,2026-08-22
2026-02-02,Gabriel Diallo,39.0,1175,-40,,,2026-08-22
2026-01-19,Gabriel Diallo,41.0,1215,-,50.0,25.0,2026-08-22
2026-01-12,Gabriel Diallo,41.0,1215,-,,,2026-08-22
2026-01-05,Gabriel Diallo,40.0,1215,-13,,,2026-08-22
2025-12-29,Gabriel Diallo,41.0,1228,-25,38.0,25.0,2026-08-22
2025-12-22,Gabriel Diallo,41.0,1253,-,,,2026-08-22
2025-12-15,Gabriel Diallo,41.0,1253,-,,,2026-08-22
2025-12-08,Gabriel Diallo,41.0,1253,-,,,2026-08-22
2025-12-01,Gabriel Diallo,41.0,1253,-,,,2026-08-22
2025-11-24,Gabriel Diallo,41.0,1253,-,,,2026-08-22
2025-11-17,Gabriel Diallo,41.0,1253,-,,,2026-08-22
2025-11-10,Gabriel Diallo,41.0,1253,-,,,2026-08-22
2025-11-03,Gabriel Diallo,41.0,1253,+25,,,2026-08-22
2025-10-27,Gabriel Diallo,42.0,1228,-,,,2026-08-22
2025-10-20,Gabriel Diallo,41.0,1228,-140,,,2026-08-22
2025-10-13,Gabriel Diallo,35.0,1368,+60,165.0,16.0,2026-08-22
,James Schor,,,,,,2026-08-22
,Jeremy Bates,,,,,,2026-08-22
,Jim Mcmanus,,,,,,2026-08-22
,Juan Albert Viloca Puig,,,,,,2026-08-22
,Ken Flach,,,,,,2026-08-22
,Lew Hoad,,,,,,2026-08-22
2026-08-10,Mirza Basic,699.0,49,+2,,,2026-08-22
2026-08-03,Mirza Basic,712.0,47,-14,,,2026-08-22
2026-07-27,Mirza Basic,609.0,61,-,15.0,,2026-08-22
,Robert Seguso,,,,,,2026-08-22
,Robin Haase,,,,,,2026-08-22
,Roko Karanusic,,,,,,2026-08-22
,Sammy Giammalva Jr,,,,,,2026-08-22
,Thomas Fabbiano,,,,,,2026-08-22
,Alexios Halebian,,,,,,2026-08-22
,Bill Cowan,,,,,,2026-08-22
,Bohn Smith,,,,,,2026-08-22
,Chuck Bleckinger,,,,,,2026-08-22
,Doug Smith,,,,,,2026-08-22
,Eleuterio Martins,,,,,,2026-08-22
,Jamie Harty,,,,,,2026-08-22
,Joe Huey,,,,,,2026-08-22
,Junie Chatman,,,,,,2026-08-22
,Marcelo Grassi,,,,,,2026-08-22
,Miguel Pastura,,,,,,2026-08-22
,Paul Avis,,,,,,2026-08-22
,Radim Zitko,,,,,,2026-08-22
,Reijo Tuomola,,,,,,2026-08-22
,Shoichi Tatsuno,,,,,,2026-08-22
,Stan Myerson,,,,,,2026-08-22
,Steven Alger,,,,,,2026-08-22
,Tom Karp,,,,,,2026-08-22
,Toshitsugu Mori,,,,,,2026-08-22
,U Morgaver,,,,,,2026-08-22
,William Altneu,,,,,,2026-08-22
,Adrian Voinea,,,,,,2026-08-22
,Colin Dowdeswell,,,,,,2026-08-22
,Eduardo Velez,,,,,,2026-08-22
2026-08-10,Facundo Mena,344.0,157,-,,,2026-08-22
2026-08-03,Facundo Mena,333.0,157,-,,,2026-08-22
2026-07-27,Facundo Mena,330.0,157,-,,,2026-08-22
,Gabriel Trifu,,,,,,2026-08-22
,John Mccurdy,,,,,,2026-08-22
,Matija Pecotic,,,,,,2026-08-22
,Pablo Andujar,,,,,,2026-08-22
,Vicente Solves,,,,,,2026-08-22
,Daniel Moreau,,,,,,2026-08-22
,Don Kierbow,,,,,,2026-08-22
,Emin Agaev,,,,,,2026-08-22
,Fazaluddin Syed,,,,,,2026-08-22
,Follder,,,,,,2026-08-22
,Hans Goransson,,,,,,2026-08-22
,Haruhiko Matsunaga,,,,,,2026-08-22
,John Mills,,,,,,2026-08-22
,Kirk Watson,,,,,,2026-08-22
,M Court,,,,,,2026-08-22
,Patricio Apey,,,,,,2026-08-22
,Pedro Sotomayor,,,,,,2026-08-22
,R Buckley,,,,,,2026-08-22
,Victor Palman,,,,,,2026-08-22
2026-08-10,Akira Santillan,290.0,191,+2,25.0,2.0,2026-08-22
2026-08-03,Akira Santillan,291.0,189,-,,,2026-08-22
2026-07-27,Akira Santillan,288.0,189,+4,,,2026-08-22
,Erik Chvojka,,,,,,2026-08-22
,Francisco Fogues,,,,,,2026-08-22
,Kittipong Wachiramanowong,,,,,,2026-08-22
,Mauricio Hadad,,,,,,2026-08-22
,Milan Srejber,,,,,,2026-08-22
2026-08-10,Nikoloz Basilashvili,132.0,482,-,26.0,,2026-08-22
2026-08-10,Nikoloz Basilashvili,132.0,482,-,26.0,,2026-08-22
2026-08-10,Nikoloz Basilashvili,132.0,482,-,26.0,,2026-08-22
2026-08-10,Nikoloz Basilashvili,132.0,482,-,26.0,,2026-08-22
2026-08-03,Nikoloz Basilashvili,130.0,482,+8,,,2026-08-22
2026-08-03,Nikoloz Basilashvili,130.0,482,+8,,,2026-08-22
2026-08-03,Nikoloz Basilashvili,130.0,482,+8,,,2026-08-22
2026-08-03,Nikoloz Basilashvili,130.0,482,+8,,,2026-08-22
2026-07-27,Nikoloz Basilashvili,133.0,474,-25,,,2026-08-22
2026-07-27,Nikoloz Basilashvili,133.0,474,-25,,,2026-08-22
2026-07-27,Nikoloz Basilashvili,133.0,474,-25,,,2026-08-22
2026-07-27,Nikoloz Basilashvili,133.0,474,-25,,,2026-08-22
2026-07-20,Nikoloz Basilashvili,130.0,499,+25,25.0,,2026-08-22
2026-07-20,Nikoloz Basilashvili,130.0,499,+25,25.0,,2026-08-22
2026-07-20,Nikoloz Basilashvili,130.0,499,+25,25.0,,2026-08-22
2026-07-13,Nikoloz Basilashvili,135.0,474,-80,,,2026-08-22
2026-07-13,Nikoloz Basilashvili,135.0,474,-80,,,2026-08-22
2026-07-13,Nikoloz Basilashvili,135.0,474,-80,,,2026-08-22
2026-06-29,Nikoloz Basilashvili,111.0,554,-,80.0,,2026-08-22
2026-06-29,Nikoloz Basilashvili,111.0,554,-,80.0,,2026-08-22
2026-06-29,Nikoloz Basilashvili,111.0,554,-,80.0,,2026-08-22
2026-06-22,Nikoloz Basilashvili,112.0,554,+25,,,2026-08-22
2026-06-22,Nikoloz Basilashvili,112.0,554,+25,,,2026-08-22
2026-06-15,Nikoloz Basilashvili,118.0,529,-7,,,2026-08-22
2026-06-15,Nikoloz Basilashvili,118.0,529,-7,,,2026-08-22
2026-06-08,Nikoloz Basilashvili,118.0,536,-33,7.0,,2026-08-22
2026-06-08,Nikoloz Basilashvili,118.0,536,-33,7.0,,2026-08-22
2026-05-25,Nikoloz Basilashvili,111.0,569,-,40.0,7.0,2026-08-22
2026-05-25,Nikoloz Basilashvili,111.0,569,-,40.0,7.0,2026-08-22
2026-05-18,Nikoloz Basilashvili,115.0,569,+30,,,2026-08-22
2026-05-18,Nikoloz Basilashvili,115.0,569,+30,,,2026-08-22
2026-05-04,Nikoloz Basilashvili,117.0,539,+23,90.0,7.0,2026-08-22
2026-05-04,Nikoloz Basilashvili,117.0,539,+23,90.0,7.0,2026-08-22
2026-04-20,Nikoloz Basilashvili,120.0,516,-,,,2026-08-22
2026-04-20,Nikoloz Basilashvili,120.0,516,-,,,2026-08-22
2026-04-13,Nikoloz Basilashvili,118.0,516,+10,,,2026-08-22
2026-04-13,Nikoloz Basilashvili,118.0,516,+10,,,2026-08-22
2026-04-06,Nikoloz Basilashvili,124.0,506,+13,,,2026-08-22
2026-04-06,Nikoloz Basilashvili,124.0,506,+13,,,2026-08-22
2026-03-30,Nikoloz Basilashvili,129.0,493,+30,,,2026-08-22
2026-03-30,Nikoloz Basilashvili,129.0,493,+30,,,2026-08-22
2026-03-16,Nikoloz Basilashvili,134.0,463,-1,,,2026-08-22
2026-03-16,Nikoloz Basilashvili,134.0,463,-1,,,2026-08-22
2026-03-02,Nikoloz Basilashvili,133.0,464,-,36.0,,2026-08-22
2026-02-23,Nikoloz Basilashvili,135.0,464,-,,,2026-08-22
2026-02-16,Nikoloz Basilashvili,136.0,464,-,,,2026-08-22
2026-02-09,Nikoloz Basilashvili,137.0,464,-,,,2026-08-22
2026-02-02,Nikoloz Basilashvili,137.0,464,-109,,,2026-08-22
2026-01-19,Nikoloz Basilashvili,105.0,573,-,117.0,,2026-08-22
2026-01-12,Nikoloz Basilashvili,105.0,573,-,,,2026-08-22
2026-01-05,Nikoloz Basilashvili,107.0,573,-,,,2026-08-22
2025-12-29,Nikoloz Basilashvili,109.0,573,-,,,2026-08-22
2025-12-22,Nikoloz Basilashvili,109.0,573,-,,,2026-08-22
2025-12-15,Nikoloz Basilashvili,109.0,573,-,,,2026-08-22
2025-12-08,Nikoloz Basilashvili,109.0,573,-,,,2026-08-22
2025-12-01,Nikoloz Basilashvili,109.0,573,-,,,2026-08-22
2025-11-24,Nikoloz Basilashvili,109.0,573,-6,,,2026-08-22
2025-11-17,Nikoloz Basilashvili,110.0,579,-,6.0,,2026-08-22
2025-11-10,Nikoloz Basilashvili,109.0,579,-,,,2026-08-22
2025-11-03,Nikoloz Basilashvili,108.0,579,-94,,,2026-08-22
2025-10-27,Nikoloz Basilashvili,95.0,673,-,100.0,6.0,2026-08-22
2025-10-20,Nikoloz Basilashvili,96.0,673,+31,,,2026-08-22
2025-10-13,Nikoloz Basilashvili,101.0,642,+24,7.0,6.0,2026-08-22
,Petr Korda,,,,,,2026-08-22
,Philipp Kohlschreiber,,,,,,2026-08-22
2026-08-10,Ricardas Berankis,,2,-,2.0,,2026-08-22
2026-08-03,Ricardas Berankis,,2,-8,,,2026-08-22
2026-07-27,Ricardas Berankis,1185.0,10,-,8.0,,2026-08-22
2026-08-10,Stefan Dostanic,279.0,200,-,19.0,,2026-08-22
2026-08-03,Stefan Dostanic,275.0,200,-4,,,2026-08-22
2026-07-27,Stefan Dostanic,271.0,204,-,4.0,,2026-08-22
2026-08-10,Yibing Wu,118.0,553,-,12.0,,2026-08-22
2026-08-10,Yibing Wu,118.0,553,-,12.0,,2026-08-22
2026-08-10,Yibing Wu,118.0,553,-,12.0,,2026-08-22
2026-08-10,Yibing Wu,118.0,553,-,12.0,,2026-08-22
2026-08-03,Yibing Wu,116.0,553,-,,,2026-08-22
2026-08-03,Yibing Wu,116.0,553,-,,,2026-08-22
2026-08-03,Yibing Wu,116.0,553,-,,,2026-08-22
2026-08-03,Yibing Wu,116.0,553,-,,,2026-08-22
2026-07-27,Yibing Wu,117.0,553,-66,,,2026-08-22
2026-07-27,Yibing Wu,117.0,553,-66,,,2026-08-22
2026-07-27,Yibing Wu,117.0,553,-66,,,2026-08-22
2026-07-27,Yibing Wu,117.0,553,-66,,,2026-08-22
2026-07-20,Yibing Wu,106.0,619,-3,66.0,,2026-08-22
2026-07-20,Yibing Wu,106.0,619,-3,66.0,,2026-08-22
2026-07-20,Yibing Wu,106.0,619,-3,66.0,,2026-08-22
2026-07-13,Yibing Wu,106.0,622,-12,13.0,,2026-08-22
2026-07-13,Yibing Wu,106.0,622,-12,13.0,,2026-08-22
2026-07-13,Yibing Wu,106.0,622,-12,13.0,,2026-08-22
2026-06-29,Yibing Wu,102.0,634,-,22.0,,2026-08-22
2026-06-29,Yibing Wu,102.0,634,-,22.0,,2026-08-22
2026-06-29,Yibing Wu,102.0,634,-,22.0,,2026-08-22
2026-06-22,Yibing Wu,99.0,634,+8,,,2026-08-22
2026-06-22,Yibing Wu,99.0,634,+8,,,2026-08-22
2026-06-15,Yibing Wu,99.0,626,-,,,2026-08-22
2026-06-15,Yibing Wu,99.0,626,-,,,2026-08-22
2026-06-08,Yibing Wu,101.0,626,-29,,,2026-08-22
2026-06-08,Yibing Wu,101.0,626,-29,,,2026-08-22
2026-05-25,Yibing Wu,92.0,655,-,79.0,,2026-08-22
2026-05-25,Yibing Wu,92.0,655,-,79.0,,2026-08-22
2026-05-18,Yibing Wu,93.0,655,-14,,,2026-08-22
2026-05-18,Yibing Wu,93.0,655,-14,,,2026-08-22
2026-05-04,Yibing Wu,88.0,669,+35,14.0,,2026-08-22
2026-05-04,Yibing Wu,88.0,669,+35,14.0,,2026-08-22
2026-04-20,Yibing Wu,100.0,634,-,,,2026-08-22
2026-04-20,Yibing Wu,100.0,634,-,,,2026-08-22
2026-04-13,Yibing Wu,102.0,634,+75,,,2026-08-22
2026-04-13,Yibing Wu,102.0,634,+75,,,2026-08-22
2026-04-06,Yibing Wu,115.0,559,-,,,2026-08-22
2026-04-06,Yibing Wu,115.0,559,-,,,2026-08-22
2026-03-30,Yibing Wu,118.0,559,-,,,2026-08-22
2026-03-30,Yibing Wu,118.0,559,-,,,2026-08-22
2026-03-16,Yibing Wu,118.0,559,-,,,2026-08-22
2026-03-16,Yibing Wu,118.0,559,-,,,2026-08-22
2026-03-02,Yibing Wu,112.0,559,+125,,,2026-08-22
2026-02-23,Yibing Wu,142.0,434,+7,,,2026-08-22
2026-02-16,Yibing Wu,146.0,427,-,,,2026-08-22
2026-02-09,Yibing Wu,147.0,427,-,,,2026-08-22
2026-02-02,Yibing Wu,144.0,427,+80,,,2026-08-22
2026-01-19,Yibing Wu,168.0,347,-,,,2026-08-22
2026-01-12,Yibing Wu,168.0,347,+25,,,2026-08-22
2026-01-05,Yibing Wu,179.0,322,-,,,2026-08-22
2025-12-29,Yibing Wu,181.0,322,-,,,2026-08-22
2025-12-22,Yibing Wu,182.0,322,-,,,2026-08-22
2025-12-15,Yibing Wu,182.0,322,-,,,2026-08-22
2025-12-08,Yibing Wu,182.0,322,-,,,2026-08-22
2025-12-01,Yibing Wu,183.0,322,-,,,2026-08-22
2025-11-24,Yibing Wu,181.0,322,-,,,2026-08-22
2025-11-17,Yibing Wu,181.0,322,-,,,2026-08-22
2025-11-10,Yibing Wu,181.0,322,-,,,2026-08-22
2025-11-03,Yibing Wu,181.0,322,-,,,2026-08-22
2025-10-27,Yibing Wu,178.0,322,-,,,2026-08-22
2025-10-20,Yibing Wu,178.0,322,-,,,2026-08-22
2025-10-13,Yibing Wu,175.0,322,-50,,,2026-08-22
,Cyril Rudman,,,,,,2026-08-22
,Dick R Bohrnstedt,,,,,,2026-08-22
,Eduardo Gorostiaga,,,,,,2026-08-22
,Glenn Wilson,,,,,,2026-08-22
,H Hsu,,,,,,2026-08-22
,Habib Saleh,,,,,,2026-08-22
,Juan Ortiz,,,,,,2026-08-22
,Kenichi Hirai,,,,,,2026-08-22
,Lew Gerrard,,,,,,2026-08-22
,Luigi Compagna,,,,,,2026-08-22
,Massimo Rivaroli,,,,,,2026-08-22
,Michael Quintero,,,,,,2026-08-22
,Nicolas Sotiriu,,,,,,2026-08-22
,R Kaplan,,,,,,2026-08-22
,Ron Goldman,,,,,,2026-08-22
,Rudiger Benz,,,,,,2026-08-22
,Sergio Capece,,,,,,2026-08-22
,Shinichi Nishino,,,,,,2026-08-22
2026-08-10,Carlos Alcaraz,2.0,8160,-,1000.0,,2026-08-22
2026-08-10,Carlos Alcaraz,2.0,8160,-,1000.0,,2026-08-22
2026-08-10,Carlos Alcaraz,2.0,8160,-,1000.0,,2026-08-22
2026-08-10,Carlos Alcaraz,2.0,8160,-,1000.0,,2026-08-22
2026-08-03,Carlos Alcaraz,2.0,8160,-,,,2026-08-22
2026-08-03,Carlos Alcaraz,2.0,8160,-,,,2026-08-22
2026-08-03,Carlos Alcaraz,2.0,8160,-,,,2026-08-22
2026-08-03,Carlos Alcaraz,2.0,8160,-,,,2026-08-22
2026-07-27,Carlos Alcaraz,3.0,8160,-,,,2026-08-22
2026-07-27,Carlos Alcaraz,3.0,8160,-,,,2026-08-22
2026-07-27,Carlos Alcaraz,3.0,8160,-,,,2026-08-22
2026-07-27,Carlos Alcaraz,3.0,8160,-,,,2026-08-22
2026-07-20,Carlos Alcaraz,3.0,8160,-,,,2026-08-22
2026-07-20,Carlos Alcaraz,3.0,8160,-,,,2026-08-22
2026-07-20,Carlos Alcaraz,3.0,8160,-,,,2026-08-22
2026-07-13,Carlos Alcaraz,3.0,8160,-1300,,,2026-08-22
2026-07-13,Carlos Alcaraz,3.0,8160,-1300,,,2026-08-22
2026-07-13,Carlos Alcaraz,3.0,8160,-1300,,,2026-08-22
2026-06-29,Carlos Alcaraz,2.0,9460,-,1300.0,,2026-08-22
2026-06-29,Carlos Alcaraz,2.0,9460,-,1300.0,,2026-08-22
2026-06-29,Carlos Alcaraz,2.0,9460,-,1300.0,,2026-08-22
2026-06-22,Carlos Alcaraz,2.0,9460,-500,,,2026-08-22
2026-06-22,Carlos Alcaraz,2.0,9460,-500,,,2026-08-22
2026-06-15,Carlos Alcaraz,2.0,9960,-,500.0,,2026-08-22
2026-06-15,Carlos Alcaraz,2.0,9960,-,500.0,,2026-08-22
2026-06-08,Carlos Alcaraz,2.0,9960,-2000,,,2026-08-22
2026-06-08,Carlos Alcaraz,2.0,9960,-2000,,,2026-08-22
2026-05-25,Carlos Alcaraz,2.0,11960,-,2000.0,,2026-08-22
2026-05-25,Carlos Alcaraz,2.0,11960,-,2000.0,,2026-08-22
2026-05-18,Carlos Alcaraz,2.0,11960,-1000,,,2026-08-22
2026-05-18,Carlos Alcaraz,2.0,11960,-1000,,,2026-08-22
2026-05-04,Carlos Alcaraz,2.0,12960,-,1000.0,,2026-08-22
2026-05-04,Carlos Alcaraz,2.0,12960,-,1000.0,,2026-08-22
2026-04-20,Carlos Alcaraz,2.0,12960,-280,,,2026-08-22
2026-04-20,Carlos Alcaraz,2.0,12960,-280,,,2026-08-22
2026-04-13,Carlos Alcaraz,2.0,13240,-350,330.0,,2026-08-22
2026-04-13,Carlos Alcaraz,2.0,13240,-350,330.0,,2026-08-22
2026-04-06,Carlos Alcaraz,1.0,13590,-,1000.0,,2026-08-22
2026-04-06,Carlos Alcaraz,1.0,13590,-,1000.0,,2026-08-22
2026-03-30,Carlos Alcaraz,1.0,13590,+40,,,2026-08-22
2026-03-30,Carlos Alcaraz,1.0,13590,+40,,,2026-08-22
2026-03-16,Carlos Alcaraz,1.0,13550,-,10.0,,2026-08-22
2026-03-16,Carlos Alcaraz,1.0,13550,-,10.0,,2026-08-22
2026-03-02,Carlos Alcaraz,1.0,13550,-,400.0,,2026-08-22
2026-02-23,Carlos Alcaraz,1.0,13550,+400,,,2026-08-22
2026-02-16,Carlos Alcaraz,1.0,13150,-,100.0,,2026-08-22
2026-02-09,Carlos Alcaraz,1.0,13150,-500,,,2026-08-22
2026-02-02,Carlos Alcaraz,1.0,13650,+1600,500.0,,2026-08-22
2026-01-19,Carlos Alcaraz,1.0,12050,-,400.0,,2026-08-22
2026-01-12,Carlos Alcaraz,1.0,12050,-,,,2026-08-22
2026-01-05,Carlos Alcaraz,1.0,12050,-,,,2026-08-22
2025-12-29,Carlos Alcaraz,1.0,12050,-,,,2026-08-22
2025-12-22,Carlos Alcaraz,1.0,12050,-,,,2026-08-22
2025-12-15,Carlos Alcaraz,1.0,12050,-,,,2026-08-22
2025-12-08,Carlos Alcaraz,1.0,12050,-,,,2026-08-22
2025-12-01,Carlos Alcaraz,1.0,12050,-,,,2026-08-22
2025-11-24,Carlos Alcaraz,1.0,12050,-,,,2026-08-22
2025-11-17,Carlos Alcaraz,1.0,12050,+1000,,,2026-08-22
2025-11-10,Carlos Alcaraz,1.0,11050,-200,,,2026-08-22
2025-11-03,Carlos Alcaraz,2.0,11250,-90,200.0,,2026-08-22
2025-10-27,Carlos Alcaraz,1.0,11340,-,100.0,,2026-08-22
2025-10-20,Carlos Alcaraz,1.0,11340,-,,,2026-08-22
2025-10-13,Carlos Alcaraz,1.0,11340,-200,,,2026-08-22
,Charlton Eagle,,,,,,2026-08-22
,Christian Miniussi,,,,,,2026-08-22
2026-08-10,Edas Butvilas,204.0,280,+75,,,2026-08-22
2026-08-03,Edas Butvilas,268.0,205,-14,,,2026-08-22
2026-07-27,Edas Butvilas,250.0,219,-22,14.0,,2026-08-22
,Eric Sherbeck,,,,,,2026-08-22
,Gary Plock,,,,,,2026-08-22
,Ilija Bozoljac,,,,,,2026-08-22
,Jose Clavet,,,,,,2026-08-22
,Marcos Aurelio Gorriz,,,,,,2026-08-22
,Mark Turpin,,,,,,2026-08-22
,Nicola Pietrangeli,,,,,,2026-08-22
,Peter Fishbach,,,,,,2026-08-22
,Reginald Willems,,,,,,2026-08-22
,Riccardo Bonadio,,,,,,2026-08-22
,Victor Amaya,,,,,,2026-08-22
,Alfredo Acuna,,,,,,2026-08-22
,Cliff Buchholz,,,,,,2026-08-22
,Dick Dell,,,,,,2026-08-22
,Eduardo Rincon,,,,,,2026-08-22
,F Bannazar,,,,,,2026-08-22
,Greg Hilley,,,,,,2026-08-22
,Jochen Rosner,,,,,,2026-08-22
,Joe Osadca,,,,,,2026-08-22
,John Whiteford,,,,,,2026-08-22
,Marco Osorio,,,,,,2026-08-22
,Mario Brenner,,,,,,2026-08-22
,Mounir El Aarej,,,,,,2026-08-22
,Per Hegna,,,,,,2026-08-22
,Ryoichi Mori,,,,,,2026-08-22
,Scott Carnahan,,,,,,2026-08-22
,Adriano Panatta,,,,,,2026-08-22
,Albano Olivetti,,,,,,2026-08-22
,Albert Montanes,,,,,,2026-08-22
,Andrei Vasilevski,,,,,,2026-08-22
,Cecil Mamiit,,,,,,2026-08-22
,Daniel Smethurst,,,,,,2026-08-22
,Paul Goldstein,,,,,,2026-08-22
,Royce Deppe,,,,,,2026-08-22
2026-08-10,Sho Shimabukuro,90.0,697,+20,,,2026-08-22
2026-08-10,Sho Shimabukuro,90.0,697,+20,,,2026-08-22
2026-08-10,Sho Shimabukuro,90.0,697,+20,,,2026-08-22
2026-08-10,Sho Shimabukuro,90.0,697,+20,,,2026-08-22
2026-08-03,Sho Shimabukuro,94.0,677,-,,,2026-08-22
2026-08-03,Sho Shimabukuro,94.0,677,-,,,2026-08-22
2026-08-03,Sho Shimabukuro,94.0,677,-,,,2026-08-22
2026-08-03,Sho Shimabukuro,94.0,677,-,,,2026-08-22
2026-07-27,Sho Shimabukuro,94.0,677,-,,,2026-08-22
2026-07-27,Sho Shimabukuro,94.0,677,-,,,2026-08-22
2026-07-27,Sho Shimabukuro,94.0,677,-,,,2026-08-22
2026-07-27,Sho Shimabukuro,94.0,677,-,,,2026-08-22
2026-07-20,Sho Shimabukuro,97.0,677,-2,,,2026-08-22
2026-07-20,Sho Shimabukuro,97.0,677,-2,,,2026-08-22
2026-07-20,Sho Shimabukuro,97.0,677,-2,,,2026-08-22
2026-07-13,Sho Shimabukuro,95.0,679,-12,12.0,10.0,2026-08-22
2026-07-13,Sho Shimabukuro,95.0,679,-12,12.0,10.0,2026-08-22
2026-07-13,Sho Shimabukuro,95.0,679,-12,12.0,10.0,2026-08-22
2026-06-29,Sho Shimabukuro,90.0,691,-,22.0,10.0,2026-08-22
2026-06-29,Sho Shimabukuro,90.0,691,-,22.0,10.0,2026-08-22
2026-06-29,Sho Shimabukuro,90.0,691,-,22.0,10.0,2026-08-22
2026-06-22,Sho Shimabukuro,89.0,691,+40,,,2026-08-22
2026-06-22,Sho Shimabukuro,89.0,691,+40,,,2026-08-22
2026-06-15,Sho Shimabukuro,97.0,651,+47,,,2026-08-22
2026-06-15,Sho Shimabukuro,97.0,651,+47,,,2026-08-22
2026-06-08,Sho Shimabukuro,104.0,604,+8,16.0,8.0,2026-08-22
2026-06-08,Sho Shimabukuro,104.0,604,+8,16.0,8.0,2026-08-22
2026-05-25,Sho Shimabukuro,103.0,596,-,,,2026-08-22
2026-05-25,Sho Shimabukuro,103.0,596,-,,,2026-08-22
2026-05-18,Sho Shimabukuro,105.0,596,-,,,2026-08-22
2026-05-18,Sho Shimabukuro,105.0,596,-,,,2026-08-22
2026-05-04,Sho Shimabukuro,107.0,596,-,,,2026-08-22
2026-05-04,Sho Shimabukuro,107.0,596,-,,,2026-08-22
2026-04-20,Sho Shimabukuro,108.0,596,+8,,,2026-08-22
2026-04-20,Sho Shimabukuro,108.0,596,+8,,,2026-08-22
2026-04-13,Sho Shimabukuro,110.0,588,-,,,2026-08-22
2026-04-13,Sho Shimabukuro,110.0,588,-,,,2026-08-22
2026-04-06,Sho Shimabukuro,112.0,588,-,,,2026-08-22
2026-04-06,Sho Shimabukuro,112.0,588,-,,,2026-08-22
2026-03-30,Sho Shimabukuro,111.0,588,+4,,,2026-08-22
2026-03-30,Sho Shimabukuro,111.0,588,+4,,,2026-08-22
2026-03-16,Sho Shimabukuro,110.0,584,+30,,,2026-08-22
2026-03-16,Sho Shimabukuro,110.0,584,+30,,,2026-08-22
2026-03-02,Sho Shimabukuro,113.0,554,+75,,,2026-08-22
2026-02-23,Sho Shimabukuro,130.0,479,+13,,,2026-08-22
2026-02-16,Sho Shimabukuro,135.0,466,+25,,,2026-08-22
2026-02-09,Sho Shimabukuro,144.0,441,-,,,2026-08-22
2026-02-02,Sho Shimabukuro,141.0,441,+11,,,2026-08-22
2026-01-19,Sho Shimabukuro,144.0,430,-,14.0,,2026-08-22
2026-01-12,Sho Shimabukuro,144.0,430,+16,,,2026-08-22
2026-01-05,Sho Shimabukuro,147.0,414,-,,,2026-08-22
2025-12-29,Sho Shimabukuro,147.0,414,-,,,2026-08-22
2025-12-22,Sho Shimabukuro,147.0,414,-,,,2026-08-22
2025-12-15,Sho Shimabukuro,147.0,414,-,,,2026-08-22
2025-12-08,Sho Shimabukuro,147.0,414,-,,,2026-08-22
2025-12-01,Sho Shimabukuro,147.0,414,-6,,,2026-08-22
2025-11-24,Sho Shimabukuro,146.0,420,-,6.0,,2026-08-22
2025-11-17,Sho Shimabukuro,145.0,420,-2,,,2026-08-22
2025-11-10,Sho Shimabukuro,147.0,422,+44,14.0,,2026-08-22
2025-11-03,Sho Shimabukuro,157.0,378,+93,,,2026-08-22
2025-10-27,Sho Shimabukuro,193.0,285,-,7.0,,2026-08-22
2025-10-20,Sho Shimabukuro,195.0,285,+22,,,2026-08-22
2026-08-10,Thiago Monteiro,274.0,204,+4,,,2026-08-22
2026-08-03,Thiago Monteiro,276.0,200,+21,,,2026-08-22
2026-07-27,Thiago Monteiro,303.0,179,-2,,,2026-08-22
2026-01-19,Thiago Monteiro,196.0,304,-,40.0,,2026-08-22
2026-01-12,Thiago Monteiro,194.0,304,-,,,2026-08-22
2026-01-05,Thiago Monteiro,194.0,304,-,,,2026-08-22
2025-12-29,Thiago Monteiro,197.0,304,-,,,2026-08-22
2025-12-22,Thiago Monteiro,197.0,304,-,,,2026-08-22
2025-12-15,Thiago Monteiro,197.0,304,-,,,2026-08-22
2025-12-08,Thiago Monteiro,197.0,304,-,,,2026-08-22
2025-12-01,Thiago Monteiro,197.0,304,-,,,2026-08-22
2025-11-24,Thiago Monteiro,193.0,304,-6,,,2026-08-22
2025-11-17,Thiago Monteiro,186.0,310,-14,6.0,,2026-08-22
2025-11-10,Thiago Monteiro,179.0,324,-,14.0,,2026-08-22
2025-11-03,Thiago Monteiro,176.0,324,-3,,,2026-08-22
2025-10-27,Thiago Monteiro,173.0,327,-,3.0,,2026-08-22
2025-10-20,Thiago Monteiro,172.0,327,+6,,,2026-08-22
2025-10-13,Thiago Monteiro,176.0,321,-,,,2026-08-22
,Thierry Ascione,,,,,,2026-08-22
,Thierry Tulasne,,,,,,2026-08-22
,Tim Siegel,,,,,,2026-08-22
,Woody Blocher,,,,,,2026-08-22
,Bob Adams,,,,,,2026-08-22
,Bob Marcher,,,,,,2026-08-22
,Botteau,,,,,,2026-08-22
,Carlos Schlettwein,,,,,,2026-08-22
,Daniel Garza,,,,,,2026-08-22
,Francois Battegay,,,,,,2026-08-22
,Guillermo Aubone,,,,,,2026-08-22
,Jim Brown,,,,,,2026-08-22
,Jorg Muller,,,,,,2026-08-22
,Jose Carlos Olcese,,,,,,2026-08-22
,Lars Poerschke,,,,,,2026-08-22
,Rodolfo Rake,,,,,,2026-08-22
,Terry Hassell,,,,,,2026-08-22
,Agustin Calleri,,,,,,2026-08-22
,Alejandro Ganzabal,,,,,,2026-08-22
,Alex Stepanek,,,,,,2026-08-22
,Franko Skugor,,,,,,2026-08-22
,Gianni Ocleppo,,,,,,2026-08-22
2026-08-10,Gilles Arnaud Bailly,230.0,245,-,20.0,1.0,2026-08-22
2026-08-03,Gilles Arnaud Bailly,227.0,245,-,,,2026-08-22
2026-07-27,Gilles Arnaud Bailly,230.0,245,-28,,,2026-08-22
,Glenn Michibata,,,,,,2026-08-22
,Jared Donaldson,,,,,,2026-08-22
,Jaroslav Navratil,,,,,,2026-08-22
2026-08-10,Jason Jung,908.0,26,-,,,2026-08-22
2026-08-03,Jason Jung,893.0,26,-,,,2026-08-22
2026-07-27,Jason Jung,902.0,26,-,,,2026-08-22
,Kelvin Belcher,,,,,,2026-08-22
,Matt Doyle,,,,,,2026-08-22
2026-08-10,Nuno Borges,47.0,1045,+75,10.0,25.0,2026-08-22
2026-08-10,Nuno Borges,47.0,1045,+75,10.0,25.0,2026-08-22
2026-08-10,Nuno Borges,47.0,1045,+75,10.0,25.0,2026-08-22
2026-08-10,Nuno Borges,47.0,1045,+75,10.0,25.0,2026-08-22
2026-08-03,Nuno Borges,55.0,970,-25,,,2026-08-22
2026-08-03,Nuno Borges,55.0,970,-25,,,2026-08-22
2026-08-03,Nuno Borges,55.0,970,-25,,,2026-08-22
2026-08-03,Nuno Borges,55.0,970,-25,,,2026-08-22
2026-07-27,Nuno Borges,49.0,995,-,50.0,25.0,2026-08-22
2026-07-27,Nuno Borges,49.0,995,-,50.0,25.0,2026-08-22
2026-07-27,Nuno Borges,49.0,995,-,50.0,25.0,2026-08-22
2026-07-27,Nuno Borges,49.0,995,-,50.0,25.0,2026-08-22
2026-07-20,Nuno Borges,48.0,995,+25,,,2026-08-22
2026-07-20,Nuno Borges,48.0,995,+25,,,2026-08-22
2026-07-20,Nuno Borges,48.0,995,+25,,,2026-08-22
2026-07-13,Nuno Borges,52.0,970,-50,,,2026-08-22
2026-07-13,Nuno Borges,52.0,970,-50,,,2026-08-22
2026-07-13,Nuno Borges,52.0,970,-50,,,2026-08-22
2026-06-29,Nuno Borges,48.0,1020,+75,100.0,10.0,2026-08-22
2026-06-29,Nuno Borges,48.0,1020,+75,100.0,10.0,2026-08-22
2026-06-29,Nuno Borges,48.0,1020,+75,100.0,10.0,2026-08-22
2026-06-22,Nuno Borges,53.0,945,-,25.0,10.0,2026-08-22
2026-06-22,Nuno Borges,53.0,945,-,25.0,10.0,2026-08-22
2026-06-15,Nuno Borges,54.0,945,-25,,,2026-08-22
2026-06-15,Nuno Borges,54.0,945,-25,,,2026-08-22
2026-06-08,Nuno Borges,50.0,970,-,50.0,10.0,2026-08-22
2026-06-08,Nuno Borges,50.0,970,-,50.0,10.0,2026-08-22
2026-05-25,Nuno Borges,51.0,970,-,100.0,10.0,2026-08-22
2026-05-25,Nuno Borges,51.0,970,-,100.0,10.0,2026-08-22
2026-05-18,Nuno Borges,50.0,970,+20,,,2026-08-22
2026-05-18,Nuno Borges,50.0,970,+20,,,2026-08-22
2026-05-04,Nuno Borges,52.0,950,-20,10.0,25.0,2026-08-22
2026-05-04,Nuno Borges,52.0,950,-20,10.0,25.0,2026-08-22
2026-04-20,Nuno Borges,49.0,970,+75,55.0,35.0,2026-08-22
2026-04-20,Nuno Borges,49.0,970,+75,55.0,35.0,2026-08-22
2026-04-13,Nuno Borges,52.0,895,-75,,,2026-08-22
2026-04-13,Nuno Borges,52.0,895,-75,,,2026-08-22
2026-04-06,Nuno Borges,50.0,970,-25,100.0,25.0,2026-08-22
2026-04-06,Nuno Borges,50.0,970,-25,100.0,25.0,2026-08-22
2026-03-30,Nuno Borges,48.0,995,-,50.0,25.0,2026-08-22
2026-03-30,Nuno Borges,48.0,995,-,50.0,25.0,2026-08-22
2026-03-16,Nuno Borges,50.0,995,-25,10.0,25.0,2026-08-22
2026-03-16,Nuno Borges,50.0,995,-25,10.0,25.0,2026-08-22
2026-03-02,Nuno Borges,49.0,1020,-25,80.0,50.0,2026-08-22
2026-02-23,Nuno Borges,48.0,1045,-25,50.0,25.0,2026-08-22
2026-02-16,Nuno Borges,45.0,1070,-,50.0,25.0,2026-08-22
2026-02-09,Nuno Borges,44.0,1070,-,,,2026-08-22
2026-02-02,Nuno Borges,45.0,1070,-,,,2026-08-22
2026-01-19,Nuno Borges,46.0,1070,-,100.0,25.0,2026-08-22
2026-01-12,Nuno Borges,46.0,1070,-50,,,2026-08-22
2026-01-05,Nuno Borges,45.0,1120,-,100.0,25.0,2026-08-22
2025-12-29,Nuno Borges,47.0,1120,-25,,,2026-08-22
2025-12-22,Nuno Borges,47.0,1145,-,,,2026-08-22
2025-12-15,Nuno Borges,47.0,1145,-,,,2026-08-22
2025-12-08,Nuno Borges,47.0,1145,-,,,2026-08-22
2025-12-01,Nuno Borges,47.0,1145,-,,,2026-08-22
2025-11-24,Nuno Borges,47.0,1145,-,,,2026-08-22
2025-11-17,Nuno Borges,47.0,1145,-,,,2026-08-22
2025-11-10,Nuno Borges,47.0,1145,+25,,,2026-08-22
2025-11-03,Nuno Borges,47.0,1120,-,,,2026-08-22
2025-10-27,Nuno Borges,46.0,1120,-,10.0,25.0,2026-08-22
2025-10-20,Nuno Borges,47.0,1120,-,,,2026-08-22
2025-10-13,Nuno Borges,46.0,1120,+100,,,2026-08-22
2026-08-10,Patrick Zahraj,413.0,119,+1,,,2026-08-22
2026-08-03,Patrick Zahraj,408.0,118,+14,,,2026-08-22
2026-07-27,Patrick Zahraj,444.0,104,-,,,2026-08-22
,Wesley Moodie,,,,,,2026-08-22
2026-08-10,Yusuke Takahashi,679.0,52,+1,6.0,2.0,2026-08-22
2026-08-03,Yusuke Takahashi,682.0,51,-,,,2026-08-22
2026-07-27,Yusuke Takahashi,677.0,51,-,,,2026-08-22
,A Sapire,,,,,,2026-08-22
,D Neilson,,,,,,2026-08-22
,Ian Harris,,,,,,2026-08-22
,Jesus Oroquieta,,,,,,2026-08-22
,Joaquin Castellano,,,,,,2026-08-22
,Larry Loeb,,,,,,2026-08-22
,Les Bourne,,,,,,2026-08-22
,Luis Borfiga,,,,,,2026-08-22
,R Gray,,,,,,2026-08-22
,Rolf Norberg,,,,,,2026-08-22
,U Savoldelli,,,,,,2026-08-22
,Anthony Lane,,,,,,2026-08-22
,Damir Keretic,,,,,,2026-08-22
,Frank Dennhardt,,,,,,2026-08-22
,Goran Ivanisevic,,,,,,2026-08-22
,John Mcenroe,,,,,,2026-08-22
,Julian Alonso,,,,,,2026-08-22
,Leo Palin,,,,,,2026-08-22
2026-08-10,Lorenzo Sonego,88.0,718,-,75.0,20.0,2026-08-22
2026-08-10,Lorenzo Sonego,88.0,718,-,75.0,20.0,2026-08-22
2026-08-10,Lorenzo Sonego,88.0,718,-,75.0,20.0,2026-08-22
2026-08-10,Lorenzo Sonego,88.0,718,-,75.0,20.0,2026-08-22
2026-08-03,Lorenzo Sonego,88.0,718,-40,,,2026-08-22
2026-08-03,Lorenzo Sonego,88.0,718,-40,,,2026-08-22
2026-08-03,Lorenzo Sonego,88.0,718,-40,,,2026-08-22
2026-08-03,Lorenzo Sonego,88.0,718,-40,,,2026-08-22
2026-07-27,Lorenzo Sonego,80.0,758,-,50.0,10.0,2026-08-22
2026-07-27,Lorenzo Sonego,80.0,758,-,50.0,10.0,2026-08-22
2026-07-27,Lorenzo Sonego,80.0,758,-,50.0,10.0,2026-08-22
2026-07-27,Lorenzo Sonego,80.0,758,-,50.0,10.0,2026-08-22
2026-07-20,Lorenzo Sonego,77.0,758,+15,,,2026-08-22
2026-07-20,Lorenzo Sonego,77.0,758,+15,,,2026-08-22
2026-07-20,Lorenzo Sonego,77.0,758,+15,,,2026-08-22
2026-07-13,Lorenzo Sonego,83.0,743,-100,,,2026-08-22
2026-07-13,Lorenzo Sonego,83.0,743,-100,,,2026-08-22
2026-07-13,Lorenzo Sonego,83.0,743,-100,,,2026-08-22
2026-06-29,Lorenzo Sonego,69.0,843,+10,200.0,10.0,2026-08-22
2026-06-29,Lorenzo Sonego,69.0,843,+10,200.0,10.0,2026-08-22
2026-06-29,Lorenzo Sonego,69.0,843,+10,200.0,10.0,2026-08-22
2026-06-22,Lorenzo Sonego,72.0,833,-22,25.0,10.0,2026-08-22
2026-06-22,Lorenzo Sonego,72.0,833,-22,25.0,10.0,2026-08-22
2026-06-15,Lorenzo Sonego,65.0,855,-,50.0,25.0,2026-08-22
2026-06-15,Lorenzo Sonego,65.0,855,-,50.0,25.0,2026-08-22
2026-06-08,Lorenzo Sonego,66.0,855,+40,,,2026-08-22
2026-06-08,Lorenzo Sonego,66.0,855,+40,,,2026-08-22
2026-05-25,Lorenzo Sonego,70.0,815,-,10.0,25.0,2026-08-22
2026-05-25,Lorenzo Sonego,70.0,815,-,10.0,25.0,2026-08-22
2026-05-18,Lorenzo Sonego,69.0,815,-15,,,2026-08-22
2026-05-18,Lorenzo Sonego,69.0,815,-15,,,2026-08-22
2026-05-04,Lorenzo Sonego,66.0,830,-20,,,2026-08-22
2026-05-04,Lorenzo Sonego,66.0,830,-20,,,2026-08-22
2026-04-20,Lorenzo Sonego,62.0,850,+40,30.0,10.0,2026-08-22
2026-04-20,Lorenzo Sonego,62.0,850,+40,30.0,10.0,2026-08-22
2026-04-13,Lorenzo Sonego,66.0,810,-,,,2026-08-22
2026-04-13,Lorenzo Sonego,66.0,810,-,,,2026-08-22
2026-04-06,Lorenzo Sonego,66.0,810,-,,,2026-08-22
2026-04-06,Lorenzo Sonego,66.0,810,-,,,2026-08-22
2026-03-30,Lorenzo Sonego,63.0,810,-30,,,2026-08-22
2026-03-30,Lorenzo Sonego,63.0,810,-30,,,2026-08-22
2026-03-16,Lorenzo Sonego,62.0,840,-10,30.0,10.0,2026-08-22
2026-03-16,Lorenzo Sonego,62.0,840,-10,30.0,10.0,2026-08-22
2026-03-02,Lorenzo Sonego,61.0,850,-,,,2026-08-22
2026-02-23,Lorenzo Sonego,64.0,850,-,,,2026-08-22
2026-02-16,Lorenzo Sonego,65.0,850,-40,,,2026-08-22
2026-02-09,Lorenzo Sonego,60.0,890,-,50.0,10.0,2026-08-22
2026-02-02,Lorenzo Sonego,60.0,890,-350,,,2026-08-22
2026-01-19,Lorenzo Sonego,40.0,1240,-,400.0,10.0,2026-08-22
2026-01-12,Lorenzo Sonego,40.0,1240,-,,,2026-08-22
2026-01-05,Lorenzo Sonego,39.0,1240,-15,25.0,10.0,2026-08-22
2025-12-29,Lorenzo Sonego,40.0,1255,-10,25.0,10.0,2026-08-22
2025-12-22,Lorenzo Sonego,39.0,1265,-,,,2026-08-22
2025-12-15,Lorenzo Sonego,39.0,1265,-,,,2026-08-22
2025-12-08,Lorenzo Sonego,39.0,1265,-,,,2026-08-22
2025-12-01,Lorenzo Sonego,39.0,1265,-,,,2026-08-22
2025-11-24,Lorenzo Sonego,39.0,1265,-,,,2026-08-22
2025-11-17,Lorenzo Sonego,39.0,1265,-,,,2026-08-22
2025-11-10,Lorenzo Sonego,39.0,1265,+75,,,2026-08-22
2025-11-03,Lorenzo Sonego,42.0,1190,+60,25.0,10.0,2026-08-22
2025-10-27,Lorenzo Sonego,45.0,1130,-,40.0,10.0,2026-08-22
2025-10-20,Lorenzo Sonego,45.0,1130,+25,,,2026-08-22
2025-10-13,Lorenzo Sonego,47.0,1105,-,25.0,10.0,2026-08-22
,Marc Lopez,,,,,,2026-08-22
2026-08-10,Mili Poljicak,264.0,213,-,,,2026-08-22
2026-08-03,Mili Poljicak,259.0,213,+69,,,2026-08-22
2026-07-27,Mili Poljicak,352.0,144,+3,,,2026-08-22
2026-08-10,Rio Noguchi,213.0,265,-,13.0,,2026-08-22
2026-08-03,Rio Noguchi,210.0,265,-,,,2026-08-22
2026-07-27,Rio Noguchi,212.0,265,+5,,,2026-08-22
2026-08-10,Thomas Fancutt,810.0,35,-,,,2026-08-22
2026-08-03,Thomas Fancutt,802.0,35,-,,,2026-08-22
2026-07-27,Thomas Fancutt,807.0,35,-,,,2026-08-22
,Uros Vico,,,,,,2026-08-22
,Carey Brading,,,,,,2026-08-22
,David Morrison,,,,,,2026-08-22
,F Starbuck,,,,,,2026-08-22
,Hocine Younes,,,,,,2026-08-22
,Johan Ortegren,,,,,,2026-08-22
,Konstantinos Effraimoglou,,,,,,2026-08-22
,Michael Reynolds,,,,,,2026-08-22
,Nestor Grammatica,,,,,,2026-08-22
,Pancho Segura,,,,,,2026-08-22
,Tico Carrero,,,,,,2026-08-22
,Zlatko Ivancic,,,,,,2026-08-22
,Danie Visser,,,,,,2026-08-22
,Eduardo Osta,,,,,,2026-08-22
,Jean Francois Bachelot,,,,,,2026-08-22
,Mehdi Tahiri,,,,,,2026-08-22
,Pat Dupre,,,,,,2026-08-22
,Richard Matuszewski,,,,,,2026-08-22
,Shlomo Glickstein,,,,,,2026-08-22
,Stefan Edberg,,,,,,2026-08-22
,Abdelkader Madani,,,,,,2026-08-22
,Albert Lansdorp,,,,,,2026-08-22
,C Wijono,,,,,,2026-08-22
,Eric White,,,,,,2026-08-22
,Gordon Blaylock,,,,,,2026-08-22
,Helmut Fickentscher,,,,,,2026-08-22
,J C Edwards,,,,,,2026-08-22
,J Gordon,,,,,,2026-08-22
,Jim Bentley,,,,,,2026-08-22
,Jl Cue,,,,,,2026-08-22
,John Mulvey,,,,,,2026-08-22
,Jose Luis Arillla,,,,,,2026-08-22
,Julian Stamatov,,,,,,2026-08-22
,Keith Woolcott,,,,,,2026-08-22
,Naomi Uemura,,,,,,2026-08-22
,Robin Roshardt,,,,,,2026-08-22
,Solon Peppas,,,,,,2026-08-22
,Steve Wedderburn,,,,,,2026-08-22
,Tom Mozola,,,,,,2026-08-22
,Adam Pavlasek,,,,,,2026-08-22
,Borut Urh,,,,,,2026-08-22
,Derek Tarr,,,,,,2026-08-22
,Eduardo Furusho,,,,,,2026-08-22
,Mauro Menezes,,,,,,2026-08-22
,Rik De Voest,,,,,,2026-08-22
,Robert Smeets,,,,,,2026-08-22
,Ryan Shane,,,,,,2026-08-22
,Sam Riffice,,,,,,2026-08-22
,Tamer El Sawy,,,,,,2026-08-22
,Bernard Gerhardt,,,,,,2026-08-22
,David Luque Velasco,,,,,,2026-08-22
,Desmond Shaw,,,,,,2026-08-22
,Gabriel Alberti,,,,,,2026-08-22
,Gene Russo,,,,,,2026-08-22
,Gerardo Miceli,,,,,,2026-08-22
,Giordano Majoli,,,,,,2026-08-22
,Huub Weyerman,,,,,,2026-08-22
,Iyo Pimentel,,,,,,2026-08-22
,Jeff Frank,,,,,,2026-08-22
,Mike Machette,,,,,,2026-08-22
,Pancho Guzman,,,,,,2026-08-22
,Tenny Svensson,,,,,,2026-08-22
,Thomas Sarach,,,,,,2026-08-22
,Antony Dupuis,,,,,,2026-08-22
,Bjorn Phau,,,,,,2026-08-22
2026-08-10,Borna Gojo,161.0,354,+6,5.0,,2026-08-22
2026-08-10,Borna Gojo,161.0,354,+6,5.0,,2026-08-22
2026-08-10,Borna Gojo,161.0,354,+6,5.0,,2026-08-22
2026-08-10,Borna Gojo,161.0,354,+6,5.0,,2026-08-22
2026-08-03,Borna Gojo,163.0,348,-,,,2026-08-22
2026-08-03,Borna Gojo,163.0,348,-,,,2026-08-22
2026-08-03,Borna Gojo,163.0,348,-,,,2026-08-22
2026-08-03,Borna Gojo,163.0,348,-,,,2026-08-22
2026-07-27,Borna Gojo,164.0,348,+8,,,2026-08-22
2026-07-27,Borna Gojo,164.0,348,+8,,,2026-08-22
2026-07-27,Borna Gojo,164.0,348,+8,,,2026-08-22
2026-07-27,Borna Gojo,164.0,348,+8,,,2026-08-22
2026-07-20,Borna Gojo,169.0,340,-,,,2026-08-22
2026-07-20,Borna Gojo,169.0,340,-,,,2026-08-22
2026-07-20,Borna Gojo,169.0,340,-,,,2026-08-22
2026-07-13,Borna Gojo,168.0,340,+8,,,2026-08-22
2026-07-13,Borna Gojo,168.0,340,+8,,,2026-08-22
2026-07-13,Borna Gojo,168.0,340,+8,,,2026-08-22
2026-06-29,Borna Gojo,175.0,332,-,,,2026-08-22
2026-06-29,Borna Gojo,175.0,332,-,,,2026-08-22
2026-06-29,Borna Gojo,175.0,332,-,,,2026-08-22
2026-06-22,Borna Gojo,181.0,332,-,,,2026-08-22
2026-06-22,Borna Gojo,181.0,332,-,,,2026-08-22
2026-06-15,Borna Gojo,184.0,332,-5,,,2026-08-22
2026-06-15,Borna Gojo,184.0,332,-5,,,2026-08-22
2026-06-08,Borna Gojo,178.0,337,+14,5.0,,2026-08-22
2026-06-08,Borna Gojo,178.0,337,+14,5.0,,2026-08-22
2026-05-25,Borna Gojo,184.0,323,-25,2.0,,2026-08-22
2026-05-25,Borna Gojo,184.0,323,-25,2.0,,2026-08-22
2026-05-18,Borna Gojo,172.0,348,-,25.0,,2026-08-22
2026-05-18,Borna Gojo,172.0,348,-,25.0,,2026-08-22
2026-05-04,Borna Gojo,177.0,348,-80,,,2026-08-22
2026-05-04,Borna Gojo,177.0,348,-80,,,2026-08-22
2026-04-20,Borna Gojo,150.0,428,-25,80.0,,2026-08-22
2026-04-20,Borna Gojo,150.0,428,-25,80.0,,2026-08-22
2026-04-13,Borna Gojo,137.0,453,-,25.0,,2026-08-22
2026-04-13,Borna Gojo,137.0,453,-,25.0,,2026-08-22
2026-04-06,Borna Gojo,138.0,453,-,,,2026-08-22
2026-04-06,Borna Gojo,138.0,453,-,,,2026-08-22
2026-03-30,Borna Gojo,139.0,453,+120,,,2026-08-22
2026-03-30,Borna Gojo,139.0,453,+120,,,2026-08-22
2026-03-16,Borna Gojo,181.0,333,+22,5.0,,2026-08-22
2026-03-16,Borna Gojo,181.0,333,+22,5.0,,2026-08-22
2026-03-02,Borna Gojo,194.0,311,-,,,2026-08-22
2026-02-23,Borna Gojo,196.0,311,+75,,,2026-08-22
,Frank Sedgman,,,,,,2026-08-22
2026-08-10,Henrique Rocha,126.0,509,-,8.0,,2026-08-22
2026-08-10,Henrique Rocha,126.0,509,-,8.0,,2026-08-22
2026-08-10,Henrique Rocha,126.0,509,-,8.0,,2026-08-22
2026-08-10,Henrique Rocha,126.0,509,-,8.0,,2026-08-22
2026-08-03,Henrique Rocha,125.0,509,-8,,,2026-08-22
2026-08-03,Henrique Rocha,125.0,509,-8,,,2026-08-22
2026-08-03,Henrique Rocha,125.0,509,-8,,,2026-08-22
2026-08-03,Henrique Rocha,125.0,509,-8,,,2026-08-22
2026-07-27,Henrique Rocha,123.0,517,-,14.0,6.0,2026-08-22
2026-07-27,Henrique Rocha,123.0,517,-,14.0,6.0,2026-08-22
2026-07-27,Henrique Rocha,123.0,517,-,14.0,6.0,2026-08-22
2026-07-27,Henrique Rocha,123.0,517,-,14.0,6.0,2026-08-22
2026-07-20,Henrique Rocha,123.0,517,-,,,2026-08-22
2026-07-20,Henrique Rocha,123.0,517,-,,,2026-08-22
2026-07-20,Henrique Rocha,123.0,517,-,,,2026-08-22
2026-07-13,Henrique Rocha,124.0,517,-2,,,2026-08-22
2026-07-13,Henrique Rocha,124.0,517,-2,,,2026-08-22
2026-07-13,Henrique Rocha,124.0,517,-2,,,2026-08-22
2026-06-29,Henrique Rocha,122.0,519,-,8.0,6.0,2026-08-22
2026-06-29,Henrique Rocha,122.0,519,-,8.0,6.0,2026-08-22
2026-06-29,Henrique Rocha,122.0,519,-,8.0,6.0,2026-08-22
2026-06-22,Henrique Rocha,122.0,519,-,,,2026-08-22
2026-06-22,Henrique Rocha,122.0,519,-,,,2026-08-22
2026-06-15,Henrique Rocha,122.0,519,-6,,,2026-08-22
2026-06-15,Henrique Rocha,122.0,519,-6,,,2026-08-22
2026-06-08,Henrique Rocha,121.0,525,-3,14.0,6.0,2026-08-22
2026-06-08,Henrique Rocha,121.0,525,-3,14.0,6.0,2026-08-22
2026-05-25,Henrique Rocha,119.0,528,-,130.0,6.0,2026-08-22
2026-05-25,Henrique Rocha,119.0,528,-,130.0,6.0,2026-08-22
2026-05-18,Henrique Rocha,118.0,528,-1,,,2026-08-22
2026-05-18,Henrique Rocha,118.0,528,-1,,,2026-08-22
2026-05-04,Henrique Rocha,120.0,529,+4,7.0,6.0,2026-08-22
2026-05-04,Henrique Rocha,120.0,529,+4,7.0,6.0,2026-08-22
2026-04-20,Henrique Rocha,118.0,525,+29,,,2026-08-22
2026-04-20,Henrique Rocha,118.0,525,+29,,,2026-08-22
2026-04-13,Henrique Rocha,126.0,496,-,,,2026-08-22
2026-04-13,Henrique Rocha,126.0,496,-,,,2026-08-22
2026-04-06,Henrique Rocha,129.0,496,+13,,,2026-08-22
2026-04-06,Henrique Rocha,129.0,496,+13,,,2026-08-22
2026-03-30,Henrique Rocha,133.0,483,-,,,2026-08-22
2026-03-30,Henrique Rocha,133.0,483,-,,,2026-08-22
2026-03-16,Henrique Rocha,131.0,483,+119,,,2026-08-22
2026-03-16,Henrique Rocha,131.0,483,+119,,,2026-08-22
2026-03-02,Henrique Rocha,169.0,364,+7,,,2026-08-22
2026-02-23,Henrique Rocha,172.0,357,-,,,2026-08-22
2026-02-16,Henrique Rocha,172.0,357,-,,,2026-08-22
2026-02-09,Henrique Rocha,165.0,357,-22,,,2026-08-22
2026-02-02,Henrique Rocha,157.0,379,-15,22.0,,2026-08-22
2026-01-19,Henrique Rocha,158.0,394,-,23.0,,2026-08-22
2026-01-12,Henrique Rocha,158.0,394,-,,,2026-08-22
2026-01-05,Henrique Rocha,157.0,394,-,,,2026-08-22
2025-12-29,Henrique Rocha,158.0,394,-,,,2026-08-22
2025-12-22,Henrique Rocha,158.0,394,-,,,2026-08-22
2025-12-15,Henrique Rocha,158.0,394,-,,,2026-08-22
2025-12-08,Henrique Rocha,158.0,394,-,,,2026-08-22
2025-12-01,Henrique Rocha,158.0,394,-7,,,2026-08-22
2025-11-24,Henrique Rocha,155.0,401,-,14.0,,2026-08-22
2025-11-17,Henrique Rocha,153.0,401,-,,,2026-08-22
2025-11-10,Henrique Rocha,155.0,401,+53,,,2026-08-22
2025-11-03,Henrique Rocha,167.0,348,-12,22.0,,2026-08-22
2025-10-27,Henrique Rocha,162.0,360,-,12.0,,2026-08-22
2025-10-20,Henrique Rocha,161.0,360,-1,,,2026-08-22
2025-10-13,Henrique Rocha,161.0,361,+6,7.0,,2026-08-22
,Kristian Capalik,,,,,,2026-08-22
,Luis Ayala,,,,,,2026-08-22
,Mao Xin Gong,,,,,,2026-08-22
,Mate Pavic,,,,,,2026-08-22
,Pedro Sousa,,,,,,2026-08-22
,Ryan Harrison,,,,,,2026-08-22
,Sargis Sargsian,,,,,,2026-08-22
2026-08-10,Yosuke Watanuki,416.0,117,-,,,2026-08-22
2026-08-03,Yosuke Watanuki,410.0,117,-50,,,2026-08-22
2026-07-27,Yosuke Watanuki,316.0,167,-2,50.0,,2026-08-22
2026-03-02,Yosuke Watanuki,175.0,349,-,120.0,,2026-08-22
2026-02-23,Yosuke Watanuki,175.0,349,-,,,2026-08-22
2026-02-16,Yosuke Watanuki,177.0,349,-7,,,2026-08-22
2026-02-09,Yosuke Watanuki,166.0,356,-,7.0,,2026-08-22
2026-02-02,Yosuke Watanuki,166.0,356,-8,,,2026-08-22
2026-01-19,Yosuke Watanuki,162.0,364,-,8.0,,2026-08-22
2026-01-12,Yosuke Watanuki,162.0,364,-,,,2026-08-22
2026-01-05,Yosuke Watanuki,161.0,364,-16,,,2026-08-22
2025-12-29,Yosuke Watanuki,159.0,380,-,16.0,,2026-08-22
2025-12-22,Yosuke Watanuki,159.0,380,-,,,2026-08-22
2025-12-15,Yosuke Watanuki,159.0,380,-,,,2026-08-22
2025-12-08,Yosuke Watanuki,159.0,380,-,,,2026-08-22
2025-12-01,Yosuke Watanuki,159.0,380,-,,,2026-08-22
2025-11-24,Yosuke Watanuki,160.0,380,-,,,2026-08-22
2025-11-17,Yosuke Watanuki,159.0,380,+61,,,2026-08-22
2025-11-10,Yosuke Watanuki,182.0,319,-22,14.0,,2026-08-22
2025-11-03,Yosuke Watanuki,170.0,341,-,22.0,,2026-08-22
2025-10-27,Yosuke Watanuki,168.0,341,-,,,2026-08-22
2025-10-20,Yosuke Watanuki,167.0,341,-,,,2026-08-22
2025-10-13,Yosuke Watanuki,167.0,341,-60,,,2026-08-22
,Andres Donnadieu,,,,,,2026-08-22
,B Kronruge,,,,,,2026-08-22
,Bob Dunning,,,,,,2026-08-22
,Bob Powell,,,,,,2026-08-22
,Bobby Wertheimer,,,,,,2026-08-22
,Daniel Yoo,,,,,,2026-08-22
,F M Rafecas,,,,,,2026-08-22
,Francesco Piccari,,,,,,2026-08-22
,G Thorpe,,,,,,2026-08-22
,Helge Koll,,,,,,2026-08-22
,John Blizard,,,,,,2026-08-22
,Kenzo Ukon,,,,,,2026-08-22
,Manuel Ruiz,,,,,,2026-08-22
,Michele Leclercq,,,,,,2026-08-22
,P Bonfa,,,,,,2026-08-22
,Patrick Platzer,,,,,,2026-08-22
,Periclis Gavrilidis,,,,,,2026-08-22
,U Montona,,,,,,2026-08-22
,Wolf Dieter Deckert,,,,,,2026-08-22
,Arnaud Di Pasquale,,,,,,2026-08-22
,Daniel King Turner,,,,,,2026-08-22
2026-08-10,Denis Yevseyev,444.0,107,-,4.0,2.0,2026-08-22
2026-08-03,Denis Yevseyev,439.0,107,+2,,,2026-08-22
2026-07-27,Denis Yevseyev,441.0,105,-,,,2026-08-22
,Filippo Volandri,,,,,,2026-08-22
,Gabriel Moraru,,,,,,2026-08-22
,Guilherme Clezar,,,,,,2026-08-22
,J J Wolf,,,,,,2026-08-22
,Joao Cunha Silva,,,,,,2026-08-22
,Lars Koslowski,,,,,,2026-08-22
,Libor Nemecek,,,,,,2026-08-22
,Marcos Baghdatis,,,,,,2026-08-22
,Markus Hipfl,,,,,,2026-08-22
,Massimiliano Narducci,,,,,,2026-08-22
2026-08-10,Norbert Gombos,424.0,115,-,,,2026-08-22
2026-08-03,Norbert Gombos,418.0,115,+4,,,2026-08-22
2026-07-27,Norbert Gombos,423.0,111,-25,22.0,,2026-08-22
,Oscar Martinez,,,,,,2026-08-22
2026-08-10,Tiago Pereira,349.0,154,+27,6.0,1.0,2026-08-22
2026-08-03,Tiago Pereira,389.0,127,-6,,,2026-08-22
2026-07-27,Tiago Pereira,367.0,133,-,7.0,1.0,2026-08-22
,Zeljko Krajan,,,,,,2026-08-22
,Chang Hong Ni,,,,,,2026-08-22
,Clive Brebnor,,,,,,2026-08-22
,Clyde Smithwick,,,,,,2026-08-22
,Dusan Prchlik,,,,,,2026-08-22
,Ernesto Vazquez Barreira,,,,,,2026-08-22
,Frank Conner,,,,,,2026-08-22
,Garry Forbes,,,,,,2026-08-22
,Hartmut Bielefeld,,,,,,2026-08-22
,Harvey Spiegel,,,,,,2026-08-22
,Jacques Bonnemaison,,,,,,2026-08-22
,John Arbanas,,,,,,2026-08-22
,John Molin,,,,,,2026-08-22
,John Trauth,,,,,,2026-08-22
,Mark Taylor,,,,,,2026-08-22
,O J Oosthuysen,,,,,,2026-08-22
,Oguz Eroglu,,,,,,2026-08-22
,Peter Szoke,,,,,,2026-08-22
,Sheppard Mojanaga,,,,,,2026-08-22
,Tim Clements,,,,,,2026-08-22
2026-08-10,Alvaro Guillen Meza,283.0,199,-,,,2026-08-22
2026-08-03,Alvaro Guillen Meza,278.0,199,-,,,2026-08-22
2026-07-27,Alvaro Guillen Meza,277.0,199,-5,,,2026-08-22
2026-01-19,Alvaro Guillen Meza,195.0,305,-,14.0,3.0,2026-08-22
2026-01-12,Alvaro Guillen Meza,193.0,305,-,,,2026-08-22
2026-01-05,Alvaro Guillen Meza,193.0,305,-,,,2026-08-22
2025-12-29,Alvaro Guillen Meza,196.0,305,-3,,,2026-08-22
2025-12-22,Alvaro Guillen Meza,195.0,308,-,,,2026-08-22
2025-12-15,Alvaro Guillen Meza,195.0,308,-,,,2026-08-22
2025-12-08,Alvaro Guillen Meza,195.0,308,-,,,2026-08-22
2025-12-01,Alvaro Guillen Meza,196.0,308,-4,,,2026-08-22
2025-11-24,Alvaro Guillen Meza,190.0,312,+19,7.0,3.0,2026-08-22
2025-11-17,Alvaro Guillen Meza,197.0,293,+7,,,2026-08-22
2025-11-10,Alvaro Guillen Meza,200.0,286,+22,,,2026-08-22
,Billy Martin,,,,,,2026-08-22
,Cristiano Caratti,,,,,,2026-08-22
,Dimitri Poliakov,,,,,,2026-08-22
2026-08-10,Federico Cina,174.0,324,+6,12.0,,2026-08-22
2026-08-10,Federico Cina,174.0,324,+6,12.0,,2026-08-22
2026-08-10,Federico Cina,174.0,324,+6,12.0,,2026-08-22
2026-08-10,Federico Cina,174.0,324,+6,12.0,,2026-08-22
2026-08-03,Federico Cina,178.0,318,-,,,2026-08-22
2026-08-03,Federico Cina,178.0,318,-,,,2026-08-22
2026-08-03,Federico Cina,178.0,318,-,,,2026-08-22
2026-08-03,Federico Cina,178.0,318,-,,,2026-08-22
2026-07-27,Federico Cina,181.0,318,+1,,,2026-08-22
2026-07-27,Federico Cina,181.0,318,+1,,,2026-08-22
2026-07-27,Federico Cina,181.0,318,+1,,,2026-08-22
2026-07-27,Federico Cina,181.0,318,+1,,,2026-08-22
2026-07-20,Federico Cina,184.0,317,+5,12.0,,2026-08-22
2026-07-20,Federico Cina,184.0,317,+5,12.0,,2026-08-22
2026-07-20,Federico Cina,184.0,317,+5,12.0,,2026-08-22
2026-07-13,Federico Cina,184.0,312,-21,8.0,,2026-08-22
2026-07-13,Federico Cina,184.0,312,-21,8.0,,2026-08-22
2026-07-13,Federico Cina,184.0,312,-21,8.0,,2026-08-22
2026-06-29,Federico Cina,174.0,333,-,29.0,,2026-08-22
2026-06-29,Federico Cina,174.0,333,-,29.0,,2026-08-22
2026-06-29,Federico Cina,174.0,333,-,29.0,,2026-08-22
2026-06-22,Federico Cina,180.0,333,-,,,2026-08-22
2026-06-22,Federico Cina,180.0,333,-,,,2026-08-22
2026-06-15,Federico Cina,181.0,333,+11,,,2026-08-22
2026-06-15,Federico Cina,181.0,333,+11,,,2026-08-22
2026-06-08,Federico Cina,185.0,322,+80,14.0,,2026-08-22
2026-06-08,Federico Cina,185.0,322,+80,14.0,,2026-08-22
2026-03-02,Federico Cina,183.0,335,+71,40.0,4.0,2026-08-22
,Hector Moretti,,,,,,2026-08-22
,Inigo Cervantes Huegun,,,,,,2026-08-22
,Jakob Hlasek,,,,,,2026-08-22
,Jerome Haehnel,,,,,,2026-08-22
,Ola Jonsson J092,,,,,,2026-08-22
,Patrik Wennberg,,,,,,2026-08-22
,Ramesh Krishnan,,,,,,2026-08-22
,Roberto Ortega Olmedo,,,,,,2026-08-22
,Ville Jansson,,,,,,2026-08-22
,Brian Shi,,,,,,2026-08-22
,Dieter Ecklebe,,,,,,2026-08-22
,Dimitru Haradau,,,,,,2026-08-22
,Harald Theissen,,,,,,2026-08-22
,Ian Flanagan,,,,,,2026-08-22
,Jaime Salas,,,,,,2026-08-22
,Mario Rincon,,,,,,2026-08-22
,Paul Van Min,,,,,,2026-08-22
,Pit Omaley,,,,,,2026-08-22
,Ricardo Schlachter,,,,,,2026-08-22
,Roberto Saya,,,,,,2026-08-22
,Ronnie Barnes,,,,,,2026-08-22
,Agustin Garizzio,,,,,,2026-08-22
,Agustin Velotti,,,,,,2026-08-22
,Bryan Shelton,,,,,,2026-08-22
,Dmitry Tursunov,,,,,,2026-08-22
,Hector Ortiz,,,,,,2026-08-22
,Hugo Armando,,,,,,2026-08-22
,Jeff Salzenstein,,,,,,2026-08-22
,Kelly Jones,,,,,,2026-08-22
,Richard Schmidt,,,,,,2026-08-22
,Ryan Henry,,,,,,2026-08-22
,Ze Zhang,,,,,,2026-08-22
,A Jammond,,,,,,2026-08-22
,A Trenkle,,,,,,2026-08-22
,Armando Cornejo,,,,,,2026-08-22
,Bill Freer,,,,,,2026-08-22
,Bill Light,,,,,,2026-08-22
,Brad Hibbert,,,,,,2026-08-22
,Grover Raz Reid,,,,,,2026-08-22
,Hugh Tierney,,,,,,2026-08-22
,John Powers,,,,,,2026-08-22
,Keith Spurgeon,,,,,,2026-08-22
,Michael Hickey,,,,,,2026-08-22
,Paul Sullivan,,,,,,2026-08-22
,Philippe Moggio,,,,,,2026-08-22
,Phillip Tuckniss,,,,,,2026-08-22
,Quentin Pretorius,,,,,,2026-08-22
,Reinhard Pieper,,,,,,2026-08-22
,Toshiro Sakai,,,,,,2026-08-22
,Unknown Orasz,,,,,,2026-08-22
,Vicente Castano,,,,,,2026-08-22
,William Harris,,,,,,2026-08-22
,Yassine Idmbarek,,,,,,2026-08-22
,Brian Vahaly,,,,,,2026-08-22
,Chris Haggard,,,,,,2026-08-22
,Jean Philippe Fleurian,,,,,,2026-08-22
,Jon Levine,,,,,,2026-08-22
,Marc Rosset,,,,,,2026-08-22
,Satoshi Iwabuchi,,,,,,2026-08-22
2026-08-10,Tallon Griekspoor,56.0,985,+100,10.0,,2026-08-22
2026-08-10,Tallon Griekspoor,56.0,985,+100,10.0,,2026-08-22
2026-08-10,Tallon Griekspoor,56.0,985,+100,10.0,,2026-08-22
2026-08-10,Tallon Griekspoor,56.0,985,+100,10.0,,2026-08-22
2026-08-03,Tallon Griekspoor,69.0,885,-10,,,2026-08-22
2026-08-03,Tallon Griekspoor,69.0,885,-10,,,2026-08-22
2026-08-03,Tallon Griekspoor,69.0,885,-10,,,2026-08-22
2026-08-03,Tallon Griekspoor,69.0,885,-10,,,2026-08-22
2026-07-27,Tallon Griekspoor,67.0,895,-,10.0,,2026-08-22
2026-07-27,Tallon Griekspoor,67.0,895,-,10.0,,2026-08-22
2026-07-27,Tallon Griekspoor,67.0,895,-,10.0,,2026-08-22
2026-07-27,Tallon Griekspoor,67.0,895,-,10.0,,2026-08-22
2026-07-20,Tallon Griekspoor,66.0,895,-40,,,2026-08-22
2026-07-20,Tallon Griekspoor,66.0,895,-40,,,2026-08-22
2026-07-20,Tallon Griekspoor,66.0,895,-40,,,2026-08-22
2026-07-13,Tallon Griekspoor,57.0,935,-,50.0,10.0,2026-08-22
2026-07-13,Tallon Griekspoor,57.0,935,-,50.0,10.0,2026-08-22
2026-07-13,Tallon Griekspoor,57.0,935,-,50.0,10.0,2026-08-22
2026-06-29,Tallon Griekspoor,58.0,935,-230,10.0,10.0,2026-08-22
2026-06-29,Tallon Griekspoor,58.0,935,-230,10.0,10.0,2026-08-22
2026-06-29,Tallon Griekspoor,58.0,935,-230,10.0,10.0,2026-08-22
2026-06-22,Tallon Griekspoor,39.0,1165,-,250.0,10.0,2026-08-22
2026-06-22,Tallon Griekspoor,39.0,1165,-,250.0,10.0,2026-08-22
2026-06-15,Tallon Griekspoor,40.0,1165,+15,,,2026-08-22
2026-06-15,Tallon Griekspoor,40.0,1165,+15,,,2026-08-22
2026-06-08,Tallon Griekspoor,41.0,1150,-190,,,2026-08-22
2026-06-08,Tallon Griekspoor,41.0,1150,-190,,,2026-08-22
2026-05-25,Tallon Griekspoor,33.0,1340,-,200.0,10.0,2026-08-22
2026-05-25,Tallon Griekspoor,33.0,1340,-,200.0,10.0,2026-08-22
2026-05-18,Tallon Griekspoor,31.0,1340,-20,,,2026-08-22
2026-05-18,Tallon Griekspoor,31.0,1340,-20,,,2026-08-22
2026-05-04,Tallon Griekspoor,31.0,1360,+20,80.0,20.0,2026-08-22
2026-05-04,Tallon Griekspoor,31.0,1360,+20,80.0,20.0,2026-08-22
2026-04-20,Tallon Griekspoor,33.0,1340,-90,30.0,10.0,2026-08-22
2026-04-20,Tallon Griekspoor,33.0,1340,-90,30.0,10.0,2026-08-22
2026-04-13,Tallon Griekspoor,32.0,1430,-,100.0,10.0,2026-08-22
2026-04-13,Tallon Griekspoor,32.0,1430,-,100.0,10.0,2026-08-22
2026-04-06,Tallon Griekspoor,32.0,1430,-155,,,2026-08-22
2026-04-06,Tallon Griekspoor,32.0,1430,-155,,,2026-08-22
2026-03-30,Tallon Griekspoor,30.0,1585,-,165.0,10.0,2026-08-22
2026-03-30,Tallon Griekspoor,30.0,1585,-,165.0,10.0,2026-08-22
2026-03-16,Tallon Griekspoor,29.0,1585,-200,,,2026-08-22
2026-03-16,Tallon Griekspoor,29.0,1585,-200,,,2026-08-22
2026-03-02,Tallon Griekspoor,25.0,1785,+130,200.0,10.0,2026-08-22
2026-02-23,Tallon Griekspoor,25.0,1655,-,200.0,10.0,2026-08-22
2026-02-16,Tallon Griekspoor,25.0,1655,+70,,,2026-08-22
2026-02-09,Tallon Griekspoor,27.0,1585,+20,,,2026-08-22
2026-02-02,Tallon Griekspoor,29.0,1565,-,50.0,30.0,2026-08-22
2026-01-19,Tallon Griekspoor,26.0,1565,-,10.0,30.0,2026-08-22
2026-01-12,Tallon Griekspoor,25.0,1565,-,,,2026-08-22
2026-01-05,Tallon Griekspoor,25.0,1565,-,,,2026-08-22
2025-12-29,Tallon Griekspoor,26.0,1565,-50,,,2026-08-22
2025-12-22,Tallon Griekspoor,25.0,1615,-,,,2026-08-22
2025-12-15,Tallon Griekspoor,25.0,1615,-,,,2026-08-22
2025-12-08,Tallon Griekspoor,25.0,1615,-,,,2026-08-22
2025-12-01,Tallon Griekspoor,25.0,1615,-,,,2026-08-22
2025-11-24,Tallon Griekspoor,25.0,1615,-,,,2026-08-22
2025-11-17,Tallon Griekspoor,25.0,1615,-,,,2026-08-22
2025-11-10,Tallon Griekspoor,25.0,1615,-,,,2026-08-22
2025-11-03,Tallon Griekspoor,25.0,1615,-40,,,2026-08-22
2025-10-27,Tallon Griekspoor,25.0,1655,+90,50.0,30.0,2026-08-22
2025-10-20,Tallon Griekspoor,28.0,1565,-50,,,2026-08-22
2025-10-13,Tallon Griekspoor,27.0,1615,+50,100.0,50.0,2026-08-22
,Thomas Schoorel,,,,,,2026-08-22
,Antonio Garoni,,,,,,2026-08-22
,C Graham,,,,,,2026-08-22
,Chuck Saacke,,,,,,2026-08-22
,Crawford Henry,,,,,,2026-08-22
,Dave Hinchman,,,,,,2026-08-22
,Gaetano Di Maso,,,,,,2026-08-22
,Harwood White,,,,,,2026-08-22
,Jack Kruger,,,,,,2026-08-22
,Jan Kallquist,,,,,,2026-08-22
,Jay Royappa,,,,,,2026-08-22
,Jorge Ramirez,,,,,,2026-08-22
,Jose Maria Blasi,,,,,,2026-08-22
,Luis Lopez,,,,,,2026-08-22
,Max Cocks,,,,,,2026-08-22
,R Speeny,,,,,,2026-08-22
,William Kyriakos,,,,,,2026-08-22
,Alexandre Simoni,,,,,,2026-08-22
,Axel Michon,,,,,,2026-08-22
,Bobby Blair,,,,,,2026-08-22
,Dan Goldie,,,,,,2026-08-22
,Felipe Rivera,,,,,,2026-08-22
,Gerard Granollers,,,,,,2026-08-22
,Hernan Gumy,,,,,,2026-08-22
,Herve Grenier,,,,,,2026-08-22
,Jairo Velasco,,,,,,2026-08-22
,Loic Courteau,,,,,,2026-08-22
2026-08-10,Luis Carlos Alvarez,838.0,32,-,7.0,,2026-08-22
2026-08-03,Luis Carlos Alvarez,825.0,32,-3,,,2026-08-22
2026-07-27,Luis Carlos Alvarez,806.0,35,-,3.0,,2026-08-22
2026-08-10,Max Dahlin,880.0,28,-,,,2026-08-22
2026-08-03,Max Dahlin,866.0,28,+22,,,2026-08-22
2026-07-27,Max Dahlin,,6,-,,,2026-08-22
,Tomas Berdych,,,,,,2026-08-22
,Tore Meinecke,,,,,,2026-08-22
,Veli Paloheimo,,,,,,2026-08-22
2026-08-10,Zhizhen Zhang,158.0,365,-,,,2026-08-22
2026-08-10,Zhizhen Zhang,158.0,365,-,,,2026-08-22
2026-08-10,Zhizhen Zhang,158.0,365,-,,,2026-08-22
2026-08-10,Zhizhen Zhang,158.0,365,-,,,2026-08-22
2026-08-03,Zhizhen Zhang,156.0,365,-,,,2026-08-22
2026-08-03,Zhizhen Zhang,156.0,365,-,,,2026-08-22
2026-08-03,Zhizhen Zhang,156.0,365,-,,,2026-08-22
2026-08-03,Zhizhen Zhang,156.0,365,-,,,2026-08-22
2026-07-27,Zhizhen Zhang,156.0,365,+6,,,2026-08-22
2026-07-27,Zhizhen Zhang,156.0,365,+6,,,2026-08-22
2026-07-27,Zhizhen Zhang,156.0,365,+6,,,2026-08-22
2026-07-27,Zhizhen Zhang,156.0,365,+6,,,2026-08-22
2026-07-20,Zhizhen Zhang,158.0,359,-,,,2026-08-22
2026-07-20,Zhizhen Zhang,158.0,359,-,,,2026-08-22
2026-07-20,Zhizhen Zhang,158.0,359,-,,,2026-08-22
2026-07-13,Zhizhen Zhang,156.0,359,-,,,2026-08-22
2026-07-13,Zhizhen Zhang,156.0,359,-,,,2026-08-22
2026-07-13,Zhizhen Zhang,156.0,359,-,,,2026-08-22
2026-06-29,Zhizhen Zhang,161.0,359,-,,,2026-08-22
2026-06-29,Zhizhen Zhang,161.0,359,-,,,2026-08-22
2026-06-29,Zhizhen Zhang,161.0,359,-,,,2026-08-22
2026-06-22,Zhizhen Zhang,162.0,359,+40,,,2026-08-22
2026-06-22,Zhizhen Zhang,162.0,359,+40,,,2026-08-22
2026-06-15,Zhizhen Zhang,189.0,319,+50,,,2026-08-22
2026-06-15,Zhizhen Zhang,189.0,319,+50,,,2026-08-22
,B L Thomas,,,,,,2026-08-22
,Buddy Gallagher,,,,,,2026-08-22
,Emilio Montano,,,,,,2026-08-22
,James Hicks,,,,,,2026-08-22
,Junzo Kawamori,,,,,,2026-08-22
,Marco Bellini,,,,,,2026-08-22
,Martin Slanar,,,,,,2026-08-22
,Milan Tajenar,,,,,,2026-08-22
,R Lovell,,,,,,2026-08-22
,Ricky Diaz,,,,,,2026-08-22
,Sebastian Soresini,,,,,,2026-08-22
,Tony Lloyd,,,,,,2026-08-22
,Unknown Rodrigues,,,,,,2026-08-22
,Xin Yuan Yu,,,,,,2026-08-22
2026-08-10,Alibek Kachmazov,835.0,32,-,,,2026-08-22
2026-08-03,Alibek Kachmazov,822.0,32,-6,,,2026-08-22
2026-07-27,Alibek Kachmazov,776.0,38,-,6.0,,2026-08-22
,David Sanchez,,,,,,2026-08-22
,David Sherwood,,,,,,2026-08-22
2026-08-10,Evgeny Karlovskiy,1254.0,9,-,,,2026-08-22
2026-08-03,Evgeny Karlovskiy,1236.0,9,-,,,2026-08-22
2026-07-27,Evgeny Karlovskiy,1232.0,9,-,,,2026-08-22
2026-08-10,James Trotter,437.0,109,-,8.0,,2026-08-22
2026-08-03,James Trotter,432.0,109,+5,,,2026-08-22
2026-07-27,James Trotter,442.0,104,+4,,,2026-08-22
2025-10-27,James Trotter,198.0,281,-,75.0,4.0,2026-08-22
2025-10-20,James Trotter,198.0,281,-1,,,2026-08-22
2025-10-13,James Trotter,199.0,282,+25,6.0,5.0,2026-08-22
,Jonathan Eysseric,,,,,,2026-08-22
,Juan Martin Del Potro,,,,,,2026-08-22
,Kelly Evernden,,,,,,2026-08-22
,Konstantinos Economidis,,,,,,2026-08-22
,Martin Verkerk,,,,,,2026-08-22
,Miguel Angel Reyes Varela,,,,,,2026-08-22
,Raymond Moore,,,,,,2026-08-22
,Robert Lindstedt,,,,,,2026-08-22
,Todd Witsken,,,,,,2026-08-22
,Tony Mmoh,,,,,,2026-08-22
,Alvaro Espinoza,,,,,,2026-08-22
,Anatoli Volkov,,,,,,2026-08-22
,C Lane,,,,,,2026-08-22
,Carl Axel Hageskog,,,,,,2026-08-22
,Dimitri Sturdza,,,,,,2026-08-22
,Don Mays,,,,,,2026-08-22
,Gewan Maharaj,,,,,,2026-08-22
,Haruo Nakano,,,,,,2026-08-22
,Helmut Quack,,,,,,2026-08-22
,J Sacks,,,,,,2026-08-22
,Jean Pierre Loizeau,,,,,,2026-08-22
,Jose Maria Gisbert,,,,,,2026-08-22
,Jose Moreno,,,,,,2026-08-22
,Lawrence Awopegba,,,,,,2026-08-22
,Massimo Di Domenico,,,,,,2026-08-22
,Michael Probst,,,,,,2026-08-22
,Mitsuru Motoi,,,,,,2026-08-22
,Nick Weal,,,,,,2026-08-22
,Peter Jackson,,,,,,2026-08-22
,Ulf Pettersson,,,,,,2026-08-22
,William Mcgehee,,,,,,2026-08-22
,Brett Hansen Dent,,,,,,2026-08-22
2026-08-10,Federico Coria,839.0,32,-,6.0,,2026-08-22
2026-08-03,Federico Coria,826.0,32,-6,,,2026-08-22
2026-07-27,Federico Coria,779.0,38,-,6.0,,2026-08-22
2025-10-27,Federico Coria,194.0,284,-,22.0,,2026-08-22
2025-10-20,Federico Coria,196.0,284,-,,,2026-08-22
2025-10-13,Federico Coria,198.0,284,-58,,,2026-08-22
,Gabriel Silberstein,,,,,,2026-08-22
,Jonas Bjorkman,,,,,,2026-08-22
,Laurent Recouderc,,,,,,2026-08-22
,Marc Kevin Goellner,,,,,,2026-08-22
2026-08-10,Matheus Pucinelli De Almeida,281.0,199,-,6.0,,2026-08-22
2026-08-03,Matheus Pucinelli De Almeida,277.0,199,+16,,,2026-08-22
2026-07-27,Matheus Pucinelli De Almeida,297.0,183,-,,,2026-08-22
2026-08-10,Orlando Luz,879.0,28,-,,,2026-08-22
2026-08-03,Orlando Luz,864.0,28,-,,,2026-08-22
2026-07-27,Orlando Luz,871.0,28,+13,,,2026-08-22
,Paul Vojtischek,,,,,,2026-08-22
,Stephan Rhode,,,,,,2026-08-22
2026-08-10,Tom Gentzsch,145.0,402,+94,15.0,6.0,2026-08-22
2026-08-10,Tom Gentzsch,145.0,402,+94,15.0,6.0,2026-08-22
2026-08-10,Tom Gentzsch,145.0,402,+94,15.0,6.0,2026-08-22
2026-08-10,Tom Gentzsch,145.0,402,+94,15.0,6.0,2026-08-22
2026-08-03,Tom Gentzsch,185.0,308,-2,,,2026-08-22
2026-08-03,Tom Gentzsch,185.0,308,-2,,,2026-08-22
2026-08-03,Tom Gentzsch,185.0,308,-2,,,2026-08-22
2026-08-03,Tom Gentzsch,185.0,308,-2,,,2026-08-22
2026-07-27,Tom Gentzsch,186.0,310,+7,8.0,5.0,2026-08-22
2026-07-27,Tom Gentzsch,186.0,310,+7,8.0,5.0,2026-08-22
2026-07-27,Tom Gentzsch,186.0,310,+7,8.0,5.0,2026-08-22
2026-07-27,Tom Gentzsch,186.0,310,+7,8.0,5.0,2026-08-22
2026-07-20,Tom Gentzsch,189.0,303,+40,,,2026-08-22
2026-07-20,Tom Gentzsch,189.0,303,+40,,,2026-08-22
2026-07-20,Tom Gentzsch,189.0,303,+40,,,2026-08-22
,Tomas Tenconi,,,,,,2026-08-22
,Birger Folke,,,,,,2026-08-22
,Dave Siegler,,,,,,2026-08-22
,Degodos,,,,,,2026-08-22
,G Irshai,,,,,,2026-08-22
,George Czuczka,,,,,,2026-08-22
,Joaquim Rasgado Jr,,,,,,2026-08-22
,John Cooper,,,,,,2026-08-22
,Kenneth Reid,,,,,,2026-08-22
,L Stevens,,,,,,2026-08-22
,Luka Belic,,,,,,2026-08-22
,Miguel Braschi,,,,,,2026-08-22
,Nial Brash,,,,,,2026-08-22
,Peter Yates,,,,,,2026-08-22
,S Roig,,,,,,2026-08-22
,Szabolcz Baranyi,,,,,,2026-08-22
,Vittorio Magnelli,,,,,,2026-08-22
,Brian Dunn,,,,,,2026-08-22
,Bruno Echagaray,,,,,,2026-08-22
,Bu Yunchaokete,,,,,,2026-08-22
,Clark Graebner,,,,,,2026-08-22
,David Guez,,,,,,2026-08-22
,Eric Prodon,,,,,,2026-08-22
2026-08-10,Harry Wendelken,203.0,281,-,8.0,3.0,2026-08-22
2026-08-03,Harry Wendelken,201.0,281,+5,,,2026-08-22
2026-07-27,Harry Wendelken,205.0,276,-,,,2026-08-22
,Johan Anderson,,,,,,2026-08-22
,Jose Daher,,,,,,2026-08-22
,Marcelo Saliola,,,,,,2026-08-22
,Nikola Pilic,,,,,,2026-08-22
,Peter Wright,,,,,,2026-08-22
,Torben Theine,,,,,,2026-08-22
,Alfredo Vaz Pinto,,,,,,2026-08-22
,Bruno Schoenenberger,,,,,,2026-08-22
,Erik Stenninger,,,,,,2026-08-22
,G Miles,,,,,,2026-08-22
,James Cameron,,,,,,2026-08-22
,Jim Sheperd,,,,,,2026-08-22
,Joe Brandi,,,,,,2026-08-22
,Juan Martin Aranguren,,,,,,2026-08-22
,Pete Sammis,,,,,,2026-08-22
,Radoslaw Nijaki,,,,,,2026-08-22
,Steve Fiske,,,,,,2026-08-22
,Terry Suyderhoud,,,,,,2026-08-22
,Willie Davies,,,,,,2026-08-22
,Alvaro Fillol,,,,,,2026-08-22
,Bill Behrens,,,,,,2026-08-22
,Hendrik Dreekmann,,,,,,2026-08-22
,Ivo Minar,,,,,,2026-08-22
,Jo Wilfried Tsonga,,,,,,2026-08-22
,Jozsef Krocsko,,,,,,2026-08-22
,Kevin King,,,,,,2026-08-22
,Michael Hill,,,,,,2026-08-22
,Michael Joyce,,,,,,2026-08-22
,Rogier Wassen,,,,,,2026-08-22
,Yunseong Chung,,,,,,2026-08-22
,Bob Mckinley,,,,,,2026-08-22
,G Mcvicar,,,,,,2026-08-22
,Geoff Olsson,,,,,,2026-08-22
,Harry Turnbull,,,,,,2026-08-22
,Jimmy Casey,,,,,,2026-08-22
,Jose Fernandez,,,,,,2026-08-22
,M Lusinchi,,,,,,2026-08-22
,Marius Masencamp,,,,,,2026-08-22
,Mike Bolton,,,,,,2026-08-22
,Ron Dutton,,,,,,2026-08-22
,Shu Hua Liu,,,,,,2026-08-22
,Tadeu Luiz,,,,,,2026-08-22
,Yu Jr Wang,,,,,,2026-08-22
,Bernardo Mota,,,,,,2026-08-22
,Brian Joelson,,,,,,2026-08-22
2026-08-10,Daniil Medvedev,7.0,3580,-40,,,2026-08-22
2026-08-10,Daniil Medvedev,7.0,3580,-40,,,2026-08-22
2026-08-10,Daniil Medvedev,7.0,3580,-40,,,2026-08-22
2026-08-10,Daniil Medvedev,7.0,3580,-40,,,2026-08-22
2026-08-03,Daniil Medvedev,6.0,3620,-,,,2026-08-22
2026-08-03,Daniil Medvedev,6.0,3620,-,,,2026-08-22
2026-08-03,Daniil Medvedev,6.0,3620,-,,,2026-08-22
2026-08-03,Daniil Medvedev,6.0,3620,-,,,2026-08-22
2026-07-27,Daniil Medvedev,7.0,3620,-50,50.0,50.0,2026-08-22
2026-07-27,Daniil Medvedev,7.0,3620,-50,50.0,50.0,2026-08-22
2026-07-27,Daniil Medvedev,7.0,3620,-50,50.0,50.0,2026-08-22
2026-07-27,Daniil Medvedev,7.0,3620,-50,50.0,50.0,2026-08-22
2026-07-20,Daniil Medvedev,8.0,3670,-,100.0,50.0,2026-08-22
2026-07-20,Daniil Medvedev,8.0,3670,-,100.0,50.0,2026-08-22
2026-07-20,Daniil Medvedev,8.0,3670,-,100.0,50.0,2026-08-22
2026-07-13,Daniil Medvedev,8.0,3670,+90,,,2026-08-22
2026-07-13,Daniil Medvedev,8.0,3670,+90,,,2026-08-22
2026-07-13,Daniil Medvedev,8.0,3670,+90,,,2026-08-22
2026-06-29,Daniil Medvedev,9.0,3580,-,10.0,50.0,2026-08-22
2026-06-29,Daniil Medvedev,9.0,3580,-,10.0,50.0,2026-08-22
2026-06-29,Daniil Medvedev,9.0,3580,-,10.0,50.0,2026-08-22
2026-06-22,Daniil Medvedev,9.0,3580,-230,,,2026-08-22
2026-06-22,Daniil Medvedev,9.0,3580,-230,,,2026-08-22
2026-06-15,Daniil Medvedev,7.0,3810,+50,330.0,50.0,2026-08-22
2026-06-15,Daniil Medvedev,7.0,3810,+50,330.0,50.0,2026-08-22
2026-06-08,Daniil Medvedev,8.0,3760,-,,,2026-08-22
2026-06-08,Daniil Medvedev,8.0,3760,-,,,2026-08-22
2026-05-25,Daniil Medvedev,8.0,3760,-,10.0,50.0,2026-08-22
2026-05-25,Daniil Medvedev,8.0,3760,-,10.0,50.0,2026-08-22
2026-05-18,Daniil Medvedev,7.0,3760,+300,,,2026-08-22
2026-05-18,Daniil Medvedev,7.0,3760,+300,,,2026-08-22
2026-05-04,Daniil Medvedev,9.0,3460,-100,100.0,50.0,2026-08-22
2026-05-04,Daniil Medvedev,9.0,3460,-100,100.0,50.0,2026-08-22
2026-04-20,Daniil Medvedev,10.0,3560,-,200.0,50.0,2026-08-22
2026-04-20,Daniil Medvedev,10.0,3560,-,200.0,50.0,2026-08-22
2026-04-13,Daniil Medvedev,10.0,3560,-50,,,2026-08-22
2026-04-13,Daniil Medvedev,10.0,3560,-50,,,2026-08-22
2026-04-06,Daniil Medvedev,10.0,3610,-,100.0,50.0,2026-08-22
2026-04-06,Daniil Medvedev,10.0,3610,-,100.0,50.0,2026-08-22
2026-03-30,Daniil Medvedev,10.0,3610,-,,,2026-08-22
2026-03-30,Daniil Medvedev,10.0,3610,-,,,2026-08-22
2026-03-16,Daniil Medvedev,10.0,3610,+250,,,2026-08-22
2026-03-16,Daniil Medvedev,10.0,3610,+250,,,2026-08-22
2026-03-02,Daniil Medvedev,11.0,3360,+400,400.0,50.0,2026-08-22
2026-02-23,Daniil Medvedev,11.0,2960,-50,100.0,50.0,2026-08-22
2026-02-16,Daniil Medvedev,11.0,3010,-50,100.0,50.0,2026-08-22
2026-02-09,Daniil Medvedev,11.0,3060,-,100.0,50.0,2026-08-22
2026-02-02,Daniil Medvedev,11.0,3060,+150,,,2026-08-22
2026-01-19,Daniil Medvedev,12.0,2910,-,50.0,50.0,2026-08-22
2026-01-12,Daniil Medvedev,12.0,2910,+200,,,2026-08-22
2026-01-05,Daniil Medvedev,13.0,2710,-,,,2026-08-22
2025-12-29,Daniil Medvedev,13.0,2710,-50,,,2026-08-22
2025-12-22,Daniil Medvedev,13.0,2760,-,,,2026-08-22
2025-12-15,Daniil Medvedev,13.0,2760,-,,,2026-08-22
2025-12-08,Daniil Medvedev,13.0,2760,-,,,2026-08-22
2025-12-01,Daniil Medvedev,13.0,2760,-,,,2026-08-22
2025-11-24,Daniil Medvedev,13.0,2760,-,,,2026-08-22
2025-11-17,Daniil Medvedev,13.0,2760,-,,,2026-08-22
2025-11-10,Daniil Medvedev,13.0,2760,-200,,,2026-08-22
2025-11-03,Daniil Medvedev,12.0,2960,+150,200.0,50.0,2026-08-22
2025-10-27,Daniil Medvedev,13.0,2810,-,,,2026-08-22
2025-10-20,Daniil Medvedev,14.0,2810,+200,,,2026-08-22
2025-10-13,Daniil Medvedev,14.0,2610,+200,,,2026-08-22
,Diego Veronelli,,,,,,2026-08-22
,Dino Marcan,,,,,,2026-08-22
,Emilio Benfele Alvarez,,,,,,2026-08-22
,Frank Froehling,,,,,,2026-08-22
,Fred Hemmes,,,,,,2026-08-22
,Johan De Beer,,,,,,2026-08-22
,John Sadri,,,,,,2026-08-22
,Josselin Ouanna,,,,,,2026-08-22
,Julian Reister,,,,,,2026-08-22
,Luca Vanni,,,,,,2026-08-22
,Nicolas Pereira,,,,,,2026-08-22
,Roger Federer,,,,,,2026-08-22
,Roman Borvanov,,,,,,2026-08-22
,Sandro Ehrat,,,,,,2026-08-22
,Vaclav Safranek,,,,,,2026-08-22
,David Kamen,,,,,,2026-08-22
,G Rorn,,,,,,2026-08-22
,Gilles Hinchcliffe,,,,,,2026-08-22
,Gundars Tilmanis,,,,,,2026-08-22
2026-08-10,Ivan Ivanov,542.0,78,+7,,,2026-08-22
2026-08-03,Ivan Ivanov,563.0,71,-,,,2026-08-22
2026-07-27,Ivan Ivanov,561.0,71,-,,,2026-08-22
,Jaime Subirats,,,,,,2026-08-22
,Joe Ragland,,,,,,2026-08-22
,John Muller,,,,,,2026-08-22
,Jose Prats,,,,,,2026-08-22
,Kiril Yashmakov,,,,,,2026-08-22
,Mehl Ampon,,,,,,2026-08-22
,Noel Lennon,,,,,,2026-08-22
,Peter Bartkowicz,,,,,,2026-08-22
,Robin Elliott,,,,,,2026-08-22
,Saeed Meer,,,,,,2026-08-22
,Thomas Blake,,,,,,2026-08-22
,Trevor Fancutt,,,,,,2026-08-22
,Chris Bailey,,,,,,2026-08-22
,Dennis Schmid,,,,,,2026-08-22
,Diego Del Rio,,,,,,2026-08-22
,Frank Moser,,,,,,2026-08-22
,Harald Rittersbacher,,,,,,2026-08-22
,Hiroki Kondo,,,,,,2026-08-22
,Ivan Baron,,,,,,2026-08-22
,Jamie Delgado,,,,,,2026-08-22
2026-08-10,Liam Krall,1222.0,10,-,,,2026-08-22
2026-08-03,Liam Krall,1212.0,10,-,,,2026-08-22
2026-07-27,Liam Krall,1205.0,10,-2,,,2026-08-22
,Pete Sampras,,,,,,2026-08-22
2026-08-10,Roman Safiullin,103.0,648,-,30.0,,2026-08-22
2026-08-10,Roman Safiullin,103.0,648,-,30.0,,2026-08-22
2026-08-10,Roman Safiullin,103.0,648,-,30.0,,2026-08-22
2026-08-10,Roman Safiullin,103.0,648,-,30.0,,2026-08-22
2026-08-03,Roman Safiullin,102.0,648,-30,,,2026-08-22
2026-08-03,Roman Safiullin,102.0,648,-30,,,2026-08-22
2026-08-03,Roman Safiullin,102.0,648,-30,,,2026-08-22
2026-08-03,Roman Safiullin,102.0,648,-30,,,2026-08-22
2026-07-27,Roman Safiullin,92.0,678,-,30.0,,2026-08-22
2026-07-27,Roman Safiullin,92.0,678,-,30.0,,2026-08-22
2026-07-27,Roman Safiullin,92.0,678,-,30.0,,2026-08-22
2026-07-27,Roman Safiullin,92.0,678,-,30.0,,2026-08-22
2026-07-20,Roman Safiullin,94.0,678,-,,,2026-08-22
2026-07-20,Roman Safiullin,94.0,678,-,,,2026-08-22
2026-07-20,Roman Safiullin,94.0,678,-,,,2026-08-22
2026-07-13,Roman Safiullin,96.0,678,+220,,,2026-08-22
2026-07-13,Roman Safiullin,96.0,678,+220,,,2026-08-22
2026-07-13,Roman Safiullin,96.0,678,+220,,,2026-08-22
2026-06-29,Roman Safiullin,132.0,458,-25,10.0,,2026-08-22
2026-06-29,Roman Safiullin,132.0,458,-25,10.0,,2026-08-22
2026-06-29,Roman Safiullin,132.0,458,-25,10.0,,2026-08-22
2026-06-22,Roman Safiullin,127.0,483,+16,25.0,,2026-08-22
2026-06-22,Roman Safiullin,127.0,483,+16,25.0,,2026-08-22
2026-06-15,Roman Safiullin,131.0,467,+7,,,2026-08-22
2026-06-15,Roman Safiullin,131.0,467,+7,,,2026-08-22
2026-06-08,Roman Safiullin,135.0,460,+30,,,2026-08-22
2026-06-08,Roman Safiullin,135.0,460,+30,,,2026-08-22
2026-05-25,Roman Safiullin,141.0,430,-,10.0,,2026-08-22
2026-05-25,Roman Safiullin,141.0,430,-,10.0,,2026-08-22
2026-05-18,Roman Safiullin,142.0,430,-3,,,2026-08-22
2026-05-18,Roman Safiullin,142.0,430,-3,,,2026-08-22
2026-05-04,Roman Safiullin,144.0,433,+90,10.0,,2026-08-22
2026-05-04,Roman Safiullin,144.0,433,+90,10.0,,2026-08-22
2026-04-20,Roman Safiullin,176.0,343,+95,10.0,,2026-08-22
2026-04-20,Roman Safiullin,176.0,343,+95,10.0,,2026-08-22
2026-03-02,Roman Safiullin,199.0,303,-25,43.0,,2026-08-22
2026-02-23,Roman Safiullin,189.0,328,-,25.0,,2026-08-22
2026-02-16,Roman Safiullin,186.0,328,-,,,2026-08-22
2026-02-09,Roman Safiullin,184.0,328,-,,,2026-08-22
2026-02-02,Roman Safiullin,187.0,328,-10,,,2026-08-22
2026-01-19,Roman Safiullin,172.0,338,-,10.0,,2026-08-22
2026-01-12,Roman Safiullin,172.0,338,-,,,2026-08-22
2026-01-05,Roman Safiullin,170.0,338,-,,,2026-08-22
2025-12-29,Roman Safiullin,172.0,338,-,,,2026-08-22
2025-12-22,Roman Safiullin,172.0,338,-,,,2026-08-22
2025-12-15,Roman Safiullin,172.0,338,-,,,2026-08-22
2025-12-08,Roman Safiullin,172.0,338,-,,,2026-08-22
2025-12-01,Roman Safiullin,172.0,338,-,,,2026-08-22
2025-11-24,Roman Safiullin,171.0,338,-,,,2026-08-22
2025-11-17,Roman Safiullin,170.0,338,-,,,2026-08-22
2025-11-10,Roman Safiullin,170.0,338,-25,,,2026-08-22
2025-11-03,Roman Safiullin,163.0,363,-125,25.0,,2026-08-22
2025-10-27,Roman Safiullin,128.0,488,-,125.0,,2026-08-22
2025-10-20,Roman Safiullin,131.0,488,-,,,2026-08-22
2025-10-13,Roman Safiullin,132.0,488,-100,,,2026-08-22
,Scott Lipsky,,,,,,2026-08-22
,Sebastien Grosjean,,,,,,2026-08-22
,Sonchat Ratiwatana,,,,,,2026-08-22
,Steve Denton,,,,,,2026-08-22
,Tim Puetz,,,,,,2026-08-22
2026-08-10,Tomas Machac,62.0,960,-,10.0,,2026-08-22
2026-08-10,Tomas Machac,62.0,960,-,10.0,,2026-08-22
2026-08-10,Tomas Machac,62.0,960,-,10.0,,2026-08-22
2026-08-10,Tomas Machac,62.0,960,-,10.0,,2026-08-22
2026-08-03,Tomas Machac,58.0,960,-10,,,2026-08-22
2026-08-03,Tomas Machac,58.0,960,-10,,,2026-08-22
2026-08-03,Tomas Machac,58.0,960,-10,,,2026-08-22
2026-08-03,Tomas Machac,58.0,960,-10,,,2026-08-22
2026-07-27,Tomas Machac,54.0,970,-,10.0,,2026-08-22
2026-07-27,Tomas Machac,54.0,970,-,10.0,,2026-08-22
2026-07-27,Tomas Machac,54.0,970,-,10.0,,2026-08-22
2026-07-27,Tomas Machac,54.0,970,-,10.0,,2026-08-22
2026-07-20,Tomas Machac,53.0,970,-,,,2026-08-22
2026-07-20,Tomas Machac,53.0,970,-,,,2026-08-22
2026-07-20,Tomas Machac,53.0,970,-,,,2026-08-22
2026-07-13,Tomas Machac,53.0,970,-50,,,2026-08-22
2026-07-13,Tomas Machac,53.0,970,-50,,,2026-08-22
2026-07-13,Tomas Machac,53.0,970,-50,,,2026-08-22
2026-06-29,Tomas Machac,49.0,1020,-,50.0,,2026-08-22
2026-06-29,Tomas Machac,49.0,1020,-,50.0,,2026-08-22
2026-06-29,Tomas Machac,49.0,1020,-,50.0,,2026-08-22
2026-06-22,Tomas Machac,47.0,1020,-100,,,2026-08-22
2026-06-22,Tomas Machac,47.0,1020,-100,,,2026-08-22
2026-06-15,Tomas Machac,42.0,1120,-,100.0,,2026-08-22
2026-06-15,Tomas Machac,42.0,1120,-,100.0,,2026-08-22
2026-06-08,Tomas Machac,43.0,1120,+40,,,2026-08-22
2026-06-08,Tomas Machac,43.0,1120,+40,,,2026-08-22
2026-05-25,Tomas Machac,43.0,1080,-,10.0,,2026-08-22
2026-05-25,Tomas Machac,43.0,1080,-,10.0,,2026-08-22
2026-05-18,Tomas Machac,40.0,1080,-20,,,2026-08-22
2026-05-18,Tomas Machac,40.0,1080,-20,,,2026-08-22
2026-05-04,Tomas Machac,41.0,1100,+20,50.0,,2026-08-22
2026-05-04,Tomas Machac,41.0,1100,+20,50.0,,2026-08-22
2026-04-20,Tomas Machac,41.0,1080,+100,10.0,,2026-08-22
2026-04-20,Tomas Machac,41.0,1080,+100,10.0,,2026-08-22
2026-04-13,Tomas Machac,47.0,980,+50,,,2026-08-22
2026-04-13,Tomas Machac,47.0,980,+50,,,2026-08-22
2026-04-06,Tomas Machac,53.0,930,-,50.0,,2026-08-22
2026-04-06,Tomas Machac,53.0,930,-,50.0,,2026-08-22
2026-03-30,Tomas Machac,55.0,930,-70,,,2026-08-22
2026-03-30,Tomas Machac,55.0,930,-70,,,2026-08-22
2026-03-16,Tomas Machac,48.0,1000,-10,100.0,,2026-08-22
2026-03-16,Tomas Machac,48.0,1000,-10,100.0,,2026-08-22
2026-03-02,Tomas Machac,50.0,1010,-500,10.0,,2026-08-22
2026-02-23,Tomas Machac,32.0,1510,-,500.0,,2026-08-22
2026-02-16,Tomas Machac,31.0,1510,-,,,2026-08-22
2026-02-09,Tomas Machac,31.0,1510,-100,,,2026-08-22
2026-02-02,Tomas Machac,28.0,1610,-,100.0,,2026-08-22
2026-01-19,Tomas Machac,24.0,1610,+250,100.0,,2026-08-22
2026-01-12,Tomas Machac,35.0,1360,-,,,2026-08-22
2026-01-05,Tomas Machac,35.0,1360,-85,,,2026-08-22
2025-12-29,Tomas Machac,32.0,1445,-,85.0,,2026-08-22
2025-12-22,Tomas Machac,32.0,1445,-,,,2026-08-22
2025-12-15,Tomas Machac,32.0,1445,-,,,2026-08-22
2025-12-08,Tomas Machac,32.0,1445,-,,,2026-08-22
2025-12-01,Tomas Machac,32.0,1445,-,,,2026-08-22
2025-11-24,Tomas Machac,32.0,1445,-,,,2026-08-22
2025-11-17,Tomas Machac,32.0,1445,-,,,2026-08-22
2025-11-10,Tomas Machac,32.0,1445,-,,,2026-08-22
2025-11-03,Tomas Machac,32.0,1445,-,,,2026-08-22
2025-10-27,Tomas Machac,34.0,1445,-100,10.0,,2026-08-22
2025-10-20,Tomas Machac,31.0,1545,-25,100.0,,2026-08-22
2025-10-13,Tomas Machac,30.0,1570,-350,25.0,,2026-08-22
,Alain Brichant,,,,,,2026-08-22
,Alois Beust,,,,,,2026-08-22
,Barry Brown,,,,,,2026-08-22
,Bedri Baykam,,,,,,2026-08-22
,Christopher Sylvan,,,,,,2026-08-22
,D Wall,,,,,,2026-08-22
,Errol Kilov,,,,,,2026-08-22
,Fernando Gentil,,,,,,2026-08-22
,Graziano Risi,,,,,,2026-08-22
,Ian Russell,,,,,,2026-08-22
,Jackie Cooper,,,,,,2026-08-22
,John Hui,,,,,,2026-08-22
,John Leles,,,,,,2026-08-22
,Maurice Pollock,,,,,,2026-08-22
,Miguel Soares,,,,,,2026-08-22
,Moharram Ali Khodai,,,,,,2026-08-22
,Orhan Atas,,,,,,2026-08-22
,Pierre Barthes,,,,,,2026-08-22
,Rob Givone,,,,,,2026-08-22
,Steve Avoyer,,,,,,2026-08-22
,Theo Gorter,,,,,,2026-08-22
2026-08-10,Aidan Mayo,616.0,62,+4,,,2026-08-22
2026-08-03,Aidan Mayo,625.0,58,+9,,,2026-08-22
2026-07-27,Aidan Mayo,689.0,49,-8,4.0,,2026-08-22
,Antoine Bellier,,,,,,2026-08-22
2026-08-10,Ben Shelton,6.0,3670,+990,200.0,10.0,2026-08-22
2026-08-10,Ben Shelton,6.0,3670,+990,200.0,10.0,2026-08-22
2026-08-10,Ben Shelton,6.0,3670,+990,200.0,10.0,2026-08-22
2026-08-10,Ben Shelton,6.0,3670,+990,200.0,10.0,2026-08-22
2026-08-03,Ben Shelton,10.0,2680,-900,,,2026-08-22
2026-08-03,Ben Shelton,10.0,2680,-900,,,2026-08-22
2026-08-03,Ben Shelton,10.0,2680,-900,,,2026-08-22
2026-08-03,Ben Shelton,10.0,2680,-900,,,2026-08-22
2026-07-27,Ben Shelton,8.0,3580,-190,1000.0,10.0,2026-08-22
2026-07-27,Ben Shelton,8.0,3580,-190,1000.0,10.0,2026-08-22
2026-07-27,Ben Shelton,8.0,3580,-190,1000.0,10.0,2026-08-22
2026-07-27,Ben Shelton,8.0,3580,-190,1000.0,10.0,2026-08-22
2026-07-20,Ben Shelton,6.0,3770,-,200.0,10.0,2026-08-22
2026-07-20,Ben Shelton,6.0,3770,-,200.0,10.0,2026-08-22
2026-07-20,Ben Shelton,6.0,3770,-,200.0,10.0,2026-08-22
2026-07-13,Ben Shelton,6.0,3770,-390,,,2026-08-22
2026-07-13,Ben Shelton,6.0,3770,-390,,,2026-08-22
2026-07-13,Ben Shelton,6.0,3770,-390,,,2026-08-22
2026-06-29,Ben Shelton,5.0,4160,-,400.0,10.0,2026-08-22
2026-06-29,Ben Shelton,5.0,4160,-,400.0,10.0,2026-08-22
2026-06-29,Ben Shelton,5.0,4160,-,400.0,10.0,2026-08-22
2026-06-22,Ben Shelton,5.0,4160,+90,,,2026-08-22
2026-06-22,Ben Shelton,5.0,4160,+90,,,2026-08-22
2026-06-15,Ben Shelton,5.0,4070,+150,,,2026-08-22
2026-06-15,Ben Shelton,5.0,4070,+150,,,2026-08-22
2026-06-08,Ben Shelton,5.0,3920,-150,100.0,10.0,2026-08-22
2026-06-08,Ben Shelton,5.0,3920,-150,100.0,10.0,2026-08-22
2026-05-25,Ben Shelton,5.0,4070,+40,200.0,10.0,2026-08-22
2026-05-25,Ben Shelton,5.0,4070,+40,200.0,10.0,2026-08-22
2026-05-18,Ben Shelton,6.0,4030,-,,,2026-08-22
2026-05-18,Ben Shelton,6.0,4030,-,,,2026-08-22
2026-05-04,Ben Shelton,6.0,4030,-40,,,2026-08-22
2026-05-04,Ben Shelton,6.0,4030,-40,,,2026-08-22
2026-04-20,Ben Shelton,6.0,4070,+170,50.0,10.0,2026-08-22
2026-04-20,Ben Shelton,6.0,4070,+170,50.0,10.0,2026-08-22
2026-04-13,Ben Shelton,6.0,3900,-,330.0,10.0,2026-08-22
2026-04-13,Ben Shelton,6.0,3900,-,330.0,10.0,2026-08-22
2026-04-06,Ben Shelton,8.0,3900,+40,,,2026-08-22
2026-04-06,Ben Shelton,8.0,3900,+40,,,2026-08-22
2026-03-30,Ben Shelton,9.0,3860,-,,,2026-08-22
2026-03-30,Ben Shelton,9.0,3860,-,,,2026-08-22
2026-03-16,Ben Shelton,9.0,3860,-150,,,2026-08-22
2026-03-16,Ben Shelton,9.0,3860,-150,,,2026-08-22
2026-03-02,Ben Shelton,8.0,4010,-40,200.0,10.0,2026-08-22
2026-02-23,Ben Shelton,9.0,4050,-,50.0,10.0,2026-08-22
2026-02-16,Ben Shelton,9.0,4050,+490,,,2026-08-22
2026-02-09,Ben Shelton,9.0,3560,-40,,,2026-08-22
2026-02-02,Ben Shelton,9.0,3600,-400,50.0,10.0,2026-08-22
2026-01-19,Ben Shelton,7.0,4000,+40,800.0,10.0,2026-08-22
2026-01-12,Ben Shelton,8.0,3960,-,,,2026-08-22
2026-01-05,Ben Shelton,8.0,3960,-,,,2026-08-22
2025-12-29,Ben Shelton,9.0,3960,-10,,,2026-08-22
2025-12-22,Ben Shelton,9.0,3970,-,,,2026-08-22
2025-12-15,Ben Shelton,9.0,3970,-,,,2026-08-22
2025-12-08,Ben Shelton,9.0,3970,-,,,2026-08-22
2025-12-01,Ben Shelton,9.0,3970,-,,,2026-08-22
2025-11-24,Ben Shelton,9.0,3970,-,,,2026-08-22
2025-11-17,Ben Shelton,9.0,3970,-,,,2026-08-22
2025-11-10,Ben Shelton,5.0,3970,-,,,2026-08-22
2025-11-03,Ben Shelton,6.0,3970,+150,,,2026-08-22
2025-10-27,Ben Shelton,7.0,3820,-280,50.0,,2026-08-22
2025-10-20,Ben Shelton,6.0,4100,-,330.0,,2026-08-22
2025-10-13,Ben Shelton,6.0,4100,-90,,,2026-08-22
,Boris Pashanski,,,,,,2026-08-22
,Byron Black,,,,,,2026-08-22
2026-08-10,Chun Hsin Tseng,269.0,209,+7,,,2026-08-22
2026-08-03,Chun Hsin Tseng,272.0,202,-10,,,2026-08-22
2026-07-27,Chun Hsin Tseng,260.0,212,-25,10.0,,2026-08-22
2026-05-25,Chun Hsin Tseng,181.0,326,-,125.0,,2026-08-22
2026-05-25,Chun Hsin Tseng,181.0,326,-,125.0,,2026-08-22
2026-05-18,Chun Hsin Tseng,183.0,326,-40,,,2026-08-22
2026-05-18,Chun Hsin Tseng,183.0,326,-40,,,2026-08-22
2026-05-04,Chun Hsin Tseng,169.0,366,-,55.0,,2026-08-22
2026-05-04,Chun Hsin Tseng,169.0,366,-,55.0,,2026-08-22
2026-04-20,Chun Hsin Tseng,168.0,366,-17,,,2026-08-22
2026-04-20,Chun Hsin Tseng,168.0,366,-17,,,2026-08-22
2026-04-13,Chun Hsin Tseng,159.0,383,-,25.0,,2026-08-22
2026-04-13,Chun Hsin Tseng,159.0,383,-,25.0,,2026-08-22
2026-04-06,Chun Hsin Tseng,158.0,383,-,,,2026-08-22
2026-04-06,Chun Hsin Tseng,158.0,383,-,,,2026-08-22
2026-03-30,Chun Hsin Tseng,156.0,383,-58,,,2026-08-22
2026-03-30,Chun Hsin Tseng,156.0,383,-58,,,2026-08-22
2026-03-16,Chun Hsin Tseng,140.0,441,+27,58.0,,2026-08-22
2026-03-16,Chun Hsin Tseng,140.0,441,+27,58.0,,2026-08-22
2026-03-02,Chun Hsin Tseng,144.0,414,-,3.0,,2026-08-22
2026-02-23,Chun Hsin Tseng,148.0,414,-122,,,2026-08-22
2026-02-16,Chun Hsin Tseng,115.0,536,-,125.0,3.0,2026-08-22
2026-02-09,Chun Hsin Tseng,116.0,536,+32,,,2026-08-22
2026-02-02,Chun Hsin Tseng,122.0,504,+6,,,2026-08-22
2026-01-19,Chun Hsin Tseng,122.0,498,-,8.0,,2026-08-22
2026-01-12,Chun Hsin Tseng,122.0,498,-,,,2026-08-22
2026-01-05,Chun Hsin Tseng,121.0,498,-,,,2026-08-22
2025-12-29,Chun Hsin Tseng,124.0,498,-,,,2026-08-22
2025-12-22,Chun Hsin Tseng,124.0,498,-,,,2026-08-22
2025-12-15,Chun Hsin Tseng,124.0,498,-,,,2026-08-22
2025-12-08,Chun Hsin Tseng,124.0,498,-,,,2026-08-22
2025-12-01,Chun Hsin Tseng,124.0,498,-,,,2026-08-22
2025-11-24,Chun Hsin Tseng,122.0,498,-,,,2026-08-22
2025-11-17,Chun Hsin Tseng,124.0,498,+22,,,2026-08-22
2025-11-10,Chun Hsin Tseng,131.0,476,-,,,2026-08-22
2025-11-03,Chun Hsin Tseng,131.0,476,+8,,,2026-08-22
2025-10-27,Chun Hsin Tseng,135.0,468,-35,,,2026-08-22
2025-10-20,Chun Hsin Tseng,125.0,503,-,35.0,,2026-08-22
2025-10-13,Chun Hsin Tseng,127.0,503,-35,,,2026-08-22
,Evan Furness,,,,,,2026-08-22
2026-08-10,Felix Auger Aliassime,4.0,4740,-,200.0,50.0,2026-08-22
2026-08-10,Felix Auger Aliassime,4.0,4740,-,200.0,50.0,2026-08-22
2026-08-10,Felix Auger Aliassime,4.0,4740,-,200.0,50.0,2026-08-22
2026-08-10,Felix Auger Aliassime,4.0,4740,-,200.0,50.0,2026-08-22
2026-08-03,Felix Auger Aliassime,4.0,4740,-,,,2026-08-22
2026-08-03,Felix Auger Aliassime,4.0,4740,-,,,2026-08-22
2026-08-03,Felix Auger Aliassime,4.0,4740,-,,,2026-08-22
2026-08-03,Felix Auger Aliassime,4.0,4740,-,,,2026-08-22
2026-07-27,Felix Auger Aliassime,4.0,4740,-,,,2026-08-22
2026-07-27,Felix Auger Aliassime,4.0,4740,-,,,2026-08-22
2026-07-27,Felix Auger Aliassime,4.0,4740,-,,,2026-08-22
2026-07-27,Felix Auger Aliassime,4.0,4740,-,,,2026-08-22
2026-07-20,Felix Auger Aliassime,4.0,4740,-,,,2026-08-22
2026-07-20,Felix Auger Aliassime,4.0,4740,-,,,2026-08-22
2026-07-20,Felix Auger Aliassime,4.0,4740,-,,,2026-08-22
2026-07-13,Felix Auger Aliassime,4.0,4740,+350,,,2026-08-22
2026-07-13,Felix Auger Aliassime,4.0,4740,+350,,,2026-08-22
2026-07-13,Felix Auger Aliassime,4.0,4740,+350,,,2026-08-22
2026-06-29,Felix Auger Aliassime,4.0,4390,-50,50.0,50.0,2026-08-22
2026-06-29,Felix Auger Aliassime,4.0,4390,-50,50.0,50.0,2026-08-22
2026-06-29,Felix Auger Aliassime,4.0,4390,-50,50.0,50.0,2026-08-22
2026-06-22,Felix Auger Aliassime,4.0,4440,+50,100.0,50.0,2026-08-22
2026-06-22,Felix Auger Aliassime,4.0,4440,+50,100.0,50.0,2026-08-22
2026-06-15,Felix Auger Aliassime,4.0,4390,-50,,,2026-08-22
2026-06-15,Felix Auger Aliassime,4.0,4390,-50,,,2026-08-22
2026-06-08,Felix Auger Aliassime,4.0,4440,+390,100.0,50.0,2026-08-22
2026-06-08,Felix Auger Aliassime,4.0,4440,+390,100.0,50.0,2026-08-22
2026-05-25,Felix Auger Aliassime,6.0,4050,-10,10.0,50.0,2026-08-22
2026-05-25,Felix Auger Aliassime,6.0,4050,-10,10.0,50.0,2026-08-22
2026-05-18,Felix Auger Aliassime,5.0,4060,+10,200.0,100.0,2026-08-22
2026-05-18,Felix Auger Aliassime,5.0,4060,+10,200.0,100.0,2026-08-22
2026-05-04,Felix Auger Aliassime,5.0,4050,-50,,,2026-08-22
2026-05-04,Felix Auger Aliassime,5.0,4050,-50,,,2026-08-22
2026-04-20,Felix Auger Aliassime,5.0,4100,-,,,2026-08-22
2026-04-20,Felix Auger Aliassime,5.0,4100,-,,,2026-08-22
2026-04-13,Felix Auger Aliassime,5.0,4100,+100,,,2026-08-22
2026-04-13,Felix Auger Aliassime,5.0,4100,+100,,,2026-08-22
2026-04-06,Felix Auger Aliassime,7.0,4000,-,,,2026-08-22
2026-04-06,Felix Auger Aliassime,7.0,4000,-,,,2026-08-22
2026-03-30,Felix Auger Aliassime,7.0,4000,-,,,2026-08-22
2026-03-30,Felix Auger Aliassime,7.0,4000,-,,,2026-08-22
2026-03-16,Felix Auger Aliassime,8.0,4000,+50,50.0,50.0,2026-08-22
2026-03-16,Felix Auger Aliassime,8.0,4000,+50,50.0,50.0,2026-08-22
2026-03-02,Felix Auger Aliassime,9.0,3950,-130,,,2026-08-22
2026-02-23,Felix Auger Aliassime,8.0,4080,-150,330.0,25.0,2026-08-22
2026-02-16,Felix Auger Aliassime,7.0,4230,+280,200.0,50.0,2026-08-22
2026-02-09,Felix Auger Aliassime,6.0,3950,+225,,,2026-08-22
2026-02-02,Felix Auger Aliassime,8.0,3725,-265,,,2026-08-22
2026-01-19,Felix Auger Aliassime,8.0,3990,-,300.0,35.0,2026-08-22
2026-01-12,Felix Auger Aliassime,7.0,3990,-200,,,2026-08-22
2026-01-05,Felix Auger Aliassime,5.0,4190,-,250.0,50.0,2026-08-22
2025-12-29,Felix Auger Aliassime,5.0,4190,-55,,,2026-08-22
2025-12-22,Felix Auger Aliassime,5.0,4245,-,,,2026-08-22
2025-12-15,Felix Auger Aliassime,5.0,4245,-,,,2026-08-22
2025-12-08,Felix Auger Aliassime,5.0,4245,-,,,2026-08-22
2025-12-01,Felix Auger Aliassime,5.0,4245,-,,,2026-08-22
2025-11-24,Felix Auger Aliassime,5.0,4245,-,,,2026-08-22
2025-11-17,Felix Auger Aliassime,5.0,4245,+400,,,2026-08-22
2025-11-10,Felix Auger Aliassime,8.0,3845,-,,,2026-08-22
2025-11-03,Felix Auger Aliassime,8.0,3845,+650,,,2026-08-22
2025-10-27,Felix Auger Aliassime,10.0,3195,+50,,,2026-08-22
2025-10-20,Felix Auger Aliassime,12.0,3145,+240,,,2026-08-22
2025-10-13,Felix Auger Aliassime,13.0,2905,+150,,,2026-08-22
,Felix Barrientos,,,,,,2026-08-22
,German Puentes,,,,,,2026-08-22
,Jiri Novak,,,,,,2026-08-22
,Kj Hippensteel,,,,,,2026-08-22
2026-08-10,Nicolas Mejia,122.0,530,+45,12.0,5.0,2026-08-22
2026-08-10,Nicolas Mejia,122.0,530,+45,12.0,5.0,2026-08-22
2026-08-10,Nicolas Mejia,122.0,530,+45,12.0,5.0,2026-08-22
2026-08-10,Nicolas Mejia,122.0,530,+45,12.0,5.0,2026-08-22
2026-08-03,Nicolas Mejia,129.0,485,-1,,,2026-08-22
2026-08-03,Nicolas Mejia,129.0,485,-1,,,2026-08-22
2026-08-03,Nicolas Mejia,129.0,485,-1,,,2026-08-22
2026-08-03,Nicolas Mejia,129.0,485,-1,,,2026-08-22
2026-07-27,Nicolas Mejia,131.0,486,-,6.0,5.0,2026-08-22
2026-07-27,Nicolas Mejia,131.0,486,-,6.0,5.0,2026-08-22
2026-07-27,Nicolas Mejia,131.0,486,-,6.0,5.0,2026-08-22
2026-07-27,Nicolas Mejia,131.0,486,-,6.0,5.0,2026-08-22
2026-07-20,Nicolas Mejia,136.0,486,-7,,,2026-08-22
2026-07-20,Nicolas Mejia,136.0,486,-7,,,2026-08-22
2026-07-20,Nicolas Mejia,136.0,486,-7,,,2026-08-22
2026-07-13,Nicolas Mejia,133.0,493,+144,13.0,6.0,2026-08-22
2026-07-13,Nicolas Mejia,133.0,493,+144,13.0,6.0,2026-08-22
2026-07-13,Nicolas Mejia,133.0,493,+144,13.0,6.0,2026-08-22
2026-06-29,Nicolas Mejia,165.0,349,-3,,,2026-08-22
2026-06-29,Nicolas Mejia,165.0,349,-3,,,2026-08-22
2026-06-29,Nicolas Mejia,165.0,349,-3,,,2026-08-22
2026-06-22,Nicolas Mejia,168.0,352,-2,8.0,5.0,2026-08-22
2026-06-22,Nicolas Mejia,168.0,352,-2,8.0,5.0,2026-08-22
2026-06-15,Nicolas Mejia,164.0,354,-,8.0,5.0,2026-08-22
2026-06-15,Nicolas Mejia,164.0,354,-,8.0,5.0,2026-08-22
2026-06-08,Nicolas Mejia,167.0,354,-,,,2026-08-22
2026-06-08,Nicolas Mejia,167.0,354,-,,,2026-08-22
2026-05-25,Nicolas Mejia,169.0,354,-,6.0,5.0,2026-08-22
2026-05-25,Nicolas Mejia,169.0,354,-,6.0,5.0,2026-08-22
2026-05-18,Nicolas Mejia,171.0,354,-,,,2026-08-22
2026-05-18,Nicolas Mejia,171.0,354,-,,,2026-08-22
2026-05-04,Nicolas Mejia,174.0,354,-69,,,2026-08-22
2026-05-04,Nicolas Mejia,174.0,354,-69,,,2026-08-22
2026-04-20,Nicolas Mejia,152.0,423,-,75.0,6.0,2026-08-22
2026-04-20,Nicolas Mejia,152.0,423,-,75.0,6.0,2026-08-22
2026-04-13,Nicolas Mejia,150.0,423,-,,,2026-08-22
2026-04-13,Nicolas Mejia,150.0,423,-,,,2026-08-22
2026-04-06,Nicolas Mejia,150.0,423,+69,8.0,6.0,2026-08-22
2026-04-06,Nicolas Mejia,150.0,423,+69,8.0,6.0,2026-08-22
2026-03-30,Nicolas Mejia,171.0,354,+29,,,2026-08-22
2026-03-30,Nicolas Mejia,171.0,354,+29,,,2026-08-22
2026-03-16,Nicolas Mejia,185.0,325,-13,,,2026-08-22
2026-03-16,Nicolas Mejia,185.0,325,-13,,,2026-08-22
2026-03-02,Nicolas Mejia,181.0,338,-3,19.0,5.0,2026-08-22
2026-02-23,Nicolas Mejia,181.0,341,-,16.0,5.0,2026-08-22
2026-02-16,Nicolas Mejia,179.0,341,-,,,2026-08-22
2026-02-09,Nicolas Mejia,177.0,341,-,,,2026-08-22
2026-02-02,Nicolas Mejia,177.0,341,-4,,,2026-08-22
2026-01-19,Nicolas Mejia,169.0,345,-,14.0,4.0,2026-08-22
2026-01-12,Nicolas Mejia,169.0,345,+1,,,2026-08-22
2026-01-05,Nicolas Mejia,168.0,344,-,,,2026-08-22
2025-12-29,Nicolas Mejia,170.0,344,-4,,,2026-08-22
2025-12-22,Nicolas Mejia,170.0,348,-,,,2026-08-22
2025-12-15,Nicolas Mejia,170.0,348,-,,,2026-08-22
2025-12-08,Nicolas Mejia,170.0,348,-,,,2026-08-22
2025-12-01,Nicolas Mejia,170.0,348,+75,,,2026-08-22
2025-10-13,Nicolas Mejia,197.0,287,+14,12.0,,2026-08-22
,Patrik Kuhnen,,,,,,2026-08-22
2026-08-10,Paul Jubb,384.0,131,-,41.0,,2026-08-22
2026-08-03,Paul Jubb,375.0,131,-25,,,2026-08-22
2026-07-27,Paul Jubb,335.0,156,-,25.0,,2026-08-22
,Roberto Vizcaino,,,,,,2026-08-22
,Stefan Simonsson,,,,,,2026-08-22
,Sven Salumaa,,,,,,2026-08-22
2026-08-10,Taha Baadi,551.0,75,-,5.0,,2026-08-22
2026-08-03,Taha Baadi,545.0,75,-,,,2026-08-22
2026-07-27,Taha Baadi,546.0,75,-,,,2026-08-22
,Tripp Phillips,,,,,,2026-08-22
,Didier Frantz,,,,,,2026-08-22
,Dwight Frerichs,,,,,,2026-08-22
,Ernesto Rios,,,,,,2026-08-22
,Ezzat Nemati,,,,,,2026-08-22
,Frantisek Stejskal,,,,,,2026-08-22
,Fritz Gildemeister,,,,,,2026-08-22
,Graeme Thomson,,,,,,2026-08-22
,Jean Claude Barclay,,,,,,2026-08-22
,John Mcmanus,,,,,,2026-08-22
,Lassalle,,,,,,2026-08-22
,Lester Brown,,,,,,2026-08-22
,R G Moore,,,,,,2026-08-22
,Ricardo Rivera,,,,,,2026-08-22
,Unknown Cimurri,,,,,,2026-08-22
,V Bercham,,,,,,2026-08-22
,Wayne Cowley,,,,,,2026-08-22
2026-08-10,Alexey Vatutin,641.0,57,-,14.0,,2026-08-22
2026-08-03,Alexey Vatutin,634.0,57,-,,,2026-08-22
2026-07-27,Alexey Vatutin,632.0,57,-,,,2026-08-22
,Bob Lutz,,,,,,2026-08-22
,Joao Menezes,,,,,,2026-08-22
,Lars Burgsmuller,,,,,,2026-08-22
2026-08-10,Rafael Jodar,11.0,2621,+378,50.0,22.0,2026-08-22
2026-08-10,Rafael Jodar,11.0,2621,+378,50.0,22.0,2026-08-22
2026-08-10,Rafael Jodar,11.0,2621,+378,50.0,22.0,2026-08-22
2026-08-10,Rafael Jodar,11.0,2621,+378,50.0,22.0,2026-08-22
2026-08-03,Rafael Jodar,15.0,2243,+316,,,2026-08-22
2026-08-03,Rafael Jodar,15.0,2243,+316,,,2026-08-22
2026-08-03,Rafael Jodar,15.0,2243,+316,,,2026-08-22
2026-08-03,Rafael Jodar,15.0,2243,+316,,,2026-08-22
2026-07-27,Rafael Jodar,24.0,1927,-,,,2026-08-22
2026-07-27,Rafael Jodar,24.0,1927,-,,,2026-08-22
2026-07-27,Rafael Jodar,24.0,1927,-,,,2026-08-22
2026-07-27,Rafael Jodar,24.0,1927,-,,,2026-08-22
2026-07-20,Rafael Jodar,25.0,1927,-,,,2026-08-22
2026-07-20,Rafael Jodar,25.0,1927,-,,,2026-08-22
2026-07-20,Rafael Jodar,25.0,1927,-,,,2026-08-22
2026-07-13,Rafael Jodar,25.0,1927,+88,,,2026-08-22
2026-07-13,Rafael Jodar,25.0,1927,+88,,,2026-08-22
2026-07-13,Rafael Jodar,25.0,1927,+88,,,2026-08-22
2026-06-29,Rafael Jodar,26.0,1839,-10,,,2026-08-22
2026-06-29,Rafael Jodar,26.0,1839,-10,,,2026-08-22
2026-06-29,Rafael Jodar,26.0,1839,-10,,,2026-08-22
2026-06-22,Rafael Jodar,26.0,1849,-,22.0,12.0,2026-08-22
2026-06-22,Rafael Jodar,26.0,1849,-,22.0,12.0,2026-08-22
2026-06-15,Rafael Jodar,23.0,1849,-,,,2026-08-22
2026-06-15,Rafael Jodar,23.0,1849,-,,,2026-08-22
2026-06-08,Rafael Jodar,23.0,1849,+388,,,2026-08-22
2026-06-08,Rafael Jodar,23.0,1849,+388,,,2026-08-22
2026-05-25,Rafael Jodar,29.0,1461,-,,,2026-08-22
2026-05-25,Rafael Jodar,29.0,1461,-,,,2026-08-22
2026-05-18,Rafael Jodar,29.0,1461,+188,,,2026-08-22
2026-05-18,Rafael Jodar,29.0,1461,+188,,,2026-08-22
2026-05-04,Rafael Jodar,34.0,1273,+193,,,2026-08-22
2026-05-04,Rafael Jodar,34.0,1273,+193,,,2026-08-22
2026-04-20,Rafael Jodar,42.0,1080,+194,,,2026-08-22
2026-04-20,Rafael Jodar,42.0,1080,+194,,,2026-08-22
2026-04-13,Rafael Jodar,55.0,886,-,,,2026-08-22
2026-04-13,Rafael Jodar,55.0,886,-,,,2026-08-22
2026-04-06,Rafael Jodar,57.0,886,+234,,,2026-08-22
2026-04-06,Rafael Jodar,57.0,886,+234,,,2026-08-22
2026-03-30,Rafael Jodar,89.0,652,+64,22.0,6.0,2026-08-22
2026-03-30,Rafael Jodar,89.0,652,+64,22.0,6.0,2026-08-22
2026-03-16,Rafael Jodar,109.0,588,-6,,,2026-08-22
2026-03-16,Rafael Jodar,109.0,588,-6,,,2026-08-22
2026-03-02,Rafael Jodar,103.0,594,+46,,,2026-08-22
2026-02-23,Rafael Jodar,114.0,548,+25,,,2026-08-22
2026-02-16,Rafael Jodar,118.0,523,+25,,,2026-08-22
2026-02-09,Rafael Jodar,124.0,498,-,,,2026-08-22
2026-02-02,Rafael Jodar,124.0,498,+80,,,2026-08-22
2026-01-19,Rafael Jodar,150.0,418,-,,,2026-08-22
2026-01-12,Rafael Jodar,150.0,418,+69,,,2026-08-22
2026-01-05,Rafael Jodar,165.0,349,-,,,2026-08-22
2025-12-29,Rafael Jodar,168.0,349,-,,,2026-08-22
2025-12-22,Rafael Jodar,168.0,349,-,,,2026-08-22
2025-12-15,Rafael Jodar,168.0,349,-,,,2026-08-22
2025-12-08,Rafael Jodar,168.0,349,-,,,2026-08-22
2025-12-01,Rafael Jodar,168.0,349,-,,,2026-08-22
2025-11-24,Rafael Jodar,167.0,349,-,,,2026-08-22
2025-11-17,Rafael Jodar,168.0,349,-,,,2026-08-22
2025-11-10,Rafael Jodar,167.0,349,-,,,2026-08-22
2025-11-03,Rafael Jodar,166.0,349,+75,,,2026-08-22
,Robbie Weiss,,,,,,2026-08-22
,Ross Hutchins,,,,,,2026-08-22
,Sean Brawley,,,,,,2026-08-22
,Alejandro Kon,,,,,,2026-08-22
,Bjorn Wahlstrom,,,,,,2026-08-22
,David Dinelle,,,,,,2026-08-22
,Gil Howard,,,,,,2026-08-22
,Jeff Simpson,,,,,,2026-08-22
,John Crooke,,,,,,2026-08-22
,Kay Terry,,,,,,2026-08-22
,Luigi Bianco,,,,,,2026-08-22
,M Rana,,,,,,2026-08-22
,Malcolm Elley,,,,,,2026-08-22
,Nir Welgreen,,,,,,2026-08-22
,Osuma Nakamura,,,,,,2026-08-22
,Richard Cooper,,,,,,2026-08-22
,Ronald Mckenzie,,,,,,2026-08-22
,S Teterion,,,,,,2026-08-22
,Stephen Jones,,,,,,2026-08-22
,Bjorn Borg,,,,,,2026-08-22
,Chris Wilkinson,,,,,,2026-08-22
,Dusan Vemic,,,,,,2026-08-22
,Javier Sanchez,,,,,,2026-08-22
,Jose Antonio Pepe Conde,,,,,,2026-08-22
,Kevin Anderson,,,,,,2026-08-22
,Marco Armellini,,,,,,2026-08-22
,Nenad Zimonjic,,,,,,2026-08-22
,Peter Johnston,,,,,,2026-08-22
,Purav Raja,,,,,,2026-08-22
,Tim Gullikson,,,,,,2026-08-22
,Davor Stolcer,,,,,,2026-08-22
,Guillermo Castanon,,,,,,2026-08-22
,John Stefanki,,,,,,2026-08-22
,Martin Venning,,,,,,2026-08-22
,Paolo Lagana,,,,,,2026-08-22
,Umit Center,,,,,,2026-08-22
,Alejo Mancisidor,,,,,,2026-08-22
2026-08-10,Alex Michelsen,41.0,1090,+25,50.0,25.0,2026-08-22
2026-08-10,Alex Michelsen,41.0,1090,+25,50.0,25.0,2026-08-22
2026-08-10,Alex Michelsen,41.0,1090,+25,50.0,25.0,2026-08-22
2026-08-10,Alex Michelsen,41.0,1090,+25,50.0,25.0,2026-08-22
2026-08-03,Alex Michelsen,42.0,1065,-100,,,2026-08-22
2026-08-03,Alex Michelsen,42.0,1065,-100,,,2026-08-22
2026-08-03,Alex Michelsen,42.0,1065,-100,,,2026-08-22
2026-08-03,Alex Michelsen,42.0,1065,-100,,,2026-08-22
2026-07-27,Alex Michelsen,40.0,1165,+115,200.0,10.0,2026-08-22
2026-07-27,Alex Michelsen,40.0,1165,+115,200.0,10.0,2026-08-22
2026-07-27,Alex Michelsen,40.0,1165,+115,200.0,10.0,2026-08-22
2026-07-27,Alex Michelsen,40.0,1165,+115,200.0,10.0,2026-08-22
2026-07-20,Alex Michelsen,44.0,1050,-,,,2026-08-22
2026-07-20,Alex Michelsen,44.0,1050,-,,,2026-08-22
2026-07-20,Alex Michelsen,44.0,1050,-,,,2026-08-22
2026-07-13,Alex Michelsen,46.0,1050,+25,,,2026-08-22
2026-07-13,Alex Michelsen,46.0,1050,+25,,,2026-08-22
2026-07-13,Alex Michelsen,46.0,1050,+25,,,2026-08-22
2026-06-29,Alex Michelsen,46.0,1025,-90,10.0,10.0,2026-08-22
2026-06-29,Alex Michelsen,46.0,1025,-90,10.0,10.0,2026-08-22
2026-06-29,Alex Michelsen,46.0,1025,-90,10.0,10.0,2026-08-22
2026-06-22,Alex Michelsen,42.0,1115,-90,100.0,10.0,2026-08-22
2026-06-22,Alex Michelsen,42.0,1115,-90,100.0,10.0,2026-08-22
2026-06-15,Alex Michelsen,38.0,1205,-,100.0,10.0,2026-08-22
2026-06-15,Alex Michelsen,38.0,1205,-,100.0,10.0,2026-08-22
2026-06-08,Alex Michelsen,38.0,1205,+90,,,2026-08-22
2026-06-08,Alex Michelsen,38.0,1205,+90,,,2026-08-22
2026-05-25,Alex Michelsen,42.0,1115,+40,10.0,25.0,2026-08-22
2026-05-25,Alex Michelsen,42.0,1115,+40,10.0,25.0,2026-08-22
2026-05-18,Alex Michelsen,41.0,1075,-15,,,2026-08-22
2026-05-18,Alex Michelsen,41.0,1075,-15,,,2026-08-22
2026-05-04,Alex Michelsen,42.0,1090,-110,,,2026-08-22
2026-05-04,Alex Michelsen,42.0,1090,-110,,,2026-08-22
2026-04-20,Alex Michelsen,37.0,1200,-,185.0,35.0,2026-08-22
2026-04-20,Alex Michelsen,37.0,1200,-,185.0,35.0,2026-08-22
2026-04-13,Alex Michelsen,36.0,1200,-,,,2026-08-22
2026-04-13,Alex Michelsen,36.0,1200,-,,,2026-08-22
2026-04-06,Alex Michelsen,35.0,1200,-25,,,2026-08-22
2026-04-06,Alex Michelsen,35.0,1200,-25,,,2026-08-22
2026-03-30,Alex Michelsen,35.0,1225,+90,50.0,25.0,2026-08-22
2026-03-30,Alex Michelsen,35.0,1225,+90,50.0,25.0,2026-08-22
2026-03-16,Alex Michelsen,40.0,1135,+50,10.0,25.0,2026-08-22
2026-03-16,Alex Michelsen,40.0,1135,+50,10.0,25.0,2026-08-22
2026-03-02,Alex Michelsen,44.0,1085,-25,50.0,25.0,2026-08-22
2026-02-23,Alex Michelsen,43.0,1110,-,50.0,25.0,2026-08-22
2026-02-16,Alex Michelsen,41.0,1110,-50,,,2026-08-22
2026-02-09,Alex Michelsen,41.0,1160,-,100.0,25.0,2026-08-22
2026-02-02,Alex Michelsen,41.0,1160,-190,,,2026-08-22
2026-01-19,Alex Michelsen,38.0,1350,-,200.0,25.0,2026-08-22
2026-01-12,Alex Michelsen,37.0,1350,+50,,,2026-08-22
2026-01-05,Alex Michelsen,37.0,1300,-,50.0,10.0,2026-08-22
2025-12-29,Alex Michelsen,38.0,1300,-25,,,2026-08-22
2025-12-22,Alex Michelsen,38.0,1325,-,,,2026-08-22
2025-12-15,Alex Michelsen,38.0,1325,-,,,2026-08-22
2025-12-08,Alex Michelsen,38.0,1325,-,,,2026-08-22
2025-12-01,Alex Michelsen,38.0,1325,-,,,2026-08-22
2025-11-24,Alex Michelsen,38.0,1325,-,,,2026-08-22
2025-11-17,Alex Michelsen,38.0,1325,-,,,2026-08-22
2025-11-10,Alex Michelsen,38.0,1325,-75,,,2026-08-22
2025-11-03,Alex Michelsen,35.0,1400,-40,100.0,25.0,2026-08-22
2025-10-27,Alex Michelsen,35.0,1440,-,50.0,25.0,2026-08-22
2025-10-20,Alex Michelsen,34.0,1440,+75,,,2026-08-22
2025-10-13,Alex Michelsen,36.0,1365,-20,,,2026-08-22
,Andrew Painter,,,,,,2026-08-22
,Carl Chang,,,,,,2026-08-22
,Daniel Berta,,,,,,2026-08-22
,Daniel Melo,,,,,,2026-08-22
,Edan Leshem,,,,,,2026-08-22
,Francisco Yunis,,,,,,2026-08-22
,Joseph Sirianni,,,,,,2026-08-22
,Juan Farrow,,,,,,2026-08-22
,Krister Wedenby,,,,,,2026-08-22
,Mark Vines,,,,,,2026-08-22
,Martin Blackman,,,,,,2026-08-22
,Michele Fioroni,,,,,,2026-08-22
,Nikola Milojevic,,,,,,2026-08-22
,Peter Wessels,,,,,,2026-08-22
,Rick Leach,,,,,,2026-08-22
2026-08-10,Rigele Te,1025.0,19,-,3.0,,2026-08-22
2026-08-03,Rigele Te,1014.0,19,-,,,2026-08-22
2026-07-27,Rigele Te,1009.0,19,-,,,2026-08-22
,A Boss,,,,,,2026-08-22
,A Saywell,,,,,,2026-08-22
,Alex Metreveli,,,,,,2026-08-22
,Arnold Saul,,,,,,2026-08-22
,Bill Small,,,,,,2026-08-22
,Carlo Borea,,,,,,2026-08-22
,Dick Metz,,,,,,2026-08-22
,Grant Copley,,,,,,2026-08-22
,Jack Gorsuch,,,,,,2026-08-22
,Joe Tillerson,,,,,,2026-08-22
,John De Zeeuw,,,,,,2026-08-22
,Jose Oriol Serrano,,,,,,2026-08-22
,Juan Hernandez,,,,,,2026-08-22
,Lubin Taborda,,,,,,2026-08-22
,Petr Strobl,,,,,,2026-08-22
,Rob Cadwallader,,,,,,2026-08-22
,Roberto Lombardi,,,,,,2026-08-22
,Roger Power,,,,,,2026-08-22
,T Tang,,,,,,2026-08-22
2026-08-10,Andrey Rublev,18.0,2230,-,200.0,10.0,2026-08-22
2026-08-10,Andrey Rublev,18.0,2230,-,200.0,10.0,2026-08-22
2026-08-10,Andrey Rublev,18.0,2230,-,200.0,10.0,2026-08-22
2026-08-10,Andrey Rublev,18.0,2230,-,200.0,10.0,2026-08-22
2026-08-03,Andrey Rublev,16.0,2230,-190,,,2026-08-22
2026-08-03,Andrey Rublev,16.0,2230,-190,,,2026-08-22
2026-08-03,Andrey Rublev,16.0,2230,-190,,,2026-08-22
2026-08-03,Andrey Rublev,16.0,2230,-190,,,2026-08-22
2026-07-27,Andrey Rublev,14.0,2420,+40,200.0,10.0,2026-08-22
2026-07-27,Andrey Rublev,14.0,2420,+40,200.0,10.0,2026-08-22
2026-07-27,Andrey Rublev,14.0,2420,+40,200.0,10.0,2026-08-22
2026-07-27,Andrey Rublev,14.0,2420,+40,200.0,10.0,2026-08-22
2026-07-20,Andrey Rublev,14.0,2380,+150,,,2026-08-22
2026-07-20,Andrey Rublev,14.0,2380,+150,,,2026-08-22
2026-07-20,Andrey Rublev,14.0,2380,+150,,,2026-08-22
2026-07-13,Andrey Rublev,16.0,2230,-190,100.0,,2026-08-22
2026-07-13,Andrey Rublev,16.0,2230,-190,100.0,,2026-08-22
2026-07-13,Andrey Rublev,16.0,2230,-190,100.0,,2026-08-22
2026-06-29,Andrey Rublev,13.0,2420,-,200.0,,2026-08-22
2026-06-29,Andrey Rublev,13.0,2420,-,200.0,,2026-08-22
2026-06-29,Andrey Rublev,13.0,2420,-,200.0,,2026-08-22
2026-06-22,Andrey Rublev,13.0,2420,-40,,,2026-08-22
2026-06-22,Andrey Rublev,13.0,2420,-40,,,2026-08-22
2026-06-15,Andrey Rublev,13.0,2460,-,50.0,10.0,2026-08-22
2026-06-15,Andrey Rublev,13.0,2460,-,50.0,10.0,2026-08-22
2026-06-08,Andrey Rublev,13.0,2460,-,,,2026-08-22
2026-06-08,Andrey Rublev,13.0,2460,-,,,2026-08-22
2026-05-25,Andrey Rublev,13.0,2460,-320,200.0,10.0,2026-08-22
2026-05-25,Andrey Rublev,13.0,2460,-320,200.0,10.0,2026-08-22
2026-05-18,Andrey Rublev,13.0,2780,+190,330.0,10.0,2026-08-22
2026-05-18,Andrey Rublev,13.0,2780,+190,330.0,10.0,2026-08-22
2026-05-04,Andrey Rublev,14.0,2590,-40,,,2026-08-22
2026-05-04,Andrey Rublev,14.0,2590,-40,,,2026-08-22
2026-04-20,Andrey Rublev,12.0,2630,+280,50.0,10.0,2026-08-22
2026-04-20,Andrey Rublev,12.0,2630,+280,50.0,10.0,2026-08-22
2026-04-13,Andrey Rublev,15.0,2350,-50,50.0,10.0,2026-08-22
2026-04-13,Andrey Rublev,15.0,2350,-50,50.0,10.0,2026-08-22
2026-04-06,Andrey Rublev,15.0,2400,-,100.0,10.0,2026-08-22
2026-04-06,Andrey Rublev,15.0,2400,-,100.0,10.0,2026-08-22
2026-03-30,Andrey Rublev,16.0,2400,-,,,2026-08-22
2026-03-30,Andrey Rublev,16.0,2400,-,,,2026-08-22
2026-03-16,Andrey Rublev,16.0,2400,-,,,2026-08-22
2026-03-16,Andrey Rublev,16.0,2400,-,,,2026-08-22
2026-03-02,Andrey Rublev,17.0,2400,+190,10.0,10.0,2026-08-22
2026-02-23,Andrey Rublev,18.0,2210,-300,,,2026-08-22
2026-02-16,Andrey Rublev,14.0,2510,-,500.0,10.0,2026-08-22
2026-02-09,Andrey Rublev,15.0,2510,-90,,,2026-08-22
2026-02-02,Andrey Rublev,14.0,2600,-,100.0,10.0,2026-08-22
2026-01-19,Andrey Rublev,15.0,2600,-,110.0,20.0,2026-08-22
2026-01-12,Andrey Rublev,14.0,2600,+90,,,2026-08-22
2026-01-05,Andrey Rublev,16.0,2510,-,,,2026-08-22
2025-12-29,Andrey Rublev,16.0,2510,-10,,,2026-08-22
2025-12-22,Andrey Rublev,16.0,2520,-,,,2026-08-22
2025-12-15,Andrey Rublev,16.0,2520,-,,,2026-08-22
2025-12-08,Andrey Rublev,16.0,2520,-,,,2026-08-22
2025-12-01,Andrey Rublev,16.0,2520,-,,,2026-08-22
2025-11-24,Andrey Rublev,16.0,2520,-,,,2026-08-22
2025-11-17,Andrey Rublev,16.0,2520,-,,,2026-08-22
2025-11-10,Andrey Rublev,16.0,2520,-40,,,2026-08-22
2025-11-03,Andrey Rublev,16.0,2560,+90,50.0,20.0,2026-08-22
2025-10-27,Andrey Rublev,17.0,2470,-90,10.0,10.0,2026-08-22
2025-10-20,Andrey Rublev,15.0,2560,-,100.0,10.0,2026-08-22
2025-10-13,Andrey Rublev,15.0,2560,-,,,2026-08-22
,Brian Gyetko,,,,,,2026-08-22
,Dennis Van Scheppingen,,,,,,2026-08-22
,Gerald Marzenell,,,,,,2026-08-22
2026-08-10,Gregoire Barrere,1340.0,7,-,,,2026-08-22
2026-08-03,Gregoire Barrere,1326.0,7,-,,,2026-08-22
2026-07-27,Gregoire Barrere,1317.0,7,-,,,2026-08-22
,Harold Solomon,,,,,,2026-08-22
,Jeff Coetzee,,,,,,2026-08-22
,Lan Bale,,,,,,2026-08-22
,Luiz Mattar,,,,,,2026-08-22
,Martin Stringari,,,,,,2026-08-22
,Nicolas Kelaidis,,,,,,2026-08-22
,Patrick Flynn,,,,,,2026-08-22
,Peter Gojowczyk,,,,,,2026-08-22
,Peter Thrupp,,,,,,2026-08-22
,Pierre Bouteyre,,,,,,2026-08-22
,Raul Ramirez,,,,,,2026-08-22
,Sam Warburg,,,,,,2026-08-22
,Sascha Nensel,,,,,,2026-08-22
,Tim Donovan,,,,,,2026-08-22
2026-08-10,Valentin Royer,78.0,768,+5,50.0,25.0,2026-08-22
2026-08-10,Valentin Royer,78.0,768,+5,50.0,25.0,2026-08-22
2026-08-10,Valentin Royer,78.0,768,+5,50.0,25.0,2026-08-22
2026-08-10,Valentin Royer,78.0,768,+5,50.0,25.0,2026-08-22
2026-08-03,Valentin Royer,78.0,763,-5,,,2026-08-22
2026-08-03,Valentin Royer,78.0,763,-5,,,2026-08-22
2026-08-03,Valentin Royer,78.0,763,-5,,,2026-08-22
2026-08-03,Valentin Royer,78.0,763,-5,,,2026-08-22
2026-07-27,Valentin Royer,78.0,768,-,30.0,25.0,2026-08-22
2026-07-27,Valentin Royer,78.0,768,-,30.0,25.0,2026-08-22
2026-07-27,Valentin Royer,78.0,768,-,30.0,25.0,2026-08-22
2026-07-27,Valentin Royer,78.0,768,-,30.0,25.0,2026-08-22
2026-07-20,Valentin Royer,75.0,768,-,,,2026-08-22
2026-07-20,Valentin Royer,75.0,768,-,,,2026-08-22
2026-07-20,Valentin Royer,75.0,768,-,,,2026-08-22
2026-07-13,Valentin Royer,77.0,768,-30,,,2026-08-22
2026-07-13,Valentin Royer,77.0,768,-30,,,2026-08-22
2026-07-13,Valentin Royer,77.0,768,-30,,,2026-08-22
2026-06-29,Valentin Royer,75.0,798,-,80.0,16.0,2026-08-22
2026-06-29,Valentin Royer,75.0,798,-,80.0,16.0,2026-08-22
2026-06-29,Valentin Royer,75.0,798,-,80.0,16.0,2026-08-22
2026-06-22,Valentin Royer,75.0,798,-,,,2026-08-22
2026-06-22,Valentin Royer,75.0,798,-,,,2026-08-22
2026-06-15,Valentin Royer,75.0,798,-25,,,2026-08-22
2026-06-15,Valentin Royer,75.0,798,-25,,,2026-08-22
2026-06-08,Valentin Royer,74.0,823,+50,50.0,25.0,2026-08-22
2026-06-08,Valentin Royer,74.0,823,+50,50.0,25.0,2026-08-22
2026-05-25,Valentin Royer,74.0,773,-,,25.0,2026-08-22
2026-05-25,Valentin Royer,74.0,773,-,,25.0,2026-08-22
2026-05-18,Valentin Royer,73.0,773,-15,,,2026-08-22
2026-05-18,Valentin Royer,73.0,773,-15,,,2026-08-22
2026-05-04,Valentin Royer,71.0,788,-6,,,2026-08-22
2026-05-04,Valentin Royer,71.0,788,-6,,,2026-08-22
2026-04-20,Valentin Royer,72.0,794,+52,,,2026-08-22
2026-04-20,Valentin Royer,72.0,794,+52,,,2026-08-22
2026-04-13,Valentin Royer,77.0,742,-9,,,2026-08-22
2026-04-13,Valentin Royer,77.0,742,-9,,,2026-08-22
2026-04-06,Valentin Royer,73.0,751,-10,25.0,10.0,2026-08-22
2026-04-06,Valentin Royer,73.0,751,-10,25.0,10.0,2026-08-22
2026-03-30,Valentin Royer,71.0,761,-34,22.0,12.0,2026-08-22
2026-03-30,Valentin Royer,71.0,761,-34,22.0,12.0,2026-08-22
2026-03-16,Valentin Royer,69.0,795,-77,44.0,12.0,2026-08-22
2026-03-16,Valentin Royer,69.0,795,-77,44.0,12.0,2026-08-22
2026-03-02,Valentin Royer,60.0,872,-63,100.0,10.0,2026-08-22
2026-02-23,Valentin Royer,54.0,935,+38,75.0,12.0,2026-08-22
2026-02-16,Valentin Royer,60.0,897,-,,,2026-08-22
2026-02-09,Valentin Royer,57.0,897,-23,,,2026-08-22
2026-02-02,Valentin Royer,56.0,920,-4,35.0,12.0,2026-08-22
2026-01-19,Valentin Royer,58.0,924,-,14.0,12.0,2026-08-22
2026-01-12,Valentin Royer,57.0,924,-,,,2026-08-22
2026-01-05,Valentin Royer,56.0,924,-,,,2026-08-22
2025-12-29,Valentin Royer,57.0,924,-12,,,2026-08-22
2025-12-22,Valentin Royer,57.0,936,-,,,2026-08-22
2025-12-15,Valentin Royer,57.0,936,-,,,2026-08-22
2025-12-08,Valentin Royer,57.0,936,-,,,2026-08-22
2025-12-01,Valentin Royer,57.0,936,-,,,2026-08-22
2025-11-24,Valentin Royer,58.0,936,-,,,2026-08-22
2025-11-17,Valentin Royer,58.0,936,-,,,2026-08-22
2025-11-10,Valentin Royer,58.0,936,-,,,2026-08-22
2025-11-03,Valentin Royer,56.0,936,+14,,,2026-08-22
2025-10-27,Valentin Royer,59.0,922,+53,,,2026-08-22
2025-10-20,Valentin Royer,69.0,869,+22,,,2026-08-22
2025-10-13,Valentin Royer,70.0,847,+42,,,2026-08-22
,Alex Kurucz,,,,,,2026-08-22
,Andres Schneiter,,,,,,2026-08-22
,Bernard Montrenaud,,,,,,2026-08-22
,Dale Collings,,,,,,2026-08-22
,Dave Michau,,,,,,2026-08-22
,Dick Peters,,,,,,2026-08-22
,E Morales,,,,,,2026-08-22
,Graham Oliver,,,,,,2026-08-22
,Lindsay Murphy,,,,,,2026-08-22
,Luis Rojas,,,,,,2026-08-22
,Mike Cmaylo,,,,,,2026-08-22
,Mike Durkin,,,,,,2026-08-22
,Ney Keller,,,,,,2026-08-22
,Peter Cawthorn,,,,,,2026-08-22
,Unknown Salsi,,,,,,2026-08-22
,X Zhao,,,,,,2026-08-22
2026-08-10,Alex Bolt,162.0,354,-,6.0,,2026-08-22
2026-08-10,Alex Bolt,162.0,354,-,6.0,,2026-08-22
2026-08-10,Alex Bolt,162.0,354,-,6.0,,2026-08-22
2026-08-10,Alex Bolt,162.0,354,-,6.0,,2026-08-22
2026-08-03,Alex Bolt,158.0,354,+13,,,2026-08-22
2026-08-03,Alex Bolt,158.0,354,+13,,,2026-08-22
2026-08-03,Alex Bolt,158.0,354,+13,,,2026-08-22
2026-08-03,Alex Bolt,158.0,354,+13,,,2026-08-22
2026-07-27,Alex Bolt,168.0,341,-,,,2026-08-22
2026-07-27,Alex Bolt,168.0,341,-,,,2026-08-22
2026-07-27,Alex Bolt,168.0,341,-,,,2026-08-22
2026-07-27,Alex Bolt,168.0,341,-,,,2026-08-22
2026-07-20,Alex Bolt,167.0,341,-,,,2026-08-22
2026-07-20,Alex Bolt,167.0,341,-,,,2026-08-22
2026-07-20,Alex Bolt,167.0,341,-,,,2026-08-22
2026-07-13,Alex Bolt,166.0,341,-40,,,2026-08-22
2026-07-13,Alex Bolt,166.0,341,-40,,,2026-08-22
2026-07-13,Alex Bolt,166.0,341,-40,,,2026-08-22
2026-06-29,Alex Bolt,152.0,381,-,40.0,,2026-08-22
2026-06-29,Alex Bolt,152.0,381,-,40.0,,2026-08-22
2026-06-29,Alex Bolt,152.0,381,-,40.0,,2026-08-22
2026-06-22,Alex Bolt,151.0,381,-12,,,2026-08-22
2026-06-22,Alex Bolt,151.0,381,-12,,,2026-08-22
2026-06-15,Alex Bolt,155.0,393,-,25.0,,2026-08-22
2026-06-15,Alex Bolt,155.0,393,-,25.0,,2026-08-22
2026-06-08,Alex Bolt,157.0,393,-13,,,2026-08-22
2026-06-08,Alex Bolt,157.0,393,-13,,,2026-08-22
2026-05-25,Alex Bolt,152.0,406,-,21.0,,2026-08-22
2026-05-25,Alex Bolt,152.0,406,-,21.0,,2026-08-22
2026-05-18,Alex Bolt,151.0,406,-50,,,2026-08-22
2026-05-18,Alex Bolt,151.0,406,-50,,,2026-08-22
2026-05-04,Alex Bolt,138.0,456,+22,50.0,,2026-08-22
2026-05-04,Alex Bolt,138.0,456,+22,50.0,,2026-08-22
2026-04-20,Alex Bolt,147.0,434,+27,,,2026-08-22
2026-04-20,Alex Bolt,147.0,434,+27,,,2026-08-22
2026-04-13,Alex Bolt,154.0,407,-,8.0,,2026-08-22
2026-04-13,Alex Bolt,154.0,407,-,8.0,,2026-08-22
2026-04-06,Alex Bolt,154.0,407,+38,,,2026-08-22
2026-04-06,Alex Bolt,154.0,407,+38,,,2026-08-22
2026-03-30,Alex Bolt,165.0,369,-,,,2026-08-22
2026-03-30,Alex Bolt,165.0,369,-,,,2026-08-22
2026-03-16,Alex Bolt,163.0,369,-,,,2026-08-22
2026-03-16,Alex Bolt,163.0,369,-,,,2026-08-22
2026-03-02,Alex Bolt,167.0,369,-14,,,2026-08-22
2026-02-23,Alex Bolt,159.0,383,-,14.0,,2026-08-22
2026-02-16,Alex Bolt,160.0,383,+44,,,2026-08-22
2026-02-09,Alex Bolt,178.0,339,+12,,,2026-08-22
2026-02-02,Alex Bolt,188.0,327,-12,,,2026-08-22
2026-01-19,Alex Bolt,171.0,339,-,12.0,,2026-08-22
2026-01-12,Alex Bolt,171.0,339,-,,,2026-08-22
2026-01-05,Alex Bolt,169.0,339,-,,,2026-08-22
2025-12-29,Alex Bolt,171.0,339,-,,,2026-08-22
2025-12-22,Alex Bolt,171.0,339,-,,,2026-08-22
2025-12-15,Alex Bolt,171.0,339,-,,,2026-08-22
2025-12-08,Alex Bolt,171.0,339,-,,,2026-08-22
2025-12-01,Alex Bolt,171.0,339,+22,,,2026-08-22
2025-11-24,Alex Bolt,185.0,317,+12,,,2026-08-22
2025-11-17,Alex Bolt,188.0,305,+68,,,2026-08-22
2025-11-03,Alex Bolt,198.0,281,-,44.0,,2026-08-22
2025-10-27,Alex Bolt,197.0,281,-,,,2026-08-22
2025-10-20,Alex Bolt,197.0,281,-,,,2026-08-22
2025-10-13,Alex Bolt,200.0,281,-10,,,2026-08-22
,Andrei Medvedev,,,,,,2026-08-22
,Ben Ellwood,,,,,,2026-08-22
,Carsten Ball,,,,,,2026-08-22
,Conny Falk,,,,,,2026-08-22
,Ivan Navarro,,,,,,2026-08-22
,John Whitlinger,,,,,,2026-08-22
,Philipp Oswald,,,,,,2026-08-22
,Renzo Furlan,,,,,,2026-08-22
,Richard Krajicek,,,,,,2026-08-22
,Stephen Temple,,,,,,2026-08-22
,Trevor Spracklin,,,,,,2026-08-22
,Vojtech Flegl,,,,,,2026-08-22
,Bill Gilmour,,,,,,2026-08-22
,Brad Properjohn,,,,,,2026-08-22
,Bruno Agostinelli,,,,,,2026-08-22
,Chris Walsh,,,,,,2026-08-22
,Craig Gold,,,,,,2026-08-22
,David Phillips,,,,,,2026-08-22
,Frank Condor,,,,,,2026-08-22
,Ian Fletcher,,,,,,2026-08-22
,J Fannin,,,,,,2026-08-22
,Jurg Siegrist,,,,,,2026-08-22
,R Stubbins,,,,,,2026-08-22
,Randy Jobson,,,,,,2026-08-22
,Rob Rippner,,,,,,2026-08-22
,Roberto Valerio,,,,,,2026-08-22
,Simon Rea,,,,,,2026-08-22
,Terry Rosenberg,,,,,,2026-08-22
,Tom Chivington,,,,,,2026-08-22
,Ulrich Marten,,,,,,2026-08-22
,Vishal Uppal,,,,,,2026-08-22
,Yoshito Nakamura,,,,,,2026-08-22
,Alejandro Aramburu,,,,,,2026-08-22
,Andy Fahlke,,,,,,2026-08-22
,Belus Prajoux,,,,,,2026-08-22
,Carl Limberger,,,,,,2026-08-22
,Erik Vant Hof,,,,,,2026-08-22
2026-08-10,Facundo Diaz Acosta,87.0,732,-,,,2026-08-22
2026-08-10,Facundo Diaz Acosta,87.0,732,-,,,2026-08-22
2026-08-10,Facundo Diaz Acosta,87.0,732,-,,,2026-08-22
2026-08-10,Facundo Diaz Acosta,87.0,732,-,,,2026-08-22
2026-08-03,Facundo Diaz Acosta,84.0,732,+119,,,2026-08-22
2026-08-03,Facundo Diaz Acosta,84.0,732,+119,,,2026-08-22
2026-08-03,Facundo Diaz Acosta,84.0,732,+119,,,2026-08-22
2026-08-03,Facundo Diaz Acosta,84.0,732,+119,,,2026-08-22
2026-07-27,Facundo Diaz Acosta,107.0,613,+9,,,2026-08-22
2026-07-27,Facundo Diaz Acosta,107.0,613,+9,,,2026-08-22
2026-07-27,Facundo Diaz Acosta,107.0,613,+9,,,2026-08-22
2026-07-27,Facundo Diaz Acosta,107.0,613,+9,,,2026-08-22
2026-07-20,Facundo Diaz Acosta,108.0,604,-,16.0,6.0,2026-08-22
2026-07-20,Facundo Diaz Acosta,108.0,604,-,16.0,6.0,2026-08-22
2026-07-20,Facundo Diaz Acosta,108.0,604,-,16.0,6.0,2026-08-22
2026-07-13,Facundo Diaz Acosta,110.0,604,+79,,,2026-08-22
2026-07-13,Facundo Diaz Acosta,110.0,604,+79,,,2026-08-22
2026-07-13,Facundo Diaz Acosta,110.0,604,+79,,,2026-08-22
2026-06-29,Facundo Diaz Acosta,120.0,525,-,25.0,6.0,2026-08-22
2026-06-29,Facundo Diaz Acosta,120.0,525,-,25.0,6.0,2026-08-22
2026-06-29,Facundo Diaz Acosta,120.0,525,-,25.0,6.0,2026-08-22
2026-06-22,Facundo Diaz Acosta,120.0,525,+44,,,2026-08-22
2026-06-22,Facundo Diaz Acosta,120.0,525,+44,,,2026-08-22
2026-06-15,Facundo Diaz Acosta,127.0,481,-,,,2026-08-22
2026-06-15,Facundo Diaz Acosta,127.0,481,-,,,2026-08-22
2026-06-08,Facundo Diaz Acosta,128.0,481,+74,,,2026-08-22
2026-06-08,Facundo Diaz Acosta,128.0,481,+74,,,2026-08-22
2026-05-25,Facundo Diaz Acosta,151.0,407,-,,,2026-08-22
2026-05-25,Facundo Diaz Acosta,151.0,407,-,,,2026-08-22
2026-05-18,Facundo Diaz Acosta,150.0,407,+71,,,2026-08-22
2026-05-18,Facundo Diaz Acosta,150.0,407,+71,,,2026-08-22
2026-05-04,Facundo Diaz Acosta,179.0,336,-,,,2026-08-22
2026-05-04,Facundo Diaz Acosta,179.0,336,-,,,2026-08-22
2026-04-20,Facundo Diaz Acosta,181.0,336,-,,,2026-08-22
2026-04-20,Facundo Diaz Acosta,181.0,336,-,,,2026-08-22
2026-04-13,Facundo Diaz Acosta,178.0,336,+6,,,2026-08-22
2026-04-13,Facundo Diaz Acosta,178.0,336,+6,,,2026-08-22
2026-04-06,Facundo Diaz Acosta,183.0,330,+75,,,2026-08-22
2026-04-06,Facundo Diaz Acosta,183.0,330,+75,,,2026-08-22
,Francisco Montana,,,,,,2026-08-22
,Gabriel Markus,,,,,,2026-08-22
,Gerard Solves,,,,,,2026-08-22
,Gianluigi Quinzi,,,,,,2026-08-22
,Juan Avendano,,,,,,2026-08-22
,Kim Warwick,,,,,,2026-08-22
,Lleyton Hewitt,,,,,,2026-08-22
,Lorenzo Fargas,,,,,,2026-08-22
,Michael Brown B395,,,,,,2026-08-22
,Ola Kristiansson,,,,,,2026-08-22
,Philip Gubenco,,,,,,2026-08-22
,Vitas Gerulaitis,,,,,,2026-08-22
,Antonio Mennella,,,,,,2026-08-22
,Ashley Naumann,,,,,,2026-08-22
,Bailey Brown,,,,,,2026-08-22
,Carlos Lopez,,,,,,2026-08-22
,Christopher Wolff,,,,,,2026-08-22
,G Turner Howard,,,,,,2026-08-22
,Jim Hodges,,,,,,2026-08-22
,John Corse,,,,,,2026-08-22
,Jordi Samper Montana,,,,,,2026-08-22
,Mark Conti,,,,,,2026-08-22
,Mervyn Rose,,,,,,2026-08-22
,Mike Carpenter,,,,,,2026-08-22
,Peter Hay,,,,,,2026-08-22
,Richard Jooste,,,,,,2026-08-22
,Alessio Di Mauro,,,,,,2026-08-22
2026-08-10,Alexis Galarneau,185.0,314,-6,13.0,6.0,2026-08-22
2026-08-10,Alexis Galarneau,185.0,314,-6,13.0,6.0,2026-08-22
2026-08-10,Alexis Galarneau,185.0,314,-6,13.0,6.0,2026-08-22
2026-08-10,Alexis Galarneau,185.0,314,-6,13.0,6.0,2026-08-22
2026-08-03,Alexis Galarneau,175.0,320,-24,,,2026-08-22
2026-08-03,Alexis Galarneau,175.0,320,-24,,,2026-08-22
2026-08-03,Alexis Galarneau,175.0,320,-24,,,2026-08-22
2026-08-03,Alexis Galarneau,175.0,320,-24,,,2026-08-22
2026-07-27,Alexis Galarneau,167.0,344,-7,30.0,6.0,2026-08-22
2026-07-27,Alexis Galarneau,167.0,344,-7,30.0,6.0,2026-08-22
2026-07-27,Alexis Galarneau,167.0,344,-7,30.0,6.0,2026-08-22
2026-07-27,Alexis Galarneau,167.0,344,-7,30.0,6.0,2026-08-22
2026-07-20,Alexis Galarneau,162.0,351,-,14.0,7.0,2026-08-22
2026-07-20,Alexis Galarneau,162.0,351,-,14.0,7.0,2026-08-22
2026-07-20,Alexis Galarneau,162.0,351,-,14.0,7.0,2026-08-22
2026-07-13,Alexis Galarneau,158.0,351,+23,12.0,7.0,2026-08-22
2026-07-13,Alexis Galarneau,158.0,351,+23,12.0,7.0,2026-08-22
2026-07-13,Alexis Galarneau,158.0,351,+23,12.0,7.0,2026-08-22
2026-06-29,Alexis Galarneau,179.0,328,-,20.0,13.0,2026-08-22
2026-06-29,Alexis Galarneau,179.0,328,-,20.0,13.0,2026-08-22
2026-06-29,Alexis Galarneau,179.0,328,-,20.0,13.0,2026-08-22
2026-06-22,Alexis Galarneau,184.0,328,+5,,,2026-08-22
2026-06-22,Alexis Galarneau,184.0,328,+5,,,2026-08-22
2026-06-15,Alexis Galarneau,188.0,323,+7,,,2026-08-22
2026-06-15,Alexis Galarneau,188.0,323,+7,,,2026-08-22
2026-06-08,Alexis Galarneau,187.0,316,+10,,,2026-08-22
2026-06-08,Alexis Galarneau,187.0,316,+10,,,2026-08-22
2026-05-25,Alexis Galarneau,193.0,306,-,6.0,,2026-08-22
2026-05-25,Alexis Galarneau,193.0,306,-,6.0,,2026-08-22
2026-05-18,Alexis Galarneau,194.0,306,-,,,2026-08-22
2026-05-18,Alexis Galarneau,194.0,306,-,,,2026-08-22
2026-05-04,Alexis Galarneau,192.0,306,+18,,,2026-08-22
2026-05-04,Alexis Galarneau,192.0,306,+18,,,2026-08-22
2026-03-30,Alexis Galarneau,196.0,301,+16,22.0,,2026-08-22
2026-03-30,Alexis Galarneau,196.0,301,+16,22.0,,2026-08-22
2025-11-10,Alexis Galarneau,189.0,301,-,16.0,,2026-08-22
2025-11-03,Alexis Galarneau,187.0,301,-16,,,2026-08-22
2025-10-27,Alexis Galarneau,180.0,317,+19,22.0,6.0,2026-08-22
2025-10-20,Alexis Galarneau,187.0,298,-6,,,2026-08-22
2025-10-13,Alexis Galarneau,185.0,304,-6,12.0,6.0,2026-08-22
,Brian Fairlie,,,,,,2026-08-22
2026-08-10,Dan Added,223.0,254,-,66.0,1.0,2026-08-22
2026-08-03,Dan Added,220.0,254,+3,,,2026-08-22
2026-07-27,Dan Added,224.0,251,-,,,2026-08-22
2026-03-30,Dan Added,200.0,297,-,25.0,4.0,2026-08-22
2026-03-30,Dan Added,200.0,297,-,25.0,4.0,2026-08-22
2026-01-12,Dan Added,200.0,295,+2,,,2026-08-22
2026-01-05,Dan Added,199.0,293,-,,,2026-08-22
2025-11-24,Dan Added,198.0,296,-,,,2026-08-22
2025-11-17,Dan Added,194.0,296,+21,,,2026-08-22
,Daniel Munoz De La Nava,,,,,,2026-08-22
2026-08-10,Giovanni Mpetshi Perricard,92.0,690,-,110.0,20.0,2026-08-22
2026-08-10,Giovanni Mpetshi Perricard,92.0,690,-,110.0,20.0,2026-08-22
2026-08-10,Giovanni Mpetshi Perricard,92.0,690,-,110.0,20.0,2026-08-22
2026-08-10,Giovanni Mpetshi Perricard,92.0,690,-,110.0,20.0,2026-08-22
2026-08-03,Giovanni Mpetshi Perricard,91.0,690,-20,,,2026-08-22
2026-08-03,Giovanni Mpetshi Perricard,91.0,690,-20,,,2026-08-22
2026-08-03,Giovanni Mpetshi Perricard,91.0,690,-20,,,2026-08-22
2026-08-03,Giovanni Mpetshi Perricard,91.0,690,-20,,,2026-08-22
2026-07-27,Giovanni Mpetshi Perricard,87.0,710,-,30.0,10.0,2026-08-22
2026-07-27,Giovanni Mpetshi Perricard,87.0,710,-,30.0,10.0,2026-08-22
2026-07-27,Giovanni Mpetshi Perricard,87.0,710,-,30.0,10.0,2026-08-22
2026-07-27,Giovanni Mpetshi Perricard,87.0,710,-,30.0,10.0,2026-08-22
2026-07-20,Giovanni Mpetshi Perricard,89.0,710,-,,,2026-08-22
2026-07-20,Giovanni Mpetshi Perricard,89.0,710,-,,,2026-08-22
2026-07-20,Giovanni Mpetshi Perricard,89.0,710,-,,,2026-08-22
2026-07-13,Giovanni Mpetshi Perricard,89.0,710,-,,,2026-08-22
2026-07-13,Giovanni Mpetshi Perricard,89.0,710,-,,,2026-08-22
2026-07-13,Giovanni Mpetshi Perricard,89.0,710,-,,,2026-08-22
2026-06-29,Giovanni Mpetshi Perricard,83.0,710,-,10.0,10.0,2026-08-22
2026-06-29,Giovanni Mpetshi Perricard,83.0,710,-,10.0,10.0,2026-08-22
2026-06-29,Giovanni Mpetshi Perricard,83.0,710,-,10.0,10.0,2026-08-22
2026-06-22,Giovanni Mpetshi Perricard,84.0,710,+15,,,2026-08-22
2026-06-22,Giovanni Mpetshi Perricard,84.0,710,+15,,,2026-08-22
2026-06-15,Giovanni Mpetshi Perricard,87.0,695,+25,,,2026-08-22
2026-06-15,Giovanni Mpetshi Perricard,87.0,695,+25,,,2026-08-22
2026-06-08,Giovanni Mpetshi Perricard,93.0,670,-40,25.0,10.0,2026-08-22
2026-06-08,Giovanni Mpetshi Perricard,93.0,670,-40,25.0,10.0,2026-08-22
2026-05-25,Giovanni Mpetshi Perricard,83.0,710,-25,50.0,10.0,2026-08-22
2026-05-25,Giovanni Mpetshi Perricard,83.0,710,-25,50.0,10.0,2026-08-22
2026-05-18,Giovanni Mpetshi Perricard,80.0,735,-145,50.0,25.0,2026-08-22
2026-05-18,Giovanni Mpetshi Perricard,80.0,735,-145,50.0,25.0,2026-08-22
2026-05-04,Giovanni Mpetshi Perricard,58.0,880,-10,175.0,10.0,2026-08-22
2026-05-04,Giovanni Mpetshi Perricard,58.0,880,-10,175.0,10.0,2026-08-22
2026-04-20,Giovanni Mpetshi Perricard,53.0,890,-,10.0,10.0,2026-08-22
2026-04-20,Giovanni Mpetshi Perricard,53.0,890,-,10.0,10.0,2026-08-22
2026-04-13,Giovanni Mpetshi Perricard,53.0,890,-,,,2026-08-22
2026-04-13,Giovanni Mpetshi Perricard,53.0,890,-,,,2026-08-22
2026-04-06,Giovanni Mpetshi Perricard,56.0,890,-,,,2026-08-22
2026-04-06,Giovanni Mpetshi Perricard,56.0,890,-,,,2026-08-22
2026-03-30,Giovanni Mpetshi Perricard,57.0,890,-,,,2026-08-22
2026-03-30,Giovanni Mpetshi Perricard,57.0,890,-,,,2026-08-22
2026-03-16,Giovanni Mpetshi Perricard,59.0,890,-40,10.0,10.0,2026-08-22
2026-03-16,Giovanni Mpetshi Perricard,59.0,890,-40,10.0,10.0,2026-08-22
2026-03-02,Giovanni Mpetshi Perricard,54.0,930,+25,50.0,10.0,2026-08-22
2026-02-23,Giovanni Mpetshi Perricard,58.0,905,-,50.0,10.0,2026-08-22
2026-02-16,Giovanni Mpetshi Perricard,58.0,905,-,,,2026-08-22
2026-02-09,Giovanni Mpetshi Perricard,56.0,905,-,,,2026-08-22
2026-02-02,Giovanni Mpetshi Perricard,57.0,905,-,,,2026-08-22
2026-01-19,Giovanni Mpetshi Perricard,61.0,905,+40,10.0,10.0,2026-08-22
2026-01-12,Giovanni Mpetshi Perricard,63.0,865,+40,,,2026-08-22
2026-01-05,Giovanni Mpetshi Perricard,67.0,825,-90,,,2026-08-22
2025-12-29,Giovanni Mpetshi Perricard,58.0,915,-10,100.0,10.0,2026-08-22
2025-12-22,Giovanni Mpetshi Perricard,58.0,925,-,,,2026-08-22
2025-12-15,Giovanni Mpetshi Perricard,58.0,925,-,,,2026-08-22
2025-12-08,Giovanni Mpetshi Perricard,58.0,925,-,,,2026-08-22
2025-12-01,Giovanni Mpetshi Perricard,58.0,925,-,,,2026-08-22
2025-11-24,Giovanni Mpetshi Perricard,59.0,925,-,,,2026-08-22
2025-11-17,Giovanni Mpetshi Perricard,59.0,925,-,,,2026-08-22
2025-11-10,Giovanni Mpetshi Perricard,59.0,925,-,,,2026-08-22
2025-11-03,Giovanni Mpetshi Perricard,59.0,925,-40,,,2026-08-22
2025-10-27,Giovanni Mpetshi Perricard,56.0,965,-490,50.0,10.0,2026-08-22
2025-10-20,Giovanni Mpetshi Perricard,33.0,1455,+90,500.0,10.0,2026-08-22
2025-10-13,Giovanni Mpetshi Perricard,37.0,1365,+90,,,2026-08-22
,Jacques Manset,,,,,,2026-08-22
2026-08-10,Jonas Forejtek,372.0,137,-,8.0,2.0,2026-08-22
2026-08-03,Jonas Forejtek,367.0,137,-13,,,2026-08-22
2026-07-27,Jonas Forejtek,345.0,150,-,16.0,3.0,2026-08-22
,Leif Shiras,,,,,,2026-08-22
,Martin Fischer,,,,,,2026-08-22
,Mike Briggs,,,,,,2026-08-22
,Nicklas Utgren,,,,,,2026-08-22
,Pascal Portes,,,,,,2026-08-22
,Thiago Alves,,,,,,2026-08-22
,Vincent Millot,,,,,,2026-08-22
2026-08-10,Yasutaka Uchiyama,346.0,156,-,,,2026-08-22
2026-08-03,Yasutaka Uchiyama,335.0,156,-,,,2026-08-22
2026-07-27,Yasutaka Uchiyama,333.0,156,-,,,2026-08-22
,Adam Kennedy,,,,,,2026-08-22
,Andrew Mclean,,,,,,2026-08-22
,Byron Bertram,,,,,,2026-08-22
,Christian Jessel,,,,,,2026-08-22
,Chuck Mckinley,,,,,,2026-08-22
,Dean Martin Jr,,,,,,2026-08-22
,Diogo Rocha,,,,,,2026-08-22
,G Marais,,,,,,2026-08-22
,Ivon Savy,,,,,,2026-08-22
,Jack Skelton,,,,,,2026-08-22
,Matias Boeker,,,,,,2026-08-22
,Orlando Agudelo,,,,,,2026-08-22
,R Campbell,,,,,,2026-08-22
,Raymundo Deyro,,,,,,2026-08-22
,Shigeyuki Nishio,,,,,,2026-08-22
,Sidney Gordon,,,,,,2026-08-22
,Takeshi Murakami,,,,,,2026-08-22
,Terry Bennett,,,,,,2026-08-22
,Adam Chadaj,,,,,,2026-08-22
,Andrew Anderson,,,,,,2026-08-22
2026-08-10,Cedrik Marcel Stebe,382.0,131,-,72.0,,2026-08-22
2026-08-03,Cedrik Marcel Stebe,374.0,131,-6,,,2026-08-22
2026-07-27,Cedrik Marcel Stebe,361.0,137,-,6.0,,2026-08-22
,Edoardo Mazza,,,,,,2026-08-22
,Jaime Oncins,,,,,,2026-08-22
,Jerome Golmard,,,,,,2026-08-22
,Jesse Huta Galung,,,,,,2026-08-22
,Lucas Arnold Ker,,,,,,2026-08-22
,Mathieu Montcourt,,,,,,2026-08-22
,Owen Davidson,,,,,,2026-08-22
,Paolo Bertolucci,,,,,,2026-08-22
,Patricio Cornejo,,,,,,2026-08-22
2026-08-10,Stan Wawrinka,125.0,513,-,35.0,,2026-08-22
2026-08-10,Stan Wawrinka,125.0,513,-,35.0,,2026-08-22
2026-08-10,Stan Wawrinka,125.0,513,-,35.0,,2026-08-22
2026-08-10,Stan Wawrinka,125.0,513,-,35.0,,2026-08-22
2026-08-03,Stan Wawrinka,124.0,513,-,,,2026-08-22
2026-08-03,Stan Wawrinka,124.0,513,-,,,2026-08-22
2026-08-03,Stan Wawrinka,124.0,513,-,,,2026-08-22
2026-08-03,Stan Wawrinka,124.0,513,-,,,2026-08-22
2026-07-27,Stan Wawrinka,125.0,513,-25,,,2026-08-22
2026-07-27,Stan Wawrinka,125.0,513,-25,,,2026-08-22
2026-07-27,Stan Wawrinka,125.0,513,-25,,,2026-08-22
2026-07-27,Stan Wawrinka,125.0,513,-25,,,2026-08-22
2026-07-20,Stan Wawrinka,118.0,538,-,25.0,,2026-08-22
2026-07-20,Stan Wawrinka,118.0,538,-,25.0,,2026-08-22
2026-07-20,Stan Wawrinka,118.0,538,-,25.0,,2026-08-22
2026-07-13,Stan Wawrinka,117.0,538,-25,,,2026-08-22
2026-07-13,Stan Wawrinka,117.0,538,-25,,,2026-08-22
2026-07-13,Stan Wawrinka,117.0,538,-25,,,2026-08-22
2026-06-29,Stan Wawrinka,109.0,563,-,25.0,,2026-08-22
2026-06-29,Stan Wawrinka,109.0,563,-,25.0,,2026-08-22
2026-06-29,Stan Wawrinka,109.0,563,-,25.0,,2026-08-22
2026-06-22,Stan Wawrinka,110.0,563,-,,,2026-08-22
2026-06-22,Stan Wawrinka,110.0,563,-,,,2026-08-22
2026-06-15,Stan Wawrinka,111.0,563,-,,,2026-08-22
2026-06-15,Stan Wawrinka,111.0,563,-,,,2026-08-22
2026-06-08,Stan Wawrinka,110.0,563,+10,,,2026-08-22
2026-06-08,Stan Wawrinka,110.0,563,+10,,,2026-08-22
2026-05-25,Stan Wawrinka,113.0,553,+25,,,2026-08-22
2026-05-25,Stan Wawrinka,113.0,553,+25,,,2026-08-22
2026-05-18,Stan Wawrinka,119.0,528,+10,,,2026-08-22
2026-05-18,Stan Wawrinka,119.0,528,+10,,,2026-08-22
2026-05-04,Stan Wawrinka,125.0,518,-90,,,2026-08-22
2026-05-04,Stan Wawrinka,125.0,518,-90,,,2026-08-22
2026-04-20,Stan Wawrinka,106.0,608,-,90.0,,2026-08-22
2026-04-20,Stan Wawrinka,106.0,608,-,90.0,,2026-08-22
2026-04-13,Stan Wawrinka,107.0,608,-,,,2026-08-22
2026-04-13,Stan Wawrinka,107.0,608,-,,,2026-08-22
2026-04-06,Stan Wawrinka,104.0,608,-25,,,2026-08-22
2026-04-06,Stan Wawrinka,104.0,608,-25,,,2026-08-22
2026-03-30,Stan Wawrinka,98.0,633,-16,25.0,,2026-08-22
2026-03-30,Stan Wawrinka,98.0,633,-16,25.0,,2026-08-22
2026-03-16,Stan Wawrinka,94.0,649,-,16.0,,2026-08-22
2026-03-16,Stan Wawrinka,94.0,649,-,16.0,,2026-08-22
2026-03-02,Stan Wawrinka,92.0,649,+50,,,2026-08-22
2026-02-23,Stan Wawrinka,99.0,599,-13,,,2026-08-22
2026-02-16,Stan Wawrinka,98.0,612,+50,13.0,,2026-08-22
2026-02-09,Stan Wawrinka,106.0,562,+25,,,2026-08-22
2026-02-02,Stan Wawrinka,113.0,537,+100,,,2026-08-22
2026-01-19,Stan Wawrinka,139.0,437,-,,,2026-08-22
2026-01-12,Stan Wawrinka,139.0,437,+40,,,2026-08-22
2026-01-05,Stan Wawrinka,156.0,397,-,,,2026-08-22
2025-12-29,Stan Wawrinka,157.0,397,-,,,2026-08-22
2025-12-22,Stan Wawrinka,157.0,397,-,,,2026-08-22
2025-12-15,Stan Wawrinka,157.0,397,-,,,2026-08-22
2025-12-08,Stan Wawrinka,157.0,397,-,,,2026-08-22
2025-12-01,Stan Wawrinka,157.0,397,-,,,2026-08-22
2025-11-24,Stan Wawrinka,158.0,397,-,,,2026-08-22
2025-11-17,Stan Wawrinka,156.0,397,-,,,2026-08-22
2025-11-10,Stan Wawrinka,157.0,397,+25,,,2026-08-22
2025-11-03,Stan Wawrinka,159.0,372,-,,,2026-08-22
2025-10-27,Stan Wawrinka,158.0,372,-,8.0,,2026-08-22
2025-10-20,Stan Wawrinka,158.0,372,-100,50.0,,2026-08-22
2025-10-13,Stan Wawrinka,137.0,472,-30,100.0,,2026-08-22
,A Jordan,,,,,,2026-08-22
,A Newton,,,,,,2026-08-22
,Alan Haswell,,,,,,2026-08-22
,Derek Pollock,,,,,,2026-08-22
,Francisco Tormo,,,,,,2026-08-22
,Grund,,,,,,2026-08-22
,Ian Peter Budge,,,,,,2026-08-22
,James Mcardle,,,,,,2026-08-22
,Jannick Niessner,,,,,,2026-08-22
,Johannes Siegwart,,,,,,2026-08-22
,Leon Naude,,,,,,2026-08-22
,Min Kyu Han,,,,,,2026-08-22
,Pat Cramer,,,,,,2026-08-22
,Sultan Khalfan,,,,,,2026-08-22
2026-08-10,Blake Mott,,3,-,3.0,,2026-08-22
2026-08-03,Blake Mott,,3,-,,,2026-08-22
2026-07-27,Blake Mott,,3,-,,,2026-08-22
,Brett Greenwood,,,,,,2026-08-22
,Bruce Kleege,,,,,,2026-08-22
,Christophe Bernelle,,,,,,2026-08-22
,Denis Matsukevitch,,,,,,2026-08-22
,Lawson Duncan,,,,,,2026-08-22
2026-08-10,Mackenzie Mcdonald,144.0,405,-,23.0,8.0,2026-08-22
2026-08-10,Mackenzie Mcdonald,144.0,405,-,23.0,8.0,2026-08-22
2026-08-10,Mackenzie Mcdonald,144.0,405,-,23.0,8.0,2026-08-22
2026-08-10,Mackenzie Mcdonald,144.0,405,-,23.0,8.0,2026-08-22
2026-08-03,Mackenzie Mcdonald,144.0,405,-17,,,2026-08-22
2026-08-03,Mackenzie Mcdonald,144.0,405,-17,,,2026-08-22
2026-08-03,Mackenzie Mcdonald,144.0,405,-17,,,2026-08-22
2026-08-03,Mackenzie Mcdonald,144.0,405,-17,,,2026-08-22
2026-07-27,Mackenzie Mcdonald,145.0,422,-17,30.0,8.0,2026-08-22
2026-07-27,Mackenzie Mcdonald,145.0,422,-17,30.0,8.0,2026-08-22
2026-07-27,Mackenzie Mcdonald,145.0,422,-17,30.0,8.0,2026-08-22
2026-07-27,Mackenzie Mcdonald,145.0,422,-17,30.0,8.0,2026-08-22
2026-07-20,Mackenzie Mcdonald,140.0,439,-,25.0,8.0,2026-08-22
2026-07-20,Mackenzie Mcdonald,140.0,439,-,25.0,8.0,2026-08-22
2026-07-20,Mackenzie Mcdonald,140.0,439,-,25.0,8.0,2026-08-22
2026-07-13,Mackenzie Mcdonald,140.0,439,+30,,,2026-08-22
2026-07-13,Mackenzie Mcdonald,140.0,439,+30,,,2026-08-22
2026-07-13,Mackenzie Mcdonald,140.0,439,+30,,,2026-08-22
2026-06-29,Mackenzie Mcdonald,145.0,409,-,10.0,8.0,2026-08-22
2026-06-29,Mackenzie Mcdonald,145.0,409,-,10.0,8.0,2026-08-22
2026-06-29,Mackenzie Mcdonald,145.0,409,-,10.0,8.0,2026-08-22
2026-06-22,Mackenzie Mcdonald,144.0,409,-67,,,2026-08-22
2026-06-22,Mackenzie Mcdonald,144.0,409,-67,,,2026-08-22
2026-06-15,Mackenzie Mcdonald,128.0,476,-28,75.0,8.0,2026-08-22
2026-06-15,Mackenzie Mcdonald,128.0,476,-28,75.0,8.0,2026-08-22
2026-06-08,Mackenzie Mcdonald,125.0,504,+3,38.0,10.0,2026-08-22
2026-06-08,Mackenzie Mcdonald,125.0,504,+3,38.0,10.0,2026-08-22
2026-05-25,Mackenzie Mcdonald,126.0,501,-,10.0,13.0,2026-08-22
2026-05-25,Mackenzie Mcdonald,126.0,501,-,10.0,13.0,2026-08-22
2026-05-18,Mackenzie Mcdonald,127.0,501,-,,,2026-08-22
2026-05-18,Mackenzie Mcdonald,127.0,501,-,,,2026-08-22
2026-05-04,Mackenzie Mcdonald,129.0,501,-,,,2026-08-22
2026-05-04,Mackenzie Mcdonald,129.0,501,-,,,2026-08-22
2026-04-20,Mackenzie Mcdonald,125.0,501,-,,,2026-08-22
2026-04-20,Mackenzie Mcdonald,125.0,501,-,,,2026-08-22
2026-04-13,Mackenzie Mcdonald,123.0,501,-,,,2026-08-22
2026-04-13,Mackenzie Mcdonald,123.0,501,-,,,2026-08-22
2026-04-06,Mackenzie Mcdonald,126.0,501,-,,,2026-08-22
2026-04-06,Mackenzie Mcdonald,126.0,501,-,,,2026-08-22
2026-03-30,Mackenzie Mcdonald,125.0,501,-17,25.0,13.0,2026-08-22
2026-03-30,Mackenzie Mcdonald,125.0,501,-17,25.0,13.0,2026-08-22
2026-03-16,Mackenzie Mcdonald,125.0,518,+20,30.0,13.0,2026-08-22
2026-03-16,Mackenzie Mcdonald,125.0,518,+20,30.0,13.0,2026-08-22
2026-03-02,Mackenzie Mcdonald,126.0,498,-37,30.0,13.0,2026-08-22
2026-02-23,Mackenzie Mcdonald,119.0,535,-,50.0,13.0,2026-08-22
2026-02-16,Mackenzie Mcdonald,116.0,535,-12,,,2026-08-22
2026-02-09,Mackenzie Mcdonald,112.0,547,-,25.0,13.0,2026-08-22
2026-02-02,Mackenzie Mcdonald,111.0,547,+1,,,2026-08-22
2026-01-19,Mackenzie Mcdonald,113.0,546,-,41.0,26.0,2026-08-22
2026-01-12,Mackenzie Mcdonald,113.0,546,-,,,2026-08-22
2026-01-05,Mackenzie Mcdonald,112.0,546,-,,,2026-08-22
2025-12-29,Mackenzie Mcdonald,114.0,546,-13,,,2026-08-22
2025-12-22,Mackenzie Mcdonald,112.0,559,-,,,2026-08-22
2025-12-15,Mackenzie Mcdonald,112.0,559,-,,,2026-08-22
2025-12-08,Mackenzie Mcdonald,112.0,559,-,,,2026-08-22
2025-12-01,Mackenzie Mcdonald,112.0,559,-,,,2026-08-22
2025-11-24,Mackenzie Mcdonald,112.0,559,-,,,2026-08-22
2025-11-17,Mackenzie Mcdonald,112.0,559,-,,,2026-08-22
2025-11-10,Mackenzie Mcdonald,113.0,559,-,,,2026-08-22
2025-11-03,Mackenzie Mcdonald,110.0,559,-,,,2026-08-22
2025-10-27,Mackenzie Mcdonald,108.0,559,-3,,,2026-08-22
2025-10-20,Mackenzie Mcdonald,110.0,562,-84,16.0,13.0,2026-08-22
2025-10-13,Mackenzie Mcdonald,99.0,646,+4,100.0,16.0,2026-08-22
,Matteo Viola,,,,,,2026-08-22
,Ramayah Ramachandran,,,,,,2026-08-22
,Sergiy Stakhovsky,,,,,,2026-08-22
,Simon Greul,,,,,,2026-08-22
,Trent Bryde,,,,,,2026-08-22
,Anil Yuksel,,,,,,2026-08-22
,Bob Goeltz,,,,,,2026-08-22
,Enrique Guerrero,,,,,,2026-08-22
,Fred Blatter,,,,,,2026-08-22
,Fred Suessmann,,,,,,2026-08-22
,Gerry Gomes,,,,,,2026-08-22
,Harry Chambers,,,,,,2026-08-22
,Jong Woong Yoon,,,,,,2026-08-22
,Max Pettman,,,,,,2026-08-22
,Phil Jones,,,,,,2026-08-22
,Roger Dowdeswell,,,,,,2026-08-22
,Adrian Garcia,,,,,,2026-08-22
,Amir Weintraub,,,,,,2026-08-22
,Andre Agassi,,,,,,2026-08-22
,Andrei Pavel,,,,,,2026-08-22
,Andrew Foster,,,,,,2026-08-22
,Butch Walts,,,,,,2026-08-22
,Christophe Rochus,,,,,,2026-08-22
,Dirk Leppen,,,,,,2026-08-22
,Edison Mandarino,,,,,,2026-08-22
,Michael Davies,,,,,,2026-08-22
2026-08-10,Mikael Ymer,,2,-,2.0,,2026-08-22
2026-08-03,Mikael Ymer,,2,-2,,,2026-08-22
2026-07-27,Mikael Ymer,1515.0,4,-,2.0,,2026-08-22
2026-08-10,Pablo Carreno Busta,72.0,885,-6,,,2026-08-22
2026-08-10,Pablo Carreno Busta,72.0,885,-6,,,2026-08-22
2026-08-10,Pablo Carreno Busta,72.0,885,-6,,,2026-08-22
2026-08-10,Pablo Carreno Busta,72.0,885,-6,,,2026-08-22
2026-08-03,Pablo Carreno Busta,68.0,891,-14,,,2026-08-22
2026-08-03,Pablo Carreno Busta,68.0,891,-14,,,2026-08-22
2026-08-03,Pablo Carreno Busta,68.0,891,-14,,,2026-08-22
2026-08-03,Pablo Carreno Busta,68.0,891,-14,,,2026-08-22
2026-07-27,Pablo Carreno Busta,66.0,905,+9,30.0,16.0,2026-08-22
2026-07-27,Pablo Carreno Busta,66.0,905,+9,30.0,16.0,2026-08-22
2026-07-27,Pablo Carreno Busta,66.0,905,+9,30.0,16.0,2026-08-22
2026-07-27,Pablo Carreno Busta,66.0,905,+9,30.0,16.0,2026-08-22
2026-07-20,Pablo Carreno Busta,65.0,896,+12,,,2026-08-22
2026-07-20,Pablo Carreno Busta,65.0,896,+12,,,2026-08-22
2026-07-20,Pablo Carreno Busta,65.0,896,+12,,,2026-08-22
2026-07-13,Pablo Carreno Busta,65.0,884,+50,,,2026-08-22
2026-07-13,Pablo Carreno Busta,65.0,884,+50,,,2026-08-22
2026-07-13,Pablo Carreno Busta,65.0,884,+50,,,2026-08-22
2026-06-29,Pablo Carreno Busta,71.0,834,-,,,2026-08-22
2026-06-29,Pablo Carreno Busta,71.0,834,-,,,2026-08-22
2026-06-29,Pablo Carreno Busta,71.0,834,-,,,2026-08-22
2026-06-22,Pablo Carreno Busta,71.0,834,-,,,2026-08-22
2026-06-22,Pablo Carreno Busta,71.0,834,-,,,2026-08-22
2026-06-15,Pablo Carreno Busta,70.0,834,-1,,,2026-08-22
2026-06-15,Pablo Carreno Busta,70.0,834,-1,,,2026-08-22
2026-06-08,Pablo Carreno Busta,71.0,835,+150,14.0,13.0,2026-08-22
2026-06-08,Pablo Carreno Busta,71.0,835,+150,14.0,13.0,2026-08-22
2026-05-25,Pablo Carreno Busta,89.0,685,-,50.0,13.0,2026-08-22
2026-05-25,Pablo Carreno Busta,89.0,685,-,50.0,13.0,2026-08-22
2026-05-18,Pablo Carreno Busta,90.0,685,+22,,,2026-08-22
2026-05-18,Pablo Carreno Busta,90.0,685,+22,,,2026-08-22
2026-05-04,Pablo Carreno Busta,91.0,663,+17,20.0,13.0,2026-08-22
2026-05-04,Pablo Carreno Busta,91.0,663,+17,20.0,13.0,2026-08-22
2026-04-20,Pablo Carreno Busta,94.0,646,-,,,2026-08-22
2026-04-20,Pablo Carreno Busta,94.0,646,-,,,2026-08-22
2026-04-13,Pablo Carreno Busta,94.0,646,-1,,,2026-08-22
2026-04-13,Pablo Carreno Busta,94.0,646,-1,,,2026-08-22
2026-04-06,Pablo Carreno Busta,92.0,647,-12,14.0,13.0,2026-08-22
2026-04-06,Pablo Carreno Busta,92.0,647,-12,14.0,13.0,2026-08-22
2026-03-30,Pablo Carreno Busta,88.0,659,+98,25.0,13.0,2026-08-22
2026-03-30,Pablo Carreno Busta,88.0,659,+98,25.0,13.0,2026-08-22
2026-03-16,Pablo Carreno Busta,117.0,561,-17,14.0,13.0,2026-08-22
2026-03-16,Pablo Carreno Busta,117.0,561,-17,14.0,13.0,2026-08-22
2026-03-02,Pablo Carreno Busta,107.0,578,+62,30.0,13.0,2026-08-22
2026-02-23,Pablo Carreno Busta,124.0,516,+12,,,2026-08-22
2026-02-16,Pablo Carreno Busta,123.0,504,-62,,,2026-08-22
2026-02-09,Pablo Carreno Busta,105.0,566,-50,75.0,13.0,2026-08-22
2026-02-02,Pablo Carreno Busta,100.0,616,-40,75.0,13.0,2026-08-22
2026-01-19,Pablo Carreno Busta,94.0,656,-,50.0,13.0,2026-08-22
2026-01-12,Pablo Carreno Busta,92.0,656,-,,,2026-08-22
2026-01-05,Pablo Carreno Busta,92.0,656,-12,,,2026-08-22
2025-12-29,Pablo Carreno Busta,93.0,668,-13,25.0,13.0,2026-08-22
2025-12-22,Pablo Carreno Busta,89.0,681,-,,,2026-08-22
2025-12-15,Pablo Carreno Busta,89.0,681,-,,,2026-08-22
2025-12-08,Pablo Carreno Busta,89.0,681,-,,,2026-08-22
2025-12-01,Pablo Carreno Busta,89.0,681,-,,,2026-08-22
2025-11-24,Pablo Carreno Busta,89.0,681,-,,,2026-08-22
2025-11-17,Pablo Carreno Busta,89.0,681,-,,,2026-08-22
2025-11-10,Pablo Carreno Busta,89.0,681,-,,,2026-08-22
2025-11-03,Pablo Carreno Busta,91.0,681,+13,,,2026-08-22
2025-10-27,Pablo Carreno Busta,97.0,668,-,,,2026-08-22
2025-10-20,Pablo Carreno Busta,97.0,668,+51,,,2026-08-22
2025-10-13,Pablo Carreno Busta,104.0,617,+90,,,2026-08-22
2026-08-10,Thanasi Kokkinakis,440.0,108,-,,,2026-08-22
2026-08-03,Thanasi Kokkinakis,434.0,108,-,,,2026-08-22
2026-07-27,Thanasi Kokkinakis,431.0,108,+8,,,2026-08-22
,Wesley Whitehouse,,,,,,2026-08-22
,Adrian Pena,,,,,,2026-08-22
,Asher Kahn,,,,,,2026-08-22
,Dan Bleckinger,,,,,,2026-08-22
,Igor Tchelychev,,,,,,2026-08-22
,James Vuille,,,,,,2026-08-22
,Jeremy Smith,,,,,,2026-08-22
,Jesus Villela,,,,,,2026-08-22
,John Burrman,,,,,,2026-08-22
,Jon Ragland,,,,,,2026-08-22
,Julian Mayers,,,,,,2026-08-22
,Keith Gilbert,,,,,,2026-08-22
,Martin Hipp,,,,,,2026-08-22
,Merv Guse,,,,,,2026-08-22
,Peter Campbell,,,,,,2026-08-22
,R D J Lee,,,,,,2026-08-22
,Richard Hillage,,,,,,2026-08-22
,S Pearson,,,,,,2026-08-22
,Stan Shanbron,,,,,,2026-08-22
,U Sacoldelli,,,,,,2026-08-22
,Wayne Bryan,,,,,,2026-08-22
,Damir Buljevic,,,,,,2026-08-22
,David Witt,,,,,,2026-08-22
,Donald Johnson,,,,,,2026-08-22
,Gianluca Mager,,,,,,2026-08-22
,Gustav Fichardt,,,,,,2026-08-22
,Leos Friedl,,,,,,2026-08-22
,Lukasz Kubot,,,,,,2026-08-22
,Maxime Cressy,,,,,,2026-08-22
,Nicolas Becerra,,,,,,2026-08-22
,Noam Okun,,,,,,2026-08-22
,Pavel Slozil,,,,,,2026-08-22
,Prakash Amritraj,,,,,,2026-08-22
,Tobias Clemens,,,,,,2026-08-22
,Tobias Svantesson,,,,,,2026-08-22
2026-08-10,Zdenek Kolar,156.0,370,-,64.0,12.0,2026-08-22
2026-08-10,Zdenek Kolar,156.0,370,-,64.0,12.0,2026-08-22
2026-08-10,Zdenek Kolar,156.0,370,-,64.0,12.0,2026-08-22
2026-08-10,Zdenek Kolar,156.0,370,-,64.0,12.0,2026-08-22
2026-08-03,Zdenek Kolar,154.0,370,-,,,2026-08-22
2026-08-03,Zdenek Kolar,154.0,370,-,,,2026-08-22
2026-08-03,Zdenek Kolar,154.0,370,-,,,2026-08-22
2026-08-03,Zdenek Kolar,154.0,370,-,,,2026-08-22
2026-07-27,Zdenek Kolar,154.0,370,-,,,2026-08-22
2026-07-27,Zdenek Kolar,154.0,370,-,,,2026-08-22
2026-07-27,Zdenek Kolar,154.0,370,-,,,2026-08-22
2026-07-27,Zdenek Kolar,154.0,370,-,,,2026-08-22
2026-07-20,Zdenek Kolar,154.0,370,-,,,2026-08-22
2026-07-20,Zdenek Kolar,154.0,370,-,,,2026-08-22
2026-07-20,Zdenek Kolar,154.0,370,-,,,2026-08-22
2026-07-13,Zdenek Kolar,153.0,370,-8,,,2026-08-22
2026-07-13,Zdenek Kolar,153.0,370,-8,,,2026-08-22
2026-07-13,Zdenek Kolar,153.0,370,-8,,,2026-08-22
2026-06-29,Zdenek Kolar,154.0,378,-,15.0,6.0,2026-08-22
2026-06-29,Zdenek Kolar,154.0,378,-,15.0,6.0,2026-08-22
2026-06-29,Zdenek Kolar,154.0,378,-,15.0,6.0,2026-08-22
2026-06-22,Zdenek Kolar,154.0,378,-4,,,2026-08-22
2026-06-22,Zdenek Kolar,154.0,378,-4,,,2026-08-22
2026-06-15,Zdenek Kolar,156.0,382,+7,11.0,7.0,2026-08-22
2026-06-15,Zdenek Kolar,156.0,382,+7,11.0,7.0,2026-08-22
2026-06-08,Zdenek Kolar,162.0,375,+3,,,2026-08-22
2026-06-08,Zdenek Kolar,162.0,375,+3,,,2026-08-22
2026-05-25,Zdenek Kolar,162.0,372,-,,,2026-08-22
2026-05-25,Zdenek Kolar,162.0,372,-,,,2026-08-22
2026-05-18,Zdenek Kolar,162.0,372,+1,,,2026-08-22
2026-05-18,Zdenek Kolar,162.0,372,+1,,,2026-08-22
2026-05-04,Zdenek Kolar,165.0,371,+40,8.0,4.0,2026-08-22
2026-05-04,Zdenek Kolar,165.0,371,+40,8.0,4.0,2026-08-22
2026-04-20,Zdenek Kolar,182.0,331,-,,,2026-08-22
2026-04-20,Zdenek Kolar,182.0,331,-,,,2026-08-22
2026-04-13,Zdenek Kolar,182.0,331,-,,,2026-08-22
2026-04-13,Zdenek Kolar,182.0,331,-,,,2026-08-22
2026-04-06,Zdenek Kolar,182.0,331,-,,,2026-08-22
2026-04-06,Zdenek Kolar,182.0,331,-,,,2026-08-22
2026-03-30,Zdenek Kolar,183.0,331,-,,,2026-08-22
2026-03-30,Zdenek Kolar,183.0,331,-,,,2026-08-22
2026-03-16,Zdenek Kolar,183.0,331,+23,,,2026-08-22
2026-03-16,Zdenek Kolar,183.0,331,+23,,,2026-08-22
2026-03-02,Zdenek Kolar,197.0,308,-,,,2026-08-22
2026-02-23,Zdenek Kolar,199.0,308,-,,,2026-08-22
2026-02-16,Zdenek Kolar,196.0,308,-8,,,2026-08-22
2026-02-09,Zdenek Kolar,189.0,316,-21,16.0,4.0,2026-08-22
2026-02-02,Zdenek Kolar,181.0,337,-,25.0,4.0,2026-08-22
2026-01-19,Zdenek Kolar,176.0,337,-,,,2026-08-22
2026-01-12,Zdenek Kolar,176.0,337,+10,,,2026-08-22
2026-01-05,Zdenek Kolar,176.0,327,-,,,2026-08-22
2025-12-29,Zdenek Kolar,178.0,327,-4,,,2026-08-22
2025-12-22,Zdenek Kolar,176.0,331,-,,,2026-08-22
2025-12-15,Zdenek Kolar,176.0,331,-,,,2026-08-22
2025-12-08,Zdenek Kolar,176.0,331,-,,,2026-08-22
2025-12-01,Zdenek Kolar,176.0,331,-,,,2026-08-22
2025-11-24,Zdenek Kolar,175.0,331,+71,,,2026-08-22
,Benito Schon,,,,,,2026-08-22
,Bruno Capineri,,,,,,2026-08-22
,Jean Bergmann,,,,,,2026-08-22
,Jim Boyce,,,,,,2026-08-22
,Joel Bailey,,,,,,2026-08-22
,John Yeomans,,,,,,2026-08-22
,Jorge Kon,,,,,,2026-08-22
,Lee Langstroth,,,,,,2026-08-22
,Mark Pinchbeck,,,,,,2026-08-22
,Paul Sussams,,,,,,2026-08-22
,Ricky Raybin,,,,,,2026-08-22
2026-08-10,Arthur Fils,21.0,2140,+200,,,2026-08-22
2026-08-10,Arthur Fils,21.0,2140,+200,,,2026-08-22
2026-08-10,Arthur Fils,21.0,2140,+200,,,2026-08-22
2026-08-10,Arthur Fils,21.0,2140,+200,,,2026-08-22
2026-08-03,Arthur Fils,24.0,1940,-50,,,2026-08-22
2026-08-03,Arthur Fils,24.0,1940,-50,,,2026-08-22
2026-08-03,Arthur Fils,24.0,1940,-50,,,2026-08-22
2026-08-03,Arthur Fils,24.0,1940,-50,,,2026-08-22
2026-07-27,Arthur Fils,22.0,1990,-,50.0,,2026-08-22
2026-07-27,Arthur Fils,22.0,1990,-,50.0,,2026-08-22
2026-07-27,Arthur Fils,22.0,1990,-,50.0,,2026-08-22
2026-07-27,Arthur Fils,22.0,1990,-,50.0,,2026-08-22
2026-07-20,Arthur Fils,23.0,1990,-,,,2026-08-22
2026-07-20,Arthur Fils,23.0,1990,-,,,2026-08-22
2026-07-20,Arthur Fils,23.0,1990,-,,,2026-08-22
2026-07-13,Arthur Fils,23.0,1990,+50,,,2026-08-22
2026-07-13,Arthur Fils,23.0,1990,+50,,,2026-08-22
2026-07-13,Arthur Fils,23.0,1990,+50,,,2026-08-22
2026-06-29,Arthur Fils,24.0,1940,-,,,2026-08-22
2026-06-29,Arthur Fils,24.0,1940,-,,,2026-08-22
2026-06-29,Arthur Fils,24.0,1940,-,,,2026-08-22
2026-06-22,Arthur Fils,23.0,1940,-,,,2026-08-22
2026-06-22,Arthur Fils,23.0,1940,-,,,2026-08-22
2026-06-15,Arthur Fils,21.0,1940,-,,,2026-08-22
2026-06-15,Arthur Fils,21.0,1940,-,,,2026-08-22
2026-06-08,Arthur Fils,21.0,1940,-100,,,2026-08-22
2026-06-08,Arthur Fils,21.0,1940,-100,,,2026-08-22
2026-05-25,Arthur Fils,20.0,2040,-,100.0,,2026-08-22
2026-05-25,Arthur Fils,20.0,2040,-,100.0,,2026-08-22
2026-05-18,Arthur Fils,19.0,2040,-90,,,2026-08-22
2026-05-18,Arthur Fils,19.0,2040,-90,,,2026-08-22
2026-05-04,Arthur Fils,17.0,2130,+390,100.0,,2026-08-22
2026-05-04,Arthur Fils,17.0,2130,+390,100.0,,2026-08-22
2026-04-20,Arthur Fils,25.0,1740,+300,10.0,,2026-08-22
2026-04-20,Arthur Fils,25.0,1740,+300,10.0,,2026-08-22
2026-04-13,Arthur Fils,30.0,1440,-200,200.0,,2026-08-22
2026-04-13,Arthur Fils,30.0,1440,-200,200.0,,2026-08-22
2026-04-06,Arthur Fils,28.0,1640,-,200.0,,2026-08-22
2026-04-06,Arthur Fils,28.0,1640,-,200.0,,2026-08-22
2026-03-30,Arthur Fils,28.0,1640,+200,,,2026-08-22
2026-03-30,Arthur Fils,28.0,1640,+200,,,2026-08-22
2026-03-16,Arthur Fils,31.0,1440,-,200.0,,2026-08-22
2026-03-16,Arthur Fils,31.0,1440,-,200.0,,2026-08-22
2026-03-02,Arthur Fils,32.0,1440,-,200.0,,2026-08-22
2026-02-23,Arthur Fils,34.0,1440,+330,,,2026-08-22
2026-02-16,Arthur Fils,40.0,1110,-,,,2026-08-22
2026-02-09,Arthur Fils,42.0,1110,-,,,2026-08-22
2026-02-02,Arthur Fils,42.0,1110,-100,50.0,,2026-08-22
2026-01-19,Arthur Fils,42.0,1210,-,100.0,,2026-08-22
2026-01-12,Arthur Fils,42.0,1210,-,,,2026-08-22
2026-01-05,Arthur Fils,41.0,1210,-50,,,2026-08-22
2025-12-29,Arthur Fils,39.0,1260,-,50.0,,2026-08-22
2025-12-22,Arthur Fils,40.0,1260,-,,,2026-08-22
2025-12-15,Arthur Fils,40.0,1260,-,,,2026-08-22
2025-12-08,Arthur Fils,40.0,1260,-,,,2026-08-22
2025-12-01,Arthur Fils,40.0,1260,-,,,2026-08-22
2025-11-24,Arthur Fils,40.0,1260,-,,,2026-08-22
2025-11-17,Arthur Fils,40.0,1260,-,,,2026-08-22
2025-11-10,Arthur Fils,40.0,1260,-,,,2026-08-22
2025-11-03,Arthur Fils,39.0,1260,-100,,,2026-08-22
2025-10-27,Arthur Fils,37.0,1360,-200,100.0,,2026-08-22
2025-10-20,Arthur Fils,30.0,1560,-,200.0,,2026-08-22
2025-10-13,Arthur Fils,31.0,1560,-10,,,2026-08-22
2026-08-10,Gonzalo Bueno,178.0,322,-,12.0,6.0,2026-08-22
2026-08-10,Gonzalo Bueno,178.0,322,-,12.0,6.0,2026-08-22
2026-08-10,Gonzalo Bueno,178.0,322,-,12.0,6.0,2026-08-22
2026-08-10,Gonzalo Bueno,178.0,322,-,12.0,6.0,2026-08-22
2026-08-03,Gonzalo Bueno,173.0,322,-31,,,2026-08-22
2026-08-03,Gonzalo Bueno,173.0,322,-31,,,2026-08-22
2026-08-03,Gonzalo Bueno,173.0,322,-31,,,2026-08-22
2026-08-03,Gonzalo Bueno,173.0,322,-31,,,2026-08-22
2026-07-27,Gonzalo Bueno,160.0,353,+32,75.0,6.0,2026-08-22
2026-07-27,Gonzalo Bueno,160.0,353,+32,75.0,6.0,2026-08-22
2026-07-27,Gonzalo Bueno,160.0,353,+32,75.0,6.0,2026-08-22
2026-07-27,Gonzalo Bueno,160.0,353,+32,75.0,6.0,2026-08-22
2026-07-20,Gonzalo Bueno,180.0,321,-1,,,2026-08-22
2026-07-20,Gonzalo Bueno,180.0,321,-1,,,2026-08-22
2026-07-20,Gonzalo Bueno,180.0,321,-1,,,2026-08-22
2026-07-13,Gonzalo Bueno,176.0,322,-,7.0,6.0,2026-08-22
2026-07-13,Gonzalo Bueno,176.0,322,-,7.0,6.0,2026-08-22
2026-07-13,Gonzalo Bueno,176.0,322,-,7.0,6.0,2026-08-22
2026-06-29,Gonzalo Bueno,182.0,322,-19,,,2026-08-22
2026-06-29,Gonzalo Bueno,182.0,322,-19,,,2026-08-22
2026-06-29,Gonzalo Bueno,182.0,322,-19,,,2026-08-22
2026-06-22,Gonzalo Bueno,175.0,341,+8,25.0,6.0,2026-08-22
2026-06-22,Gonzalo Bueno,175.0,341,+8,25.0,6.0,2026-08-22
2026-06-15,Gonzalo Bueno,183.0,333,-2,,,2026-08-22
2026-06-15,Gonzalo Bueno,183.0,333,-2,,,2026-08-22
2026-06-08,Gonzalo Bueno,180.0,335,+10,8.0,6.0,2026-08-22
2026-06-08,Gonzalo Bueno,180.0,335,+10,8.0,6.0,2026-08-22
2026-05-25,Gonzalo Bueno,183.0,325,-,,,2026-08-22
2026-05-25,Gonzalo Bueno,183.0,325,-,,,2026-08-22
2026-05-18,Gonzalo Bueno,185.0,325,-,,,2026-08-22
2026-05-18,Gonzalo Bueno,185.0,325,-,,,2026-08-22
2026-05-04,Gonzalo Bueno,184.0,325,-,,,2026-08-22
2026-05-04,Gonzalo Bueno,184.0,325,-,,,2026-08-22
2026-04-20,Gonzalo Bueno,184.0,325,+6,,,2026-08-22
2026-04-20,Gonzalo Bueno,184.0,325,+6,,,2026-08-22
2026-04-13,Gonzalo Bueno,187.0,319,+38,,,2026-08-22
2026-04-13,Gonzalo Bueno,187.0,319,+38,,,2026-08-22
,Jim Courier,,,,,,2026-08-22
,Marcos Perez Hubert,,,,,,2026-08-22
2026-08-10,Marton Fucsovics,82.0,750,+10,250.0,,2026-08-22
2026-08-10,Marton Fucsovics,82.0,750,+10,250.0,,2026-08-22
2026-08-10,Marton Fucsovics,82.0,750,+10,250.0,,2026-08-22
2026-08-10,Marton Fucsovics,82.0,750,+10,250.0,,2026-08-22
2026-08-03,Marton Fucsovics,83.0,740,-,,,2026-08-22
2026-08-03,Marton Fucsovics,83.0,740,-,,,2026-08-22
2026-08-03,Marton Fucsovics,83.0,740,-,,,2026-08-22
2026-08-03,Marton Fucsovics,83.0,740,-,,,2026-08-22
2026-07-27,Marton Fucsovics,84.0,740,-25,,,2026-08-22
2026-07-27,Marton Fucsovics,84.0,740,-25,,,2026-08-22
2026-07-27,Marton Fucsovics,84.0,740,-25,,,2026-08-22
2026-07-27,Marton Fucsovics,84.0,740,-25,,,2026-08-22
2026-07-20,Marton Fucsovics,76.0,765,-,25.0,,2026-08-22
2026-07-20,Marton Fucsovics,76.0,765,-,25.0,,2026-08-22
2026-07-20,Marton Fucsovics,76.0,765,-,25.0,,2026-08-22
2026-07-13,Marton Fucsovics,78.0,765,-16,,,2026-08-22
2026-07-13,Marton Fucsovics,78.0,765,-16,,,2026-08-22
2026-07-13,Marton Fucsovics,78.0,765,-16,,,2026-08-22
2026-06-29,Marton Fucsovics,76.0,781,-,116.0,,2026-08-22
2026-06-29,Marton Fucsovics,76.0,781,-,116.0,,2026-08-22
2026-06-29,Marton Fucsovics,76.0,781,-,116.0,,2026-08-22
2026-06-22,Marton Fucsovics,76.0,781,-,,,2026-08-22
2026-06-22,Marton Fucsovics,76.0,781,-,,,2026-08-22
2026-06-15,Marton Fucsovics,76.0,781,-38,,,2026-08-22
2026-06-15,Marton Fucsovics,76.0,781,-38,,,2026-08-22
2026-06-08,Marton Fucsovics,75.0,819,-40,63.0,,2026-08-22
2026-06-08,Marton Fucsovics,75.0,819,-40,63.0,,2026-08-22
2026-05-25,Marton Fucsovics,65.0,859,-25,50.0,,2026-08-22
2026-05-25,Marton Fucsovics,65.0,859,-25,50.0,,2026-08-22
2026-05-18,Marton Fucsovics,59.0,884,-,25.0,,2026-08-22
2026-05-18,Marton Fucsovics,59.0,884,-,25.0,,2026-08-22
2026-05-04,Marton Fucsovics,57.0,884,-3,10.0,,2026-08-22
2026-05-04,Marton Fucsovics,57.0,884,-3,10.0,,2026-08-22
2026-04-20,Marton Fucsovics,54.0,887,-,13.0,,2026-08-22
2026-04-20,Marton Fucsovics,54.0,887,-,13.0,,2026-08-22
2026-04-13,Marton Fucsovics,54.0,887,+10,,,2026-08-22
2026-04-13,Marton Fucsovics,54.0,887,+10,,,2026-08-22
2026-04-06,Marton Fucsovics,58.0,877,-100,,,2026-08-22
2026-04-06,Marton Fucsovics,58.0,877,-100,,,2026-08-22
2026-03-30,Marton Fucsovics,51.0,977,+18,100.0,,2026-08-22
2026-03-30,Marton Fucsovics,51.0,977,+18,100.0,,2026-08-22
2026-03-16,Marton Fucsovics,54.0,959,+43,12.0,,2026-08-22
2026-03-16,Marton Fucsovics,54.0,959,+43,12.0,,2026-08-22
2026-03-02,Marton Fucsovics,56.0,916,-18,,,2026-08-22
2026-02-23,Marton Fucsovics,55.0,934,+43,25.0,7.0,2026-08-22
2026-02-16,Marton Fucsovics,61.0,891,-118,,,2026-08-22
2026-02-09,Marton Fucsovics,49.0,1009,-,125.0,7.0,2026-08-22
2026-02-02,Marton Fucsovics,50.0,1009,+42,,,2026-08-22
2026-01-19,Marton Fucsovics,54.0,967,+18,8.0,7.0,2026-08-22
2026-01-12,Marton Fucsovics,55.0,949,-,,,2026-08-22
2026-01-05,Marton Fucsovics,54.0,949,-7,,,2026-08-22
2025-12-29,Marton Fucsovics,55.0,956,-7,14.0,7.0,2026-08-22
2025-12-22,Marton Fucsovics,55.0,963,-,,,2026-08-22
2025-12-15,Marton Fucsovics,55.0,963,-,,,2026-08-22
2025-12-08,Marton Fucsovics,55.0,963,-,,,2026-08-22
2025-12-01,Marton Fucsovics,55.0,963,-,,,2026-08-22
2025-11-24,Marton Fucsovics,55.0,963,-,,,2026-08-22
2025-11-17,Marton Fucsovics,55.0,963,-,,,2026-08-22
2025-11-10,Marton Fucsovics,55.0,963,-6,,,2026-08-22
2025-11-03,Marton Fucsovics,55.0,969,-,13.0,7.0,2026-08-22
2025-10-27,Marton Fucsovics,55.0,969,-17,,,2026-08-22
2025-10-20,Marton Fucsovics,53.0,986,-,25.0,8.0,2026-08-22
2025-10-13,Marton Fucsovics,55.0,986,+2,25.0,8.0,2026-08-22
,Slava Dosedel,,,,,,2026-08-22
,Slobodan Zivojinovic,,,,,,2026-08-22
,Tigre Hank,,,,,,2026-08-22
,Vallis Wilder,,,,,,2026-08-22
,A Davis,,,,,,2026-08-22
,Ciccio Goria,,,,,,2026-08-22
,Cliff Letcher,,,,,,2026-08-22
,Elwyn Mccabe,,,,,,2026-08-22
,Ference Komaromi,,,,,,2026-08-22
,Hans Zollner,,,,,,2026-08-22
,Jay Rubinow,,,,,,2026-08-22
,Juan Cruz Gangutia,,,,,,2026-08-22
,Lars Lindlon,,,,,,2026-08-22
,Lindsay Straney,,,,,,2026-08-22
,Marcus Kramer,,,,,,2026-08-22
,Martin Robinson,,,,,,2026-08-22
,Michael Hewitt,,,,,,2026-08-22
,Michael Stewart,,,,,,2026-08-22
,Milos Dimitrijevic,,,,,,2026-08-22
,S Hegna,,,,,,2026-08-22
,Segun Balogun,,,,,,2026-08-22
,Shukry Moubarek,,,,,,2026-08-22
,U Pickthall,,,,,,2026-08-22
,Andrea Arnaboldi,,,,,,2026-08-22
2026-08-10,Antoine Escoffier,985.0,21,-,,,2026-08-22
2026-08-03,Antoine Escoffier,971.0,21,-14,,,2026-08-22
2026-07-27,Antoine Escoffier,802.0,35,-6,14.0,,2026-08-22
2026-08-10,David Goffin,294.0,188,-,10.0,,2026-08-22
2026-08-03,David Goffin,292.0,188,-10,,,2026-08-22
2026-07-27,David Goffin,278.0,198,-,10.0,,2026-08-22
2026-04-13,David Goffin,179.0,335,-,100.0,,2026-08-22
2026-04-13,David Goffin,179.0,335,-,100.0,,2026-08-22
2026-04-06,David Goffin,177.0,335,-,16.0,,2026-08-22
2026-04-06,David Goffin,177.0,335,-,16.0,,2026-08-22
2026-03-30,David Goffin,179.0,335,-50,,,2026-08-22
2026-03-30,David Goffin,179.0,335,-50,,,2026-08-22
2026-03-16,David Goffin,156.0,385,-30,50.0,,2026-08-22
2026-03-16,David Goffin,156.0,385,-30,50.0,,2026-08-22
2026-03-02,David Goffin,143.0,415,-100,30.0,,2026-08-22
2026-02-23,David Goffin,126.0,515,-,100.0,,2026-08-22
2026-02-16,David Goffin,119.0,515,-,,,2026-08-22
2026-02-09,David Goffin,117.0,515,-,,,2026-08-22
2026-02-02,David Goffin,115.0,515,-10,,,2026-08-22
2026-01-19,David Goffin,117.0,525,-,10.0,,2026-08-22
2026-01-12,David Goffin,117.0,525,-,,,2026-08-22
2026-01-05,David Goffin,117.0,525,-,,,2026-08-22
2025-12-29,David Goffin,119.0,525,-,,,2026-08-22
2025-12-22,David Goffin,119.0,525,-,,,2026-08-22
2025-12-15,David Goffin,119.0,525,-,,,2026-08-22
2025-12-08,David Goffin,119.0,525,-,,,2026-08-22
2025-12-01,David Goffin,119.0,525,-,,,2026-08-22
2025-11-24,David Goffin,118.0,525,-,,,2026-08-22
2025-11-17,David Goffin,118.0,525,-,,,2026-08-22
2025-11-10,David Goffin,118.0,525,-,,,2026-08-22
2025-11-03,David Goffin,116.0,525,+16,,,2026-08-22
2025-10-27,David Goffin,122.0,509,-100,,,2026-08-22
2025-10-20,David Goffin,104.0,609,-,113.0,,2026-08-22
2025-10-13,David Goffin,105.0,609,-150,,,2026-08-22
,Fernando Luna,,,,,,2026-08-22
,Jan Kodes Jr,,,,,,2026-08-22
,Jose Francisco Altur,,,,,,2026-08-22
,Larry Stefanki,,,,,,2026-08-22
,Martin Jaite,,,,,,2026-08-22
2026-08-10,Terence Atmane,45.0,1057,+50,420.0,,2026-08-22
2026-08-10,Terence Atmane,45.0,1057,+50,420.0,,2026-08-22
2026-08-10,Terence Atmane,45.0,1057,+50,420.0,,2026-08-22
2026-08-10,Terence Atmane,45.0,1057,+50,420.0,,2026-08-22
2026-08-03,Terence Atmane,46.0,1007,+40,,,2026-08-22
2026-08-03,Terence Atmane,46.0,1007,+40,,,2026-08-22
2026-08-03,Terence Atmane,46.0,1007,+40,,,2026-08-22
2026-08-03,Terence Atmane,46.0,1007,+40,,,2026-08-22
2026-07-27,Terence Atmane,56.0,967,-25,10.0,,2026-08-22
2026-07-27,Terence Atmane,56.0,967,-25,10.0,,2026-08-22
2026-07-27,Terence Atmane,56.0,967,-25,10.0,,2026-08-22
2026-07-27,Terence Atmane,56.0,967,-25,10.0,,2026-08-22
2026-07-20,Terence Atmane,49.0,992,-,25.0,,2026-08-22
2026-07-20,Terence Atmane,49.0,992,-,25.0,,2026-08-22
2026-07-20,Terence Atmane,49.0,992,-,25.0,,2026-08-22
2026-07-13,Terence Atmane,50.0,992,+10,,,2026-08-22
2026-07-13,Terence Atmane,50.0,992,+10,,,2026-08-22
2026-07-13,Terence Atmane,50.0,992,+10,,,2026-08-22
2026-06-29,Terence Atmane,52.0,982,-,,,2026-08-22
2026-06-29,Terence Atmane,52.0,982,-,,,2026-08-22
2026-06-29,Terence Atmane,52.0,982,-,,,2026-08-22
2026-06-22,Terence Atmane,50.0,982,+34,,,2026-08-22
2026-06-22,Terence Atmane,50.0,982,+34,,,2026-08-22
2026-06-15,Terence Atmane,53.0,948,-,16.0,,2026-08-22
2026-06-15,Terence Atmane,53.0,948,-,16.0,,2026-08-22
2026-06-08,Terence Atmane,53.0,948,+10,,,2026-08-22
2026-06-08,Terence Atmane,53.0,948,+10,,,2026-08-22
2026-05-25,Terence Atmane,52.0,938,-,,,2026-08-22
2026-05-25,Terence Atmane,52.0,938,-,,,2026-08-22
2026-05-18,Terence Atmane,51.0,938,-20,,,2026-08-22
2026-05-18,Terence Atmane,51.0,938,-20,,,2026-08-22
2026-05-04,Terence Atmane,51.0,958,-25,50.0,,2026-08-22
2026-05-04,Terence Atmane,51.0,958,-25,50.0,,2026-08-22
2026-04-20,Terence Atmane,47.0,983,-125,75.0,,2026-08-22
2026-04-20,Terence Atmane,47.0,983,-125,75.0,,2026-08-22
2026-04-13,Terence Atmane,41.0,1108,+50,125.0,,2026-08-22
2026-04-13,Terence Atmane,41.0,1108,+50,125.0,,2026-08-22
2026-04-06,Terence Atmane,45.0,1058,-,,,2026-08-22
2026-04-06,Terence Atmane,45.0,1058,-,,,2026-08-22
2026-03-30,Terence Atmane,44.0,1058,+90,,,2026-08-22
2026-03-30,Terence Atmane,44.0,1058,+90,,,2026-08-22
2026-03-16,Terence Atmane,53.0,968,+10,10.0,,2026-08-22
2026-03-16,Terence Atmane,53.0,968,+10,10.0,,2026-08-22
2026-03-02,Terence Atmane,52.0,958,+100,,,2026-08-22
2026-02-23,Terence Atmane,63.0,858,+25,,,2026-08-22
2026-02-16,Terence Atmane,66.0,833,-16,,,2026-08-22
2026-02-09,Terence Atmane,64.0,849,-,16.0,,2026-08-22
2026-02-02,Terence Atmane,66.0,849,-13,,,2026-08-22
2026-01-19,Terence Atmane,64.0,862,-,23.0,,2026-08-22
2026-01-12,Terence Atmane,64.0,862,+7,,,2026-08-22
2026-01-05,Terence Atmane,62.0,855,-,,,2026-08-22
2025-12-29,Terence Atmane,63.0,855,-,,,2026-08-22
2025-12-22,Terence Atmane,63.0,855,-,,,2026-08-22
2025-12-15,Terence Atmane,63.0,855,-,,,2026-08-22
2025-12-08,Terence Atmane,63.0,855,-,,,2026-08-22
2025-12-01,Terence Atmane,63.0,855,-,,,2026-08-22
2025-11-24,Terence Atmane,64.0,855,-,,,2026-08-22
2025-11-17,Terence Atmane,65.0,855,-7,,,2026-08-22
2025-11-10,Terence Atmane,65.0,862,-12,7.0,,2026-08-22
2025-11-03,Terence Atmane,66.0,874,-,12.0,,2026-08-22
2025-10-27,Terence Atmane,69.0,874,-,,,2026-08-22
2025-10-20,Terence Atmane,68.0,874,-,,,2026-08-22
2025-10-13,Terence Atmane,66.0,874,-40,,,2026-08-22
,A El Ghani,,,,,,2026-08-22
,Allan Wall,,,,,,2026-08-22
,Bob Speicher,,,,,,2026-08-22
,Jackie Saul,,,,,,2026-08-22
,Michael Linzer,,,,,,2026-08-22
,Mike Harrington,,,,,,2026-08-22
,Mike Marcin,,,,,,2026-08-22
,Noel Callaghan,,,,,,2026-08-22
,Oscar Salas,,,,,,2026-08-22
,Randy Druz,,,,,,2026-08-22
,Rene Nicklisch,,,,,,2026-08-22
,Ted Gorski,,,,,,2026-08-22
,Timothy Noonan,,,,,,2026-08-22
,Tom James,,,,,,2026-08-22
,Younes Rachidi,,,,,,2026-08-22
,Andrei Rybalko,,,,,,2026-08-22
,Bruce Derlin,,,,,,2026-08-22
,Fredrik Bergh,,,,,,2026-08-22
,Guillermo Perez Roldan,,,,,,2026-08-22
,Juan Pablo Brzezicki,,,,,,2026-08-22
,Mikhail Ledovskikh,,,,,,2026-08-22
2026-08-10,Oliver Anderson,1303.0,8,-,,,2026-08-22
2026-08-03,Oliver Anderson,1288.0,8,-,,,2026-08-22
2026-07-27,Oliver Anderson,,8,-,,,2026-08-22
,Oliver Marach,,,,,,2026-08-22
,Peter Lindgren,,,,,,2026-08-22
,Prajnesh Gunneswaran,,,,,,2026-08-22
,Armand Molino,,,,,,2026-08-22
,Cliff Skakle,,,,,,2026-08-22
,Dennis Breetzke,,,,,,2026-08-22
,Edoardo Artaldi,,,,,,2026-08-22
,Enrique Haro,,,,,,2026-08-22
,Garth Haynes,,,,,,2026-08-22
,Hatem Mcdadi,,,,,,2026-08-22
,J E Guerra,,,,,,2026-08-22
,J Glassen,,,,,,2026-08-22
,Jack Acheson,,,,,,2026-08-22
,John Roddick,,,,,,2026-08-22
,Pancho Walthall,,,,,,2026-08-22
,Patrick Hombergen,,,,,,2026-08-22
,Phil Lehnhoff,,,,,,2026-08-22
,Richard Gilmore,,,,,,2026-08-22
,Richard Kasten,,,,,,2026-08-22
,Sam Vuille,,,,,,2026-08-22
,Terry Ehlers,,,,,,2026-08-22
,Akash Wagh,,,,,,2026-08-22
2026-08-10,Alexander Donski,502.0,90,+16,6.0,,2026-08-22
2026-08-03,Alexander Donski,551.0,74,-4,,,2026-08-22
2026-07-27,Alexander Donski,538.0,78,+5,4.0,,2026-08-22
,Brett Custer,,,,,,2026-08-22
,David Engel,,,,,,2026-08-22
,Ferdi Taygan,,,,,,2026-08-22
,Gustavo Giussani,,,,,,2026-08-22
,Jan Satral,,,,,,2026-08-22
2026-08-10,Jiri Lehecka,14.0,2470,+90,100.0,10.0,2026-08-22
2026-08-10,Jiri Lehecka,14.0,2470,+90,100.0,10.0,2026-08-22
2026-08-10,Jiri Lehecka,14.0,2470,+90,100.0,10.0,2026-08-22
2026-08-10,Jiri Lehecka,14.0,2470,+90,100.0,10.0,2026-08-22
2026-08-03,Jiri Lehecka,12.0,2380,-90,,,2026-08-22
2026-08-03,Jiri Lehecka,12.0,2380,-90,,,2026-08-22
2026-08-03,Jiri Lehecka,12.0,2380,-90,,,2026-08-22
2026-08-03,Jiri Lehecka,12.0,2380,-90,,,2026-08-22
2026-07-27,Jiri Lehecka,12.0,2470,-40,100.0,10.0,2026-08-22
2026-07-27,Jiri Lehecka,12.0,2470,-40,100.0,10.0,2026-08-22
2026-07-27,Jiri Lehecka,12.0,2470,-40,100.0,10.0,2026-08-22
2026-07-27,Jiri Lehecka,12.0,2470,-40,100.0,10.0,2026-08-22
2026-07-20,Jiri Lehecka,12.0,2510,-,50.0,10.0,2026-08-22
2026-07-20,Jiri Lehecka,12.0,2510,-,50.0,10.0,2026-08-22
2026-07-20,Jiri Lehecka,12.0,2510,-,50.0,10.0,2026-08-22
2026-07-13,Jiri Lehecka,12.0,2510,+150,,,2026-08-22
2026-07-13,Jiri Lehecka,12.0,2510,+150,,,2026-08-22
2026-07-13,Jiri Lehecka,12.0,2510,+150,,,2026-08-22
2026-06-29,Jiri Lehecka,14.0,2360,-,50.0,10.0,2026-08-22
2026-06-29,Jiri Lehecka,14.0,2360,-,50.0,10.0,2026-08-22
2026-06-29,Jiri Lehecka,14.0,2360,-,50.0,10.0,2026-08-22
2026-06-22,Jiri Lehecka,14.0,2360,-280,,,2026-08-22
2026-06-22,Jiri Lehecka,14.0,2360,-280,,,2026-08-22
2026-06-15,Jiri Lehecka,12.0,2640,+65,330.0,10.0,2026-08-22
2026-06-15,Jiri Lehecka,12.0,2640,+65,330.0,10.0,2026-08-22
2026-06-08,Jiri Lehecka,12.0,2575,-90,50.0,25.0,2026-08-22
2026-06-08,Jiri Lehecka,12.0,2575,-90,50.0,25.0,2026-08-22
2026-05-25,Jiri Lehecka,12.0,2665,-50,100.0,25.0,2026-08-22
2026-05-25,Jiri Lehecka,12.0,2665,-50,100.0,25.0,2026-08-22
2026-05-18,Jiri Lehecka,14.0,2715,-,100.0,50.0,2026-08-22
2026-05-18,Jiri Lehecka,14.0,2715,-,100.0,50.0,2026-08-22
2026-05-04,Jiri Lehecka,13.0,2715,+175,,,2026-08-22
2026-05-04,Jiri Lehecka,13.0,2715,+175,,,2026-08-22
2026-04-20,Jiri Lehecka,14.0,2540,-,,,2026-08-22
2026-04-20,Jiri Lehecka,14.0,2540,-,,,2026-08-22
2026-04-13,Jiri Lehecka,13.0,2540,+50,,,2026-08-22
2026-04-13,Jiri Lehecka,13.0,2540,+50,,,2026-08-22
2026-04-06,Jiri Lehecka,13.0,2490,-,50.0,10.0,2026-08-22
2026-04-06,Jiri Lehecka,13.0,2490,-,50.0,10.0,2026-08-22
2026-03-30,Jiri Lehecka,14.0,2490,+640,,,2026-08-22
2026-03-30,Jiri Lehecka,14.0,2490,+640,,,2026-08-22
2026-03-16,Jiri Lehecka,22.0,1850,-,10.0,10.0,2026-08-22
2026-03-16,Jiri Lehecka,22.0,1850,-,10.0,10.0,2026-08-22
2026-03-02,Jiri Lehecka,23.0,1850,+90,10.0,10.0,2026-08-22
2026-02-23,Jiri Lehecka,24.0,1760,-100,,,2026-08-22
2026-02-16,Jiri Lehecka,22.0,1860,-,200.0,10.0,2026-08-22
2026-02-09,Jiri Lehecka,21.0,1860,-40,,,2026-08-22
2026-02-02,Jiri Lehecka,21.0,1900,-190,50.0,10.0,2026-08-22
2026-01-19,Jiri Lehecka,19.0,2090,-,200.0,10.0,2026-08-22
2026-01-12,Jiri Lehecka,19.0,2090,+15,,,2026-08-22
2026-01-05,Jiri Lehecka,19.0,2075,-240,,,2026-08-22
2025-12-29,Jiri Lehecka,18.0,2315,-10,250.0,10.0,2026-08-22
2025-12-22,Jiri Lehecka,17.0,2325,-,,,2026-08-22
2025-12-15,Jiri Lehecka,17.0,2325,-,,,2026-08-22
2025-12-08,Jiri Lehecka,17.0,2325,-,,,2026-08-22
2025-12-01,Jiri Lehecka,17.0,2325,-,,,2026-08-22
2025-11-24,Jiri Lehecka,17.0,2325,-,,,2026-08-22
2025-11-17,Jiri Lehecka,17.0,2325,-,,,2026-08-22
2025-11-10,Jiri Lehecka,17.0,2325,-90,,,2026-08-22
2025-11-03,Jiri Lehecka,17.0,2415,-,100.0,10.0,2026-08-22
2025-10-27,Jiri Lehecka,18.0,2415,-,10.0,10.0,2026-08-22
2025-10-20,Jiri Lehecka,17.0,2415,-,,,2026-08-22
2025-10-13,Jiri Lehecka,17.0,2415,+50,165.0,10.0,2026-08-22
2026-08-10,Joel Schwaerzler,150.0,390,+75,66.0,,2026-08-22
2026-08-10,Joel Schwaerzler,150.0,390,+75,66.0,,2026-08-22
2026-08-10,Joel Schwaerzler,150.0,390,+75,66.0,,2026-08-22
2026-08-10,Joel Schwaerzler,150.0,390,+75,66.0,,2026-08-22
2026-08-03,Joel Schwaerzler,182.0,315,-,,,2026-08-22
2026-08-03,Joel Schwaerzler,182.0,315,-,,,2026-08-22
2026-08-03,Joel Schwaerzler,182.0,315,-,,,2026-08-22
2026-08-03,Joel Schwaerzler,182.0,315,-,,,2026-08-22
2026-07-27,Joel Schwaerzler,183.0,315,-,6.0,,2026-08-22
2026-07-27,Joel Schwaerzler,183.0,315,-,6.0,,2026-08-22
2026-07-27,Joel Schwaerzler,183.0,315,-,6.0,,2026-08-22
2026-07-27,Joel Schwaerzler,183.0,315,-,6.0,,2026-08-22
2026-07-20,Joel Schwaerzler,185.0,315,-16,,,2026-08-22
2026-07-20,Joel Schwaerzler,185.0,315,-16,,,2026-08-22
2026-07-20,Joel Schwaerzler,185.0,315,-16,,,2026-08-22
2026-07-13,Joel Schwaerzler,171.0,331,-,16.0,,2026-08-22
2026-07-13,Joel Schwaerzler,171.0,331,-,16.0,,2026-08-22
2026-07-13,Joel Schwaerzler,171.0,331,-,16.0,,2026-08-22
2026-06-29,Joel Schwaerzler,177.0,331,-10,,,2026-08-22
2026-06-29,Joel Schwaerzler,177.0,331,-10,,,2026-08-22
2026-06-29,Joel Schwaerzler,177.0,331,-10,,,2026-08-22
2026-06-22,Joel Schwaerzler,174.0,341,-2,16.0,6.0,2026-08-22
2026-06-22,Joel Schwaerzler,174.0,341,-2,16.0,6.0,2026-08-22
2026-06-15,Joel Schwaerzler,174.0,343,-,8.0,6.0,2026-08-22
2026-06-15,Joel Schwaerzler,174.0,343,-,8.0,6.0,2026-08-22
2026-06-08,Joel Schwaerzler,174.0,343,-8,,,2026-08-22
2026-06-08,Joel Schwaerzler,174.0,343,-8,,,2026-08-22
2026-05-25,Joel Schwaerzler,170.0,351,-6,16.0,6.0,2026-08-22
2026-05-25,Joel Schwaerzler,170.0,351,-6,16.0,6.0,2026-08-22
2026-05-18,Joel Schwaerzler,169.0,357,-,12.0,6.0,2026-08-22
2026-05-18,Joel Schwaerzler,169.0,357,-,12.0,6.0,2026-08-22
2026-05-04,Joel Schwaerzler,172.0,357,-1,,,2026-08-22
2026-05-04,Joel Schwaerzler,172.0,357,-1,,,2026-08-22
2026-04-20,Joel Schwaerzler,172.0,358,+10,7.0,6.0,2026-08-22
2026-04-20,Joel Schwaerzler,172.0,358,+10,7.0,6.0,2026-08-22
2026-04-13,Joel Schwaerzler,173.0,348,+6,,,2026-08-22
2026-04-13,Joel Schwaerzler,173.0,348,+6,,,2026-08-22
2026-04-06,Joel Schwaerzler,174.0,342,+1,,,2026-08-22
2026-04-06,Joel Schwaerzler,174.0,342,+1,,,2026-08-22
2026-03-30,Joel Schwaerzler,177.0,341,-,,,2026-08-22
2026-03-30,Joel Schwaerzler,177.0,341,-,,,2026-08-22
2026-03-16,Joel Schwaerzler,176.0,341,+69,,,2026-08-22
2026-03-16,Joel Schwaerzler,176.0,341,+69,,,2026-08-22
,Karan Rastogi,,,,,,2026-08-22
,Lamine Ouahab,,,,,,2026-08-22
,Lucas Pouille,,,,,,2026-08-22
,Rolf Thung,,,,,,2026-08-22
,Taylor Dent,,,,,,2026-08-22
,Vincent Van Patten,,,,,,2026-08-22
,Alan Chandronnait,,,,,,2026-08-22
,Andy Scheiman,,,,,,2026-08-22
,Anthony Brennan,,,,,,2026-08-22
,Fernando Vasquez,,,,,,2026-08-22
,Gian Enrico Maggi,,,,,,2026-08-22
,Jack Darrah,,,,,,2026-08-22
,Liu Shuhua,,,,,,2026-08-22
,Maurizio Aracri,,,,,,2026-08-22
,P Scott,,,,,,2026-08-22
,U Timm,,,,,,2026-08-22
,Alejandro Gomez Gb42,,,,,,2026-08-22
,Andreas Vinciguerra,,,,,,2026-08-22
,Bud Schultz,,,,,,2026-08-22
,Christian Weis,,,,,,2026-08-22
,Jaime Fillol,,,,,,2026-08-22
,Karel Novacek,,,,,,2026-08-22
,Lars Anders Wahlgren,,,,,,2026-08-22
,Magnus Gustafsson,,,,,,2026-08-22
,Oliver Gross,,,,,,2026-08-22
,Raul Antonio Viver,,,,,,2026-08-22
,Ricardo Ojeda Lara,,,,,,2026-08-22
2026-08-10,Yi Zhou,244.0,234,-,6.0,,2026-08-22
2026-08-03,Yi Zhou,240.0,234,-,,,2026-08-22
2026-07-27,Yi Zhou,239.0,234,-8,,,2026-08-22
,Bob French,,,,,,2026-08-22
,Brian Wilkinson,,,,,,2026-08-22
,C Bothwell,,,,,,2026-08-22
,David Imonitie,,,,,,2026-08-22
,Don Beer,,,,,,2026-08-22
,Erwin Jager,,,,,,2026-08-22
,Francisco Castillo,,,,,,2026-08-22
,Gary Kesl,,,,,,2026-08-22
,Gil Kovalski,,,,,,2026-08-22
,Hal Gorman,,,,,,2026-08-22
,J Spinnenweber,,,,,,2026-08-22
,Jerry Dewitts,,,,,,2026-08-22
,Joe Meyers,,,,,,2026-08-22
,Jun Kuki,,,,,,2026-08-22
,Keith Nielsen,,,,,,2026-08-22
,Marko Djokovic,,,,,,2026-08-22
,Tertius Reynders,,,,,,2026-08-22
